{
    "domain": "app-us1.com",
    "owner": {
        "name": "ActiveCampaign, Inc.",
        "displayName": "ActiveCampaign"
    },
    "source": [
        "DuckDuckGo-GB"
    ],
    "prevalence": 0.00206,
    "sites": 20,
    "subdomains": [
        "diffuser-cdn",
        "prism"
    ],
    "cnames": [],
    "fingerprinting": 1,
    "resources": [
        {
            "rule": "app-us1\\.com\\/diffuser\\/diffuser\\.js",
            "cookies": 0.00165,
            "fingerprinting": 1,
            "subdomains": [
                "diffuser-cdn"
            ],
            "apis": {
                "Navigator.prototype.userAgent": 19,
                "Document.cookie getter": 16,
                "Date.prototype.getTime": 17,
                "Document.cookie setter": 16
            },
            "sites": 20,
            "prevalence": 0.00206,
            "cnames": [],
            "responseHashes": [
                "26db36707844fa367f47c47b4b614db27a608286fe71d9ff8c3012dbe71c5499"
            ],
            "type": "Script",
            "firstPartyCookies": {
                "prism_649424205": {
                    "ttl": 2592011,
                    "length": 36,
                    "prevalence": 0.00010305028854080792,
                    "uniqueness": 1
                },
                "prism_799414891": {
                    "ttl": 2592011,
                    "length": 36,
                    "prevalence": 0.00010305028854080792,
                    "uniqueness": 1
                },
                "prism_91160084": {
                    "ttl": 2592007,
                    "length": 36,
                    "prevalence": 0.00010305028854080792,
                    "uniqueness": 1
                },
                "prism_801113791": {
                    "ttl": 2592018,
                    "length": 36,
                    "prevalence": 0.00010305028854080792,
                    "uniqueness": 1
                },
                "prism_225600763": {
                    "ttl": 2592002,
                    "length": 36,
                    "prevalence": 0.00010305028854080792,
                    "uniqueness": 1
                },
                "prism_66978442": {
                    "ttl": 2592006,
                    "length": 36,
                    "prevalence": 0.00010305028854080792,
                    "uniqueness": 1
                },
                "prism_253344499": {
                    "ttl": 2592005,
                    "length": 36,
                    "prevalence": 0.00010305028854080792,
                    "uniqueness": 1
                },
                "prism_224817533": {
                    "ttl": 2592004,
                    "length": 36,
                    "prevalence": 0.00010305028854080792,
                    "uniqueness": 1
                },
                "prism_92400244": {
                    "ttl": 2592002,
                    "length": 36,
                    "prevalence": 0.00010305028854080792,
                    "uniqueness": 1
                },
                "prism_611487216": {
                    "ttl": 2592006,
                    "length": 36,
                    "prevalence": 0.00010305028854080792,
                    "uniqueness": 1
                },
                "prism_89574344": {
                    "ttl": 2592006,
                    "length": 36,
                    "prevalence": 0.00010305028854080792,
                    "uniqueness": 1
                },
                "prism_253539639": {
                    "ttl": 2592015,
                    "length": 36,
                    "prevalence": 0.00010305028854080792,
                    "uniqueness": 1
                },
                "prism_650928485": {
                    "ttl": 2592015,
                    "length": 36,
                    "prevalence": 0.00010305028854080792,
                    "uniqueness": 1
                },
                "prism_612995246": {
                    "ttl": 2592015,
                    "length": 36,
                    "prevalence": 0.00010305028854080792,
                    "uniqueness": 1
                },
                "prism_25900740": {
                    "ttl": 2592027,
                    "length": 36,
                    "prevalence": 0.00010305028854080792,
                    "uniqueness": 1
                },
                "prism_28266330": {
                    "ttl": 2592007,
                    "length": 36,
                    "prevalence": 0.00010305028854080792,
                    "uniqueness": 1
                },
                "prism_25300270": {
                    "ttl": 2592002,
                    "length": 36,
                    "prevalence": 0.00010305028854080792,
                    "uniqueness": 1
                },
                "prism_69078272": {
                    "ttl": 2592002,
                    "length": 36,
                    "prevalence": 0.00010305028854080792,
                    "uniqueness": 1
                },
                "prism_610523846": {
                    "ttl": 2592003,
                    "length": 36,
                    "prevalence": 0.00010305028854080792,
                    "uniqueness": 1
                }
            },
            "firstPartyCookiesSent": {},
            "exampleSites": [
                "americansongwriter.com",
                "carfromjapan.com",
                "hubite.com",
                "petrolmap.co.uk",
                "uk.hornby.com",
                "www.addictivetips.com",
                "www.boss.info",
                "www.civilserviceworld.com",
                "www.classic.com",
                "www.consumerhealthdigest.com",
                "www.flightconnections.com",
                "www.globalcitizensolutions.com",
                "www.ifixit.com",
                "www.iso.org",
                "www.jpost.com",
                "www.rsc.org.uk",
                "www.solarguide.co.uk",
                "www.thesimsresource.com",
                "www.viovet.co.uk",
                "www.yopa.co.uk"
            ]
        },
        {
            "rule": "app-us1\\.com\\/",
            "cookies": 0.00175,
            "fingerprinting": 0,
            "subdomains": [
                "prism"
            ],
            "apis": {},
            "sites": 18,
            "prevalence": 0.00185,
            "cnames": [],
            "responseHashes": [
                "bbd615f01b332464be271289c4545059b3ef2a9b0ba60874c5a0727b82ffe2f2",
                "a9e20cde3df4dbeb5666959094ef70502f1f4fa9c6671ee83b24cc19fe9e301a",
                "778b3875a91e14f5839bbb500bfdd4e33db037d0017f3184d4dbe234263c48d1",
                "329cbd04a406a9735d6e9c5d7a21786685a8dd8a91e93be9a7c5b81a643e2e1b",
                "f681ec6fc7d4cffc298935ceb06f48f728ede1245cd55c878ce772a81fed21e4",
                "5993459d185d9bfaa3072f9509055e96ebfddf16c026731d74e88f0a7a559abf",
                "2e8254f2ddc3c943d28a3d9548a557de3cb377cd8adf6d35c53ef4758bcd9721",
                "cc5eba29a9c823c686a8ea27146c33c32b06897207300c937fbf1b24c5359f99",
                "a4ff9b08421e30f348a4ee83314c148f41e006c2d30f80deef158619ea55e4f6",
                "078233975ac417d3df0f2443756590de558a835f5d759580234d418f504f0910",
                "594b8f6453b95f0661e6ac96819996e58f8b133870625a2272d9c1cd53f5d7a0",
                "db585da84550eb87dbeeef1ce7915ef30fa1afdc78d2385b229700292b7880c3",
                "5162fb1ebda7ebfc648d1456ce381f16c952a24ada743a4ec48f1a003f5781c5",
                "22bc9200e4d571d1b8bdc3f01fa9fbba048054d858e777d053bb2895b64e5030",
                "ead0c03456b0e801e1838c42a28e5e614a80cc4d8b70a30dfe0a11e97dec1bd4",
                "5d9c95af64be60f554dfc6d85f4d6af8158f22930ad86863a9b7bc2b6e8f9450"
            ],
            "type": "Script",
            "firstPartyCookies": {},
            "firstPartyCookiesSent": {},