{
    "domain": "baidu.com",
    "owner": {
        "name": "Baidu, Inc.",
        "displayName": "Baidu"
    },
    "source": [
        "DuckDuckGo-GB"
    ],
    "prevalence": 0.000927,
    "sites": 9,
    "subdomains": [
        "hm",
        "fxgate",
        "fclog"
    ],
    "cnames": [],
    "fingerprinting": 2,
    "resources": [
        {
            "rule": "baidu\\.com\\/hm\\.js",
            "cookies": 0.000824,
            "fingerprinting": 2,
            "subdomains": [
                "hm"
            ],
            "apis": {
                "Navigator.prototype.userAgent": 8,
                "Navigator.prototype.cookieEnabled": 8,
                "Navigator.prototype.javaEnabled": 5,
                "Navigator.prototype.language": 8,
                "Screen.prototype.width": 8,
                "Screen.prototype.height": 8,
                "Screen.prototype.colorDepth": 8,
                "Screen.prototype.orientation": 8,
                "window.innerWidth": 8,
                "window.localStorage": 8,
                "Document.cookie getter": 8,
                "window.sessionStorage": 8,
                "Date.prototype.getTime": 8,
                "Document.cookie setter": 8,
                "window.innerHeight": 8
            },
            "sites": 9,
            "prevalence": 0.000927,
            "cnames": [],
            "responseHashes": [
                "82ec9d08e6fed6e9067b1009cd7fdeffb8c06997676375266789748b025a0a49",
                "00eb45c73fe6b151e6f6c43976978bc3f9641502212a166074cc557fc826fb07",
                "6902dbb6dfea1801427f0a4c55479c46105b068493905c49100f0933d32be100",
                "d69e46675904d9c3ba1fc1b4de0d068d54fccaa96cd1d760d513116ec9db016f",
                "ea0a756fd5fc1c7889344c19ced13435cc46e4d8f02bd36d8a0600458680eca2",
                "28dc1500b25ffb981c7f9571e4daabc53ee78c4f2c3ec267cfdaa4ebfbec4008",
                "15c0b6c92449bb6278636e711102f02ddbac4f32951379977d187505e70e42d1"
            ],
            "type": "Script",
            "firstPartyCookies": {
                "Hm_lvt_7bb6ff62fc2da65e535b8613e5aa92b8": {
                    "ttl": 31536003,
                    "length": 10,
                    "prevalence": 0.00010305028854080792,
                    "uniqueness": 1
                },
                "Hm_lpvt_7bb6ff62fc2da65e535b8613e5aa92b8": {
                    "ttl": null,
                    "length": 10,
                    "prevalence": 0.00010305028854080792,
                    "uniqueness": 1
                },
                "HMACCOUNT": {
                    "ttl": null,
                    "length": 16,
                    "prevalence": 0.0008244023083264633,
                    "uniqueness": 1
                },
                "Hm_lvt_1d5ba5cbc559273825f37fdd6ecdfe28": {
                    "ttl": 31536010,
                    "length": 10,
                    "prevalence": 0.00010305028854080792,
                    "uniqueness": 1
                },
                "Hm_lpvt_1d5ba5cbc559273825f37fdd6ecdfe28": {
                    "ttl": null,
                    "length": 10,
                    "prevalence": 0.00010305028854080792,
                    "uniqueness": 1
                },
                "Hm_lvt_d99eab2f8249a2ef6c475b8675abf5c8": {
                    "ttl": 31536013,
                    "length": 10,
                    "prevalence": 0.00020610057708161583,
                    "uniqueness": 1
                },
                "Hm_lpvt_d99eab2f8249a2ef6c475b8675abf5c8": {
                    "ttl": null,
                    "length": 10,
                    "prevalence": 0.00020610057708161583,
                    "uniqueness": 1
                },
                "Hm_lvt_a7025e25c8500c732b8f48cc46e21467": {
                    "ttl": 31536004,
                    "length": 10,
                    "prevalence": 0.00010305028854080792,
                    "uniqueness": 1
                },
                "Hm_lpvt_a7025e25c8500c732b8f48cc46e21467": {
                    "ttl": null,
                    "length": 10,
                    "prevalence": 0.00010305028854080792,
                    "uniqueness": 1
                },
                "Hm_lvt_bd47ad8af9aaad3db609f714d7924fc1": {
                    "ttl": 31536011,
                    "length": 10,
                    "prevalence": 0.00010305028854080792,
                    "uniqueness": 1
                },
                "Hm_lpvt_bd47ad8af9aaad3db609f714d7924fc1": {
                    "ttl": null,
                    "length": 10,
                    "prevalence": 0.00010305028854080792,
                    "uniqueness": 1
                },
                "Hm_lvt_49837ffab1a11b30b9dc9143593b0499": {
                    "ttl": 31536015,
                    "length": 10,
                    "prevalence": 0.00010305028854080792,
                    "uniqueness": 1
                },
                "Hm_lpvt_49837ffab1a11b30b9dc9143593b0499": {
                    "ttl": null,
                    "length": 10,
                    "prevalence": 0.00010305028854080792,
                    "uniqueness": 1
                },
                "Hm_lvt_b45c947986731b522d3a8c7ef9398614": {
                    "ttl": 31536015,
                    "length": 10,
                    "prevalence": 0.00010305028854080792,
                    "uniqueness": 1
                },
                "Hm_lpvt_b45c947986731b522d3a8c7ef9398614": {
                    "ttl": null,
                    "length": 10,
                    "prevalence": 0.00010305028854080792,
                    "uniqueness": 1
                }
            },
            "firstPartyCookiesSent": {},
            "exampleSites": [
                "bmj.com",
                "docs.espressif.com",
                "experts.exeter.ac.uk",
                "mangapark.net",
                "semiconductor.samsung.com",
                "www.exeter.ac.uk",
                "www.fiio.com",
                "www.kent.ac.uk",
                "www.ventoy.net"
            ]
        },
        {
            "rule": "baidu\\.com\\/hm\\.gif",
            "cookies": 0,
            "fingerprinting": 0,
            "subdomains": [
                "hm"
            ],
            "apis": {},
            "sites": 8,
            "prevalence": 0.000824,
            "cnames": [],
            "responseHashes": [
                "77b1d2c0857d4e95d4c2ae7aa0abc5aaafa6bd4581b31203d1592759c26f5c44"
            ],
            "type": "Image",
            "firstPartyCookies": {},
            "firstPartyCookiesSent": {
                "HMACCOUNT": 0.0008244023083264633,
                "_rtetUrl": 0.00010305028854080792
            },
            "exampleSites": [
                "bmj.com",
                "docs.espressif.com",
                "experts.exeter.ac.uk",
                "mangapark.net",
                "semiconductor.samsung.com",
                "www.exeter.ac.uk",
                "www.fiio.com",
                "www.kent.ac.uk"
            ]
        },
        {
            "rule": "baidu\\.com\\/angelia\\/fcagl\\.js",
            "cookies": 0.000206,
            "fingerprinting": 1,
            "subdomains": [
                "fxgate"
            ],
            "apis": {
                "window.localStorage": 2,
                "Date.prototype.getTime": 2,
                "Date.prototype.getTimezoneOffset": 2,
                "Document.cookie getter": 2,
                "Document.cookie setter": 2
            },
            "sites": 2,
            "prevalence": 0.000206,
            "cnames": [],
            "responseHashes": [
                "a7d5f77b445e73fb3042fb24d631cd2b0ac1fc356a05ec99b5b4048958f2b25f"
            ],
            "type": "Script",
            "firstPartyCookies": {
                "AGL_USER_ID": {
                    "ttl": 251654926699,
                    "length": 36,
                    "prevalence": 0.00020610057708161583,