{
    "domain": "bunny.net",
    "owner": {},
    "source": [
        "DuckDuckGo-GB"
    ],
    "prevalence": 0.00361,
    "sites": 35,
    "subdomains": [
        "fonts"
    ],
    "cnames": [],
    "fingerprinting": 0,
    "resources": [
        {
            "rule": "bunny\\.net\\/css",
            "cookies": 0,
            "fingerprinting": 0,
            "subdomains": [
                "fonts"
            ],
            "apis": {},
            "sites": 35,
            "prevalence": 0.00361,
            "cnames": [],
            "responseHashes": [
                "61b6d165e3d75fafe8db4a973e2809a883986f1afa4b2a36f606ce51134b6bae",
                "69ac2cfd6c6194b12b69380bc5f510820e7b31929450874eb37f0efed53580cd",
                "6fb5c8c1db286f15620e19e48dd16fe8204f264ed3c91ab7978571587a925a7f",
                "5bc459b73727e626519cef8c4fa583ea3d56ee5eed85784ae847fc722e69b88c",
                "84dc32699e16ef7ca64c61a256959a34c24cd84985bdd201f56fea8905b3a39c",
                "e0baffa8d3daa73791b614f8efccbf81dfa247ad8eb5c225af0f888c5b3e3a4c",
                "9a06dc5deddf8fcbe7c503b552d605c4ce9bc84da2d40768b79ec5a9967cf83a",
                "998f49ccf51bd5801468b8f05c21590eabe2aa5d2229377a634fdb229f8c7170",
                "b7f70d57f21e096495b5a40f784a08c7d7174861f285b98bd193eff3bbb1f496",
                "9c26d9155c092f800c8378cca7f462bed26bd912342a2fbe5924e5245736cc79",
                "4dd08b8a5846139a39ed228f42e1a139e71345482eee50c18d656ff58bcb8370",
                "ec6aa8509dbab67b87f1899fc618055b87b1882e8f8adceaebc78afdb82be477",
                "158bdad7b3d87b7b774900fa87ecc02ddef7b782a6899acb9e18e842baa6558e",
                "f5f5b0704c78cc267189a3449bfb016d890007769b21a56823066786ace491ce",
                "028bef3e68546b45cc70c45f1f62cb271511effd2458e8fcb787b180788787fb",
                "0f5c85f89362792cf8398825e94525e9bf74e99498fcca28543409341d18a619",
                "7231d4bae283cbc26e3627a172163a35671bd38ba494654d82dadc7ad93c3e53",
                "8b146f0d0b368e9cf98baf84de962fdef0813b36d03c56793cbb0d2ea5f7e32d",
                "a522d8bd659a2178ffacf5107b654a61cb47a3ddda8fbb3c353522bf09f5b0df",
                "776f752c630d6caf380e321b953d2fe15f1239d8aad57d2dd206cbb03d009bb6",
                "3cf12b565ed1de182e5425cf4d9def32eca5fd907cb9003cdc7a17fc76fc66dd",
                "188280ba32130cc70410f31255cbd631422b7fea92ea989e278aa9832bf19c3e",
                "7e4b734fd7e6a866a81268e8bdc1625ed876e3b07a1a70e0c4e8a9d07c7b1154",
                "d8b82dd6c3d9ca6ec0099c5a26e1de3e03a7289391c9a9294a2a91d9aae40aa9",
                "3c9d46d03e2726843abbbb613b467fdebf501f51876a2f57741bb5d2854d59d1",
                "771f9dbc75a55805bfae79c6c5782b9ff62f37a71690dcc15e98efc804af31b0"
            ],
            "type": "Stylesheet",
            "firstPartyCookies": {},
            "firstPartyCookiesSent": {},
            "exampleSites": [
                "www.hatsandcaps.co.uk",
                "mobile.asda.com",
                "thehuts-eastbourne.co.uk",
                "www.aconsciousrethink.com",
                "viralxxxporn.com",
                "www.boilerguide.co.uk",
                "twominenglish.com",
                "iheat.co.uk",
                "www.tipsbulletin.com",
                "www.discoverwalks.com",
                "americansongwriter.com",
                "mediabiasfactcheck.com",
                "grammarist.com",
                "www.fluentu.com",
                "www.carandclassic.com",
                "www.dieoff.org",
                "www.theabsolutesound.com",
                "helpfulprofessor.com",
                "www.livenation.co.uk",
                "fapello.is"
            ]
        },
        {
            "rule": "bunny\\.net\\/roboto\\/files\\/roboto-latin-400-normal\\.woff2",
            "cookies": 0,
            "fingerprinting": 0,
            "subdomains": [
                "fonts"
            ],
            "apis": {},
            "sites": 15,
            "prevalence": 0.00155,
            "cnames": [],
            "responseHashes": [
                "0152e925694c9e22045d875b0c03975c9bcd3778305eef80a7073dc78fda42c8"
            ],
            "type": "Font",
            "firstPartyCookies": {},
            "firstPartyCookiesSent": {},
            "exampleSites": [
                "3dprinterly.com",
                "americansongwriter.com",
                "gadgetstouse.com",
                "grammarist.com",
                "hellomusictheory.com",
                "helpfulprofessor.com",
                "newbookrecommendation.com",
                "topdogtips.com",
                "viralxxxporn.com",
                "www.aconsciousrethink.com",
                "www.dieoff.org",
                "www.fluentu.com",
                "www.garagegymreviews.com",
                "www.tipsbulletin.com",
                "www.wandering-bird.com"
            ]
        },
        {
            "rule": "bunny\\.net\\/open-sans\\/files\\/open-sans-latin-400-normal\\.woff2",
            "cookies": 0,
            "fingerprinting": 0,
            "subdomains": [
                "fonts"
            ],
            "apis": {},
            "sites": 2,
            "prevalence": 0.000206,
            "cnames": [],
            "responseHashes": [
                "a324ee4cb86584bab745cdab8e7e206ae76dbc653b66a13ed26fc867ef3be4b9"
            ],
            "type": "Font",
            "firstPartyCookies": {},
            "firstPartyCookiesSent": {},
            "exampleSites": [
                "fabricland.co.uk",
                "topdogtips.com"
            ]
        },
        {
            "rule": "bunny\\.net\\/inter\\/files\\/inter-latin-500-normal\\.woff2",
            "cookies": 0,
            "fingerprinting": 0,
            "subdomains": [
                "fonts"
            ],
            "apis": {},
            "sites": 3,
            "prevalence": 0.000309,
            "cnames": [],
            "responseHashes": [
                "1589a5a3840930ac4cb1f00e391da5146f938bf9987e254745dfe062950132ee"
            ],
            "type": "Font",
            "firstPartyCookies": {},
            "firstPartyCookiesSent": {},
            "exampleSites": [
                "fapello.is",
                "iheat.co.uk",
                "news.stv.tv"
            ]
        },
        {
            "rule": "bunny\\.net\\/inter\\/files\\/inter-latin-400-normal\\.woff2",
            "cookies": 0,
            "fingerprinting": 0,
            "subdomains": [
                "fonts"
            ],
            "apis": {},
            "sites": 3,
            "prevalence": 0.000309,
            "cnames": [],
            "responseHashes": [
                "f8547a8d7d0bb4d26d950b2579c6f25d054932f0c8cc9bbdbe7b2608d1bc4351"
            ],
            "type": "Font",
            "firstPartyCookies": {},
            "firstPartyCookiesSent": {},
            "exampleSites": [
                "fapello.is",
                "iheat.co.uk",
                "news.stv.tv"
            ]
        },
        {
            "rule": "bunny\\.net\\/inter\\/files\\/inter-latin-600-normal\\.woff2",
            "cookies": 0,
            "fingerprinting": 0,
            "subdomains": [
                "fonts"
            ],
            "apis": {},
            "sites": 3,
            "prevalence": 0.000309,
            "cnames": [],
            "responseHashes": [
                "bac13173a35467a4b97f8ab83e5f6ecbea56b400b3825f6f5a5b227e08394b73"
            ],
            "type": "Font",
            "firstPartyCookies": {},
            "firstPartyCookiesSent": {},
            "exampleSites": [
                "fapello.is",
                "iheat.co.uk",
                "news.stv.tv"
            ]
        },
        {
            "rule": "bunny\\.net\\/roboto\\/files\\/roboto-latin-700-normal\\.woff2",
            "cookies": 0,
            "fingerprinting": 0,
            "subdomains": [
                "fonts"
            ],
            "apis": {},