{
    "domain": "cookie-script.com",
    "owner": {},
    "source": [
        "DuckDuckGo-GB"
    ],
    "prevalence": 0.00701,
    "sites": 68,
    "subdomains": [
        "cdn",
        "consent",
        "crossdomain"
    ],
    "cnames": [],
    "fingerprinting": 1,
    "resources": [
        {
            "rule": "cookie-script\\.com\\/s\\/cd7aded51c6d82b4d0f1df2329d96072\\.js",
            "cookies": 0.000206,
            "fingerprinting": 1,
            "subdomains": [
                "cdn"
            ],
            "apis": {
                "Document.cookie getter": 2,
                "Date.prototype.getTime": 2,
                "Document.cookie setter": 2,
                "window.localStorage": 2,
                "window.sessionStorage": 2
            },
            "sites": 2,
            "prevalence": 0.000206,
            "cnames": [],
            "responseHashes": [
                "25260d341a1b317d3ae8dcee65e001521816d7652b00647da2facaf2cf92e3fa"
            ],
            "type": "Script",
            "firstPartyCookies": {
                "CookieScriptConsent": {
                    "ttl": 2592006,
                    "length": 258,
                    "prevalence": 0.00020610057708161583,
                    "uniqueness": 0.5
                }
            },
            "firstPartyCookiesSent": {},
            "exampleSites": [
                "fitness-superstore.co.uk",
                "www.fitness-superstore.co.uk"
            ]
        },
        {
            "rule": "cookie-script\\.com\\/analytics",
            "cookies": 0,
            "fingerprinting": 0,
            "subdomains": [
                "consent"
            ],
            "apis": {},
            "sites": 20,
            "prevalence": 0.00206,
            "cnames": [],
            "responseHashes": [
                "c5033a48b3066812b0f3aab77e3cb58048077527728580af202064bb911b9be8",
                "1f6b82edb02095fc2fbad0afce23561a5c9efa2a954fffb7023e995b48ab9f4a",
                "9a6f9df91fe074bf6e186116fd91233ecf512a9a4992bdb22ce4719925f8ec31",
                "1ecd8854e13ab04a608a89d4f790ae1b970f24b6897073acacd7dd4f44670696",
                "309a6fe617c2c99b2e9c649761ef14e5511fafd2fd30fb4ceeb29eabd5f31e28",
                "33db647b9e99a422ebea24e06af3d06e4170e2e455434538ed31cfbe6121818b",
                "c3be3b6739ec65c78dca7f166dad64c973c3aff09c5f14847a60a066828fbcdf",
                "048bb201c624e57405c9a8471f4b5a71881a84631ba5ca41287025f9402af5b7",
                "3ee0ba7aabc29d2b227ccf281a137f48e135308437b3b6babdfdcc53d3da5c0a",
                "89b9abe9dfcec0dd74b079f4fbd1f0487dad1376e34831e9abe92d431cb665a2",
                "a72dc1b19e36d2102dcbc1ba47503e55f56bc8c4641e86059d203a9f6dd0e4e3",
                "daeb2bb166517d38299e1cb3ad663253ae6ebc2c6a813c408669edf71045f308",
                "e456b106cf035427e1e3581d7606e08f78b4c4d89e8f931d4223a85275d202e2",
                "aef61b5175a6c572e1b59febea57e874c5f5e8ffd1341fccf94c6dd8b25028ed",
                "aa278e4f3cc600ad299934c2ddbd0e12beca324a03cd56a718b0298d19fc808f",
                "dd41f64086380fb2752289bd1650bbf046207c17d68d0968de585563b85b5ead"
            ],
            "type": "XHR",
            "firstPartyCookies": {},
            "firstPartyCookiesSent": {},
            "exampleSites": [
                "fixthephoto.com",
                "investengine.com",
                "mkm.com",
                "ohme-ev.com",
                "sparxscience.com",
                "sparxreader.com",
                "sparxmaths.com",
                "www.247games.com",
                "www.aerotime.aero",
                "www.bes.co.uk",
                "www.christianity.com",
                "www.crosswalk.com",
                "www.eurocampings.co.uk",
                "www.futureshop.co.uk",
                "www.kingston.gov.uk",
                "www.parkcameras.com",
                "www.sextoys.co.uk",
                "www.sutton.gov.uk",
                "www.thesuffolkcoast.co.uk",
                "www.wessexwater.co.uk"
            ]
        },
        {
            "rule": "cookie-script\\.com\\/iabtcf\\/2\\.2\\/sdk_cmp\\.js",
            "cookies": 0,
            "fingerprinting": 1,
            "subdomains": [
                "cdn"
            ],
            "apis": {
                "Date.prototype.getTime": 7
            },
            "sites": 9,
            "prevalence": 0.000927,
            "cnames": [],
            "responseHashes": [
                "2c0dd6393517e45d6a86628931927c4677f62ae2f8475a79b4a4e3b29cdfb00d"
            ],
            "type": "Script",
            "firstPartyCookies": {},
            "firstPartyCookiesSent": {},
            "exampleSites": [
                "fixthephoto.com",
                "investengine.com",
                "mkm.com",
                "www.247games.com",
                "www.english-heritage.org.uk",
                "www.gardenbuildingsdirect.co.uk",
                "www.m25traffic.co.uk",
                "www.moddb.com",
                "www.parkcameras.com"
            ]
        },
        {
            "rule": "cookie-script\\.com\\/iabtcf\\/2\\.2\\/vendor-list\\.json",
            "cookies": 0,
            "fingerprinting": 0,
            "subdomains": [
                "cdn"
            ],
            "apis": {},
            "sites": 9,
            "prevalence": 0.000927,
            "cnames": [],
            "responseHashes": [
                "dc0026c9cd7be498bc430ca92d212a17f590bd123c62d0248ce854e5606ad630"
            ],
            "type": "XHR",
            "firstPartyCookies": {},
            "firstPartyCookiesSent": {},
            "exampleSites": [
                "fixthephoto.com",
                "investengine.com",
                "mkm.com",
                "www.247games.com",
                "www.english-heritage.org.uk",
                "www.gardenbuildingsdirect.co.uk",
                "www.m25traffic.co.uk",
                "www.moddb.com",
                "www.parkcameras.com"
            ]
        },
        {
            "rule": "cookie-script\\.com\\/iabtcf\\/2\\.2\\/google-vendors\\.json",
            "cookies": 0,
            "fingerprinting": 0,
            "subdomains": [
                "cdn"
            ],
            "apis": {},
            "sites": 9,
            "prevalence": 0.000927,
            "cnames": [],
            "responseHashes": [
                "a60153f85720b221e4d5fb81b10239a6a65bc2a4d9f343849ecc2edd798ed673"
            ],
            "type": "Fetch",
            "firstPartyCookies": {},
            "firstPartyCookiesSent": {},
            "exampleSites": [
                "fixthephoto.com",
                "investengine.com",
                "mkm.com",
                "www.247games.com",
                "www.english-heritage.org.uk",
                "www.gardenbuildingsdirect.co.uk",
                "www.m25traffic.co.uk",
                "www.moddb.com",
                "www.parkcameras.com"
            ]
        },
        {
            "rule": "cookie-script\\.com\\/s\\/f838494e352fbeb0209e055084bdf084\\.js",
            "cookies": 0.000206,
            "fingerprinting": 1,
            "subdomains": [
                "cdn"
            ],
            "apis": {
                "Document.cookie getter": 2,
                "Date.prototype.getTime": 2,
                "Document.cookie setter": 2
            },
            "sites": 2,
            "prevalence": 0.000206,
            "cnames": [],
            "responseHashes": [
                "24dfef075e47ef422940e4cee64c6c7ff040fd791f6e860b67de046ca72b34af"
            ],
            "type": "Script",
            "firstPartyCookies": {
                "CookieScriptConsent": {
                    "ttl": 15552003,
                    "length": 306,
                    "prevalence": 0.00020610057708161583,
                    "uniqueness": 0.5
                }
            },
            "firstPartyCookiesSent": {},