{
    "domain": "cq0.co",
    "owner": {},
    "source": [
        "DuckDuckGo-GB"
    ],
    "prevalence": 0.00309,
    "sites": 30,
    "subdomains": [
        "doh"
    ],
    "cnames": [],
    "fingerprinting": 0,
    "resources": [
        {
            "rule": "cq0\\.co\\/resolve",
            "cookies": 0,
            "fingerprinting": 0,
            "subdomains": [
                "doh"
            ],
            "apis": {},
            "sites": 30,
            "prevalence": 0.00309,
            "cnames": [],
            "responseHashes": [
                "907a71bb765e9f0e6a1aaa70b71ab01435d75b7460df411268a539b79c59bd55",
                "d2b603d874c6b2fdc73a8e607657e4c5651f255a5d33c77ac7f6eb6b7a3197d0",
                "8b04f4ab39cf62ab631c37029b488470bd5854eb65a1eae58910ead893f5b5e2",
                "0505042bc830730bc963dfde33875d4a2b3234c0e14393a70b357c8ab964eed3",
                "c44330417e7e818c8835cd68df5745102d7e1e5a035eadee0ddc7aa83d6545c1",
                "91d8ccee8aff4ac898f02808f8a4f01eaf810ae905621c7aab6db0923d88eae5",
                "bd22deec50ef333a585a23113a6ceb8df5ca1b69b83838651ff7199e33b1a757",
                "1a69d58c30b52ddf5793e25a3a26c6fcb5465da7927554a3436296afb990f3f7",
                "e8f76245b7d5d57071c966b503954cebf735c97bc9196beabf5cd671890cc7e3",
                "bb0e12e794257253e9d7716c67f065a596ea2a7e6050521ae33a233e92d96e64",
                "769b47f13fc53200a5a44c40755dda12cbe24c902b3834b7e2e4798d7e7a9609",
                "2131919a1a009f991a5c72e0e45cfc749f8d5e85d81631849f9fb617255be80f",
                "df2fabaa3ad59fc874b7cba3285d964bf08d499f69adfa20ffbfee56b431328e",
                "19e275f6f1a9b0facc7054a258e08fa008673f62856183a501c56300e274d25b",
                "17cbc82c2190790346333b418f62fa7d7ea230b686766f392f0e167254f8a86f",
                "3d7d81bb32861c712a6625713fba5b3dab9dbf0bfd1824bdbf207cce0a4bbe0c",
                "af32983a24418d70ebf28fd08444ada34fbca877770fdb498802196de396c51d",
                "9ed64fadaa5db988d43ae46328c0e681edbf43097935de84bd99abfac0b97b79",
                "fc5a236336e53f30dd5a351b9e35f3bbd3067314d872466628055c56db5117fa",
                "cf9587bd5d2763ebb22a06471a9486f75d55a82598dd2c6448d0235334652533",
                "773d12c7b868a16ea78557268b2395c0d3b65b150faa3e470c58ed314e2314dc",
                "8ad1264d8b19a10b9a8294bb184667019afa8a59cc8355f2c233447ccffb7645",
                "15c45076642fa439ca1af9ce8ce67bed1cf38f043abc64e96c8689461c3d11d9",
                "0974bd00041696145a1957a8be97b3860e96671ba5cab26c7f2559d6d60d82bf",
                "7189f8c1de4cbef2b6a2ef1bab81322c3c9cb16124edbd11bd00b7619d58dc8d",
                "85a0d1e342ec11f6895d0383da39cd2ae5dd7938fa8e4cff4785e8388d329f3c"
            ],
            "type": "Fetch",
            "firstPartyCookies": {},
            "firstPartyCookiesSent": {
                "JOHNLEWIS_ENSIGHTEN_PRIVACY_TLD-www.johnlewisfinance.com": 0.00010305028854080792,
                "dy_fs_page": 0.00010305028854080792
            },
            "exampleSites": [
                "www.espn.com",
                "www.latimes.com",
                "www.mayoclinic.org",
                "www.spacenk.com",
                "moviesanywhere.com",
                "www.johnlewisfinance.com",
                "www.equifax.co.uk",
                "us.norton.com",
                "www.britishairways.com",
                "usedcars.volkswagen.co.uk",
                "www.marvel.com",
                "www.easyjet.com",
                "www.theworks.co.uk",
                "www.bhphotovideo.com",
                "go.com",
                "www.starwars.com",
                "johnlewis.com",
                "www.espn.co.uk",
                "connect.mayoclinic.org",
                "www.nationalgeographic.com"
            ]
        }
    ],
    "categories": [],
    "performance": {},
    "cookies": 0,
    "topInitiators": [
        {
            "domain": "first party",
            "prevalence": 0.5
        },
        {
            "domain": "ensighten.com",
            "prevalence": 0.21875
        },
        {
            "domain": "espn.com",
            "prevalence": 0.15625
        },
        {
            "domain": "lighthouselabs.eu",
            "prevalence": 0.03125
        },
        {
            "domain": "audi.com",
            "prevalence": 0.03125
        },
        {
            "domain": "bhphoto.com",
            "prevalence": 0.03125
        },
        {
            "domain": "californiatimes.com",
            "prevalence": 0.03125
        }
    ],
    "types": {
        "Fetch": 30
    },
    "nameservers": [
        "ns-682.awsdns-21.net",
        "ns-488.awsdns-61.com",
        "ns-1240.awsdns-27.org",
        "ns-1857.awsdns-40.co.uk"
    ]
}