{
    "domain": "gaug.es",
    "owner": {},
    "source": [
        "DuckDuckGo-GB"
    ],
    "prevalence": 0.00103,
    "sites": 10,
    "subdomains": [
        "secure",
        "track"
    ],
    "cnames": [],
    "fingerprinting": 1,
    "resources": [
        {
            "rule": "gaug\\.es\\/track\\.js",
            "cookies": 0.000927,
            "fingerprinting": 1,
            "subdomains": [
                "secure"
            ],
            "apis": {
                "Date.prototype.getTime": 9,
                "Document.cookie setter": 9,
                "Navigator.prototype.userAgent": 9,
                "Document.cookie getter": 9,
                "Screen.prototype.width": 9,
                "window.innerWidth": 9,
                "window.innerHeight": 9
            },
            "sites": 9,
            "prevalence": 0.000927,
            "cnames": [],
            "responseHashes": [
                "df2698e6cf74ed890afa92da10051f880df2ce0b3257b73c5d9ae2f6bea82d3c"
            ],
            "type": "Script",
            "firstPartyCookies": {
                "_gauges_cookie": {
                    "ttl": 3,
                    "length": 1,
                    "prevalence": 0.0009274525968672713,
                    "uniqueness": 0.1111111111111111
                },
                "_gauges_unique_hour": {
                    "ttl": 3608,
                    "length": 1,
                    "prevalence": 0.0009274525968672713,
                    "uniqueness": 0.1111111111111111
                },
                "_gauges_unique_day": {
                    "ttl": 86408,
                    "length": 1,
                    "prevalence": 0.0009274525968672713,
                    "uniqueness": 0.1111111111111111
                },
                "_gauges_unique_month": {
                    "ttl": 2678408,
                    "length": 1,
                    "prevalence": 0.0009274525968672713,
                    "uniqueness": 0.1111111111111111
                },
                "_gauges_unique_year": {
                    "ttl": 31536009,
                    "length": 1,
                    "prevalence": 0.0009274525968672713,
                    "uniqueness": 0.1111111111111111
                },
                "_gauges_unique": {
                    "ttl": 31536009,
                    "length": 1,
                    "prevalence": 0.0009274525968672713,
                    "uniqueness": 0.1111111111111111
                }
            },
            "firstPartyCookiesSent": {},
            "exampleSites": [
                "appletoolbox.com",
                "order-order.com",
                "shotkit.com",
                "theidealgarden.com",
                "www.alphr.com",
                "www.guidingtech.com",
                "www.omgubuntu.co.uk",
                "www.strengthlog.com",
                "www.technipages.com"
            ]
        },
        {
            "rule": "gaug\\.es\\/track\\.gif",
            "cookies": 0,
            "fingerprinting": 0,
            "subdomains": [
                "secure",
                "track"
            ],
            "apis": {},
            "sites": 10,
            "prevalence": 0.00103,
            "cnames": [],
            "responseHashes": [
                "7fff1569ea68ef52782ba25b0cf3934627f7a4fc1e8e22f4652de959c5f97978"
            ],
            "type": "Image",
            "firstPartyCookies": {},
            "firstPartyCookiesSent": {},
            "exampleSites": [
                "appletoolbox.com",
                "order-order.com",
                "shotkit.com",
                "theidealgarden.com",
                "www.alphr.com",
                "www.auctionhouse.co.uk",
                "www.guidingtech.com",
                "www.omgubuntu.co.uk",
                "www.strengthlog.com",
                "www.technipages.com"
            ]
        }
    ],
    "categories": [],
    "performance": {},
    "cookies": 0.000927,
    "topInitiators": [
        {
            "domain": "first party",
            "prevalence": 0.9
        },
        {
            "domain": "d2fuc4clr7gvcn.cloudfront.net",
            "prevalence": 0.1
        }
    ],
    "types": {
        "Script": 9,
        "Image": 10
    },
    "nameservers": [
        "ns-1458.awsdns-54.org",
        "ns-451.awsdns-56.com",
        "ns-1754.awsdns-27.co.uk",
        "ns-940.awsdns-53.net"
    ]
}