{
    "domain": "getsitectrl.com",
    "owner": {},
    "source": [
        "DuckDuckGo-GB"
    ],
    "prevalence": 0.00134,
    "sites": 13,
    "subdomains": [
        "events"
    ],
    "cnames": [],
    "fingerprinting": 0,
    "resources": [
        {
            "rule": "getsitectrl\\.com\\/api\\/v1\\/events",
            "cookies": 0,
            "fingerprinting": 0,
            "subdomains": [
                "events"
            ],
            "apis": {},
            "sites": 13,
            "prevalence": 0.00134,
            "cnames": [],
            "responseHashes": [
                "d130629ff32d92f4465b241fb1caaabe87e8165d7b849d9221b1aef184955d12",
                "8a40e5bcbbb29aa87d94b5499e627aeb22823187f2d2e3ef4bdc4e3541d8f56b",
                "709ca381d6679d641d47978669fb6f974b74d8959b07c7b99657d340b3ad86e7",
                "7b3aea77d830eaea28a6848927fef797847ef38c413407c41ea6890a7ea4e4ea",
                "5653d5b65282cdf60386d85cce26335438a22344c7329e0537ea63744a1a95b1",
                "373d75460d7399bf7415fb05b053f60269b77b9241411a611256fc18ea5898fb",
                "705b5fd8101ca2867caf72185fb33ec7a692ff9add061d18aa6a42b4897dbae6",
                "d997d2385c84acf6c4776961555aedd379642fe17ba671d112d59bd9c1ebafc3",
                "8ab2774820001ee8c504834817e1838d1026e2bf610872d3439dd20e6d16dbdd",
                "467c00c1e19fa9af367d6b8447248b636a6f6d2129cc77f451ca6d2729bcb59d",
                "8503e94a799d9d4b5594a49c3f090d3ac688090d6e06fc815c5fce78feca0d8c",
                "ca453246d83119bbbd2855270a005417b255b2c825383fe5d8eb372a2431fcd1"
            ],
            "type": "Fetch",
            "firstPartyCookies": {},
            "firstPartyCookiesSent": {},
            "exampleSites": [
                "artuk.org",
                "forum.hearingtracker.com",
                "hayloft.co.uk",
                "www.architectsjournal.co.uk",
                "www.cyclist.co.uk",
                "www.daltonsbusiness.com",
                "www.evelyn.com",
                "www.fixya.com",
                "www.gatwickairport.com",
                "www.newcivilengineer.com",
                "www.nursingtimes.net",
                "www.physio-pedia.com",
                "www.wessexwater.co.uk"
            ]
        },
        {
            "rule": "getsitectrl\\.com\\/api\\/v1\\/events",
            "cookies": 0,
            "fingerprinting": 0,
            "subdomains": [
                "events"
            ],
            "apis": {},
            "sites": 2,
            "prevalence": 0.000206,
            "cnames": [],
            "responseHashes": [
                "e3b0c44298fc1c149afbf4c8996fb92427ae41e4649b934ca495991b7852b855"
            ],
            "type": "Ping",
            "firstPartyCookies": {},
            "firstPartyCookiesSent": {},
            "exampleSites": [
                "cyclist.co.uk",
                "www.physio-pedia.com"
            ]
        }
    ],
    "categories": [],
    "performance": {},
    "cookies": 0,
    "topInitiators": [
        {
            "domain": "getsitecontrol.com",
            "prevalence": 1
        }
    ],
    "types": {
        "Fetch": 13,
        "Ping": 2
    },
    "nameservers": [
        "ns-853.awsdns-42.net",
        "ns-1552.awsdns-02.co.uk",
        "ns-420.awsdns-52.com",
        "ns-1342.awsdns-39.org"
    ]
}