{
    "domain": "isenselabs.com",
    "owner": {},
    "source": [
        "DuckDuckGo-GB"
    ],
    "prevalence": 0.000927,
    "sites": 9,
    "subdomains": [
        "gdpr.apps"
    ],
    "cnames": [],
    "fingerprinting": 0,
    "resources": [
        {
            "rule": "isenselabs\\.com\\/users\\/versioning",
            "cookies": 0,
            "fingerprinting": 0,
            "subdomains": [
                "gdpr.apps"
            ],
            "apis": {},
            "sites": 9,
            "prevalence": 0.000927,
            "cnames": [],
            "responseHashes": [
                "3990a29b65533a690a0a94b18e6997394962d65d17cdb7546290885bfd9aea00",
                "906b06dbc420678bf5f94da88a60affa10d093abf68f3854ce86c45d9f83acdb",
                "86070a75b8da752a6df631bdbf5e1caca722fbf792c10378ca4014978a65c6b7",
                "d62c62d818116b1f0b43fedf10fca86e4380bd823f64b9606168a6339fc5a451",
                "ce33f42ae6e15ed4019abdd94ac3a502f6144b3458c92cb2f6ad0392f4e82d90",
                "05ce690f981f0a6adae99f8321adcff83aee8d6fd4eac1cc168bb31555739ab4",
                "c1237f53ad428410ec1178af2c50f8941456fe0f8a53f9364827fc3ab11c9c17",
                "f4522471c0cca8ef3af4ef814a85ec61c1ea0c7817563c650e887e48541dc207"
            ],
            "type": "Fetch",
            "firstPartyCookies": {},
            "firstPartyCookiesSent": {},
            "exampleSites": [
                "jaycotts.co.uk",
                "jeanstore.co.uk",
                "marshallsgarden.com",
                "nextdaypaint.co.uk",
                "tmlewin.co.uk",
                "www.farmergracy.co.uk",
                "www.lay-z-spa.co.uk",
                "www.nutritiongeeks.co",
                "www.widefitshoes.co.uk"
            ]
        },
        {
            "rule": "isenselabs\\.com\\/users\\/getCookieConsentSettings",
            "cookies": 0,
            "fingerprinting": 0,
            "subdomains": [
                "gdpr.apps"
            ],
            "apis": {},
            "sites": 9,
            "prevalence": 0.000927,
            "cnames": [],
            "responseHashes": [
                "5d00bf9c85a99557f3d3ee44675f1ad8f8eaa5d7939b5e6733665de7ed1abb85",
                "ef70d136426acbbf9b226068c0dab1d56dc3f4e333e775d97d90117d9aa902d4",
                "1bce11666d027e203d274b7608442c8b3359a75c3a64be7312819a88a53144d1",
                "cf8135d2a28dde947902fc9a54a2783d0861550baa4255d585ecff0068880983",
                "b61206299087667e31efb271e913e1d52133b91254222e1b62c716d1b60db481",
                "68486e07081a0b21da698672f06644f94a82805919cad2d6254b4fd600cd41f4",
                "d20d08179c63c08acb93e0bc49c8e5fae39e96f98a0d233621e92f713eba0d9b",
                "4b71e70db9425524235dd277b8252980bd15b7e669e542f1d0bab0726d192a59"
            ],
            "type": "Fetch",
            "firstPartyCookies": {},
            "firstPartyCookiesSent": {},
            "exampleSites": [
                "jaycotts.co.uk",
                "jeanstore.co.uk",
                "marshallsgarden.com",
                "nextdaypaint.co.uk",
                "tmlewin.co.uk",
                "www.farmergracy.co.uk",
                "www.lay-z-spa.co.uk",
                "www.nutritiongeeks.co",
                "www.widefitshoes.co.uk"
            ]
        }
    ],
    "categories": [],
    "performance": {},
    "cookies": 0,
    "topInitiators": [
        {
            "domain": "first party",
            "prevalence": 0.9
        },
        {
            "domain": "minmaxify.com",
            "prevalence": 0.1
        }
    ],
    "types": {
        "Fetch": 18
    },
    "nameservers": [
        "ns-1084.awsdns-07.org",
        "ns-882.awsdns-46.net",
        "ns-2001.awsdns-58.co.uk",
        "ns-132.awsdns-16.com"
    ]
}