{
    "domain": "minutemedia-prebid.com",
    "owner": {},
    "source": [
        "DuckDuckGo-GB"
    ],
    "prevalence": 0.00278,
    "sites": 27,
    "subdomains": [
        "hb"
    ],
    "cnames": [],
    "fingerprinting": 0,
    "resources": [
        {
            "rule": "minutemedia-prebid\\.com\\/hb-mm-multi",
            "cookies": 0,
            "fingerprinting": 0,
            "subdomains": [
                "hb"
            ],
            "apis": {},
            "sites": 25,
            "prevalence": 0.00258,
            "cnames": [],
            "responseHashes": [
                "e24c48395b94c4421a97caff7cf2b309f774e41d908fdc76fe92d92521d9af96",
                "45666809d350c0673bccc20b6e04e9f9c60002c6e589362bf36ab8fcca785371",
                "5933be1ecfa95eabfb2f846e403cbb5fac8d18889aa5b2a0f61f7b91bc578462",
                "34963645b0b5fd447e7790ad741ef84f0f554da98df8b6c4ded05cf0e80d40cf",
                "e245f986541b3623fb28db5f4fb1420931dbcebd94acc347f4d5114b6c5fd74b",
                "5480861b792aeb1da4def6010433dee80c41ba2f5746a0a72319c112d2f38ae1",
                "003c29bbe950d5f37eedcbe9e49864d4a7aa7c1d5b5527f513562341abd51b98",
                "627db33ce6d3a2e38f078bbd50e40704e3e0cad1da4bcfc8b7e3b8d336aa48c7",
                "2584ee5f6801f1f7a45195ea4ec07a9817fa99b46b102d638d48a71560ae294a",
                "6f461c11e93b02adbb2f73738b7619a23ed6c94447d8c543192db731cdd4e8a9",
                "41e5f6caf3be98bed7cded433ad760f25321e5df7dc6fd85ed1229e40f388159",
                "fd91e2bc58991c54492c2c15675298163a9a496b93bf7e02f187aaf50ef4602c",
                "c6acd080530a858eca51536bfccc986477007f46a3585ecd67f2b4999a35f5a1",
                "5601411c9cd4c4419e6275b0d3ed2e3b5c1c20cf93f95a325e29fa2fe08e73a2",
                "b024ac8db2ec71c0199299752fcce23507e8586eea6012059f27a7fec1175e25",
                "6012166605fff045d0279466d65b7c07ea54b19dda0ecbcf30ee136cd0499ba3",
                "7e17de7dba3ea54677a3ff57d36f514feeb31f2885cf86af512bf4993fb850d7",
                "eeebeee1e9766ef6d8bd424181681dea0d7a1388b57b15d2a3707c8ac492774a",
                "3370921e11a99c28f41acf9c13f9da90b2e4f5bdd593360edd5bf4e2dcb14fb9",
                "7f3be63ac4363068329246bf19e6244b51ab6929db857e394eeb9961dec22151",
                "c83849383acb6ccdf2a06755485a0b7fc1b5c437dda6d758dfae96d767a6bc60",
                "6290c327dabf077e22daeda86afeae145af14f5d434eeb9513ace3ddbd9ad447"
            ],
            "type": "Fetch",
            "firstPartyCookies": {},
            "firstPartyCookiesSent": {},
            "exampleSites": [
                "thechive.com",
                "www.mapquest.com",
                "www.politico.com",
                "recipes.net",
                "freepages.rootsweb.com",
                "www.jpost.com",
                "www.xxlmag.com",
                "www.europeantour.com",
                "www.artofmanliness.com",
                "www.atlasobscura.com",
                "robots.net",
                "www.latlong.net",
                "www.statmuse.com",
                "www.gbmb.org",
                "www.snbforums.com",
                "appleinsider.com",
                "uproxx.com",
                "www.mysqltutorial.org",
                "loudwire.com",
                "www.thevintagenews.com"
            ]
        }
    ],
    "categories": [],
    "performance": {},
    "cookies": 0,
    "topInitiators": [
        {
            "domain": "townsquareblogs.com",
            "prevalence": 0.23684210526315788
        },
        {
            "domain": "script.ac",
            "prevalence": 0.10526315789473684
        },
        {
            "domain": "first party",
            "prevalence": 0.10526315789473684
        },
        {
            "domain": "aditude.io",
            "prevalence": 0.10526315789473684
        },
        {
            "domain": "adapex.io",
            "prevalence": 0.07894736842105263
        },
        {
            "domain": "bidmatic.io",
            "prevalence": 0.05263157894736842
        },
        {
            "domain": "hb-targa.s3.us-east-2.amazonaws.com",
            "prevalence": 0.05263157894736842
        },
        {
            "domain": "htlbid.com",
            "prevalence": 0.05263157894736842
        },
        {
            "domain": "rubiconproject.com",
            "prevalence": 0.02631578947368421
        },
        {
            "domain": "hb-thechive.s3.us-east-2.amazonaws.com",
            "prevalence": 0.02631578947368421
        }
    ],
    "types": {
        "Fetch": 25
    },
    "nameservers": [
        "ns-1044.awsdns-02.org",
        "ns-129.awsdns-16.com",
        "ns-555.awsdns-05.net",
        "ns-1681.awsdns-18.co.uk"
    ]
}