{
    "domain": "mountain.com",
    "owner": {
        "name": "Mountain Digital, Inc.",
        "displayName": "Mountain Digital"
    },
    "source": [
        "DuckDuckGo-GB"
    ],
    "prevalence": 0.000927,
    "sites": 9,
    "subdomains": [
        "dx",
        "px",
        "gs"
    ],
    "cnames": [],
    "fingerprinting": 1,
    "resources": [
        {
            "rule": "mountain\\.com\\/spx",
            "cookies": 0,
            "fingerprinting": 1,
            "subdomains": [
                "dx"
            ],
            "apis": {
                "Date.prototype.getTime": 3,
                "Document.cookie getter": 6
            },
            "sites": 8,
            "prevalence": 0.000824,
            "cnames": [],
            "responseHashes": [
                "fe5ed3f09637cb1f06b96342311c597488baf906bf080dd8375ca06f6f4fe337",
                "3ff4f4081627fce47df6359a49f53bae3368ce9d800a18f36c70552900791807",
                "96e21b3cf8fb80f42a056f5e9b3e919e255b0ad2c161b06ca2e6bf485126d746",
                "c3652666a250f68b5d9e4e948d3d7350005229dfe6d2ed4154088bc686675f91",
                "9e430b310d34f6ad8fef52a17d241f2d955ccad5980e4f6ab74dc9fa49676408",
                "753011d53a9a8c19bdff98e3b098a72e952164ad186874392f4f92e668b38a04",
                "e425277edbc841a68c1f0f94fb991e18c09f60c32d9646cd70af826c4c2374d6"
            ],
            "type": "Script",
            "firstPartyCookies": {},
            "firstPartyCookiesSent": {
                "_li_dcdm_c": 0.00010305028854080792
            },
            "exampleSites": [
                "bitwarden.com",
                "coversandall.co.uk",
                "reedsy.com",
                "splice.com",
                "www.backstage.com",
                "www.hipcamp.com",
                "www.musicnotes.com",
                "www.plannedparenthood.org"
            ]
        },
        {
            "rule": "mountain\\.com\\/st",
            "cookies": 0.000618,
            "fingerprinting": 0,
            "subdomains": [
                "px"
            ],
            "apis": {},
            "sites": 6,
            "prevalence": 0.000618,
            "cnames": [],
            "responseHashes": [
                "8bb3767c4f398d3a46d40e5691392627404c8429dee334402ad9069f44f26259",
                "d1d8aa0bb7aa1a13ea36aa097150812af61c2eb419d7c7d34acdf416f3dd1019",
                "4a5401a887b598bdbdc89c76c5dd52e6cdebc7fbebbeca0c0a09d8ae89dd719a",
                "3e9ee518075223d44f245ba2f0014b3a9a492dc76de2f35c445993e44939bfaf",
                "8f5220ac2525af644dbb2b8f479d101da8bd16680e59fa482a18e9e2f2dcbdeb"
            ],
            "type": "Script",
            "firstPartyCookies": {},
            "firstPartyCookiesSent": {
                "_ga": 0.00030915086562242374,
                "_li_dcdm_c": 0.00010305028854080792
            },
            "exampleSites": [
                "bitwarden.com",
                "coversandall.co.uk",
                "reedsy.com",
                "splice.com",
                "www.hipcamp.com",
                "www.musicnotes.com"
            ]
        },
        {
            "rule": "mountain\\.com\\/gs",
            "cookies": 0,
            "fingerprinting": 0,
            "subdomains": [
                "gs"
            ],
            "apis": {},
            "sites": 5,
            "prevalence": 0.000515,
            "cnames": [],
            "responseHashes": [
                "547bed32e1647fcf574d3f7cc98467369baf3c6dcf37b0b0bab941ec2e7a7a79",
                "6d364065a4dbba78ed84d0510f17c797481739913c490fbe43e28daed133ba10",
                "59ba30ee5c8304a25cc3e424edd87b9a07684269863ef636e8b1c6773e2f42d5",
                "69cc26f36fad2abbcf4ab7beecc4b97f463cdf5abbd492c844c1ad404b4d5430"
            ],
            "type": "Script",
            "firstPartyCookies": {},
            "firstPartyCookiesSent": {},
            "exampleSites": [
                "coversandall.co.uk",
                "reedsy.com",
                "splice.com",
                "www.hipcamp.com",
                "www.musicnotes.com"
            ]
        },
        {
            "rule": "mountain\\.com\\/sti",
            "cookies": 0.000103,
            "fingerprinting": 0,
            "subdomains": [
                "px"
            ],
            "apis": {},
            "sites": 2,
            "prevalence": 0.000206,
            "cnames": [],
            "responseHashes": [],
            "type": "Image",
            "firstPartyCookies": {},
            "firstPartyCookiesSent": {},
            "exampleSites": [
                "edmunds.com",
                "www.edmunds.com"
            ]
        }
    ],
    "categories": [],
    "performance": {},
    "cookies": 0.000721,
    "topInitiators": [
        {
            "domain": "first party",
            "prevalence": 0.4666666666666667
        },
        {
            "domain": "googletagmanager.com",
            "prevalence": 0.3333333333333333
        },
        {
            "domain": "osano.com",
            "prevalence": 0.2
        }
    ],
    "types": {
        "Script": 19,
        "Image": 2
    },
    "nameservers": [
        "ns-116.awsdns-14.com",
        "ns-1508.awsdns-60.org",
        "ns-1916.awsdns-47.co.uk",
        "ns-845.awsdns-41.net"
    ]
}