{
    "domain": "noibu.com",
    "owner": {},
    "source": [
        "DuckDuckGo-GB"
    ],
    "prevalence": 0.00371,
    "sites": 36,
    "subdomains": [
        "cdn",
        "input"
    ],
    "cnames": [],
    "fingerprinting": 2,
    "resources": [
        {
            "rule": "noibu\\.com\\/collect-core\\.js",
            "cookies": 0,
            "fingerprinting": 2,
            "subdomains": [
                "cdn"
            ],
            "apis": {
                "Navigator.prototype.userAgent": 14,
                "window.localStorage": 14,
                "window.sessionStorage": 14,
                "Navigator.prototype.connection": 13,
                "Date.prototype.getTime": 12,
                "Navigator.prototype.language": 12,
                "URL.createObjectURL": 10,
                "window.innerHeight": 12,
                "Notification.permission": 7,
                "Navigator.prototype.plugins": 6
            },
            "sites": 15,
            "prevalence": 0.00155,
            "cnames": [],
            "responseHashes": [
                "c142ede1af8b51f51da050d6f395a0fdc9cb13e31ba28a4557a04464e175c4eb",
                "0a8b3bc1ce75de3051c40c3c9d97c91041ae5a1d23367cd7439a4412876b19aa",
                "78f1ba25dab48d946623f8d1e364d65459502fe55ebd12fdbb40d756b95e38a0",
                "d926b898c3a44797653348596628503ca7a429c0b75706bc5d9e4ebfb0349756",
                "c608ed32e169317ccfe1e5a5cadaf2ffaf60f10b6ef52b0218b112e63ffb66c2",
                "102fa7aa9f1683ecc15040e607fbff4eb69d02da999cddd807de207761f9b3f3",
                "2ec78edabc7d295637f7f74f29a8d6e24037f29da842e952ae2915777332d90a",
                "5b21a130a2589d003759155a8031e1e2834d641cafaa57b6f51bbf4f1cd9ca89",
                "b722da2c081923a36e192a5bd289b0025da32da5d2b151db79d55a9e63882452",
                "2a9d33fa71c77d020baeb9084e0fa6eeba53a0331b6150cdedde5cd9c7a564ee",
                "6dc8114548694d9927d325e97c5b3de6c183acbd42c77ca3c1ac11529c99be4d"
            ],
            "type": "Script",
            "firstPartyCookies": {},
            "firstPartyCookiesSent": {},
            "exampleSites": [
                "anglingdirect.co.uk",
                "bensonsforbeds.co.uk",
                "hollandandbarrett.com",
                "ouraring.com",
                "ribblecycles.co.uk",
                "www.accu.co.uk",
                "www.anglingdirect.co.uk",
                "www.annsummers.co.uk",
                "www.annsummers.com",
                "www.bensonsforbeds.co.uk",
                "www.inov8.com",
                "www.lighting-direct.co.uk",
                "www.ribblecycles.co.uk",
                "www.sarahraven.com",
                "www.theperfumeshop.com"
            ]
        },
        {
            "rule": "noibu\\.com\\/pv_part",
            "cookies": 0,
            "fingerprinting": 0,
            "subdomains": [
                "input"
            ],
            "apis": {},
            "sites": 35,
            "prevalence": 0.00361,
            "cnames": [],
            "responseHashes": [],
            "type": "WebSocket",
            "firstPartyCookies": {},
            "firstPartyCookiesSent": {},
            "exampleSites": [
                "www.doctorfox.co.uk",
                "www.tiso.com",
                "hollandandbarrett.com",
                "hayloft.co.uk",
                "gooutdoors.co.uk",
                "www.appliancesdirect.co.uk",
                "www.annsummers.co.uk",
                "www.thegreenreaper.co.uk",
                "dunsterhouse.co.uk",
                "www.pmtonline.co.uk",
                "www.gooutdoors.co.uk",
                "www.houseofbruar.com",
                "www.accu.co.uk",
                "ribblecycles.co.uk",
                "www.anglingdirect.co.uk",
                "www.barkerandstonehouse.co.uk",
                "www.ribblecycles.co.uk",
                "www.airtransat.com",
                "www.bensonsforbeds.co.uk",
                "www.laptopsdirect.co.uk"
            ]
        },
        {
            "rule": "noibu\\.com\\/collect-worker\\.js",
            "cookies": 0,
            "fingerprinting": 0,
            "subdomains": [
                "cdn"
            ],
            "apis": {},
            "sites": 35,
            "prevalence": 0.00361,
            "cnames": [],
            "responseHashes": [
                "1022b0bd5a52c9f2e25cc1fd3993e9afd671d90d79bd4eed2e2a5679220f6a92"
            ],
            "type": "Fetch",
            "firstPartyCookies": {},
            "firstPartyCookiesSent": {},
            "exampleSites": [
                "gooutdoors.co.uk",
                "hollandandbarrett.com",
                "www.theperfumeshop.com",
                "www.ribblecycles.co.uk",
                "appliancesdirect.co.uk",
                "www.joebrowns.co.uk",
                "www.barkerandstonehouse.co.uk",
                "ribblecycles.co.uk",
                "www.wexphotovideo.com",
                "www.blacks.co.uk",
                "ouraring.com",
                "www.pmtonline.co.uk",
                "bensonsforbeds.co.uk",
                "www.accu.co.uk",
                "wexphotovideo.com",
                "www.inov8.com",
                "anglingdirect.co.uk",
                "www.appliancesdirect.co.uk",
                "www.lighting-direct.co.uk",
                "www.thegreenreaper.co.uk"
            ]
        },
        {
            "rule": "noibu\\.com\\/collect-recording\\.js",
            "cookies": 0,
            "fingerprinting": 1,
            "subdomains": [
                "cdn"
            ],
            "apis": {
                "window.innerWidth": 9,
                "window.innerHeight": 9,
                "Notification.permission": 5,
                "Navigator.prototype.plugins": 5
            },
            "sites": 12,
            "prevalence": 0.00124,
            "cnames": [],
            "responseHashes": [
                "f26fa6693a844721006963b3e8ce60f8623bbc59ba49ba398daee751b643a2eb"
            ],
            "type": "Script",
            "firstPartyCookies": {},
            "firstPartyCookiesSent": {},
            "exampleSites": [
                "anglingdirect.co.uk",
                "bensonsforbeds.co.uk",
                "hollandandbarrett.com",
                "ouraring.com",
                "ribblecycles.co.uk",
                "www.accu.co.uk",
                "www.anglingdirect.co.uk",
                "www.annsummers.co.uk",
                "www.annsummers.com",
                "www.bensonsforbeds.co.uk",
                "www.inov8.com",
                "www.theperfumeshop.com"
            ]
        },
        {
            "rule": "noibu\\.com\\/collect-webvitals\\.js",
            "cookies": 0,
            "fingerprinting": 0,
            "subdomains": [
                "cdn"
            ],
            "apis": {},
            "sites": 12,
            "prevalence": 0.00124,
            "cnames": [],
            "responseHashes": [
                "5b769c69f4143401ec626c9ed9deae6449c6f11efb53e89e197cbaddca3a5c7e"
            ],
            "type": "Script",
            "firstPartyCookies": {},
            "firstPartyCookiesSent": {},
            "exampleSites": [
                "anglingdirect.co.uk",
                "bensonsforbeds.co.uk",
                "hollandandbarrett.com",
                "ouraring.com",
                "ribblecycles.co.uk",
                "www.accu.co.uk",
                "www.anglingdirect.co.uk",
                "www.annsummers.co.uk",
                "www.annsummers.com",
                "www.bensonsforbeds.co.uk",
                "www.inov8.com",
                "www.theperfumeshop.com"
            ]
        },
        {
            "rule": "noibu\\.com\\/collect\\.js",
            "cookies": 0,
            "fingerprinting": 2,
            "subdomains": [
                "cdn"
            ],