{
    "domain": "p-n.io",
    "owner": {
        "name": "Pushly",
        "displayName": "Pushly"
    },
    "source": [
        "DuckDuckGo-GB"
    ],
    "prevalence": 0.00536,
    "sites": 52,
    "subdomains": [
        "cdn",
        "k"
    ],
    "cnames": [],
    "fingerprinting": 3,
    "resources": [
        {
            "rule": "p-n\\.io\\/pushly-sdk\\.min\\.js",
            "cookies": 0.00402,
            "fingerprinting": 3,
            "subdomains": [
                "cdn"
            ],
            "apis": {
                "window.localStorage": 47,
                "Navigator.prototype.userAgent": 48,
                "Navigator.prototype.appVersion": 48,
                "Navigator.prototype.appCodeName": 48,
                "Navigator.prototype.product": 48,
                "Navigator.prototype.vendor": 48,
                "window.indexedDB": 48,
                "Document.cookie getter": 48,
                "window.sessionStorage": 45,
                "Date.prototype.getTime": 46,
                "Navigator.prototype.cookieEnabled": 40,
                "Document.cookie setter": 39,
                "Navigator.prototype.permissions": 35,
                "Intl.DateTimeFormat.prototype.resolvedOptions": 34,
                "NavigatorUAData.prototype.brands": 27,
                "Screen.prototype.orientation": 26
            },
            "sites": 50,
            "prevalence": 0.00515,
            "cnames": [],
            "responseHashes": [
                "904a082946de4ea84618e17b1d4928601317f8984aa6e225a44b6c3dc66a3c26",
                "d1d9f0c97b95c84bd126c027b41b1cd0fa30125960129a371781e497f0f49492",
                "8823182da684f533b3b85c1886af02f53313a448f20f3e9970a85c9ef6297676",
                "5f2280e44086d381787d19da946fccc12457bc4a02d875d6660ccc2afd976034",
                "d172bf56f1cb52429c3bd42c128024f34a67d35ccbdd54da6232d8db95450f9d",
                "e0bcdaf846a4c8b8f8b47c8c8c1309b9d084218812a01b9bd14d292cfd97c9ce",
                "7a6a41db7b2724f8eeee53b8372bca5eebcb29704bb63ca02ab21df1066e5682",
                "7c812e565486e248e51ca73bdc70107ae33cbb165dd0055bcf86e3a6602724ff",
                "933d3dbd5c79ef6077d7d218e1c9efa1742892a6b6559c08a11b264a0ee2f65e",
                "229acc8b5c3c0fb3276cb92dbc988ddf6418f36f11c62d719eb28c32a8f11fbb",
                "a0d5573c53580bee9837fc091db8a2765a9d4abe48dd4d3f95880281cde17a81",
                "13227f0395a30477eedbb03d5d804462a2852d9a49c9dfe4bf71f8724e926550",
                "07b135f3e30e5edeb03c486336a4f01eca31c6cce97934aac5b604dc05e949eb",
                "0c5be1969a5bfa34443692cf3af4ae297d6305fa3e6ee0a571b95182a5708ec8",
                "216b8a81d421eb8244b20e3339ae9e38406f018749599c281b962c2f1406be76",
                "9fe341826c44f5bfc73632e138bd94438df1901293ef8a3debddf771a55966eb",
                "574784b1b4e6457f206f5c3672f7c077a1332af1d8890ae4595a2f096dc9ddf3",
                "1d312d436ab6b4ad0b53ba096ff97a8f510c8037b2d60169b455841fe169437e",
                "d719533238318e01cd5c73ca8281454ecd0a837c2e9749219bf941ab5376b770",
                "cc482fd2d80c866fd31f619f825955be54e72d70d3c09b453d2bc8c5a915d07e",
                "4780926fdb0c6625ece8581890dbc17b3d6ecc846faffab10a0699513fa64d9d",
                "da01202b9bab2a32eff79cadcf2d94153a8b24e09272569fe3c1ab280000aee7",
                "9c0b27ccded8995801a4266348cad9d11564f53c80541f5e86055edbb3e904c5",
                "93217bd7cc72bfff619863e07bd0ae20f3824ee5da208e2156731465f573d3df",
                "655f0bd5561cac1b8f07b4d0e59d6c3eccf76b2c9f7b79c417949ddf0742c438",
                "3f6592f470e189ed00b8c1efd40acdaa5120db565eeddf09d0a63444c0877bd7",
                "a4ed0210c4fd2f2bcd3edb02cc086450738a2b84ade89c864247b8689c56d6a4",
                "88adf15c3462d934c3be46d0f04e831167b1365961d69c4f419fc2863879f5bc",
                "196a8af9e238a5e25ad9809e8f7f202c6c2ff9898baa7198b0c96f2ef3a74fb6",
                "8e9ba8240993a590fc417a474dc05931ed6531a77070a05a669f7867423cb43c",
                "dc8fd9abae4d7e0ad2512f3c764bd7a0d054af524a9a72e5be79be01ce71c7f9",
                "39e32e7e8827faff027a10de426ce6c9c141e7cf1274c2a2f6d59d09aa5449b9",
                "930762b316e4c66ad5d96fbb5ca3f99f80cf1eca16e6a3da2295592c75dc702b",
                "092c7dbf3876dd06a117edd28f25506bf85803e5b30b56417c4bb14a67d58b2d",
                "740676db916278a707ab3c683a5036a18673c2b8d4bced9e4f6e02f1a1a61763",
                "d9fcca02cbeaeef0134f4b1af275fe30e55f9e534976c988a43a004e3154c21e",
                "0ef830591fc132625880c9f39d003731de30dff3eb65ead56f249f80e7d8ecaa",
                "c34fdb6e4482c2ed48bccee1cd27dc757b63b2ebae4e03a8b6c29e57bc1deb70",
                "7d297cc8932fdfb2f550a03b21e362286ecf26b158b360c1ca949dde4c66d3e3",
                "ddf5c2a01a46b88a5584e049b279ab51d44d26892713f28a912f24c8dbe88d60",
                "4aa3a29465feedba68720a12b06ab8eb2a7f2e38b88aebcd9d659336e8a836f0",
                "02d31732cd1d8da8727b15c6515edbe6148b23ee7cf8e558a234c382f45d4ecf",
                "0eaef991b084d06716929665711517c1b44d928aaa76f89e41156d5a049fdf37",
                "8936e212601259af174a2f29fa3f819a7728b6e8e154a6c6bd2f35aff5b0c059",
                "ff8586b80e98250ab3bb8e178eef5d0ecafc3fd1ef2dbec93055265dc757b247"
            ],
            "type": "Script",
            "firstPartyCookies": {
                "_pn_NtnVGehy": {
                    "ttl": 15552013,
                    "length": 112,
                    "prevalence": 0.00010305028854080792,
                    "uniqueness": 1
                },
                "_pn_ijIQnGTS": {
                    "ttl": 15552012,
                    "length": 112,
                    "prevalence": 0.00010305028854080792,
                    "uniqueness": 1
                },
                "_pn_1nPLybDK": {
                    "ttl": 15552009,
                    "length": 112,
                    "prevalence": 0.00010305028854080792,
                    "uniqueness": 1
                },
                "_pn_GvbR9fxg": {
                    "ttl": 15552026,
                    "length": 112,
                    "prevalence": 0.00010305028854080792,
                    "uniqueness": 1
                },
                "_pn_TgtvAlfG": {
                    "ttl": 15552004,
                    "length": 112,
                    "prevalence": 0.00010305028854080792,
                    "uniqueness": 1
                },
                "_pn": {
                    "ttl": 15552006,
                    "length": 110,
                    "prevalence": 0.0005152514427040395,
                    "uniqueness": 1
                },
                "_pn_zcgHRQlC": {
                    "ttl": 15552004,
                    "length": 112,
                    "prevalence": 0.00010305028854080792,
                    "uniqueness": 1
                },
                "_pn_HgS8Lyj7": {
                    "ttl": 15552006,
                    "length": 112,
                    "prevalence": 0.00010305028854080792,
                    "uniqueness": 1
                },
                "_pn_Q421TcVy": {
                    "ttl": 15552002,
                    "length": 112,
                    "prevalence": 0.00010305028854080792,
                    "uniqueness": 1
                },
                "_pn_v2C4lIRo": {
                    "ttl": 15552004,
                    "length": 112,
                    "prevalence": 0.00010305028854080792,
                    "uniqueness": 1
                },
                "_pn_dodoHMjv": {
                    "ttl": 15552002,
                    "length": 112,
                    "prevalence": 0.00010305028854080792,
                    "uniqueness": 1
                },
                "_pn_6YlvT2LV": {
                    "ttl": 15552002,
                    "length": 112,
                    "prevalence": 0.00010305028854080792,
                    "uniqueness": 1
                },