{
    "domain": "reciteme.com",
    "owner": {},
    "source": [
        "DuckDuckGo-GB"
    ],
    "prevalence": 0.00196,
    "sites": 19,
    "subdomains": [
        "api"
    ],
    "cnames": [],
    "fingerprinting": 1,
    "resources": [
        {
            "rule": "reciteme\\.com\\/gtm-script\\.js",
            "cookies": 0,
            "fingerprinting": 1,
            "subdomains": [],
            "apis": {
                "Document.cookie getter": 5
            },
            "sites": 5,
            "prevalence": 0.000515,
            "cnames": [],
            "responseHashes": [
                "a164fdb37e47a776a0a42aac740711951fc4b33023edb38a3c10a84d1d62dd46"
            ],
            "type": "Script",
            "firstPartyCookies": {},
            "firstPartyCookiesSent": {},
            "exampleSites": [
                "batterseapowerstation.co.uk",
                "www.christianaid.org.uk",
                "www.edfringe.com",
                "www.swanagerailway.co.uk",
                "www.wessexwater.co.uk"
            ]
        },
        {
            "rule": "reciteme\\.com\\/asset\\/js",
            "cookies": 0,
            "fingerprinting": 1,
            "subdomains": [
                "api"
            ],
            "apis": {
                "Date.prototype.getTime": 11,
                "Navigator.prototype.userAgent": 12,
                "Navigator.prototype.vendor": 12,
                "Navigator.prototype.platform": 12,
                "Document.cookie getter": 5
            },
            "sites": 13,
            "prevalence": 0.00134,
            "cnames": [],
            "responseHashes": [
                "51b785bc35ac17c6078c3fd8dd062b8de28e247b299d56c2fa0c287e0a407596",
                "6167f166e94f5fba4caf3b09d3833cfcc31a5323fcc0788ebe4b8e45ff9a3372",
                "21fff944bf32f19feeef9ffa8dcc8891c46e5ba289406b15de03a24c099b2b07",
                "366a005905d4e5ab4c5abdbda09a6c0a98168fb113aef0f1a0063fb2cf61cce8",
                "dd7638d6b2788e03e9acbb2ae59b74a787b465469d6c138e79ac33f6862cc6bd",
                "e95f4c258c6f815e7c6c1b72199ff44d3716d49aabb946f0154cd6c670e9d9f4",
                "7495e4ccc055328ba3826d712c6a212a6eb82b519ac2e0d16a36279884bedc8b",
                "2cad47167c90ff25ce19a70577ff97d7633cbdd1647226055b46b63bcbc5b2bf",
                "b8e194f211d5990615ed6840bee60483d9b0e1ee16621815529ee3c27fb200a4",
                "421fa4938c435f1be50435701dd3e0e18a119a4fd8339c2e30c76cd8ed5e2f13",
                "7e0bf4653466dc79822a0d2e72d877a647a6bd10785f9719d7bb2f73d685d93e",
                "9677599b8883c8b3c4968ba0766ec8ebd0d89be0cdc66fdb690369953375e13f"
            ],
            "type": "Script",
            "firstPartyCookies": {},
            "firstPartyCookiesSent": {},
            "exampleSites": [
                "swansea.ac.uk",
                "www.accessable.co.uk",
                "www.brighton.ac.uk",
                "www.buses.co.uk",
                "www.dgft.nhs.uk",
                "www.dwrcymru.com",
                "www.gateshead.gov.uk",
                "www.gonortheast.co.uk",
                "www.inncollectiongroup.com",
                "www.islandbuses.info",
                "www.metrobus.co.uk",
                "www.morebus.co.uk",
                "www.swansea.ac.uk"
            ]
        }
    ],
    "categories": [],
    "performance": {},
    "cookies": 0.000103,
    "topInitiators": [
        {
            "domain": "first party",
            "prevalence": 0.7368421052631579
        },
        {
            "domain": "googletagmanager.com",
            "prevalence": 0.21052631578947367
        },
        {
            "domain": "imagekit.io",
            "prevalence": 0.05263157894736842
        }
    ],
    "types": {
        "Script": 18
    },
    "nameservers": [
        "ns10.dnsmadeeasy.com",
        "ns11.dnsmadeeasy.com",
        "ns12.dnsmadeeasy.com",
        "ns13.dnsmadeeasy.com"
    ]
}