{
    "domain": "salesforce-scrt.com",
    "owner": {},
    "source": [
        "DuckDuckGo-GB"
    ],
    "prevalence": 0.00206,
    "sites": 20,
    "subdomains": [
        "wwce-eait.my",
        "orgcs.my",
        "legocrm.my",
        "canonamericas.my",
        "deciem.my",
        "which-group.my",
        "dysoncrm.my",
        "hull.my",
        "invaluable.my",
        "wandrian.my",
        "lovehoneygroup.my",
        "nikeconsumerservices.my",
        "pearson.my",
        "secretescapes.my",
        "simplycorporate.my",
        "thuleab.my",
        "vivino.my"
    ],
    "cnames": [],
    "fingerprinting": 0,
    "resources": [
        {
            "rule": "salesforce-scrt\\.com\\/embeddedservice\\/v1\\/embedded-service-config",
            "cookies": 0,
            "fingerprinting": 0,
            "subdomains": [
                "wwce-eait.my",
                "orgcs.my",
                "legocrm.my",
                "canonamericas.my",
                "deciem.my",
                "which-group.my",
                "dysoncrm.my",
                "hull.my",
                "invaluable.my",
                "wandrian.my",
                "lovehoneygroup.my",
                "nikeconsumerservices.my",
                "pearson.my",
                "secretescapes.my",
                "simplycorporate.my",
                "thuleab.my",
                "vivino.my"
            ],
            "apis": {},
            "sites": 20,
            "prevalence": 0.00206,
            "cnames": [],
            "responseHashes": [
                "d1b47dde4cbfd0c67ace42f955b21bcf6ec6dcb46699658f1361689b851f4190",
                "295c2003cfbee32151302d6f5fed9753494a4c9ab770f5880d231d58a63e0011",
                "a1e44bbb8c97a0016f44cec69baabe179420d92d636f540176e808a745505a2c",
                "fd954c2750d3949be35b9175303a4df0bcb0e96f7bf6c77b88e1731042649b2b",
                "a0943150022eeb78fd927dd05fe95982b65116c7241fb2c859b255dc5ecf507b",
                "f9b7243455164d4e4914268a1ee04c5f7625c84fa020d734c3eb0584c9642dc9",
                "c57cc518546203cf28ee8d74965a73915a26ea7750f822572ad1bc4523fce83f",
                "6a7471473052aae457849e46cefb238d8c71f1b7526417a261517d7439f9bdd4",
                "369b46be311ebf9b472f302434a1c722213c6ad29938dfce2b585d1b9c6dcbda",
                "38238a4fd25b4a146d361433b01c17b3d87f418bb51315a20aff15e604afe4fb",
                "9199eebcccae1d1c5cb791b694a83d9c570e6640728a3d021304860e0c3332a6",
                "4031b09521ca21e0c0d9204f8002b40d04d99da8f9e0731c21042f1237e85ed9",
                "fe3124d95d4a7e441190a39af3f3b81134e91dd1892a3b8c12af29cd529a9393",
                "506573059342a023665b48aceb71f0d6d9600c8cb96398d5fdf3a0f4c7b5a29b",
                "f462015704b6a74ce94d603f6d081596c15388a6df674e2ad80779e4700fd4d8",
                "27a2e73963284deb660699c0aa1cc07e2754a8979ac130797fa5e7ebb38fe99c",
                "e51f58c1c1f430df45b2eb321e07221e4b732199c409a738bc8465522a4c6b66"
            ],
            "type": "XHR",
            "firstPartyCookies": {},
            "firstPartyCookiesSent": {},
            "exampleSites": [
                "ea.com",
                "help.salesforce.com",
                "lego.com",
                "support.usa.canon.com",
                "theordinary.com",
                "which.co.uk",
                "www.dyson.co.uk",
                "www.hull.ac.uk",
                "www.invaluable.com",
                "www.italiarail.com",
                "www.lego.co.uk",
                "www.lego.com",
                "www.lovehoney.co.uk",
                "www.nike.com",
                "www.pearsonactivelearn.com",
                "www.secretescapes.com",
                "www.simplyhealth.co.uk",
                "www.thule.com",
                "www.vivino.com",
                "www.which.co.uk"
            ]
        },
        {
            "rule": "salesforce-scrt\\.com\\/embeddedservice\\/v1\\/businesshours",
            "cookies": 0,
            "fingerprinting": 0,
            "subdomains": [
                "wwce-eait.my",
                "orgcs.my",
                "legocrm.my",
                "canonamericas.my",
                "deciem.my",
                "which-group.my",
                "dysoncrm.my",
                "hull.my",
                "invaluable.my",
                "wandrian.my",
                "lovehoneygroup.my",
                "nikeconsumerservices.my",
                "pearson.my",
                "secretescapes.my",
                "simplycorporate.my",
                "thuleab.my",
                "vivino.my"
            ],
            "apis": {},
            "sites": 20,
            "prevalence": 0.00206,
            "cnames": [],
            "responseHashes": [
                "e3b0c44298fc1c149afbf4c8996fb92427ae41e4649b934ca495991b7852b855",
                "ea671cd2697d96b18e17e67f94d71dfca800de6a63a3a97d1a95c4a0ab99f843",
                "21b9416fb2784978e401854e8ec4ef2532ee25c34d5d2a2957cfb0aa224baa44",
                "dec2710933dd1e8b3ce3f6f39865911fbcbc44d0a9e0ed77163eb515d250cc90",
                "15d155d7bcadeef2dfb72d53fa0e32861f3c9aa96f8a945f2cca10a46ca8e736",
                "7dd13114ab712bf49967d3896923d63181529c804f74f97f5a4bec78f1ed2859",
                "0da0e255de6af0c606e51429ac3ac445b2d71c3da7a2bf7c51469c2256384bc9"
            ],
            "type": "XHR",
            "firstPartyCookies": {},
            "firstPartyCookiesSent": {},
            "exampleSites": [
                "ea.com",
                "help.salesforce.com",
                "lego.com",
                "support.usa.canon.com",
                "theordinary.com",
                "which.co.uk",
                "www.dyson.co.uk",
                "www.hull.ac.uk",
                "www.invaluable.com",
                "www.italiarail.com",
                "www.lego.co.uk",
                "www.lego.com",
                "www.lovehoney.co.uk",
                "www.nike.com",
                "www.pearsonactivelearn.com",
                "www.secretescapes.com",
                "www.simplyhealth.co.uk",
                "www.thule.com",
                "www.vivino.com",
                "www.which.co.uk"
            ]
        }
    ],
    "categories": [],
    "performance": {},
    "cookies": 0,
    "topInitiators": [
        {
            "domain": "first party",
            "prevalence": 0.5
        },
        {
            "domain": "site.com",
            "prevalence": 0.35
        },
        {
            "domain": "lego.com",
            "prevalence": 0.05
        },
        {
            "domain": "d1x3cbuht6sy0f.cloudfront.net",
            "prevalence": 0.05
        },
        {
            "domain": "datadoghq-browser-agent.com",
            "prevalence": 0.05
        }
    ],
    "types": {
        "XHR": 40
    },
    "nameservers": [
        "dns2.p03.nsone.net",
        "dns3.p03.nsone.net",
        "dns4.p03.nsone.net",
        "ns02.salesforce-dns.com",
        "ns01.salesforce-dns.com",
        "ns03.salesforce-dns.com",
        "ns04.salesforce-dns.com",
        "dns1.p03.nsone.net"
    ]
}