{
    "domain": "sensic.net",
    "owner": {},
    "source": [
        "DuckDuckGo-GB"
    ],
    "prevalence": 0.000618,
    "sites": 6,
    "subdomains": [
        "es-config",
        "sg-config",
        "17473770071272f7185df4573e179be9ece55250dea4625461e8ac3b.trk",
        "1747375330359ac8e72006c5036159ea021bdbd0c24f1909a504fc73.trk",
        "17473773001046ac43ebf550f556682e39e66fc16adf7dcab6079dfc.trk",
        "174737652348739a1e1bb14f3482ee6941e37885120407cfeb687f81.trk",
        "174737428343145a5ed08b6196e915c36d376d4b2886877561c7b2f6.trk",
        "es1-s2s",
        "localhost"
    ],
    "cnames": [],
    "fingerprinting": 2,
    "resources": [
        {
            "rule": "sensic\\.net\\/s2s-web\\.js",
            "cookies": 0,
            "fingerprinting": 2,
            "subdomains": [
                "es-config",
                "sg-config"
            ],
            "apis": {
                "window.localStorage": 5,
                "Date.prototype.getTime": 5,
                "Navigator.prototype.userAgent": 5,
                "Navigator.prototype.platform": 5,
                "Navigator.prototype.language": 5,
                "Notification.permission": 4,
                "Navigator.prototype.plugins": 4
            },
            "sites": 6,
            "prevalence": 0.000618,
            "cnames": [],
            "responseHashes": [
                "673417662bb37bc9e2d10dafb369582779ef1163a7dc115e2af97402f21ed417"
            ],
            "type": "Script",
            "firstPartyCookies": {},
            "firstPartyCookiesSent": {},
            "exampleSites": [
                "as.com",
                "elpais.com",
                "english.elpais.com",
                "www.marca.com",
                "www.straitstimes.com",
                "www.yourweather.co.uk"
            ]
        },
        {
            "rule": "sensic\\.net\\/tp\\.gif",
            "cookies": 0,
            "fingerprinting": 0,
            "subdomains": [
                "17473770071272f7185df4573e179be9ece55250dea4625461e8ac3b.trk",
                "1747375330359ac8e72006c5036159ea021bdbd0c24f1909a504fc73.trk",
                "17473773001046ac43ebf550f556682e39e66fc16adf7dcab6079dfc.trk",
                "174737652348739a1e1bb14f3482ee6941e37885120407cfeb687f81.trk",
                "174737428343145a5ed08b6196e915c36d376d4b2886877561c7b2f6.trk"
            ],
            "apis": {},
            "sites": 5,
            "prevalence": 0.000515,
            "cnames": [],
            "responseHashes": [
                "e3b0c44298fc1c149afbf4c8996fb92427ae41e4649b934ca495991b7852b855"
            ],
            "type": "XHR",
            "firstPartyCookies": {},
            "firstPartyCookiesSent": {},
            "exampleSites": [
                "as.com",
                "elpais.com",
                "english.elpais.com",
                "www.marca.com",
                "www.yourweather.co.uk"
            ]
        },
        {
            "rule": "sensic\\.net\\/3pc\\.html",
            "cookies": 0,
            "fingerprinting": 0,
            "subdomains": [
                "es-config"
            ],
            "apis": {},
            "sites": 5,
            "prevalence": 0.000515,
            "cnames": [],
            "responseHashes": [
                "568ac6a9a523149d3865ab62f1020e2ec42de1005db3d69afaae6a82eff12f27"
            ],
            "type": "Document",
            "firstPartyCookies": {},
            "firstPartyCookiesSent": {},
            "exampleSites": [
                "as.com",
                "elpais.com",
                "english.elpais.com",
                "www.marca.com",
                "www.yourweather.co.uk"
            ]
        },
        {
            "rule": "sensic\\.net\\/",
            "cookies": 0,
            "fingerprinting": 0,
            "subdomains": [
                "es1-s2s",
                "localhost"
            ],
            "apis": {},
            "sites": 6,
            "prevalence": 0.000618,
            "cnames": [],
            "responseHashes": [
                "e3b0c44298fc1c149afbf4c8996fb92427ae41e4649b934ca495991b7852b855"
            ],
            "type": "XHR",
            "firstPartyCookies": {},
            "firstPartyCookiesSent": {},
            "exampleSites": [
                "as.com",
                "en.as.com",
                "elpais.com",
                "english.elpais.com",
                "www.marca.com",
                "www.yourweather.co.uk"
            ]
        },
        {
            "rule": "sensic\\.net\\/id",
            "cookies": 0,
            "fingerprinting": 0,
            "subdomains": [
                "es1-s2s"
            ],
            "apis": {},
            "sites": 3,
            "prevalence": 0.000309,
            "cnames": [],
            "responseHashes": [
                "e3b0c44298fc1c149afbf4c8996fb92427ae41e4649b934ca495991b7852b855"
            ],
            "type": "XHR",
            "firstPartyCookies": {},
            "firstPartyCookiesSent": {},
            "exampleSites": [
                "as.com",
                "www.marca.com",
                "www.yourweather.co.uk"
            ]
        }
    ],
    "categories": [],
    "performance": {},
    "cookies": 0,
    "topInitiators": [
        {
            "domain": "adobedtm.com",
            "prevalence": 0.42857142857142855
        },
        {
            "domain": "first party",
            "prevalence": 0.2857142857142857
        },
        {
            "domain": "prisamedia.com",
            "prevalence": 0.14285714285714285
        },
        {
            "domain": "googletagmanager.com",
            "prevalence": 0.14285714285714285
        }
    ],
    "types": {
        "Script": 6,
        "XHR": 14,
        "Document": 5
    },
    "nameservers": [
        "ns-192.awsdns-24.com",
        "ns-1081.awsdns-07.org",
        "ns-1003.awsdns-61.net",
        "ns-1850.awsdns-39.co.uk"
    ]
}