{
    "domain": "smct.co",
    "owner": {
        "name": "SMARTER CLICK TECHNOLOGY LTD",
        "displayName": "SMARTER CLICK"
    },
    "source": [
        "DuckDuckGo-GB"
    ],
    "prevalence": 0.00289,
    "sites": 28,
    "subdomains": [],
    "cnames": [],
    "fingerprinting": 1,
    "resources": [
        {
            "rule": "smct\\.co\\/tm",
            "cookies": 0,
            "fingerprinting": 1,
            "subdomains": [],
            "apis": {
                "window.sessionStorage": 3,
                "window.localStorage": 1,
                "Navigator.prototype.userAgent": 1
            },
            "sites": 11,
            "prevalence": 0.00113,
            "cnames": [],
            "responseHashes": [
                "89ce633469be63261ddfa3c9c32125ff52f3fea5fa21784480d36d87248da6e5",
                "d121a21882a2bc57a0e1655beba06e652c62e0746bcd17f7df76e5358e9a785a",
                "35f821bc57680410719dbb11647917595152881ad4a4803a445e0ce62045fa25",
                "e3b0c44298fc1c149afbf4c8996fb92427ae41e4649b934ca495991b7852b855",
                "0e04367473da717ba4eb33ea9ab8ad09d6f27c0f382e92e0d6b1bb0f46bf7e3e",
                "4cf8d6d4cabc2c0888f3419894932042901ab481bd49fcab0de95c5483875991",
                "bb4dfe0232f7ab125c2985051eab95be7a1b5e339ce8045dce9059cfee38bccf",
                "38fd9fde039fdad1f6829307359a58627a17498136e6f7877ae8558288b7f380",
                "9267a47eac339733e0687f0de1f6a7f75908e6f88debcea1be6366f819f8c985"
            ],
            "type": "Script",
            "firstPartyCookies": {},
            "firstPartyCookiesSent": {},
            "exampleSites": [
                "bluettipower.co.uk",
                "shop.ordnancesurvey.co.uk",
                "wexphotovideo.com",
                "www.britishgas.co.uk",
                "www.fredolsencruises.com",
                "www.hivehome.com",
                "www.musicmagpie.co.uk",
                "www.pdsa.org.uk",
                "www.protyre.co.uk",
                "www.tyre-shopper.co.uk",
                "www.voxi.co.uk"
            ]
        },
        {
            "rule": "smct\\.co\\/tm\\/",
            "cookies": 0,
            "fingerprinting": 1,
            "subdomains": [],
            "apis": {
                "window.sessionStorage": 10,
                "window.name": 1,
                "window.localStorage": 2,
                "window.innerHeight": 1
            },
            "sites": 17,
            "prevalence": 0.00175,
            "cnames": [],
            "responseHashes": [
                "0b0be791eb72ea5de204d751217cefbe6a5da0d7b9ad74f28f7649a9238267a1",
                "65d0c6256fb2427d48c5397987fefb68119a0eea6cfac78c7ace3c5fdcc9a9d2",
                "06593f32a16558165d33a3c5e3c43a1549ae68d2e438e5c00a5374d79cae54f1",
                "6d4a1f6d62302a2f1647ccb3d25bae21037a7783a70ebe2f595ee88a3125878d",
                "35f821bc57680410719dbb11647917595152881ad4a4803a445e0ce62045fa25",
                "1990f28d67e6260373b7f4ae3133e14ea63e98c20a83114489182c4712ab3225",
                "e7f86fb48e7d27003ff5d15fa7ce25456500ba1e1d313990782b7db5f843be35",
                "9c1512c6ab144f0516f40a6d43adfc7492b97be81a0eb8774846b4a354ff239a",
                "4162d3db5be548bdcf783aa328a2d20b1cab263cd49782ba09f1cb590bb16220",
                "6e0e3d4f59f2d0cce3d68fcde0e5e05ece86aa0dd5c2d76344effe6933db5872",
                "4ebbd0b381d70a6dda4ca955a0f3e1e96e0e43298d330f938b764dfadb4632df",
                "00bafe5d518e9de5e5c289a870313b1c7854ebcd90ebe0c51e6e21479d483892",
                "5ff7aede80246ef6e78cce554fbe2c1faaaad58b8b4006d7163a529f8bcd7073",
                "cfecca7f222568c4cf1fc550137e2aa31856effe2b6f0000d6b2ebb0c2a75b4c",
                "662809c58038ec8811612cd992ae3b7d471f9b1094ca834a9dff5b63e5e2e04b",
                "8deff02cb16e4f7c065c28bcc0defa1eea538c41182c9114cb87f0874fd90c46"
            ],
            "type": "Script",
            "firstPartyCookies": {},
            "firstPartyCookiesSent": {},
            "exampleSites": [
                "beggshoes.com",
                "www.bondara.co.uk",
                "www.broadband.co.uk",
                "www.campingworld.co.uk",
                "www.condorcycles.com",
                "www.eufy.com",
                "www.greatlittlebreaks.com",
                "www.justgoholidays.com",
                "www.jessops.com",
                "www.leedsbradfordairport.co.uk",
                "www.lelo.com",
                "www.leaseloco.com",
                "www.natgeokids.com",
                "www.parcel2go.com",
                "www.penshop.co.uk",
                "www.suttons.co.uk",
                "www.vista-health.co.uk"
            ]
        }
    ],
    "categories": [],
    "performance": {},
    "cookies": 0,
    "topInitiators": [
        {
            "domain": "dwin1.com",
            "prevalence": 0.3225806451612903
        },
        {
            "domain": "googletagmanager.com",
            "prevalence": 0.22580645161290322
        },
        {
            "domain": "first party",
            "prevalence": 0.12903225806451613
        },
        {
            "domain": "webgains.io",
            "prevalence": 0.0967741935483871
        },
        {
            "domain": "smct.io",
            "prevalence": 0.0967741935483871
        },
        {
            "domain": "rakuten.com",
            "prevalence": 0.06451612903225806
        },
        {
            "domain": "appdynamics.com",
            "prevalence": 0.03225806451612903
        },
        {
            "domain": "affiliatefuture.com",
            "prevalence": 0.03225806451612903
        }
    ],
    "types": {
        "Script": 28
    },
    "nameservers": [
        "ns-753.awsdns-30.net",
        "ns-96.awsdns-12.com",
        "ns-2014.awsdns-59.co.uk",
        "ns-1303.awsdns-34.org"
    ]
}