{
    "domain": "trackcmp.net",
    "owner": {
        "name": "ActiveCampaign, Inc.",
        "displayName": "ActiveCampaign"
    },
    "source": [
        "DuckDuckGo-GB"
    ],
    "prevalence": 0.00206,
    "sites": 20,
    "subdomains": [],
    "cnames": [],
    "fingerprinting": 0,
    "resources": [
        {
            "rule": "trackcmp\\.net\\/t_prism_sitemessages\\.php",
            "cookies": 0,
            "fingerprinting": 0,
            "subdomains": [],
            "apis": {},
            "sites": 17,
            "prevalence": 0.00175,
            "cnames": [],
            "responseHashes": [
                "e3b0c44298fc1c149afbf4c8996fb92427ae41e4649b934ca495991b7852b855"
            ],
            "type": "Script",
            "firstPartyCookies": {},
            "firstPartyCookiesSent": {
                "prism_649424205": 0.00010305028854080792,
                "prism_799414891": 0.00010305028854080792,
                "prism_91160084": 0.00010305028854080792,
                "prism_801113791": 0.00010305028854080792,
                "prism_650090545": 0.00010305028854080792,
                "prism_225600763": 0.00010305028854080792,
                "prism_66978442": 0.00010305028854080792,
                "prism_253344499": 0.00010305028854080792,
                "prism_224817533": 0.00010305028854080792,
                "prism_92400244": 0.00010305028854080792,
                "prism_611487216": 0.00010305028854080792,
                "prism_89574344": 0.00010305028854080792,
                "prism_25900740": 0.00010305028854080792,
                "prism_28266330": 0.00010305028854080792,
                "prism_25300270": 0.00010305028854080792,
                "prism_69078272": 0.00010305028854080792,
                "prism_610523846": 0.00010305028854080792
            },
            "exampleSites": [
                "americansongwriter.com",
                "carfromjapan.com",
                "hubite.com",
                "petrolmap.co.uk",
                "uk.hornby.com",
                "www.addictivetips.com",
                "www.boss.info",
                "www.civilserviceworld.com",
                "www.classic.com",
                "www.consumerhealthdigest.com",
                "www.flightconnections.com",
                "www.globalcitizensolutions.com",
                "www.jpost.com",
                "www.rsc.org.uk",
                "www.solarguide.co.uk",
                "www.thesimsresource.com",
                "www.yopa.co.uk"
            ]
        },
        {
            "rule": "trackcmp\\.net\\/visit",
            "cookies": 0.000309,
            "fingerprinting": 0,
            "subdomains": [],
            "apis": {},
            "sites": 3,
            "prevalence": 0.000309,
            "cnames": [],
            "responseHashes": [
                "e3b0c44298fc1c149afbf4c8996fb92427ae41e4649b934ca495991b7852b855"
            ],
            "type": "Script",
            "firstPartyCookies": {},
            "firstPartyCookiesSent": {},
            "exampleSites": [
                "gearspace.com",
                "www.fluentu.com",
                "www.wickedweasel.com"
            ]
        }
    ],
    "categories": [
        "Ad Motivated Tracking",
        "Advertising",
        "Action Pixels"
    ],
    "performance": {},
    "cookies": 0.000309,
    "topInitiators": [
        {
            "domain": "app-us1.com",
            "prevalence": 0.7916666666666666
        },
        {
            "domain": "first party",
            "prevalence": 0.16666666666666666
        },
        {
            "domain": "osano.com",
            "prevalence": 0.041666666666666664
        }
    ],
    "types": {
        "Script": 20
    },
    "nameservers": [
        "kellen.ns.cloudflare.com",
        "love.ns.cloudflare.com"
    ]
}