{
    "domain": "wisepops.com",
    "owner": {
        "name": "Benjamin Cahen",
        "displayName": "Benjamin Cahen"
    },
    "source": [
        "DuckDuckGo-GB"
    ],
    "prevalence": 0.00185,
    "sites": 18,
    "subdomains": [
        "loader",
        "activity",
        "tracking"
    ],
    "cnames": [],
    "fingerprinting": 2,
    "resources": [
        {
            "rule": "wisepops\\.com\\/get-loader\\.js",
            "cookies": 0.000824,
            "fingerprinting": 2,
            "subdomains": [
                "loader"
            ],
            "apis": {
                "window.sessionStorage": 8,
                "window.localStorage": 8,
                "Document.cookie getter": 8,
                "Document.cookie setter": 8,
                "Date.prototype.getTime": 8,
                "window.innerHeight": 8,
                "window.innerWidth": 8,
                "Navigator.prototype.cookieEnabled": 7,
                "Intl.DateTimeFormat.prototype.resolvedOptions": 7
            },
            "sites": 12,
            "prevalence": 0.00124,
            "cnames": [],
            "responseHashes": [
                "0456d4b1d69b26d6698d4580aeb6ffec7e7b18d6c774d004b393e202ed9937ef",
                "4ff1c0e2ba3cda2ee26cd528d5fc93663bb434a8fc5a63aaac9bed397a84c19d",
                "002c915ec823be2598b77a1ec88ff0e86b7bd712f118e52553103f8f8ffe1ee8",
                "9b262efe8ff3817667e269050a5b9fc29324ca0ce32be704154a065ee59f3f61",
                "90e83aff6c0a31bc0cfde7933c1caaac0ca1d44a78a9a099cab40684c949967f",
                "938effd8b01a9a4fd8a3aa9332e9dc6130560e6022bc76f57945de32150a16b7",
                "e3b0c44298fc1c149afbf4c8996fb92427ae41e4649b934ca495991b7852b855"
            ],
            "type": "Script",
            "firstPartyCookies": {
                "__tld__": {
                    "ttl": 26,
                    "length": 1,
                    "prevalence": 0.0008244023083264633,
                    "uniqueness": 0.125
                },
                "wisepops": {
                    "ttl": 63072000,
                    "length": 160,
                    "prevalence": 0.0008244023083264633,
                    "uniqueness": 1
                },
                "wisepops_session": {
                    "ttl": null,
                    "length": 302,
                    "prevalence": 0.0008244023083264633,
                    "uniqueness": 1
                },
                "wisepops_visitor": {
                    "ttl": 63072000,
                    "length": 67,
                    "prevalence": 0.0007213520197856554,
                    "uniqueness": 1
                },
                "wisepops_visits": {
                    "ttl": 63072000,
                    "length": 40,
                    "prevalence": 0.0007213520197856554,
                    "uniqueness": 1
                }
            },
            "firstPartyCookiesSent": {},
            "exampleSites": [
                "swansea.ac.uk",
                "powertoolworld.co.uk",
                "whatson.bfi.org.uk",
                "www.bfi.org.uk",
                "www.clickmechanic.com",
                "www.davidaustinroses.co.uk",
                "www.glasses2you.co.uk",
                "www.jacksons-fencing.co.uk",
                "www.lelo.com",
                "www.northumbria.ac.uk",
                "www.powertoolworld.co.uk",
                "www.taxinsider.co.uk"
            ]
        },
        {
            "rule": "wisepops\\.com\\/",
            "cookies": 0,
            "fingerprinting": 0,
            "subdomains": [
                "activity"
            ],
            "apis": {},
            "sites": 15,
            "prevalence": 0.00155,
            "cnames": [],
            "responseHashes": [],
            "type": "Fetch",
            "firstPartyCookies": {},
            "firstPartyCookiesSent": {},
            "exampleSites": [
                "swansea.ac.uk",
                "rab.equipment",
                "whatson.bfi.org.uk",
                "www.autoglym.com",
                "www.bfi.org.uk",
                "www.brightonandhovealbion.com",
                "www.clickmechanic.com",
                "www.glasses2you.co.uk",
                "www.greatbritishchefs.com",
                "www.jacksons-fencing.co.uk",
                "www.lelo.com",
                "www.lighting-direct.co.uk",
                "www.northumbria.ac.uk",
                "www.patheos.com",
                "www.powertoolworld.co.uk"
            ]
        },
        {
            "rule": "wisepops\\.com\\/",
            "cookies": 0,
            "fingerprinting": 0,
            "subdomains": [
                "activity"
            ],
            "apis": {},
            "sites": 15,
            "prevalence": 0.00155,
            "cnames": [],
            "responseHashes": [],
            "type": "Preflight",
            "firstPartyCookies": {},
            "firstPartyCookiesSent": {},
            "exampleSites": [
                "swansea.ac.uk",
                "rab.equipment",
                "whatson.bfi.org.uk",
                "www.autoglym.com",
                "www.bfi.org.uk",
                "www.brightonandhovealbion.com",
                "www.clickmechanic.com",
                "www.glasses2you.co.uk",
                "www.greatbritishchefs.com",
                "www.jacksons-fencing.co.uk",
                "www.lelo.com",
                "www.lighting-direct.co.uk",
                "www.northumbria.ac.uk",
                "www.patheos.com",
                "www.powertoolworld.co.uk"
            ]
        },
        {
            "rule": "wisepops\\.com\\/_\\.gif",
            "cookies": 0,
            "fingerprinting": 0,
            "subdomains": [
                "tracking"
            ],
            "apis": {},
            "sites": 5,
            "prevalence": 0.000515,
            "cnames": [],
            "responseHashes": [
                "44136fa355b3678a1146ad16f7e8649e94fb4fc21fe77e8310c060f61caaff8a"
            ],
            "type": "Ping",
            "firstPartyCookies": {},
            "firstPartyCookiesSent": {},
            "exampleSites": [
                "bfi.org.uk",
                "whatson.bfi.org.uk",
                "www.brightonandhovealbion.com",
                "www.greatbritishchefs.com",
                "www.lighting-direct.co.uk"
            ]
        }
    ],
    "categories": [],
    "performance": {},
    "cookies": 0.000824,
    "topInitiators": [
        {
            "domain": "first party",
            "prevalence": 0.45
        },
        {
            "domain": "wisepops.net",
            "prevalence": 0.325
        },
        {
            "domain": "googletagmanager.com",
            "prevalence": 0.2
        },
        {
            "domain": "requestmetrics.com",
            "prevalence": 0.025
        }
    ],
    "types": {
        "Script": 12,
        "Fetch": 15,
        "Preflight": 15,
        "Ping": 5
    },
    "nameservers": [
        "marek.ns.cloudflare.com",
        "wally.ns.cloudflare.com"
    ]
}