{
    "domain": "wisepops.net",
    "owner": {},
    "source": [
        "DuckDuckGo-GB"
    ],
    "prevalence": 0.00237,
    "sites": 23,
    "subdomains": [],
    "cnames": [],
    "fingerprinting": 1,
    "resources": [
        {
            "rule": "wisepops\\.net\\/loader\\.js",
            "cookies": 0.000721,
            "fingerprinting": 2,
            "subdomains": [],
            "apis": {
                "window.sessionStorage": 7,
                "window.localStorage": 7,
                "Document.cookie getter": 7,
                "Document.cookie setter": 7,
                "Date.prototype.getTime": 7,
                "window.innerHeight": 7,
                "window.innerWidth": 7,
                "Navigator.prototype.cookieEnabled": 7,
                "Intl.DateTimeFormat.prototype.resolvedOptions": 7
            },
            "sites": 23,
            "prevalence": 0.00237,
            "cnames": [],
            "responseHashes": [
                "3de2cb7e6b482860e2b5d06ccc589824266aa6a6de7de86d2de2d24799428975",
                "0456d4b1d69b26d6698d4580aeb6ffec7e7b18d6c774d004b393e202ed9937ef",
                "1baeb92189ab6f5a05b37a52fa01cc516f8cd5617b598d12fbb794ba1d24f90c",
                "4ff1c0e2ba3cda2ee26cd528d5fc93663bb434a8fc5a63aaac9bed397a84c19d",
                "332d169c21810c4bf767ee7fa80a8e2edd6687ee2d7ec405e5d044066fc61cab",
                "d857a569f8fcb4e747dde959f6cc4a08e8950790c1d6ff7711da9b57089f0639",
                "94ff28bed24b81688c9c8aa8e7b09d020afa5827c10c658772fac4d2c94f56ca",
                "002c915ec823be2598b77a1ec88ff0e86b7bd712f118e52553103f8f8ffe1ee8",
                "e3b0c44298fc1c149afbf4c8996fb92427ae41e4649b934ca495991b7852b855",
                "a8390b6d39993bf636b3009fc8a5ef2c0af6528bea38c86e7bda2d7d2a6e8c03",
                "2849f50046cf0b1be41e2c0bda86d0d4df0f5d809472600d8b28a219a8386da9",
                "ce3b7d29bc49e9d65ae01e56760545ef58f79006c143948673f95b87e5140104",
                "90e83aff6c0a31bc0cfde7933c1caaac0ca1d44a78a9a099cab40684c949967f",
                "93b1ecc7804a93c42ca6b6bf25fcd9fa39289e3d69994b6a75f703a68238c026",
                "938effd8b01a9a4fd8a3aa9332e9dc6130560e6022bc76f57945de32150a16b7",
                "32686b43c53b660c458750fd4362be18a6a1a43c93bbc80a680adbbc6ef0517c"
            ],
            "type": "Script",
            "firstPartyCookies": {
                "__tld__": {
                    "ttl": 2,
                    "length": 1,
                    "prevalence": 0.0007213520197856554,
                    "uniqueness": 0.14285714285714285
                },
                "wisepops": {
                    "ttl": 63072000,
                    "length": 162,
                    "prevalence": 0.0007213520197856554,
                    "uniqueness": 1
                },
                "wisepops_session": {
                    "ttl": null,
                    "length": 310,
                    "prevalence": 0.0007213520197856554,
                    "uniqueness": 1
                },
                "wisepops_visitor": {
                    "ttl": 63072000,
                    "length": 67,
                    "prevalence": 0.0007213520197856554,
                    "uniqueness": 1
                },
                "wisepops_visits": {
                    "ttl": 63072000,
                    "length": 40,
                    "prevalence": 0.0007213520197856554,
                    "uniqueness": 1
                },
                "wisepops_props": {
                    "ttl": 63072000,
                    "length": 153,
                    "prevalence": 0.00010305028854080792,
                    "uniqueness": 1
                }
            },
            "firstPartyCookiesSent": {},
            "exampleSites": [
                "www.brandalley.co.uk",
                "horticulture.co.uk",
                "www.glasses2you.co.uk",
                "whatson.bfi.org.uk",
                "www.brightonandhovealbion.com",
                "rab.equipment",
                "www.patheos.com",
                "powertoolworld.co.uk",
                "www.bfi.org.uk",
                "www.davidaustinroses.co.uk",
                "timex.co.uk",
                "www.autoglym.com",
                "www.northumbria.ac.uk",
                "www.demon-tweeks.com",
                "dusk.com",
                "www.powertoolworld.co.uk",
                "www.lighting-direct.co.uk",
                "www.taxinsider.co.uk",
                "myuni.swansea.ac.uk",
                "www.clickmechanic.com"
            ]
        },
        {
            "rule": "wisepops\\.net\\/id",
            "cookies": 0,
            "fingerprinting": 0,
            "subdomains": [],
            "apis": {},
            "sites": 16,
            "prevalence": 0.00165,
            "cnames": [],
            "responseHashes": [
                "668027c1c57f3a7ded0dca7fc8dc25640dc1362651bc380f0a174958a5944cd1",
                "92b39965f1650db23ee30ee623166f7c38f0c6629ddcd0f010452e66beeeced3",
                "0679f5f766d7d9a3ac23e60d1fbd054fb9be796a9cd4e10ed1a5b65293f6ef15",
                "c5b87a0221b9f702b8fab415ff82feb9a4788fcf8ae4b0d5c108d28f6084e31b",
                "d26eb4c2a55ba8957d195da33e967543836fa3946c3ef56c22623d165390dffb",
                "120d6b989c02e41ef96c27e797f015a7dcd89d3d77f7889247813e3f6eb512ca",
                "00415c790739b04f8ad59c8dd47fe0091606cc40545afd060ea3d273a3fc6a1e",
                "6f89a89d4a485460f70bbde17ca5ff0a552a7e96a482746283355ebb7a445595",
                "9d9fe6ae5336962da80351fa0d09f159ff4c5a71972293db90c771cdad4a4545",
                "d9a5c426963d887bc7e51bf5cbbe03210b51380638df5c66e06f810325dbb514",
                "47d00c72b7767a0ed0ab0d3024c77aa2204635677a5d2af7be3a7ba92ebc5752",
                "a8ff987b52c6e0a38a2fd97af8218082488d64529b4cdc9f04c24e0e6806ca55",
                "4ca5da985e916bcae47cfa49beda329db9a0db90e997aa30b9a25ce1e5516b89",
                "955973258272a024ef5e2ad08967e327d88f11d46e590583687b01e050f9c9b8"
            ],
            "type": "Fetch",
            "firstPartyCookies": {},
            "firstPartyCookiesSent": {},
            "exampleSites": [
                "swansea.ac.uk",
                "powertoolworld.co.uk",
                "rab.equipment",
                "whatson.bfi.org.uk",
                "www.autoglym.com",
                "www.bfi.org.uk",
                "www.brightonandhovealbion.com",
                "www.clickmechanic.com",
                "www.glasses2you.co.uk",
                "www.greatbritishchefs.com",
                "www.jacksons-fencing.co.uk",
                "www.lelo.com",
                "www.lighting-direct.co.uk",
                "www.northumbria.ac.uk",
                "www.patheos.com",
                "www.powertoolworld.co.uk"
            ]
        },
        {
            "rule": "wisepops\\.net\\/my-wisepop",
            "cookies": 0,
            "fingerprinting": 0,
            "subdomains": [],
            "apis": {},
            "sites": 15,
            "prevalence": 0.00155,
            "cnames": [],