{
    "domain": "4dsply.com",
    "owner": {
        "name": "AdSupply, Inc.",
        "displayName": "AdSupply"
    },
    "source": [
        "DuckDuckGo-CA"
    ],
    "prevalence": 0.00136,
    "sites": 13,
    "subdomains": [
        "cdn.engine",
        "engine"
    ],
    "cnames": [],
    "fingerprinting": 2,
    "resources": [
        {
            "rule": "4dsply\\.com\\/Scripts\\/infinity\\.js\\.aspx",
            "cookies": 0.000523,
            "fingerprinting": 3,
            "subdomains": [
                "cdn.engine"
            ],
            "apis": {
                "Navigator.prototype.userAgent": 10,
                "window.localStorage": 12,
                "Navigator.prototype.platform": 8,
                "Screen.prototype.width": 9,
                "Screen.prototype.height": 9,
                "Navigator.prototype.mimeTypes": 9,
                "Document.cookie getter": 9,
                "Document.cookie setter": 5,
                "window.screenLeft": 5,
                "window.innerWidth": 9,
                "window.screenTop": 5,
                "window.innerHeight": 9,
                "window.sessionStorage": 7,
                "Date.prototype.getTime": 6,
                "Date.prototype.getTimezoneOffset": 8
            },
            "sites": 13,
            "prevalence": 0.00136,
            "cnames": [],
            "responseHashes": [
                "04123cf0083804da79a8039b4a8e90ce455f48c1f1fad75c1196bb58c23635e9",
                "0b76fd9db913edf5b5360b5a2801f82aefc72cfd13ee07eada5a79d80659651d",
                "76b714139a75920f198eab234f1d90e3790d0fbdc33c5a29f40d04f14f005dfc",
                "e3f1da25da2a8f0f60cbaac403961a24a21daac81fa2adda9e6f7ef17beb28be",
                "fb786e74133ed38575abb8b36f2b210101a7216bed4c98f5af1fffa5e3eee880",
                "96188aa260a511699947dabe9255b364355e8ed607f3a434f7c8e68a77776ed5",
                "36e252fc0b8fdb11c0b966a22351c1b8bcd75791a669d96cb648f2b168ce9699",
                "09b1004267dfc39ac66ea3f62f4fb57077f2c94d1ccc6fca0b5ab69cb219ebb6",
                "1bf380989dfaaf6c353acbba502a50e8a0b8e1881543145d59c71bf8985b741b",
                "25bbfcdf3c57d271480fc72de16a11400a9588fc8e334e6235a70811e44acf46",
                "9ad3e249a5171dd30bd88fb6b1bf67886f246a48fd858d210961dd98254e2294",
                "f83554b57b5af8b97bb94974345b3ed3cff4a57e7a6c6cd285a11b74ae4a12e9"
            ],
            "type": "Script",
            "firstPartyCookies": {
                "g36FastPopSessionRequestNumber": {
                    "ttl": null,
                    "length": 1,
                    "prevalence": 0.0005229031583350763,
                    "uniqueness": 0.2
                }
            },
            "firstPartyCookiesSent": {},
            "exampleSites": [
                "canadafreepress.com",
                "operationdisclosureofficial.com",
                "protrumpnews.com",
                "ricksfreeautorepairadvice.com",
                "slaynews.com",
                "theconservativetreehouse.com",
                "thefederalist.com",
                "whatreallyhappened.com",
                "www.americanthinker.com",
                "www.breitbart.com",
                "www.thegatewaypundit.com",
                "www.whatfinger.com",
                "www.wikifeet.com"
            ]
        },
        {
            "rule": "4dsply\\.com\\/Tag\\.vrfy",
            "cookies": 0.000105,
            "fingerprinting": 0,
            "subdomains": [
                "engine"
            ],
            "apis": {},
            "sites": 6,
            "prevalence": 0.000627,
            "cnames": [],
            "responseHashes": [
                "9a6630f5d251dc88b0071f76dfdbace0b428a9a5907e45b600693291dc907821",
                "e3b0c44298fc1c149afbf4c8996fb92427ae41e4649b934ca495991b7852b855"
            ],
            "type": "Script",
            "firstPartyCookies": {},
            "firstPartyCookiesSent": {
                "token_QlJAAAAAAAAArRMIRsGBk-hpXXMDyS9EWV8qBEI": 0.0003137418950010458
            },
            "exampleSites": [
                "canadafreepress.com",
                "protrumpnews.com",
                "slaynews.com",
                "www.thegatewaypundit.com",
                "www.whatfinger.com",
                "www.wikifeet.com"
            ]
        },
        {
            "rule": "4dsply\\.com\\/verify",
            "cookies": 0,
            "fingerprinting": 0,
            "subdomains": [
                "engine"
            ],
            "apis": {},
            "sites": 4,
            "prevalence": 0.000418,
            "cnames": [],
            "responseHashes": [
                "39ca3c85734717cf31f55ab2e7d04d8ad2438a3bd9f6f46fae350d12506b4699"
            ],
            "type": "XHR",
            "firstPartyCookies": {},
            "firstPartyCookiesSent": {
                "token_QlJAAAAAAAAArRMIRsGBk-hpXXMDyS9EWV8qBEI": 0.0004183225266680611
            },
            "exampleSites": [
                "operationdisclosureofficial.com",
                "whatreallyhappened.com",
                "www.whatfinger.com",
                "www.wikifeet.com"
            ]
        },
        {
            "rule": "4dsply\\.com\\/Scripts\\/MediaScripts\\/b\\.js",
            "cookies": 0,
            "fingerprinting": 1,
            "subdomains": [
                "cdn.engine"
            ],
            "apis": {
                "Navigator.prototype.userAgent": 2,
                "Date.prototype.getTime": 2
            },
            "sites": 2,
            "prevalence": 0.000209,
            "cnames": [],
            "responseHashes": [
                "161d33a96b91ac48c663a624d6b3ec5a49917f5cf5e7a42ab109d9c63afa91b7"
            ],
            "type": "Script",
            "firstPartyCookies": {},
            "firstPartyCookiesSent": {},
            "exampleSites": [
                "protrumpnews.com",
                "www.breitbart.com"
            ]
        },
        {
            "rule": "4dsply\\.com\\/Tag\\.engine",
            "cookies": 0.000209,
            "fingerprinting": 0,
            "subdomains": [
                "engine"
            ],
            "apis": {},
            "sites": 2,
            "prevalence": 0.000209,
            "cnames": [],
            "responseHashes": [
                "28dff812d2c4aa3f1d1b5abcf414e1a2f12b2b815855c0d3db97774351de78d2"
            ],
            "type": "Script",
            "firstPartyCookies": {},
            "firstPartyCookiesSent": {
                "lotame_domain_check": 0.00010458063166701528
            },
            "exampleSites": [
                "theconservativetreehouse.com",
                "www.breitbart.com"
            ]
        }
    ],
    "categories": [],
    "performance": {},
    "cookies": 0.000837,
    "topInitiators": [
        {
            "domain": "first party",
            "prevalence": 0.6666666666666666
        },
        {
            "domain": "publir.com",
            "prevalence": 0.2
        },
        {
            "domain": "webcontentassessor.com",
            "prevalence": 0.13333333333333333
        }
    ],
    "types": {
        "Script": 23,
        "XHR": 4
    },
    "nameservers": [
        "amy.ns.cloudflare.com",
        "jim.ns.cloudflare.com"
    ]
}