{
    "domain": "affilimateapis.com",
    "owner": {},
    "source": [
        "DuckDuckGo-CA"
    ],
    "prevalence": 0.00136,
    "sites": 13,
    "subdomains": [
        "pub"
    ],
    "cnames": [],
    "fingerprinting": 0,
    "resources": [
        {
            "rule": "affilimateapis\\.com\\/send-getConfig",
            "cookies": 0,
            "fingerprinting": 0,
            "subdomains": [
                "pub"
            ],
            "apis": {},
            "sites": 13,
            "prevalence": 0.00136,
            "cnames": [],
            "responseHashes": [],
            "type": "Preflight",
            "firstPartyCookies": {},
            "firstPartyCookiesSent": {},
            "exampleSites": [
                "happiestoutdoors.ca",
                "paddling.com",
                "thestreamable.com",
                "www.autoguide.com",
                "www.bobvila.com",
                "www.insidehook.com",
                "www.motorcycle.com",
                "www.outdoorlife.com",
                "www.pinkbike.com",
                "www.popsci.com",
                "www.thedrive.com",
                "www.thesun.co.uk",
                "www.usatoday.com"
            ]
        },
        {
            "rule": "affilimateapis\\.com\\/send-getConfig",
            "cookies": 0,
            "fingerprinting": 0,
            "subdomains": [
                "pub"
            ],
            "apis": {},
            "sites": 13,
            "prevalence": 0.00136,
            "cnames": [],
            "responseHashes": [
                "11fe99fbab7898363862b86aaa77cd9c5f7201a503886b29e0ccf37468b66402",
                "aec43e53593021b8ffa2085938360e2e5d270adfa16bce9c6f66e91a63238f81",
                "a17604558c8d638370a7fb27ff7548d2341aeedaa24e30cdb1aa3eee827ae7cb",
                "4d65132e4e55c98d1e7f076269d15f318969e8eabfb5b89b22bbcbd265adf05f",
                "3ec553d348b5b6acee81f458a2c216548613992f08574f634f65f4332240fbbb",
                "af6293e31011f604c799af960e92236b08893d1bded2aeb250e5d5d9312b3913",
                "888eeddcec86eb290d7b4e708abed4314f48dc00b5c4998bfd329e7c9495de4c",
                "b8d4a7b77a1dcc0840c7868e0702bebfbbb5dcbe6e9c052ee525518c2d0ddc51",
                "f154048604a080b01f502d8e7eb61a6f8f33ee588433b60eb2409d902542bbf8",
                "f728bb06dc9e28e550f09359a5cce518281429e965b0e6a55436f24993dd3516",
                "f70901481299e483fd6c10962196569f499edc5d06dddab12127d2717180830b"
            ],
            "type": "XHR",
            "firstPartyCookies": {},
            "firstPartyCookiesSent": {},
            "exampleSites": [
                "happiestoutdoors.ca",
                "paddling.com",
                "thestreamable.com",
                "www.autoguide.com",
                "www.bobvila.com",
                "www.insidehook.com",
                "www.motorcycle.com",
                "www.outdoorlife.com",
                "www.pinkbike.com",
                "www.popsci.com",
                "www.thedrive.com",
                "www.thesun.co.uk",
                "www.usatoday.com"
            ]
        },
        {
            "rule": "affilimateapis\\.com\\/send-is",
            "cookies": 0,
            "fingerprinting": 0,
            "subdomains": [
                "pub"
            ],
            "apis": {},
            "sites": 3,
            "prevalence": 0.000314,
            "cnames": [],
            "responseHashes": [],
            "type": "Preflight",
            "firstPartyCookies": {},
            "firstPartyCookiesSent": {},
            "exampleSites": [
                "insidehook.com",
                "www.outdoorlife.com",
                "www.popsci.com"
            ]
        },
        {
            "rule": "affilimateapis\\.com\\/send-is",
            "cookies": 0,
            "fingerprinting": 0,
            "subdomains": [
                "pub"
            ],
            "apis": {},
            "sites": 3,
            "prevalence": 0.000314,
            "cnames": [],
            "responseHashes": [
                "565339bc4d33d72817b583024112eb7f5cdf3e5eef0252d6ec1b9c9a94e12bb3"
            ],
            "type": "XHR",
            "firstPartyCookies": {},
            "firstPartyCookiesSent": {},
            "exampleSites": [
                "insidehook.com",
                "www.outdoorlife.com",
                "www.popsci.com"
            ]
        }
    ],
    "categories": [],
    "performance": {},
    "cookies": 0,
    "topInitiators": [
        {
            "domain": "sentry-cdn.com",
            "prevalence": 0.6666666666666666
        },
        {
            "domain": "first party",
            "prevalence": 0.3333333333333333
        }
    ],
    "types": {
        "Preflight": 16,
        "XHR": 16
    },
    "nameservers": [
        "serenity.ns.cloudflare.com",
        "ignat.ns.cloudflare.com"
    ]
}