{
    "domain": "amspbs.com",
    "owner": {},
    "source": [
        "DuckDuckGo-CA"
    ],
    "prevalence": 0.00125,
    "sites": 12,
    "subdomains": [],
    "cnames": [],
    "fingerprinting": 0,
    "resources": [
        {
            "rule": "amspbs\\.com\\/cookie_sync",
            "cookies": 0,
            "fingerprinting": 0,
            "subdomains": [],
            "apis": {},
            "sites": 12,
            "prevalence": 0.00125,
            "cnames": [],
            "responseHashes": [
                "6b04ddf5842969908b5eb580a9cfc4794c0fa7f720beb2a0407e574b0470ff3c",
                "7192f106eae0033d3366ce115e4d3ffbf33a10b472e5add05a400cdfde85624c",
                "7123251b257a52c144738af29c183843e99898b2e7d2e10f08255348a3c9c929",
                "2fd3c82cf6b206dd9b15bdc4adc98badc8c89b5c4fe2a509c70aa8df1d78267d",
                "c4f3d948214191b5f18138ad31433b5c0da825eabc3cf0b8c0d88359085d23d3",
                "6d4793532a35ce52d313c58afcf7b123a6619250f8979e159a557a51d042fc45",
                "1157777eda07987eaf454792520859821f330e3183468f0982e613c086885a29",
                "aca8112853367985a13a5443e28e0d7d69043a93659b04d2d643b3925311f19e",
                "b1525cd16d522f5e0c30098917d1065bc235e8acea3b2e89bba703d9f82c29ab",
                "097fa20b508e4ef40753b47446bdcb0adf48f7dd0f961fa91177e45ccd640aa1"
            ],
            "type": "Fetch",
            "firstPartyCookies": {},
            "firstPartyCookiesSent": {},
            "exampleSites": [
                "attackofthefanboy.com",
                "boingboing.net",
                "primagames.com",
                "twinfinite.net",
                "worldstarhiphop.com",
                "www.crosswordsolver.com",
                "www.deseret.com",
                "www.gamepur.com",
                "www.gameskinny.com",
                "www.refinery29.com",
                "www.seattletimes.com",
                "www.the-crossword-solver.com"
            ]
        },
        {
            "rule": "amspbs\\.com\\/openrtb2\\/auction",
            "cookies": 0,
            "fingerprinting": 0,
            "subdomains": [],
            "apis": {},
            "sites": 12,
            "prevalence": 0.00125,
            "cnames": [],
            "responseHashes": [
                "0019d849432541b5c121734e426a7498eef9c11078a118aa4b09d2571f0944b0",
                "f12911808d554356c2db150274f2a7f048763e62cd057dc78cd70efb5516a141",
                "15e34f13ef097ae09074b0c3747deb209e309a2256accdbdfcb64ed6777737b6",
                "b7006c290bff87fc7fdf74a4c5cb3e74ef5e23c71dd7253a07fb8dfce3ac3794",
                "e51a333865c72363c372a33537381e49401ac689dc4bec805f35ece6723a6a0a",
                "e25314687fe135a9a0aba4aca05d380a7084dcda1d60cbd3ec8e14174dcb450f",
                "f6ecdf1b9072d184c46190a79efcda86ff1afcb6d834478d64f4bf3952eaba61",
                "1901feb01f916c05832570e9d15a0ae1216ed51684a92e99a6bbd2d07d51bf2a",
                "07aa22d97ea00bbdc236203add5bae8d873debfb32e30819cb015d442c289c6d",
                "0ec6ec5d5d26a60f903d81b4994dcfd1c21b6ec722faf535d773ff2fd81f7d4e"
            ],
            "type": "Fetch",
            "firstPartyCookies": {},
            "firstPartyCookiesSent": {},
            "exampleSites": [
                "attackofthefanboy.com",
                "boingboing.net",
                "primagames.com",
                "twinfinite.net",
                "worldstarhiphop.com",
                "www.crosswordsolver.com",
                "www.deseret.com",
                "www.gamepur.com",
                "www.gameskinny.com",
                "www.refinery29.com",
                "www.seattletimes.com",
                "www.the-crossword-solver.com"
            ]
        },
        {
            "rule": "amspbs\\.com\\/setuid",
            "cookies": 0.000314,
            "fingerprinting": 0,
            "subdomains": [],
            "apis": {},
            "sites": 3,
            "prevalence": 0.000314,
            "cnames": [],
            "responseHashes": [
                "c956a8bbf43bb56f60d1beefcc5a70f2cb0725083a00e8a0daf423176509fd18"
            ],
            "type": "Image",
            "firstPartyCookies": {},
            "firstPartyCookiesSent": {},
            "exampleSites": [
                "attackofthefanboy.com",
                "boingboing.net",
                "www.refinery29.com"
            ]
        }
    ],
    "categories": [],
    "performance": {},
    "cookies": 0.000314,
    "topInitiators": [
        {
            "domain": "htlbid.com",
            "prevalence": 0.65625
        },
        {
            "domain": "aditude.io",
            "prevalence": 0.125
        },
        {
            "domain": "datadoghq-browser-agent.com",
            "prevalence": 0.09375
        },
        {
            "domain": "sellwild.com",
            "prevalence": 0.0625
        },
        {
            "domain": "first party",
            "prevalence": 0.0625
        }
    ],
    "types": {
        "Fetch": 24,
        "Image": 3
    },
    "nameservers": [
        "ns-219.awsdns-27.com",
        "ns-587.awsdns-09.net",
        "ns-1592.awsdns-07.co.uk",
        "ns-1341.awsdns-39.org"
    ]
}