{
    "domain": "app-us1.com",
    "owner": {
        "name": "ActiveCampaign, Inc.",
        "displayName": "ActiveCampaign"
    },
    "source": [
        "DuckDuckGo-CA"
    ],
    "prevalence": 0.00397,
    "sites": 38,
    "subdomains": [
        "diffuser-cdn",
        "prism"
    ],
    "cnames": [],
    "fingerprinting": 1,
    "resources": [
        {
            "rule": "app-us1\\.com\\/diffuser\\/diffuser\\.js",
            "cookies": 0.00293,
            "fingerprinting": 1,
            "subdomains": [
                "diffuser-cdn"
            ],
            "apis": {
                "Navigator.prototype.userAgent": 26,
                "Document.cookie getter": 31,
                "Date.prototype.getTime": 25,
                "Document.cookie setter": 28
            },
            "sites": 38,
            "prevalence": 0.00397,
            "cnames": [],
            "responseHashes": [
                "26db36707844fa367f47c47b4b614db27a608286fe71d9ff8c3012dbe71c5499"
            ],
            "type": "Script",
            "firstPartyCookies": {
                "prism_799414891": {
                    "ttl": 2592004,
                    "length": 36,
                    "prevalence": 0.00010458063166701528,
                    "uniqueness": 1
                },
                "prism_69038742": {
                    "ttl": 2592003,
                    "length": 36,
                    "prevalence": 0.00010458063166701528,
                    "uniqueness": 1
                },
                "prism_90305804": {
                    "ttl": 2592023,
                    "length": 36,
                    "prevalence": 0.00010458063166701528,
                    "uniqueness": 1
                },
                "prism_478463077": {
                    "ttl": 2592025,
                    "length": 36,
                    "prevalence": 0.00010458063166701528,
                    "uniqueness": 1
                },
                "prism_91095634": {
                    "ttl": 2592003,
                    "length": 36,
                    "prevalence": 0.00010458063166701528,
                    "uniqueness": 1
                },
                "prism_66996662": {
                    "ttl": 2592003,
                    "length": 36,
                    "prevalence": 0.00010458063166701528,
                    "uniqueness": 1
                },
                "prism_26297670": {
                    "ttl": 2592004,
                    "length": 36,
                    "prevalence": 0.00010458063166701528,
                    "uniqueness": 1
                },
                "prism_1001162818": {
                    "ttl": 2592011,
                    "length": 36,
                    "prevalence": 0.00010458063166701528,
                    "uniqueness": 1
                },
                "prism_799262191": {
                    "ttl": 2592003,
                    "length": 36,
                    "prevalence": 0.00010458063166701528,
                    "uniqueness": 1
                },
                "prism_225600763": {
                    "ttl": 2592002,
                    "length": 36,
                    "prevalence": 0.00010458063166701528,
                    "uniqueness": 1
                },
                "prism_613241846": {
                    "ttl": 2592003,
                    "length": 36,
                    "prevalence": 0.00010458063166701528,
                    "uniqueness": 1
                },
                "prism_66978442": {
                    "ttl": 2592009,
                    "length": 36,
                    "prevalence": 0.00020916126333403055,
                    "uniqueness": 1
                },
                "prism_1001544518": {
                    "ttl": 2592006,
                    "length": 36,
                    "prevalence": 0.00010458063166701528,
                    "uniqueness": 1
                },
                "prism_251727399": {
                    "ttl": 2592007,
                    "length": 36,
                    "prevalence": 0.00010458063166701528,
                    "uniqueness": 1
                },
                "prism_224817533": {
                    "ttl": 2592002,
                    "length": 36,
                    "prevalence": 0.00010458063166701528,
                    "uniqueness": 1
                },
                "prism_611487216": {
                    "ttl": 2592005,
                    "length": 36,
                    "prevalence": 0.00010458063166701528,
                    "uniqueness": 1
                },
                "prism_253539639": {
                    "ttl": 2592002,
                    "length": 36,
                    "prevalence": 0.00010458063166701528,
                    "uniqueness": 1
                },
                "prism_89574344": {
                    "ttl": 2592002,
                    "length": 36,
                    "prevalence": 0.00010458063166701528,
                    "uniqueness": 1
                },
                "prism_612995246": {
                    "ttl": 2592002,
                    "length": 36,
                    "prevalence": 0.00010458063166701528,
                    "uniqueness": 1
                },
                "prism_650928485": {
                    "ttl": 2592002,
                    "length": 36,
                    "prevalence": 0.00010458063166701528,
                    "uniqueness": 1
                },
                "prism_1000565048": {
                    "ttl": 2592002,
                    "length": 36,
                    "prevalence": 0.00010458063166701528,
                    "uniqueness": 1
                },
                "prism_25900740": {
                    "ttl": 2592006,
                    "length": 36,
                    "prevalence": 0.00010458063166701528,
                    "uniqueness": 1
                },
                "prism_476976707": {
                    "ttl": 2592003,
                    "length": 36,
                    "prevalence": 0.00010458063166701528,
                    "uniqueness": 1
                },
                "prism_799363321": {
                    "ttl": 2592004,
                    "length": 36,
                    "prevalence": 0.00010458063166701528,
                    "uniqueness": 1
                },
                "prism_27769750": {
                    "ttl": 2592030,
                    "length": 36,
                    "prevalence": 0.00010458063166701528,
                    "uniqueness": 1
                },
                "prism_612570566": {
                    "ttl": 2592004,
                    "length": 36,
                    "prevalence": 0.00010458063166701528,
                    "uniqueness": 1
                },
                "prism_610292066": {
                    "ttl": 2592014,
                    "length": 36,
                    "prevalence": 0.00010458063166701528,
                    "uniqueness": 1
                },
                "prism_651611155": {
                    "ttl": 2592002,
                    "length": 36,
                    "prevalence": 0.00010458063166701528,
                    "uniqueness": 1
                },
                "prism_612242726": {
                    "ttl": 2592007,
                    "length": 36,
                    "prevalence": 0.00010458063166701528,
                    "uniqueness": 1
                },
                "prism_225691203": {
                    "ttl": 2592002,
                    "length": 36,
                    "prevalence": 0.00010458063166701528,
                    "uniqueness": 1
                }
            },
            "firstPartyCookiesSent": {},