{
    "domain": "baidu.com",
    "owner": {
        "name": "Baidu, Inc.",
        "displayName": "Baidu"
    },
    "source": [
        "DuckDuckGo-CA"
    ],
    "prevalence": 0.00115,
    "sites": 11,
    "subdomains": [
        "hm",
        "pos",
        "eclick"
    ],
    "cnames": [],
    "fingerprinting": 2,
    "resources": [
        {
            "rule": "baidu\\.com\\/hm\\.js",
            "cookies": 0.000837,
            "fingerprinting": 2,
            "subdomains": [
                "hm"
            ],
            "apis": {
                "Navigator.prototype.userAgent": 6,
                "Navigator.prototype.cookieEnabled": 6,
                "Navigator.prototype.javaEnabled": 3,
                "Navigator.prototype.language": 6,
                "Screen.prototype.width": 6,
                "Screen.prototype.height": 6,
                "Screen.prototype.colorDepth": 6,
                "Screen.prototype.orientation": 6,
                "window.innerWidth": 6,
                "window.localStorage": 6,
                "Document.cookie getter": 6,
                "window.sessionStorage": 6,
                "Date.prototype.getTime": 6,
                "Document.cookie setter": 6,
                "window.innerHeight": 6
            },
            "sites": 9,
            "prevalence": 0.000941,
            "cnames": [],
            "responseHashes": [
                "9a7fd6dd39fcdfd571cc7e28fdc246d45aa819fe6c48d7160c027386b1068725",
                "de49dc796b39665f7f0fc3a6f455835da80c0d2e024161a9a0de77cd6282446e",
                "005a614df925216a2d2c33a4887f80579c7be17aa5e0965a20746db5d1a6cbc3",
                "cc80a26541cb2b1f8b6eba4ec68a98be9ede968f70ab6ae4acc874f134869e24",
                "5ab93686fba3193bd043692a4f3f2e56a6c8783f7a4f32dd983ce5b86590088c",
                "1485017d1dbbb43855164d26dba8019a43a0e3cb3c8cf8d0124a02f4dde0eaa1",
                "de89f47156011c0b7f225bdc6b2c7d42bfc036d4c80fcdb3404a8528f99676b4"
            ],
            "type": "Script",
            "firstPartyCookies": {
                "Hm_lvt_6bcd52f51e9b3dce32bec4a3997715ac": {
                    "ttl": 31536015,
                    "length": 10,
                    "prevalence": 0.00010458063166701528,
                    "uniqueness": 1
                },
                "Hm_lpvt_6bcd52f51e9b3dce32bec4a3997715ac": {
                    "ttl": null,
                    "length": 10,
                    "prevalence": 0.00010458063166701528,
                    "uniqueness": 1
                },
                "HMACCOUNT": {
                    "ttl": null,
                    "length": 16,
                    "prevalence": 0.0005229031583350763,
                    "uniqueness": 1
                },
                "Hm_lvt_da0619047856c9fcb34c38649c466107": {
                    "ttl": 31536012,
                    "length": 10,
                    "prevalence": 0.00010458063166701528,
                    "uniqueness": 1
                },
                "Hm_lpvt_da0619047856c9fcb34c38649c466107": {
                    "ttl": null,
                    "length": 10,
                    "prevalence": 0.00010458063166701528,
                    "uniqueness": 1
                },
                "Hm_lvt_a7025e25c8500c732b8f48cc46e21467": {
                    "ttl": 31536005,
                    "length": 10,
                    "prevalence": 0.00010458063166701528,
                    "uniqueness": 1
                },
                "Hm_lpvt_a7025e25c8500c732b8f48cc46e21467": {
                    "ttl": null,
                    "length": 10,
                    "prevalence": 0.00010458063166701528,
                    "uniqueness": 1
                },
                "Hm_lvt_59317e5849f38e9ec82d03f6fb1a84d7": {
                    "ttl": 31536003,
                    "length": 10,
                    "prevalence": 0.00010458063166701528,
                    "uniqueness": 1
                },
                "Hm_lpvt_59317e5849f38e9ec82d03f6fb1a84d7": {
                    "ttl": null,
                    "length": 10,
                    "prevalence": 0.00010458063166701528,
                    "uniqueness": 1
                },
                "Hm_lvt_427c0b22bf914797e3b57a7be7db74fe": {
                    "ttl": 31536004,
                    "length": 10,
                    "prevalence": 0.00010458063166701528,
                    "uniqueness": 1
                },
                "Hm_lpvt_427c0b22bf914797e3b57a7be7db74fe": {
                    "ttl": null,
                    "length": 10,
                    "prevalence": 0.00010458063166701528,
                    "uniqueness": 1
                },
                "Hm_lvt_98beee57fd2ef70ccdd5ca52b9740c49": {
                    "ttl": 31536003,
                    "length": 10,
                    "prevalence": 0.00010458063166701528,
                    "uniqueness": 1
                },
                "Hm_lpvt_98beee57fd2ef70ccdd5ca52b9740c49": {
                    "ttl": null,
                    "length": 10,
                    "prevalence": 0.00010458063166701528,
                    "uniqueness": 1
                }
            },
            "firstPartyCookiesSent": {},
            "exampleSites": [
                "csdn.net",
                "docs.espressif.com",
                "fanfox.net",
                "mangapark.net",
                "www.ceicdata.com",
                "www.mangatown.com",
                "www.similarweb.com",
                "www.ventoy.net",
                "www.zhihu.com"
            ]
        },
        {
            "rule": "baidu\\.com\\/hm\\.gif",
            "cookies": 0,
            "fingerprinting": 0,
            "subdomains": [
                "hm"
            ],
            "apis": {},
            "sites": 8,
            "prevalence": 0.000837,
            "cnames": [],
            "responseHashes": [
                "77b1d2c0857d4e95d4c2ae7aa0abc5aaafa6bd4581b31203d1592759c26f5c44"
            ],
            "type": "Image",
            "firstPartyCookies": {},
            "firstPartyCookiesSent": {
                "HMACCOUNT": 0.0006274837900020916,
                "lotame_domain_check": 0.00010458063166701528
            },
            "exampleSites": [
                "csdn.net",
                "docs.espressif.com",
                "fanfox.net",
                "mangapark.net",
                "www.ceicdata.com",
                "www.mangatown.com",
                "www.similarweb.com",
                "www.zhihu.com"
            ]
        },
        {
            "rule": "baidu\\.com\\/hckm",
            "cookies": 0.000209,
            "fingerprinting": 0,
            "subdomains": [
                "pos"
            ],
            "apis": {},
            "sites": 2,
            "prevalence": 0.000209,
            "cnames": [],
            "responseHashes": [
                "37b5d8fffbdd17d920ed29dcc9f3087696bef95ae3d0932974ca9bc921ccce5f"
            ],
            "type": "Script",
            "firstPartyCookies": {},
            "firstPartyCookiesSent": {},
            "exampleSites": [
                "163.com",
                "www.163.com"
            ]
        },
        {
            "rule": "baidu\\.com\\/hckm",
            "cookies": 0,
            "fingerprinting": 0,
            "subdomains": [
                "pos"
            ],
            "apis": {},
            "sites": 2,
            "prevalence": 0.000209,
            "cnames": [],
            "responseHashes": [],
            "type": "Document",
            "firstPartyCookies": {},
            "firstPartyCookiesSent": {},
            "exampleSites": [
                "163.com",
                "www.163.com"
            ]
        },
        {
            "rule": "baidu\\.com\\/se\\.jpg",
            "cookies": 0,
            "fingerprinting": 0,
            "subdomains": [
                "eclick"
            ],
            "apis": {},
            "sites": 2,