{
    "domain": "bunny.net",
    "owner": {},
    "source": [
        "DuckDuckGo-CA"
    ],
    "prevalence": 0.00408,
    "sites": 39,
    "subdomains": [
        "fonts"
    ],
    "cnames": [],
    "fingerprinting": 0,
    "resources": [
        {
            "rule": "bunny\\.net\\/css",
            "cookies": 0,
            "fingerprinting": 0,
            "subdomains": [
                "fonts"
            ],
            "apis": {},
            "sites": 38,
            "prevalence": 0.00397,
            "cnames": [],
            "responseHashes": [
                "40c8fb2272f1682c5198837780835f8a5f6b88c12c794f96dba7d9434827cdc9",
                "e0baffa8d3daa73791b614f8efccbf81dfa247ad8eb5c225af0f888c5b3e3a4c",
                "00239faac5489b03c019d76982dc02cd990eaaf6228285f65dd54ba31c4617e1",
                "84dc32699e16ef7ca64c61a256959a34c24cd84985bdd201f56fea8905b3a39c",
                "998f49ccf51bd5801468b8f05c21590eabe2aa5d2229377a634fdb229f8c7170",
                "1794249a30bb90d977ac2a97c9a64a7993edd80fbb129b714de8ade79ba7e00f",
                "3cf12b565ed1de182e5425cf4d9def32eca5fd907cb9003cdc7a17fc76fc66dd",
                "12775752c5a68fa447eb62309737253da034fc47ae3b64596ae2d1d96bba91c4",
                "b6673a09bde86b5b30e9ad9bc7220a2e4ac756c13d78c5e3f3be798c723ed9b7",
                "4fce67722f35cbe4890b33062f97d75ee679f25358658b9ca5368d5111a3f5db",
                "e7636610ce63b7adf3e5eeadb3c481803bf2d1f352196cb37fdff00699e90990",
                "8e1baa3555f4df6d3a1affc0632b51880793dd43820f709622f6bb2367119f65",
                "c867d43bc0a62a36b4be616b3d59ad6b1bbb57949549b423be0698eca1841086",
                "a522d8bd659a2178ffacf5107b654a61cb47a3ddda8fbb3c353522bf09f5b0df",
                "9a7a18c31b43b23b9589f8369bac3f07dc8d8430b5948270c36e542eba9cda12",
                "569211ef5445812a98f0b3f54758f1ccb0ebacb02d39777b69b3297002da5037",
                "7e4b734fd7e6a866a81268e8bdc1625ed876e3b07a1a70e0c4e8a9d07c7b1154",
                "d345adaf4a70d55c3fa11e1f0f340eee49a11c0407f6ddb3e4602d91444d0434"
            ],
            "type": "Stylesheet",
            "firstPartyCookies": {},
            "firstPartyCookiesSent": {},
            "exampleSites": [
                "www.primalsurvivor.net",
                "www.dieoff.org",
                "hellomusictheory.com",
                "plantcaretoday.com",
                "gardentabs.com",
                "thetvapp.to",
                "www.carandclassic.com",
                "newbookrecommendation.com",
                "thewalrus.ca",
                "www.gardenloversclub.com",
                "www.consumerlab.com",
                "www.innerbody.com",
                "cdncoin.com",
                "www.discoverwalks.com",
                "www.lcpdfr.com",
                "www.k9ofmine.com",
                "wealthawesome.com",
                "tourismnewbrunswick.ca",
                "theahl.com",
                "pepperscale.com"
            ]
        },
        {
            "rule": "bunny\\.net\\/roboto\\/files\\/roboto-latin-400-normal\\.woff2",
            "cookies": 0,
            "fingerprinting": 0,
            "subdomains": [
                "fonts"
            ],
            "apis": {},
            "sites": 11,
            "prevalence": 0.00115,
            "cnames": [],
            "responseHashes": [
                "0152e925694c9e22045d875b0c03975c9bcd3778305eef80a7073dc78fda42c8"
            ],
            "type": "Font",
            "firstPartyCookies": {},
            "firstPartyCookiesSent": {},
            "exampleSites": [
                "gouv.qc.ca",
                "gadgetstouse.com",
                "gardentabs.com",
                "newbookrecommendation.com",
                "pepperscale.com",
                "viralxxxporn.com",
                "www.consumerlab.com",
                "www.dieoff.org",
                "www.fluentu.com",
                "www.primalsurvivor.net",
                "www.tipsbulletin.com"
            ]
        },
        {
            "rule": "bunny\\.net\\/open-sans\\/files\\/open-sans-latin-400-normal\\.woff2",
            "cookies": 0,
            "fingerprinting": 0,
            "subdomains": [
                "fonts"
            ],
            "apis": {},
            "sites": 3,
            "prevalence": 0.000314,
            "cnames": [],
            "responseHashes": [
                "a324ee4cb86584bab745cdab8e7e206ae76dbc653b66a13ed26fc867ef3be4b9"
            ],
            "type": "Font",
            "firstPartyCookies": {},
            "firstPartyCookiesSent": {},
            "exampleSites": [
                "gouv.qc.ca",
                "www.cellphones.ca",
                "www.smalldeadanimals.com"
            ]
        },
        {
            "rule": "bunny\\.net\\/ibm-plex-sans\\/files\\/ibm-plex-sans-latin-400-normal\\.woff2",
            "cookies": 0,
            "fingerprinting": 0,
            "subdomains": [
                "fonts"
            ],
            "apis": {},
            "sites": 3,
            "prevalence": 0.000314,
            "cnames": [],
            "responseHashes": [
                "f543dd7f3d94a815974c60aa4520f52ff7faa31b6edd4f892ed65a79e78a3d6e"
            ],
            "type": "Font",
            "firstPartyCookies": {},
            "firstPartyCookiesSent": {},
            "exampleSites": [
                "explore-mag.com",
                "thewalrus.ca",
                "tourismnewbrunswick.ca"
            ]
        },
        {
            "rule": "bunny\\.net\\/roboto\\/files\\/roboto-latin-700-normal\\.woff2",
            "cookies": 0,
            "fingerprinting": 0,
            "subdomains": [
                "fonts"
            ],
            "apis": {},
            "sites": 3,
            "prevalence": 0.000314,
            "cnames": [],
            "responseHashes": [
                "f592ebbdda0a312d3c465e83c539143838407bddfb38b6f9e2f8af1e04fcf608"
            ],
            "type": "Font",
            "firstPartyCookies": {},
            "firstPartyCookiesSent": {},
            "exampleSites": [
                "gadgetstouse.com",
                "newbookrecommendation.com",
                "viralxxxporn.com"
            ]
        },
        {
            "rule": "bunny\\.net\\/inter\\/files\\/inter-latin-400-normal\\.woff2",
            "cookies": 0,
            "fingerprinting": 0,
            "subdomains": [
                "fonts"
            ],
            "apis": {},
            "sites": 3,
            "prevalence": 0.000314,
            "cnames": [],
            "responseHashes": [
                "f8547a8d7d0bb4d26d950b2579c6f25d054932f0c8cc9bbdbe7b2608d1bc4351"
            ],
            "type": "Font",
            "firstPartyCookies": {},
            "firstPartyCookiesSent": {},
            "exampleSites": [
                "telescopescanada.ca",
                "www.colonialacres.com",
                "www.lcpdfr.com"
            ]
        }
    ],
    "categories": [],
    "performance": {},
    "cookies": 0,
    "topInitiators": [
        {
            "domain": "first party",
            "prevalence": 0.47619047619047616
        },
        {
            "domain": "convertbox.com",
            "prevalence": 0.40476190476190477
        },
        {
            "domain": "pop-convert.com",
            "prevalence": 0.047619047619047616
        },
        {
            "domain": "shopify.com",
            "prevalence": 0.047619047619047616
        },
        {
            "domain": "helpdocs.io",
            "prevalence": 0.023809523809523808
        }
    ],
    "types": {
        "Stylesheet": 38,
        "Font": 23
    },
    "nameservers": [
        "kiki.bunny.net",
        "coco.bunny.net"
    ]
}