{
    "domain": "comm100.io",
    "owner": {},
    "source": [
        "DuckDuckGo-CA"
    ],
    "prevalence": 0.000732,
    "sites": 7,
    "subdomains": [
        "chatserver13"
    ],
    "cnames": [],
    "fingerprinting": 0,
    "resources": [
        {
            "rule": "comm100\\.io\\/visitor\\.ashx",
            "cookies": 0,
            "fingerprinting": 0,
            "subdomains": [
                "chatserver13"
            ],
            "apis": {},
            "sites": 7,
            "prevalence": 0.000732,
            "cnames": [],
            "responseHashes": [
                "1f93db48fc27792580e88b945a9c2ebb6b4ed87d60128ac72c2fddc70126be23",
                "d39f73452d99a0673153879d268bd0dff0c9496489639bd10d6d21a511d25343",
                "b821bb39f7205682f16ba211767b0b40fd066cd54d53ed588bc04750ad6d25e4",
                "107f89c97dddd684ef7174735c6885021c472b64fa859a88576e1d9162005592",
                "d17263ca83cee64a7ca3eaefa35f72ea78e116244f8c39e2a8c552d5456695da",
                "0204a9595115724fa5aeccf485c8c66a58318747bb7b905bcd2be1351dade23c"
            ],
            "type": "XHR",
            "firstPartyCookies": {},
            "firstPartyCookiesSent": {},
            "exampleSites": [
                "stlawyers.ca",
                "www.affinitycu.ca",
                "www.blood.ca",
                "www.cambrian.mb.ca",
                "www.markham.ca",
                "www.sheridancollege.ca",
                "www.yrt.ca"
            ]
        },
        {
            "rule": "comm100\\.io\\/campaign\\.ashx",
            "cookies": 0,
            "fingerprinting": 0,
            "subdomains": [
                "chatserver13"
            ],
            "apis": {},
            "sites": 7,
            "prevalence": 0.000732,
            "cnames": [],
            "responseHashes": [
                "ff8a993768530249d6de3f0793d9349a2880d6a1832d5f9be9f7a81b4dd932ea",
                "04c00d1c921cf7432e3c2fca2267bc7b4087c7e1b17deb277addb856316eebc3",
                "cac3e14877bdf51aaeb00d2bdbd04d33e95a499741080145c771bc5136c21ea8",
                "239d820b9aee95503521ed06ab3922bdf9b41ab8999de5a999383b6d4c044f4f",
                "6627266be0653fa474c8c50f13d8acbd217d38283714a5b6820e6892bb24faa1"
            ],
            "type": "XHR",
            "firstPartyCookies": {},
            "firstPartyCookiesSent": {},
            "exampleSites": [
                "stlawyers.ca",
                "www.affinitycu.ca",
                "www.blood.ca",
                "www.cambrian.mb.ca",
                "www.markham.ca",
                "www.sheridancollege.ca",
                "www.yrt.ca"
            ]
        },
        {
            "rule": "comm100\\.io\\/DBResource\\/DBImage\\.ashx",
            "cookies": 0,
            "fingerprinting": 0,
            "subdomains": [
                "chatserver13"
            ],
            "apis": {},
            "sites": 5,
            "prevalence": 0.000523,
            "cnames": [],
            "responseHashes": [
                "4008c047817f02443b11ad7aa173b7026ce9a5cf36548ebe7dc3a9186dcb8b10",
                "88da4f8504021272e48ee6b9901524f4b714b25153ea126ccfdd20789d7e474f",
                "c8c9c00d522eca8419a5aa5dcb646e6313ca5b01288d279c5321efcab9edc494"
            ],
            "type": "Image",
            "firstPartyCookies": {},
            "firstPartyCookiesSent": {},
            "exampleSites": [
                "affinitycu.ca",
                "www.cambrian.mb.ca",
                "www.markham.ca",
                "www.sheridancollege.ca",
                "www.yrt.ca"
            ]
        }
    ],
    "categories": [],
    "performance": {},
    "cookies": 0.000732,
    "topInitiators": [
        {
            "domain": "comm100.com",
            "prevalence": 0.6071428571428571
        },
        {
            "domain": "comm100vue.com",
            "prevalence": 0.2857142857142857
        },
        {
            "domain": "first party",
            "prevalence": 0.10714285714285714
        }
    ],
    "types": {
        "XHR": 14,
        "Image": 5
    },
    "nameservers": [
        "pns103.cloudns.net",
        "pns102.cloudns.net",
        "pns104.cloudns.net",
        "pns101.cloudns.net"
    ]
}