{
    "domain": "d20591a5fd.com",
    "owner": {},
    "source": [
        "DuckDuckGo-CA"
    ],
    "prevalence": 0.00115,
    "sites": 11,
    "subdomains": [
        "a6a595afa0"
    ],
    "cnames": [],
    "fingerprinting": 0,
    "resources": [
        {
            "rule": "d20591a5fd\\.com\\/in\\/multy",
            "cookies": 0,
            "fingerprinting": 0,
            "subdomains": [
                "a6a595afa0"
            ],
            "apis": {},
            "sites": 11,
            "prevalence": 0.00115,
            "cnames": [],
            "responseHashes": [],
            "type": "Preflight",
            "firstPartyCookies": {},
            "firstPartyCookiesSent": {},
            "exampleSites": [
                "epawg.com",
                "femdom-joi.com",
                "forcedcinema.net",
                "heavyfetish.com",
                "highporn.net",
                "nude1.eu",
                "rapelust.com",
                "watchporn.to",
                "www.desitales2.com",
                "www.xasiat.com",
                "xxxi.porn"
            ]
        },
        {
            "rule": "d20591a5fd\\.com\\/in\\/multy",
            "cookies": 0,
            "fingerprinting": 0,
            "subdomains": [
                "a6a595afa0"
            ],
            "apis": {},
            "sites": 11,
            "prevalence": 0.00115,
            "cnames": [],
            "responseHashes": [
                "132ce307d772cf265890f3bcc990a8a747a18b20b942f9400828773ba9b23ebc",
                "f3baffd5376299d7487a4617224ed54e975d0c80a3df81793092ec381da9c008",
                "bd915e1670b83c49ca7d86d46d6666ab13c5bcb7592bdfa4102c5c274929e50f",
                "30fb9b082fe9c0c58c3661841cdc4c73ceb5700347c07a6026419afc23f199b7",
                "037cf9b5f9838f5440d3c09bb3afef620d6773fd5bf2dfcabbbae0a6f43d4e8a",
                "96f17b871b95975b68cda1de66edfb42b7f5e027f716c1fee287eb291c22153c",
                "f9c1506c92739dd06c39f50412165f964d33cf8131b698a0081942e611bc2c40",
                "f7c9c0970c1c9ad1b391b7627a51593e97fdc73bf2ef92e217a2c30f7e863703",
                "3308e8011ad57b3b7bbc66e6c209f7e5e1fc8d2cbbbe86518dfcc62277f13fa1",
                "133c57e9c7d74f443ec2782aaff3f46f52e72c6640782df502fb106e37e6626a"
            ],
            "type": "XHR",
            "firstPartyCookies": {},
            "firstPartyCookiesSent": {},
            "exampleSites": [
                "epawg.com",
                "femdom-joi.com",
                "forcedcinema.net",
                "heavyfetish.com",
                "highporn.net",
                "nude1.eu",
                "rapelust.com",
                "watchporn.to",
                "www.desitales2.com",
                "www.xasiat.com",
                "xxxi.porn"
            ]
        },
        {
            "rule": "d20591a5fd\\.com\\/in\\/show\\/",
            "cookies": 0,
            "fingerprinting": 0,
            "subdomains": [
                "a6a595afa0"
            ],
            "apis": {},
            "sites": 11,
            "prevalence": 0.00115,
            "cnames": [],
            "responseHashes": [
                "e3b0c44298fc1c149afbf4c8996fb92427ae41e4649b934ca495991b7852b855"
            ],
            "type": "Image",
            "firstPartyCookies": {},
            "firstPartyCookiesSent": {},
            "exampleSites": [
                "epawg.com",
                "femdom-joi.com",
                "forcedcinema.net",
                "heavyfetish.com",
                "highporn.net",
                "nude1.eu",
                "rapelust.com",
                "watchporn.to",
                "www.desitales2.com",
                "www.xasiat.com",
                "xxxi.porn"
            ]
        }
    ],
    "categories": [],
    "performance": {},
    "cookies": 0,
    "topInitiators": [
        {
            "domain": "cdd53ec0c3.com",
            "prevalence": 0.7272727272727273
        },
        {
            "domain": "wpushsdk.com",
            "prevalence": 0.2727272727272727
        }
    ],
    "types": {
        "Preflight": 11,
        "XHR": 11,
        "Image": 11
    },
    "nameservers": [
        "dns1.infrapu.sh",
        "dns2.infrapu.sh"
    ]
}