{
    "domain": "featureassets.org",
    "owner": {},
    "source": [
        "DuckDuckGo-CA"
    ],
    "prevalence": 0.00209,
    "sites": 20,
    "subdomains": [],
    "cnames": [],
    "fingerprinting": 0,
    "resources": [
        {
            "rule": "featureassets\\.org\\/v1\\/initialize",
            "cookies": 0.00209,
            "fingerprinting": 0,
            "subdomains": [],
            "apis": {},
            "sites": 20,
            "prevalence": 0.00209,
            "cnames": [],
            "responseHashes": [
                "17938ff92181a83f0c57610a15f8e83856ce2b4026c600f79b8898a4ca968ad4",
                "954757e3eb479c4666a3cde065d00a8414a87c559251d4de7fa45922d27ca79d",
                "81d26bbfadb7c14506520724b8c9dd6139daf3f65c809f8c31a756ee741e6c96",
                "c2eb166585da4096d91a396c1a81a76b383e45c7ddb0023420775b60a04c9ebc",
                "1c509d4a7748aafc8ffaf103c7b9d39dcbc6ccf5b02e08c3f8ec7c6535ed18c1",
                "39954240fa6eadd50576a0f27895d2fac2e155eed1146e816ba2b96f3eeded01",
                "f52fdc9cd73e36856e16323cde9afda9dac5fab2f5d00f8859ff27fb125579b1",
                "dfb34f634315051e4e78f9203db511d4dc8c5b13ece1516d680844837c44d534",
                "d2ffa7ca492c9b4801a25602d771d38da0ef896571a5e7e7f420842dc8c7cffa",
                "565a9ed381b762999dae917ff5e3433d759292a186bd0aab13acce2c50891452",
                "9ab4fa34396703be32b6fa42b7d6cb3c2a6ec93b8304e7791329c765fc151327",
                "df21d4a0c52558a5ddaa3afa37f6102c420b645a14c75fc652dde82efa0f6a19",
                "c59e4850c22e0a9d280399bca969f4c4f97882c20102d4484eb4cd9c1dee8a0f",
                "0593264cf140dd86f6317c8c702dde59b980db6e69e11f506b1357d11d831806",
                "c5c1b2ca41b0a0bcb1ec6baaa6b8a684841ed64f977a874442394e5ced1f7550",
                "9bb9985842156a798ca682aab641b9ec7995c62f05f3a8b97820db984c0c5908",
                "90a4d5710094a224f0ad050721ea115a8dda5d793b8b4149070434cb1aa54db6",
                "07d6f5d0636ce529c1cb18da9207e1c55e1c469f0eb729f93a4461dcb4761a3a"
            ],
            "type": "Fetch",
            "firstPartyCookies": {},
            "firstPartyCookiesSent": {},
            "exampleSites": [
                "squarespace.com",
                "ca.talent.com",
                "calendly.com",
                "grok.com",
                "linktr.ee",
                "openai.com",
                "otter.ai",
                "platform.openai.com",
                "soundcloud.com",
                "support.squarespace.com",
                "webflow.com",
                "www.abc.net.au",
                "www.bloomberg.com",
                "www.cdkeys.com",
                "www.everand.com",
                "www.figma.com",
                "www.scribd.com",
                "www.slideshare.net",
                "www.vondy.com",
                "www.zoominfo.com"
            ]
        },
        {
            "rule": "featureassets\\.org\\/v1\\/initialize",
            "cookies": 0.000209,
            "fingerprinting": 0,
            "subdomains": [],
            "apis": {},
            "sites": 2,
            "prevalence": 0.000209,
            "cnames": [],
            "responseHashes": [],
            "type": "Preflight",
            "firstPartyCookies": {},
            "firstPartyCookiesSent": {},
            "exampleSites": [
                "openai.com",
                "www.cdkeys.com"
            ]
        }
    ],
    "categories": [],
    "performance": {},
    "cookies": 0.00209,
    "topInitiators": [
        {
            "domain": "first party",
            "prevalence": 0.6
        },
        {
            "domain": "jsdelivr.net",
            "prevalence": 0.23333333333333334
        },
        {
            "domain": "scribd.com",
            "prevalence": 0.06666666666666667
        },
        {
            "domain": "slidesharecdn.com",
            "prevalence": 0.06666666666666667
        },
        {
            "domain": "d3e54v103j8qbb.cloudfront.net",
            "prevalence": 0.03333333333333333
        }
    ],
    "types": {
        "Fetch": 20,
        "Preflight": 2
    },
    "nameservers": [
        "ns-1952.awsdns-52.co.uk",
        "ns-387.awsdns-48.com",
        "ns-1178.awsdns-19.org",
        "ns-940.awsdns-53.net"
    ]
}