{
    "domain": "feldot.com",
    "owner": {},
    "source": [
        "DuckDuckGo-CA"
    ],
    "prevalence": 0.000941,
    "sites": 9,
    "subdomains": [],
    "cnames": [],
    "fingerprinting": 2,
    "resources": [
        {
            "rule": "feldot\\.com\\/v1\\/sdk\\.js",
            "cookies": 0,
            "fingerprinting": 2,
            "subdomains": [],
            "apis": {
                "window.localStorage": 8,
                "Document.cookie getter": 8,
                "Navigator.prototype.permissions": 7
            },
            "sites": 9,
            "prevalence": 0.000941,
            "cnames": [],
            "responseHashes": [
                "cc79873d486d25afa7a7496ec41442d8ac3946fc7441c3d452fae585970bb066",
                "a051daf2f8d3937fd438bb8eb8d67db06e6a500b2ff95ee9ec4afb862ea34671",
                "7938a1bc7015a3de1db87458326abd95a2fb5bfca8c99f95fcbd0b0ef96fe98c",
                "c4388fe640e602152424911afb4a07fc924ba2295762b8ab6d0ab016f22465fe",
                "aef5a3aaa0a85ec6c092a77ca7f8e473e26464c9a7aca3251c48f5d0e5c2826d",
                "91b0e954eb7cb454966946a9c758d2b27add20b33f5f12901107689b620f7125",
                "5418fe47a13adc3a156e8b75c1513c3647e974f329e68e4c6d9d6edff3bc29bf",
                "5908b62e8bdb1fa1d78377620e15ccb3912d04b880ad5d1f1a1ed8bab28734f2"
            ],
            "type": "Script",
            "firstPartyCookies": {},
            "firstPartyCookiesSent": {},
            "exampleSites": [
                "pornzoovideos.com",
                "xxxsexzoo.com",
                "xxxvideoszoo.com",
                "zoo-xnxx.com",
                "zoo-xvideos.com",
                "zoopornmd.com",
                "zoosex.cc",
                "zootube1.com",
                "zoozhamster.com"
            ]
        },
        {
            "rule": "feldot\\.com\\/fp\\.js",
            "cookies": 0.000732,
            "fingerprinting": 1,
            "subdomains": [],
            "apis": {
                "window.localStorage": 7,
                "Document.cookie setter": 7,
                "Date.prototype.getTime": 6
            },
            "sites": 9,
            "prevalence": 0.000941,
            "cnames": [],
            "responseHashes": [
                "e2a02cc50f3cb29f342ace8cab637b194fb799cca32ecbf74692226bcb7d7036",
                "6970bbeb54a46e6a3a7f60a77644b81797efc2a750f3dc70c90bdb73d139b045",
                "b6833719d20e05c2e505d842ce4f9c80553d5f7c146b34e3ddb5e95a0d1f1a66",
                "401c191abf3333a5e3acf40819583341f93cb3325af0760519e289425d850ff2",
                "cb9b9349a02f7c199e98db57022f61b1d7c6fd2f3584c6ea49fc419c129540b6",
                "8742dfc95c09fc08b465343f79fdbf08a8f0f28882bb276bcc84a420672d0f6b",
                "778e818a9a0d3abf0a9b9e6b2150379c6dc9a09f5a1a90d2d811998c560a13ec"
            ],
            "type": "Script",
            "firstPartyCookies": {
                "ufp2": {
                    "ttl": 604805,
                    "length": 40,
                    "prevalence": 0.0007320644216691069,
                    "uniqueness": 1
                }
            },
            "firstPartyCookiesSent": {},
            "exampleSites": [
                "pornzoovideos.com",
                "xxxsexzoo.com",
                "xxxvideoszoo.com",
                "zoo-xnxx.com",
                "zoo-xvideos.com",
                "zoopornmd.com",
                "zoosex.cc",
                "zootube1.com",
                "zoozhamster.com"
            ]
        }
    ],
    "categories": [],
    "performance": {},
    "cookies": 0.000732,
    "topInitiators": [
        {
            "domain": "puabvo.com",
            "prevalence": 1
        }
    ],
    "types": {
        "Script": 18
    },
    "nameservers": [
        "brit.ns.cloudflare.com",
        "lex.ns.cloudflare.com"
    ]
}