{
    "domain": "futurehybrid.tech",
    "owner": {},
    "source": [
        "DuckDuckGo-CA"
    ],
    "prevalence": 0.00387,
    "sites": 37,
    "subdomains": [
        "sommelier"
    ],
    "cnames": [],
    "fingerprinting": 0,
    "resources": [
        {
            "rule": "futurehybrid\\.tech\\/config\\/",
            "cookies": 0,
            "fingerprinting": 0,
            "subdomains": [
                "sommelier"
            ],
            "apis": {},
            "sites": 37,
            "prevalence": 0.00387,
            "cnames": [],
            "responseHashes": [
                "91e7b15eb453b5c580f3edc5d366c2ec07848136bd67c84daafccef8b0ce0fe0",
                "c82b780137781a43912a17485392356fbf2a70c60187fd9c7e96862308ced624",
                "ce8c21a437d2afb88edca2d8f768070d32ec0a235a8874e95146b1f1ca7a97ba",
                "a0217b67804c2b70ab18e538d364b969e4d41723da3d64b1711c25acb311ac56",
                "80a616bf2131e2aaff5da9ca158d3a884178f37b692f84d52cf8a541ccc826d8",
                "a42e8a89c8f81065fa49782009bb022e7e4433e3f2f47020bb881f4085f4074f",
                "d3d10f605632594a37355080d2f6ae5122bcf40697b1770c208d113ddb2950d0",
                "2d80fe5a94f7bd7ee27a8298bfefd60c50ee5dedc42ea7d5958d08d9cfdff677",
                "9803c97872bc1f6e07cb19beaf131a08586830bf1320b0c42db9da3a48331961",
                "533d7c7733e4278fd44bc907f1805e47e5b7130719552f834b99c7d28fb880b9",
                "1e8bb5204cd3b56fdf267fe61b47a129d01f47c3600083c995a183293bd2b6d4",
                "f067e67768c286d651ac6b83d6587e6e8a8292ac59c90f798aaec7f1c3ffb4d6",
                "2b5eb16650b8a98159ef6df415fd45cab8f45a05e51a6d411f091dd15d8a57a8",
                "2944f96e82ee36cbca8febf2d133afc993faa1f612aabbb21b801cf15a3dcbb1",
                "dc5ba42fe39dc47a83e92655ddb74782d2b6f47c3f950aae0a5bc9971eaf073b",
                "0152f27ad66325b04eacf7e5008b1e533dc904e34f6caaf42d09627d8a7e39d0",
                "10ad3c2d1868928ed83d084b73bb9f8d100db970ef00b0ce7af5ed16f2473a18",
                "9374c55f973a930d7391382d36810834da6ecd29a18a4777e037d96266774626",
                "333a0739d9f7b4c1e810b7a9f0ff26735c44fde92ccd6bf99f7d0d9bd6994264",
                "759d190104151e7500ef7167e1cfe53a02e5bdb7104ecab63c0ab012211a4d67",
                "6d987c03b484467fb81d48e56f9b225f39ff60669c90fd936a07d1d795a9f63d",
                "7b0618804ef3e1efd13b90931f6483387cae53e06d2f10a7b0735d1f4daaafe8",
                "47a4e9ff8f56764c8e4b055b1329cfdc63ca646f41d6a77eb49aa328a1e9f952",
                "46d50ecfea7acd44dfa6fa49c7e264255ff8c55913fe66c2c4d1ba3d3cb49677",
                "19a4be94e465c263ef6ac8a82d264ccc510091a04cea5f36114667efd9b71e77",
                "2fa0302a54b77ea820cd6bafe4556921e9b82070c11f7217463bb9f6c4b13429",
                "b67998fc4502fe15b4b43297960adfdf982ca581f2522d087639380fad55be7c",
                "76eef0ed49b43dc743cac4f501f49847d29413556b42660275bffd7d2990fbec",
                "034b32a4ea04a7efef58507a554144b85e80f0eb528aa24fa4e82e186e4eafd3",
                "dd7a27b6b1cac7abd5985c4153e27833e6b5e6be29c4d0a4cafd662faff1679c",
                "3d52aacb0a8b4da3cc43959d7def7439638ad6599d9d67be4db64d95460746d5",
                "3c0cb3c473addfcb898ad51badb8df3f03a0f7b3a4bd5ba99fe9533cea88fc17",
                "2edd9640d1a4bca11e918c54208cdfc29a31e903483e50a0c42b07ddeecfb114",
                "56850fe36e6d8760df7e5beee4d39872b888e5ccaac07738d60c6b9f7d1edd9a",
                "b03553690dd472ee9420b78605796b073b85418cdee5cbdf6a7b8eb3a206cc86",
                "1061da3898dde887a088487c7c23890edd244fe7f2d21817fd367b5ac4cc399e"
            ],
            "type": "Fetch",
            "firstPartyCookies": {},
            "firstPartyCookiesSent": {
                "_li_dcdm_c": 0.002719096423342397,
                "lotame_domain_check": 0.00020916126333403055,
                "NV%5FGAPREVIOUSPAGENAME": 0.00010458063166701528
            },
            "exampleSites": [
                "www.techradar.com",
                "www.tomsguide.com",
                "www.tomshardware.com",
                "www.golfmonthly.com",
                "www.homesandgardens.com",
                "www.gardeningetc.com",
                "www.windowscentral.com",
                "www.livescience.com",
                "forums.tomshardware.com",
                "www.whathifi.com",
                "theweek.com",
                "www.laptopmag.com",
                "androidcentral.com",
                "www.gamesradar.com",
                "www.digitalcameraworld.com",
                "www.womanandhome.com",
                "www.cyclingnews.com",
                "www.newegg.ca",
                "www.pcgamer.com",
                "www.cinemablend.com"
            ]
        }
    ],
    "categories": [],
    "performance": {},
    "cookies": 0,
    "topInitiators": [
        {
            "domain": "futurecdn.net",
            "prevalence": 1
        }
    ],
    "types": {
        "Fetch": 37
    },
    "nameservers": [
        "ns-1419.awsdns-49.org",
        "ns-786.awsdns-34.net",
        "ns-55.awsdns-06.com",
        "ns-1705.awsdns-21.co.uk"
    ]
}