{
    "domain": "getsitectrl.com",
    "owner": {},
    "source": [
        "DuckDuckGo-CA"
    ],
    "prevalence": 0.00251,
    "sites": 24,
    "subdomains": [
        "events"
    ],
    "cnames": [],
    "fingerprinting": 0,
    "resources": [
        {
            "rule": "getsitectrl\\.com\\/api\\/v1\\/events",
            "cookies": 0,
            "fingerprinting": 0,
            "subdomains": [
                "events"
            ],
            "apis": {},
            "sites": 24,
            "prevalence": 0.00251,
            "cnames": [],
            "responseHashes": [
                "730cdf735d2718e8252e831e5cc0400c5c259e48abad8ec06a32e586be52df54",
                "c373fb6fd26e61b01a7bdd8f423eb94106c38bf1ecfb5b1f2eda82181cfa7087",
                "90ce2154da78e6e5e182a4c873f02956d555e465d0a201693b82b38497d7d80a",
                "808f12d29b036ebd842d176b55e42f66d2a68d24bdeea35af600d12398b852d1",
                "dc7e9e885d8c11e926c3faacda0c3654f180ec168c0476eceb55a8571e791069",
                "143e6210cfabbbe8541ff01d0926b2c571c1b1e7488d08a4de2218f9ed27e494",
                "402cd2248d1a14a2a2c779a9fa3da2f17f301bc35ab12ae54754e6513ee92e9c",
                "30038a644226b05ffec71bb455be6c406550faf8a5936b5b6e0c7a66b5f0aa87",
                "ec8efde9e7a27eb4d85e6add624719b345d34994d9c57234363dd9d9f0e777b7",
                "d28aa6a61d7b1958169b046b0b5a8bd8ef80c023768fc8c9dcb4c5022b27958c",
                "52df4f9e5ac97a5ec1b10a4d02918fbac08856504916746233bd53b8a335410e",
                "6ccf1ffbfbd23bf4370d600de62c6ab31bc7735a1658d30753254fcc47f68756",
                "45d47bd22fcd28f089d3211998e502fcf13fbb6c3a49f09e3c64370528c7c1a1",
                "bb7e4415ef5b38dab26f4929c6f27e25c0d0267eaa09e21866d56f12220ce2ad",
                "fec8a932e4b52cd0c97cac38a241d4d1a93f6d2b0c94a832d6200b6e566d60e1",
                "f8b449cfc1c7b362ea25a08081bd2a6a95375c46b19671192c027ce5d7a013c7",
                "0cb55c829c78cd1582eb5dda56c181fbdc1550de868c277f7ee6ac5d8b165f57",
                "95340a66c89e2ac0b773447b23c950bb635b5b7ff6b8f7a76920801f02134620",
                "2693985ec98c48df23a78ed17a11eb20d71c83253b4c00c9519665e64eb167c6"
            ],
            "type": "Fetch",
            "firstPartyCookies": {},
            "firstPartyCookiesSent": {},
            "exampleSites": [
                "www.fixya.com",
                "www.timescolonist.com",
                "www.burnabynow.com",
                "www.princegeorgecitizen.com",
                "condos.ca",
                "www.ratemds.com",
                "www.getmaple.ca",
                "www.trustedhousesitters.com",
                "property.ca",
                "paddling.com",
                "www.coastreporter.net",
                "vancouver.websummit.com",
                "www.squamishchief.com",
                "www.prpeak.com",
                "www.physio-pedia.com",
                "www.biv.com",
                "charityvillage.com",
                "www.richmond-news.com",
                "www.delta-optimist.com",
                "forum.hearingtracker.com"
            ]
        }
    ],
    "categories": [],
    "performance": {},
    "cookies": 0,
    "topInitiators": [
        {
            "domain": "getsitecontrol.com",
            "prevalence": 0.84
        },
        {
            "domain": "first party",
            "prevalence": 0.16
        }
    ],
    "types": {
        "Fetch": 24
    },
    "nameservers": [
        "ns-420.awsdns-52.com",
        "ns-853.awsdns-42.net",
        "ns-1552.awsdns-02.co.uk",
        "ns-1342.awsdns-39.org"
    ]
}