{
    "domain": "insurads.com",
    "owner": {
        "name": "InsurAds",
        "displayName": "InsurAds"
    },
    "source": [
        "DuckDuckGo-CA"
    ],
    "prevalence": 0.00136,
    "sites": 13,
    "subdomains": [
        "services",
        "cdn",
        "web-messaging"
    ],
    "cnames": [],
    "fingerprinting": 2,
    "resources": [
        {
            "rule": "insurads\\.com\\/init",
            "cookies": 0.00115,
            "fingerprinting": 0,
            "subdomains": [
                "services"
            ],
            "apis": {},
            "sites": 12,
            "prevalence": 0.00125,
            "cnames": [],
            "responseHashes": [
                "4f2557991cf32d14971f83efcc37d956e7e3b00eca55c0a3bf49a110edf27dd8",
                "cfd51b540bcbd6a61185a7194661d11c37b186b54c41c71ec1b1f4ba8d570b02",
                "85fe42aa8c39980e167b32e9a379ae7c3d2a5d0b3e845482ae069206dc63cd70",
                "3359589237bf6f025443c25fc5f17276937f4b91765240d7121b2bf732f36590",
                "fb3a9aab07003374955aca3fcad964646a199a98bba75d294cda79646e320212",
                "0a546330ae6676a98675f725e8f8afdb038633ff4d25b0c726e7cbfd406638dc",
                "e573ebbf192faa0a92ba4c8cb5ff1b32e681fb4feec85f8d5bd12812fff31b34",
                "8f4d88e87b0170b6823f5ed7010bfbbc3aba48c62f930f8208e2e2f60230e0a5"
            ],
            "type": "Script",
            "firstPartyCookies": {},
            "firstPartyCookiesSent": {
                "lotame_domain_check": 0.0004183225266680611
            },
            "exampleSites": [
                "barrietoday.com",
                "www.baytoday.ca",
                "www.burlingtontoday.com",
                "www.collingwoodtoday.ca",
                "www.guelphtoday.com",
                "www.orilliamatters.com",
                "www.sootoday.com",
                "www.sudbury.com",
                "www.timminstoday.com",
                "www.todays-golfer.com",
                "www.torontotoday.ca",
                "www.translate.com"
            ]
        },
        {
            "rule": "insurads\\.com\\/iat-realtime-8\\.2\\.0\\.js",
            "cookies": 0,
            "fingerprinting": 1,
            "subdomains": [
                "cdn"
            ],
            "apis": {
                "Date.prototype.getTime": 2
            },
            "sites": 9,
            "prevalence": 0.000941,
            "cnames": [],
            "responseHashes": [
                "e5667075ea2ebe5ed81bb4c56294114db94a62a5c20e6a32ebeb9c0f8797b847"
            ],
            "type": "Script",
            "firstPartyCookies": {},
            "firstPartyCookiesSent": {},
            "exampleSites": [
                "barrietoday.com",
                "www.baytoday.ca",
                "www.collingwoodtoday.ca",
                "www.orilliamatters.com",
                "www.sudbury.com",
                "www.timminstoday.com",
                "www.todays-golfer.com",
                "www.torontotoday.ca",
                "www.translate.com"
            ]
        },
        {
            "rule": "insurads\\.com\\/iat-client-1\\.16\\.18\\.js",
            "cookies": 0.000209,
            "fingerprinting": 1,
            "subdomains": [
                "cdn"
            ],
            "apis": {
                "Date.prototype.getTime": 2,
                "Document.cookie setter": 2,
                "Document.cookie getter": 2,
                "window.innerWidth": 2,
                "window.innerHeight": 2,
                "Notification.permission": 2,
                "Navigator.prototype.plugins": 2
            },
            "sites": 9,
            "prevalence": 0.000941,
            "cnames": [],
            "responseHashes": [
                "cc2c271cbeba67998cf4a2e592d58ad55fdc1056b0d5f665a2b2f11b4f195276"
            ],
            "type": "Script",
            "firstPartyCookies": {},
            "firstPartyCookiesSent": {},
            "exampleSites": [
                "barrietoday.com",
                "www.baytoday.ca",
                "www.collingwoodtoday.ca",
                "www.orilliamatters.com",
                "www.sudbury.com",
                "www.timminstoday.com",
                "www.todays-golfer.com",
                "www.torontotoday.ca",
                "www.translate.com"
            ]
        },
        {
            "rule": "insurads\\.com\\/initcb",
            "cookies": 0.000941,
            "fingerprinting": 0,
            "subdomains": [
                "services"
            ],
            "apis": {},
            "sites": 9,
            "prevalence": 0.000941,
            "cnames": [],
            "responseHashes": [
                "b2be998af7bc5c3d0c2404d79aac315f7827ad228c20a2e282e5088b5d05d09a"
            ],
            "type": "Script",
            "firstPartyCookies": {},
            "firstPartyCookiesSent": {
                "lotame_domain_check": 0.0003137418950010458,
                "___iat_ses": 0.0004183225266680611
            },
            "exampleSites": [
                "barrietoday.com",
                "www.baytoday.ca",
                "www.collingwoodtoday.ca",
                "www.orilliamatters.com",
                "www.sudbury.com",
                "www.timminstoday.com",
                "www.todays-golfer.com",
                "www.torontotoday.ca",
                "www.translate.com"
            ]
        },
        {
            "rule": "insurads\\.com\\/rt-pub\\/node\\/hub",
            "cookies": 0,
            "fingerprinting": 0,
            "subdomains": [
                "web-messaging"
            ],
            "apis": {},
            "sites": 5,
            "prevalence": 0.000523,
            "cnames": [],
            "responseHashes": [],
            "type": "WebSocket",
            "firstPartyCookies": {},
            "firstPartyCookiesSent": {
                "lotame_domain_check": 0.0003137418950010458
            },
            "exampleSites": [
                "collingwoodtoday.ca",
                "www.timminstoday.com",
                "www.todays-golfer.com",
                "www.torontotoday.ca",
                "www.translate.com"
            ]
        }
    ],
    "categories": [],
    "performance": {},
    "cookies": 0.00115,
    "topInitiators": [
        {
            "domain": "first party",
            "prevalence": 0.7857142857142857
        },
        {
            "domain": "googletagmanager.com",
            "prevalence": 0.14285714285714285
        },
        {
            "domain": "rcsobjects.it",
            "prevalence": 0.07142857142857142
        }
    ],
    "types": {
        "Script": 39,
        "WebSocket": 5
    },
    "nameservers": [
        "ns-1070.awsdns-05.org",
        "ns-1779.awsdns-30.co.uk",
        "ns-196.awsdns-24.com",
        "ns-560.awsdns-06.net"
    ]
}