{
    "domain": "mediatradecraft.com",
    "owner": {},
    "source": [
        "DuckDuckGo-CA"
    ],
    "prevalence": 0.00157,
    "sites": 15,
    "subdomains": [
        "01.cdn"
    ],
    "cnames": [],
    "fingerprinting": 2,
    "resources": [
        {
            "rule": "mediatradecraft\\.com\\/events\\.json",
            "cookies": 0,
            "fingerprinting": 0,
            "subdomains": [
                "01.cdn"
            ],
            "apis": {},
            "sites": 12,
            "prevalence": 0.00125,
            "cnames": [],
            "responseHashes": [
                "faaa0318b0aaaa08e58f6bfb7fb9e4882f75ef2d83e1f02f5bbedfa54227d366",
                "37b8dea2798b2efa39027755d5a6468441fce99e51fc81f3c8efb3f86a3ad261",
                "cc87fb6e2d2d10403ac771aaa8583d99cf4e04ca23096c0264b2d4dd68ed1505",
                "e28839fb74573f7124d545fde6deb61feb92b3fa4135bb71b292f4bb0aaa8556",
                "9187439ef25e13769a9379cf03b97fe61bda849379b4d8901332821f8e993a9e",
                "217352f2a74c3ed13fd9b9b961c66633183ff74ef9c8ed234f23e83174f4fbc5",
                "fcf640cc952ebe4b29e6714d98d2023e042e5f3f289cb903b672f8ede0bc9394",
                "5ae1ad5c902d095e0317f62d6d09d0a9dca741ad01983c79b026ea8823db475f",
                "c9006fcca14c3d6c23dc721f78a4e030a072eeac9e6c74b0c52e8177a80109fa",
                "0cc6393cbafee213e277a71cb407e055674f1676fb2eebb6bd41aff4e1ff3a9c"
            ],
            "type": "Fetch",
            "firstPartyCookies": {},
            "firstPartyCookiesSent": {
                "lotame_domain_check": 0.0007320644216691069,
                "_li_dcdm_c": 0.0003137418950010458
            },
            "exampleSites": [
                "dotesports.com",
                "freepages.rootsweb.com",
                "progameguides.com",
                "sites.rootsweb.com",
                "www.arcamax.com",
                "www.destructoid.com",
                "www.findagrave.com",
                "www.genealogy.com",
                "www.sporcle.com",
                "www.tvguide.com",
                "www.typingtest.com",
                "www.usmagazine.com"
            ]
        },
        {
            "rule": "mediatradecraft\\.com\\/rootsweb\\/main\\/main\\.js",
            "cookies": 0,
            "fingerprinting": 1,
            "subdomains": [
                "01.cdn"
            ],
            "apis": {
                "window.sessionStorage": 2,
                "window.innerWidth": 2,
                "window.innerHeight": 2,
                "Navigator.prototype.userAgent": 2,
                "window.localStorage": 2
            },
            "sites": 2,
            "prevalence": 0.000209,
            "cnames": [],
            "responseHashes": [
                "2d6a1696842aa03acb452555e676f2546c047ac05792a2ccf0681ed6537ef691"
            ],
            "type": "Script",
            "firstPartyCookies": {},
            "firstPartyCookiesSent": {},
            "exampleSites": [
                "rootsweb.com",
                "sites.rootsweb.com"
            ]
        },
        {
            "rule": "mediatradecraft\\.com\\/rootsweb\\/main\\/main\\.css",
            "cookies": 0,
            "fingerprinting": 0,
            "subdomains": [
                "01.cdn"
            ],
            "apis": {},
            "sites": 2,
            "prevalence": 0.000209,
            "cnames": [],
            "responseHashes": [
                "87f64c2a91fb921009d8c97f668423881f15684ac0c2b0814133de9a55bbee5d"
            ],
            "type": "Stylesheet",
            "firstPartyCookies": {},
            "firstPartyCookiesSent": {},
            "exampleSites": [
                "rootsweb.com",
                "sites.rootsweb.com"
            ]
        },
        {
            "rule": "mediatradecraft\\.com\\/cmdjs\\/runtime-2\\.5\\.0\\.js",
            "cookies": 0,
            "fingerprinting": 2,
            "subdomains": [
                "01.cdn"
            ],
            "apis": {
                "Navigator.prototype.deviceMemory": 2,
                "Navigator.prototype.connection": 2,
                "Navigator.prototype.userAgent": 2,
                "NavigatorUAData.prototype.brands": 2,
                "window.localStorage": 2,
                "window.innerHeight": 2,
                "window.innerWidth": 2
            },
            "sites": 2,
            "prevalence": 0.000209,
            "cnames": [],
            "responseHashes": [
                "010b8b999463cfd9e235f726cfcc9a55911fa8e18d741fc48082c89533550efa"
            ],
            "type": "Script",
            "firstPartyCookies": {},
            "firstPartyCookiesSent": {},
            "exampleSites": [
                "rootsweb.com",
                "sites.rootsweb.com"
            ]
        },
        {
            "rule": "mediatradecraft\\.com\\/directs\\.json",
            "cookies": 0,
            "fingerprinting": 0,
            "subdomains": [
                "01.cdn"
            ],
            "apis": {},
            "sites": 3,
            "prevalence": 0.000314,
            "cnames": [],
            "responseHashes": [
                "40d271fa0587f6d9896b4b24addeaa500d5dd8518d82da51a4e329f7e954856f"
            ],
            "type": "Fetch",
            "firstPartyCookies": {},
            "firstPartyCookiesSent": {},
            "exampleSites": [
                "rootsweb.com",
                "sites.rootsweb.com",
                "www.tvguide.com"
            ]
        },
        {
            "rule": "mediatradecraft\\.com\\/cmdjs\\/runtime-2\\.6\\.6-beta\\.0\\.js",
            "cookies": 0,
            "fingerprinting": 2,
            "subdomains": [
                "01.cdn"
            ],
            "apis": {
                "Navigator.prototype.deviceMemory": 2,
                "Navigator.prototype.connection": 2,
                "Navigator.prototype.userAgent": 2,
                "NavigatorUAData.prototype.brands": 2,
                "window.innerWidth": 2,
                "window.innerHeight": 2
            },
            "sites": 2,
            "prevalence": 0.000209,
            "cnames": [],
            "responseHashes": [
                "595dd10fde570536c8cf4999d1891aea9cff0209d54f3f88ad7b8a6ef8b4c46d"
            ],
            "type": "Script",
            "firstPartyCookies": {},
            "firstPartyCookiesSent": {},
            "exampleSites": [
                "progameguides.com",
                "www.destructoid.com"
            ]
        },
        {
            "rule": "mediatradecraft\\.com\\/mtc\\/cmd\\/remote\\.js",
            "cookies": 0,
            "fingerprinting": 0,
            "subdomains": [
                "01.cdn"
            ],
            "apis": {},
            "sites": 2,
            "prevalence": 0.000209,
            "cnames": [],
            "responseHashes": [],
            "type": "Script",
            "firstPartyCookies": {},
            "firstPartyCookiesSent": {},
            "exampleSites": [
                "typingtest.com",
                "www.typingtest.com"
            ]
        }
    ],
    "categories": [],
    "performance": {},
    "cookies": 0,
    "topInitiators": [
        {
            "domain": "first party",
            "prevalence": 0.6521739130434783
        },
        {
            "domain": "script.ac",
            "prevalence": 0.2826086956521739
        },
        {
            "domain": "fandom.com",
            "prevalence": 0.043478260869565216
        },
        {
            "domain": "cookielaw.org",
            "prevalence": 0.021739130434782608
        }
    ],
    "types": {
        "Fetch": 15,
        "Script": 8,
        "Stylesheet": 2
    },
    "nameservers": [
        "ns51.domaincontrol.com",
        "ns52.domaincontrol.com"
    ]
}