{
    "domain": "minutemedia-prebid.com",
    "owner": {},
    "source": [
        "DuckDuckGo-CA"
    ],
    "prevalence": 0.00878,
    "sites": 84,
    "subdomains": [
        "hb",
        "cs-tam",
        "cs-rtb",
        "pbs-cs",
        "cs"
    ],
    "cnames": [],
    "fingerprinting": 0,
    "resources": [
        {
            "rule": "minutemedia-prebid\\.com\\/hb-mm-multi",
            "cookies": 0,
            "fingerprinting": 0,
            "subdomains": [
                "hb"
            ],
            "apis": {},
            "sites": 72,
            "prevalence": 0.00753,
            "cnames": [],
            "responseHashes": [
                "dac120089ba5341f37dcacf1993086d980400490a2d2930fa421be781c4c3dd5",
                "1cfa7ac899d57bb15f153ad9e698f2210a3760a7dfd22544569b530107e459fe",
                "90d4e2e657685a28282ec0912df706ae234410ceea6009f785644c3f104d1801",
                "bbbdf35470ce2528e62ac556c39068e69448a3a7cd6efa71e713f5fff41b60d8",
                "889a714c475ccd2a334aa9d36d2e4cfb9b8d792aec7ba0c0b5f99c7471dae175",
                "e79c989d375d6c9e8369a080a889fc932bb78ec06808eb1b064ac44cf6e52889",
                "765a1bc117c9483385ff00cc8ee5a215ddd54974d1b8c7ed808a18fb5a9e29b7",
                "df388abca5b4ebabd498afb0ee434dbb859f2560c2384eab962d595ee003f48f",
                "cf291c1dfd63de5e2d5447dfecc3eebe52323c97c6300c4e3b23226d6d882476",
                "7ac04b5fec2492cb4d6b8f1bb138fac6ebdcd44a06a238b1dba501190e911832",
                "023cbc46ad7125a85449d949cf7a52d390eb85fe1aceb1df67fe7eda8f92645a",
                "eec52bea22bfe462c09fc643606165c73be8b13ce44661dcfe9bd72d20bdba59",
                "4d36ce5c5c817239bf26efcc578bf5b85c5d6f156649811db8d04c56c38e9760",
                "ba99099f326247da90f76e6b6e86c9d5f59d05af8b065669cec212a79f74b54d",
                "9844a9213ee0e9ec5109fa1a5c5e470aed985290dbb1ee9da106c76efc9821db",
                "915afaf58c8768f97ecf6aa8458d65550feb8e410524183919fc3077b0426075",
                "36ee38ca1f7be58e047c62845cf9d31e76f14842e591e116b5c2710054f55c7c",
                "3cf64a2588f8749ce77b86ea0caf8af149af58d9b5d460bec87040c78b524cb6",
                "c638f622db76ec298b5a0a7fb7c3dcf1723852de773f8970f7b889935a2cb436",
                "a0cb42cd692fd670f32d0d32bdb6b5d587c4f1053c64b2741c7d91c71fd8a6a7",
                "7a513380c2f153c8453218298592beda0e6c5cff25965803160e6e7a09c0414d",
                "8f6b1d35186e5c5e6444b57ecd25cb21d90e70d6b75dd297919750a7c9a2a1cf",
                "9d07e5149d76589092ee75e874c4289e5600f2ca8cc4dae2bfc1366e01b9ffa2",
                "0f346c42fbac090f93d25e7ce181328e8d0a956a07024fe033938a1feb4ad91b",
                "0645f96b7df9bdeb1cbbfbc3928cb883e6d5b1d167e22acafaadcc05c77a218e",
                "8c5d255570387fffb3fcb256f2c948f74530aca15f83feb78df1175afdc0430d",
                "1e923e6c1a83a4a12aa382172cff6ba2f4afc92cab126cf2fe7694adb8726eeb",
                "9a0e53b080b9c3dcfec395d859d47d13075f4767399f7438543ba7a7adbe98de",
                "c3df7bd4c395f13a43a5045d0aabdf5853ad78f1a843eff84aa3b59038e7ca3a",
                "e4580abb958b9643c68259c133054f40c5900132d59e28f58018412ff510a830",
                "9d1f8546ca3004c512ac67779bdebe41b0092cc815126fe350d50d84607f16fb",
                "98abed18b971307a13d98ee7cb9c15755f1d11425e13df839d7cacdaf587b2bb",
                "701fd0ba4e3f9325e57793e4e8eaea2435bf1c7ebd0fb6a6910e6efe2722af0b",
                "dfc9fb98b404ecd7756789172d7fcb3d2091ed29e654806f54566b4b7adc16e7",
                "2b9b66a2fcd8645a8c1316b14973b16a2e4dd3565aa862a5c97e396acb258e6f",
                "3cc050433a7118323347260269054a6feb8c6350e57292b41cb113ec44f5031b",
                "abef573b0547b16a6fa750818d5ce4b23cb7baf9a19dc97a0dc1ce259c339994",
                "74da2b436eed4c04209d04d6c66e6e0a56ed951302554dbfed165b668d2c9190",
                "1fea42883127a87df687a7cf87cca8f8fdf1eb976ea9c9e7b02b081bd6eb0c53",
                "552d6f56817aca48542f5532933453c646d217e0979486d70c0163af234ff01d",
                "2941648487609474ce1ebb2c7c8b45e39fe504d0840c17d0b8dbc487ef8f5ff3",
                "4bcf1081410d45fab3571c8e9641c4aff5dbcd15d4072afabefc25109c08ae9b",
                "ca4bffd2be3cc3c8827d3e30d1c24fe86bd7e38540c55128411a52c4bc9f5685",
                "748dbf68077aa3c4006b5bba3a9d17d535016ef3ac7a2dbab1997f00c5b1d956",
                "9563e5dc4b6a0c9ff70a47047ca498896813f5f9e52031d5ac5d33af02699bb3",
                "1ccfe005c38cddc689afd870b92a30b27bd14494aced89456809feea24be0dc5",
                "cc36ed5aa769aca9334c7e8bf276248fb201cab57c749996d3d81fcdb3718a2b",
                "81b6a3869a0b7dd110b47a1657cd1fa12c4e619ddc847688f16dde881c8779f8",
                "c16a26b85a5068bac79defd550d4ceb5d4a78cf2d9b7676a88e1678cc563a45a",
                "a5d158f6c22a17544adfe89b8318128c7b3d7e15def89e5f4b51fac97144d3d1",
                "bb468985d4109f339f3db08bcb4fae010ed43abfec095a6bf5d933d23702da56",
                "ee5618a259c63b71ff510b08de848059e33ac5cabdc3111e2ea2f38f0f49a988",
                "daac997fa87f7a1200a6575c8d9b148bd9eeeb23ccd46b08c82de08d4626bbee",
                "8e6588ce112a9f1e477849543d1454cafb36c95801d3b3519e143602e0cdb718"
            ],
            "type": "Fetch",
            "firstPartyCookies": {},
            "firstPartyCookiesSent": {},
            "exampleSites": [
                "thechive.com",
                "www.mapquest.com",
                "www.politico.com",
                "www.zerohedge.com",
                "canucksarmy.com",
                "oilersnation.com",
                "www.avforums.com",
                "www.thewordfinder.com",
                "appleinsider.com",
                "dailyhive.com",
                "loudwire.com",
                "www.c-span.org",
                "www.intouchweekly.com",
                "www.seattletimes.com",
                "www.golfwrx.com",
                "health.howstuffworks.com",
                "www.legit.ng",
                "www.lawlessfrench.com",
                "www.closerweekly.com",
                "www.audizine.com"
            ]
        },
        {
            "rule": "minutemedia-prebid\\.com\\/sync-iframe",
            "cookies": 0.00105,
            "fingerprinting": 0,
            "subdomains": [
                "cs-tam",
                "cs-rtb"
            ],
            "apis": {},
            "sites": 10,
            "prevalence": 0.00105,
            "cnames": [],
            "responseHashes": [
                "266316901976ec9318ea262d8fa2c80d5019d76108d283b17485c85cf7d33839",
                "0061bdb720a7da942892c0e64e0575582c2eaebff8571c6c55b7a1d3ee28525b"
            ],
            "type": "Document",
            "firstPartyCookies": {},
            "firstPartyCookiesSent": {},
            "exampleSites": [
                "usatoday.com",
                "sites.rootsweb.com",
                "thebrassie.com",
                "www.c-span.org",
                "www.chryslerminivan.net",
                "www.cincinnati.com",
                "www.guitaretab.com",
                "www.lyricsmode.com",
                "www.roadandtrack.com",
                "www.vwvortex.com"
            ]
        },
        {
            "rule": "minutemedia-prebid\\.com\\/pbs-iframe",
            "cookies": 0.000523,
            "fingerprinting": 0,
            "subdomains": [
                "pbs-cs"
            ],
            "apis": {},
            "sites": 5,
            "prevalence": 0.000523,
            "cnames": [],
            "responseHashes": [],
            "type": "Document",
            "firstPartyCookies": {},
            "firstPartyCookiesSent": {
                "lotame_domain_check": 0.00010458063166701528
            },