{
    "domain": "mountain.com",
    "owner": {
        "name": "Mountain Digital, Inc.",
        "displayName": "Mountain Digital"
    },
    "source": [
        "DuckDuckGo-CA"
    ],
    "prevalence": 0.00429,
    "sites": 41,
    "subdomains": [
        "dx",
        "px",
        "gs"
    ],
    "cnames": [],
    "fingerprinting": 1,
    "resources": [
        {
            "rule": "mountain\\.com\\/spx",
            "cookies": 0,
            "fingerprinting": 1,
            "subdomains": [
                "dx"
            ],
            "apis": {
                "Document.cookie getter": 20,
                "Date.prototype.getTime": 15
            },
            "sites": 41,
            "prevalence": 0.00429,
            "cnames": [],
            "responseHashes": [
                "d5a7dfc2071c159c5dac6bcccba91fbebd615342ffe8dcba2ba28701dfb11bd1",
                "d6eddf268aabafc856c98d4484bb0c2d2812b8e7af6a8ee77dc36ce4ab214721",
                "e54c5fa64c138b33d19bbe5b9d81fb1e228f849c4084a1368ccf6da0bfedef48",
                "8d08e16c90bf8a119aabdbfca35324f71ce37dceeceb8073511c72d5acc614ac",
                "23d9cf09a41e6a61ac3d5f0e381ca0f0dc83ee874e04a825e18e52c793b7b482",
                "dbcce244254a4a05f49c8594743cd29e96694fab3dd148ba026e74020a8e580c",
                "cdbb972217195e88fed58c30a781ba1a00f1ce8223b1316087f93b984a6b7af9",
                "26b4778ad5318c6678b823102e9e631740fb967c8285ce69410e94f5f1a1e5ca",
                "df3d68182606af36383aff833ca2230ec52ce8478b7950f5fa1eed8e90c376bd",
                "365490c467480da0631016eefe10f0b9a2c06d79cfeb4397c3239105329fa929",
                "a5ded1bba80244b75e45492a03042937708684fa5eee609bf427689570bd1405",
                "491531d03497cdac84deff1be6920ba997d4ebf5aa7bfcceb58bb9b7715851b8",
                "0f0f40da83826bb2fb5dfb65c1b8dde8903ea715bff57d252b399e31948d7193",
                "6d5c638b018ec3c37cdb60e6701260b660927fc37598e8aafe24df807b03f6ac",
                "1b8ffe32c385d2d9a03fba6993a825498e1e9a7ccc3f6835de596a0723630af6",
                "ad4c1c25cc6eb3ce81d0a2345cc37dc16f7febf753eb5019a3477de19e29209e",
                "f6f465ed22371f1e3578841efc98372b8a6245981e3d970e3ea8f185a11eb347",
                "35afe3cef1c1e3f77b7a9aa67ab39075f4f1cafc3ceae0c1eb7c72b7f34c6d8f",
                "d53dc234dc9228f3a40113f154cf71c1dd7482a4bcc8aafcd9bfb26907db042e",
                "a05d6c005c302069ab2a5ae7c13adf4f186513fb65e414d55005ad37177d39da",
                "2aad55da845ba41e5bec2d606f9bd90dfa39701f78c1e0e5730f1be80ba36529",
                "874666a1b15f15c5ae752730fafb3a176050b57efb153f4a58f0251cc37f0156"
            ],
            "type": "Script",
            "firstPartyCookies": {},
            "firstPartyCookiesSent": {
                "_li_dcdm_c": 0.00020916126333403055,
                "IR_gbd": 0.0003137418950010458
            },
            "exampleSites": [
                "www.backstage.com",
                "www.missouribotanicalgarden.org",
                "www.sweetwater.com",
                "www.lennox.com",
                "www.hubspot.com",
                "www.fjallraven.com",
                "www.fossil.com",
                "harbourair.com",
                "food52.com",
                "www.redhat.com",
                "www.niche.com",
                "www.musicnotes.com",
                "www.yourmechanic.com",
                "asana.com",
                "www.thrifty.com",
                "www.cannondale.com",
                "realtruck.com",
                "www.boss.info",
                "www.1800gotjunk.com",
                "www.hipcamp.com"
            ]
        },
        {
            "rule": "mountain\\.com\\/st",
            "cookies": 0.00178,
            "fingerprinting": 0,
            "subdomains": [
                "px"
            ],
            "apis": {},
            "sites": 19,
            "prevalence": 0.00199,
            "cnames": [],
            "responseHashes": [
                "f07420c816231835f53e4dfe61840307942a4c7fd56ed01969dc43f5baec5ea0",
                "703b790dbfb948230b79c189b3f161f6ad5183da498c3d0b1f58fe985e521c90",
                "acf51f9738409bc9c3620cfdfa9f89dc1ee1a3a45093016d627e2fb6f8745f75",
                "c3dccc8aeb2e0286d88a0e79f4d5a037b9a24402363684955018ac8753f46aee",
                "bce839d33af095a99fbebad85906021a4272b8c7967a412f14daf7ca1a34cd16",
                "0ee2bd63f331790488ad8983bb771de0583b1163ad1ab92479b797998a7a7d56",
                "3787b8985150123aa28a2e3e56e5c4ac803c4ff45baaa003ba1040a06b71c3f9",
                "cd45c21e71a1c0b286d3dac8179a8a2253493d095b4ceb00327896713ecf0c23",
                "e8ff14a270592b7e5c484c864933f13bddcc363253d12fd9060239f7b34f6bc2",
                "94013b6a29490679be0b5b7f6e7c77685c95666c34a81ab52c2d4ccd29d7eb0b",
                "68626bcf6cfb11faee99636f0f26a72559a2494382f8c7018759072e1bd06dc2",
                "3292b641b3eba38ceb5727b5f79d452072396a150622832704fd8ab187b8da7d",
                "8152c4876a0f823ed4177f64f9b482294da8df46ac7843234f7d410580c0873b",
                "a5fb87c6d30e66c0a9cfc44aa6ea16ea46885454b340755fac48cdc05e58ba60"
            ],
            "type": "Script",
            "firstPartyCookies": {},
            "firstPartyCookiesSent": {
                "_ga": 0.0029282576866764276,
                "_li_dcdm_c": 0.00020916126333403055,
                "IR_gbd": 0.00020916126333403055
            },
            "exampleSites": [
                "koa.com",
                "reedsy.com",
                "www.angi.com",
                "www.boss.info",
                "www.denniskirk.com",
                "www.everlane.com",
                "www.fjallraven.com",
                "www.fossil.com",
                "www.gadventures.com",
                "www.harbourair.com",
                "www.hubspot.com",
                "www.lennox.com",
                "www.logos.com",
                "www.niche.com",
                "www.tcl.com",
                "www.teepublic.com",
                "www.theagencyre.com",
                "www.thrifty.com",
                "www.yourmechanic.com"
            ]
        },
        {
            "rule": "mountain\\.com\\/gs",
            "cookies": 0,
            "fingerprinting": 0,
            "subdomains": [
                "gs"
            ],
            "apis": {},
            "sites": 16,
            "prevalence": 0.00167,
            "cnames": [],
            "responseHashes": [
                "c1e81e43e1a6ebd68cac2ade3e3c2dfb446c0c12d45e62bcb2caedfe3c483838",
                "752639493dd78ca6dd5ab7844cee3d632b0e8ee68cc332af899eed686d3aa6d8",
                "0aadfcfacf032e9a76500c2a59a3238251c2e7286f75a7d7dcd8ec194ef26d07",
                "da6e7e3903e892cc212a30cb8e2c63f1e84ee50169b6d010a79a823f04460825",
                "2f680b55d35852a0b609a30679b8c187d82b7fee644fb1a954a45bdd07b6a973",
                "67362cafc4df2a31a090c5ddedf89dc1aff25d7ba42b616d258624334dd419f8",
                "3810e1ef2be2e6b55c66843f259ebba5b7febb21dc9845b797f165719a2f7410",
                "38457eb521bdbbfd3493d435c74de52125405e849c548a4b7de0c4c06a647d27",
                "76081f3638e6ef8dbef6ed20ef926c6ec76dfbf5a1fdae0ddb256c033dbc77ba",
                "8ab0e75afd710247524784194bf859c79064660b4288a51ac374c18cd8a0a2a5",
                "c691095ade1c76d4ae3818440328e0226cb98d5f97a56d8c0f30d266919a084c",
                "112363faf49ee53205dcfe95c89f0be8ef98d84ba76c9fa60d7f7f3ca18e3856",
                "83d5c09f0d8e094bafd17852248e24eb2996233d97bc77c1de9bd97a2bd14cd3",
                "d5ba64eed68132e790947dd809d10a705383c38c966f5dda975f33f2bd67e18c"
            ],
            "type": "Script",
            "firstPartyCookies": {},
            "firstPartyCookiesSent": {},