{
    "domain": "qualified.com",
    "owner": {},
    "source": [
        "DuckDuckGo-CA"
    ],
    "prevalence": 0.000837,
    "sites": 8,
    "subdomains": [
        "js",
        "ws"
    ],
    "cnames": [],
    "fingerprinting": 2,
    "resources": [
        {
            "rule": "qualified\\.com\\/qualified\\.js",
            "cookies": 0.000732,
            "fingerprinting": 2,
            "subdomains": [
                "js"
            ],
            "apis": {
                "Navigator.prototype.userAgent": 6,
                "PerformanceTiming.prototype.navigationStart": 6,
                "Navigator.prototype.platform": 6,
                "Navigator.prototype.maxTouchPoints": 6,
                "window.localStorage": 6,
                "Intl.DateTimeFormat.prototype.resolvedOptions": 6,
                "Document.cookie getter": 6,
                "Document.cookie setter": 6,
                "Navigator.prototype.language": 6,
                "Date.prototype.getTime": 6
            },
            "sites": 8,
            "prevalence": 0.000837,
            "cnames": [],
            "responseHashes": [
                "5fe4b14a02bd4937307dea6198b12e176850d42f556baec988906a63ff668a6a",
                "f16213c75cf39150f2af3f3890e23f0cccb53f459130b34a5e45ca000cd58b2f",
                "42bba29f292c188f7dbd855a9a668254f344c3a4e17fe1410daa4c888f55aebe",
                "6d21e59a608fdd4df71fae3d62893755b57d9b01c2e2cd2af110a0c0ad06946a",
                "eee89d81a8cec36ed67ea11a1c1c21c0756610f968708b0d92052ea9248c99a7",
                "a0e388b0fb4d5cbc1a9fdd5faf88984a35fc099c91d2bc82019a13b834ccb593"
            ],
            "type": "Script",
            "firstPartyCookies": {
                "__q_state_ZB9yNHnAdpJRvvbF": {
                    "ttl": 315360003,
                    "length": 104,
                    "prevalence": 0.00010458063166701528,
                    "uniqueness": 1
                },
                "__q_state_dmgRLk8D8U3WyWL4": {
                    "ttl": 315360006,
                    "length": 98,
                    "prevalence": 0.00010458063166701528,
                    "uniqueness": 1
                },
                "__q_state_37pXYrro6wCZbsU7": {
                    "ttl": 31536021,
                    "length": 106,
                    "prevalence": 0.00010458063166701528,
                    "uniqueness": 1
                },
                "__q_state_pjWpuKm8Qxr4Xa9U": {
                    "ttl": 315360024,
                    "length": 102,
                    "prevalence": 0.00010458063166701528,
                    "uniqueness": 1
                },
                "__q_state_hhaW6HiVqGA5oJq1": {
                    "ttl": 315360002,
                    "length": 102,
                    "prevalence": 0.00010458063166701528,
                    "uniqueness": 1
                },
                "__q_state_zCnvhQFqeieM7u15": {
                    "ttl": 315360025,
                    "length": 100,
                    "prevalence": 0.00010458063166701528,
                    "uniqueness": 1
                }
            },
            "firstPartyCookiesSent": {},
            "exampleSites": [
                "asana.com",
                "clickup.com",
                "pitchbook.com",
                "redis.io",
                "www.cloudflare.com",
                "www.oreilly.com",
                "www.postman.com",
                "www.twilio.com"
            ]
        },
        {
            "rule": "qualified\\.com\\/cable",
            "cookies": 0,
            "fingerprinting": 0,
            "subdomains": [
                "ws"
            ],
            "apis": {},
            "sites": 6,
            "prevalence": 0.000627,
            "cnames": [],
            "responseHashes": [],
            "type": "WebSocket",
            "firstPartyCookies": {},
            "firstPartyCookiesSent": {},
            "exampleSites": [
                "pitchbook.com",
                "redis.io",
                "www.cloudflare.com",
                "www.oreilly.com",
                "www.postman.com",
                "www.twilio.com"
            ]
        }
    ],
    "categories": [],
    "performance": {},
    "cookies": 0.000732,
    "topInitiators": [
        {
            "domain": "first party",
            "prevalence": 0.4166666666666667
        },
        {
            "domain": "googletagmanager.com",
            "prevalence": 0.4166666666666667
        },
        {
            "domain": "logr-ingest.com",
            "prevalence": 0.08333333333333333
        },
        {
            "domain": "datadoghq-browser-agent.com",
            "prevalence": 0.08333333333333333
        }
    ],
    "types": {
        "Script": 8,
        "WebSocket": 6
    },
    "nameservers": [
        "bart.ns.cloudflare.com",
        "emma.ns.cloudflare.com"
    ]
}