{
    "domain": "sezzle.com",
    "owner": {},
    "source": [
        "DuckDuckGo-CA"
    ],
    "prevalence": 0.00167,
    "sites": 16,
    "subdomains": [
        "widget",
        "checkout-sdk",
        "media"
    ],
    "cnames": [],
    "fingerprinting": 1,
    "resources": [
        {
            "rule": "sezzle\\.com\\/v1\\/javascript\\/price-widget",
            "cookies": 0,
            "fingerprinting": 1,
            "subdomains": [
                "widget"
            ],
            "apis": {
                "Document.cookie getter": 11
            },
            "sites": 15,
            "prevalence": 0.00157,
            "cnames": [],
            "responseHashes": [
                "ccff5d94e23350574967c5a46c129765f0a9570c2f6f88df96f8ee783d702641",
                "fec2029f6203772a3fef693bd23c468c011e81a84df68c936fe0f9b2cf6da626",
                "45a447920bbddf7390a4e71f82ca4128adbeb75f9c6c0ab8c3ad33f5f5773a79",
                "695a411b9d90e26e2f234d17da270b2d89bcd8d38f22e6cb1b586a68de4670e8",
                "cf399ede34501b6fff6f38fe1348351e285e991c0836646a5b7af2a7a448c944",
                "8eae0e6a03bf53a3f8a86cf5a4afb716c65c22e27bd972ed373caa0fc6d3eb11",
                "7114163cf22e9cdd857eb5b8e1651a5915834dbb123d10dc3223e889faf20cf9",
                "ce66f5d216946ff0ea1dd75a26415ea7a1a90413bed312cc12c4bf421aa7fe30",
                "b85a162dc5bb1faa00ec7340b37b5ff1a3a023cbb0143c1d1d804ef5accab971",
                "23d541ef092e7355ce965b63487a72b9144a3ff062f63da135f2a9319d99ad43",
                "049c62a824d14a84d739c19b4dadc15e21adf3c0058d384d76db8fa99baf736a",
                "0d351dfefd03b8b88e1b43d3aff040503b8049cddbdf76b9f3437b2fd728a574",
                "eec88c7804836d2b7c70f5e92a57b8070a14f0a1f1036046f19d5b42b61e5b5d",
                "42c613d060ad01af144eb291fcd75595a2fc543cce587a687f9b0774a5f05b76"
            ],
            "type": "Script",
            "firstPartyCookies": {},
            "firstPartyCookiesSent": {},
            "exampleSites": [
                "barbecuesgalore.ca",
                "canadianprotein.com",
                "firearmsoutletcanada.com",
                "steedcycles.com",
                "store.theshootingcentre.com",
                "terragreenhouses.com",
                "www.atlas-machinery.com",
                "www.boardgamebliss.com",
                "www.canadaluggagedepot.ca",
                "www.clement.ca",
                "www.gravitypope.com",
                "www.mastermindtoys.com",
                "www.poolsuppliescanada.ca",
                "www.thebikeshop.com",
                "www.thehockeyshop.com"
            ]
        },
        {
            "rule": "sezzle\\.com\\/sezzle-checkout-button\\.min\\.js",
            "cookies": 0,
            "fingerprinting": 1,
            "subdomains": [
                "checkout-sdk"
            ],
            "apis": {
                "window.innerHeight": 1,
                "window.innerWidth": 1
            },
            "sites": 6,
            "prevalence": 0.000627,
            "cnames": [],
            "responseHashes": [
                "4ecc97145b8a48d1521e67d9aadc20eef798052123702bee028e3b4bb838c700"
            ],
            "type": "Script",
            "firstPartyCookies": {},
            "firstPartyCookiesSent": {},
            "exampleSites": [
                "barbecuesgalore.ca",
                "canadianprotein.com",
                "www.canadaluggagedepot.ca",
                "www.gravitypope.com",
                "www.mastermindtoys.com",
                "www.thehockeyshop.com"
            ]
        },
        {
            "rule": "sezzle\\.com\\/v1\\/event\\/log",
            "cookies": 0,
            "fingerprinting": 0,
            "subdomains": [
                "widget"
            ],
            "apis": {},
            "sites": 15,
            "prevalence": 0.00157,
            "cnames": [],
            "responseHashes": [],
            "type": "Preflight",
            "firstPartyCookies": {},
            "firstPartyCookiesSent": {},
            "exampleSites": [
                "barbecuesgalore.ca",
                "canadianprotein.com",
                "firearmsoutletcanada.com",
                "steedcycles.com",
                "store.theshootingcentre.com",
                "terragreenhouses.com",
                "www.atlas-machinery.com",
                "www.boardgamebliss.com",
                "www.canadaluggagedepot.ca",
                "www.clement.ca",
                "www.gravitypope.com",
                "www.mastermindtoys.com",
                "www.poolsuppliescanada.ca",
                "www.thebikeshop.com",
                "www.thehockeyshop.com"
            ]
        },
        {
            "rule": "sezzle\\.com\\/v1\\/event\\/log",
            "cookies": 0,
            "fingerprinting": 0,
            "subdomains": [
                "widget"
            ],
            "apis": {},
            "sites": 15,
            "prevalence": 0.00157,
            "cnames": [],
            "responseHashes": [
                "5042c15d11141a168aac36b91fefb9e8a5400de64b810b0d0bd53b10dcee07ab"
            ],
            "type": "XHR",
            "firstPartyCookies": {},
            "firstPartyCookiesSent": {},
            "exampleSites": [
                "barbecuesgalore.ca",
                "canadianprotein.com",
                "firearmsoutletcanada.com",
                "steedcycles.com",
                "store.theshootingcentre.com",
                "terragreenhouses.com",
                "www.atlas-machinery.com",
                "www.boardgamebliss.com",
                "www.canadaluggagedepot.ca",
                "www.clement.ca",
                "www.gravitypope.com",
                "www.mastermindtoys.com",
                "www.poolsuppliescanada.ca",
                "www.thebikeshop.com",
                "www.thehockeyshop.com"
            ]
        },
        {
            "rule": "sezzle\\.com\\/shopify-app\\/assets\\/sezzle-modal-4\\.0\\.4\\.html",
            "cookies": 0,
            "fingerprinting": 0,
            "subdomains": [
                "media"
            ],
            "apis": {},
            "sites": 7,
            "prevalence": 0.000732,
            "cnames": [],
            "responseHashes": [
                "94cfa2f5036c4c359125e6da978a301b8707715702e3b7a6a6e170bae48d76cf"
            ],
            "type": "XHR",
            "firstPartyCookies": {},
            "firstPartyCookiesSent": {},
            "exampleSites": [
                "firearmsoutletcanada.com",
                "store.theshootingcentre.com",
                "terragreenhouses.com",
                "www.atlas-machinery.com",
                "www.clement.ca",
                "www.poolsuppliescanada.ca",
                "www.thebikeshop.com"
            ]
        },
        {
            "rule": "sezzle\\.com\\/afterpay\\/modal\\/en\\.html",
            "cookies": 0,
            "fingerprinting": 0,
            "subdomains": [
                "media"
            ],
            "apis": {},
            "sites": 2,
            "prevalence": 0.000209,
            "cnames": [],
            "responseHashes": [
                "09a3063c8c1db70adb785538b1a2ec902ee9d0a87f2c2b4a06b0db630731cb78"
            ],
            "type": "XHR",
            "firstPartyCookies": {},
            "firstPartyCookiesSent": {},
            "exampleSites": [
                "steedcycles.com",
                "www.poolsuppliescanada.ca"
            ]
        }
    ],
    "categories": [],
    "performance": {},
    "cookies": 0,
    "topInitiators": [
        {
            "domain": "first party",
            "prevalence": 0.5675675675675675
        },
        {
            "domain": "shopify.com",
            "prevalence": 0.3783783783783784
        },
        {
            "domain": "minmaxify.com",
            "prevalence": 0.02702702702702703
        },
        {
            "domain": "b-cdn.net",