{
    "domain": "sparteo.com",
    "owner": {},
    "source": [
        "DuckDuckGo-CA"
    ],
    "prevalence": 0.00345,
    "sites": 33,
    "subdomains": [
        "bid",
        "sync"
    ],
    "cnames": [],
    "fingerprinting": 1,
    "resources": [
        {
            "rule": "sparteo\\.com\\/auction",
            "cookies": 0,
            "fingerprinting": 0,
            "subdomains": [
                "bid"
            ],
            "apis": {},
            "sites": 20,
            "prevalence": 0.00209,
            "cnames": [],
            "responseHashes": [
                "8e9f00d44a6122cb955b27071daafe172f0b08168d0e58154eff694b14da467a",
                "c1143d5b4d5b3b4f5fbd2c884ba9dc1ec3cbf1c00d1caa37768516827e5e9a38",
                "cc9cfc7054815faf06abe14960e684abd98ffea37efdd9a196012b9be05f14f7",
                "bc7f45e09e2ddb253be582bf0281c545db502f56595010dffe4122119bd907ad",
                "9971f44c7c7d999b750c6fabbfea2781ca3ec1336d0b981d3c844a1196b8507a",
                "69472dc96ccd710fbebc70acaa45b1b38ede8beae9abdcdcdcde4fe93d28b2e6",
                "f266c976e53bf7130dd978b8be4ebb7aa377ce723f6078a5d6c539595d45967b",
                "13a276f9786623b72d390618d1c45ce01cdc00a6c22e41eba7288a2b7b15d911",
                "0de7fbaae383fe46451bc0f6fc6c17223bfee770a83cb5966a2cb44c6575c1f7",
                "5fa4461accbd4947fbe3a8cb3feb18b487a7948cea2b009ff02b4e5bd1df58e3",
                "807674616ceb1dff6d433faee33078c5107c1af25b66629e4c7176697b7caac6",
                "45881862557174c897f5c9d79ef3c8d545767b2df5c8a9cc54f6663efd13bd95",
                "64c86a7026bf7bac7d060e0e6a3ed9d60993358c56f1926a152ab8e7910e090e",
                "048adc33f6cdf8bda7538d82792ab60d86db8b7c39720f06c35eedde29a7a5fc",
                "e00c432d093a344e93b33138fcc77d784c7fe1fb78958f45e1ffde8ed5985547",
                "a998d6d74f9e8893d7548ec02e0d08163711fa96e699ba3bf8cbb4918e25ab32",
                "901e847bfdff8b578f4475af986164d14783c9f16f63c60d3c22eb17f62aac82"
            ],
            "type": "Fetch",
            "firstPartyCookies": {},
            "firstPartyCookiesSent": {},
            "exampleSites": [
                "boxrec.com",
                "brightside.me",
                "dictionnaire.orthodidacte.com",
                "ezgif.com",
                "hockey30.com",
                "vedettequebec.com",
                "www.atlasobscura.com",
                "www.bladeofsteel.com",
                "www.canucksdaily.com",
                "www.habsfanatics.com",
                "www.habsolumentfan.com",
                "www.hockeyfeed.com",
                "www.hockeylatest.com",
                "www.hockeypatrol.com",
                "www.jpost.com",
                "www.mapleleafsdaily.com",
                "www.mesrecettesfaciles.fr",
                "www.myabandonware.com",
                "www.oilersdaily.com",
                "www.sofascore.com"
            ]
        },
        {
            "rule": "sparteo\\.com\\/crossfire\\.js",
            "cookies": 0,
            "fingerprinting": 1,
            "subdomains": [
                "sync"
            ],
            "apis": {
                "Navigator.prototype.userAgent": 14,
                "Date.prototype.getTime": 10
            },
            "sites": 18,
            "prevalence": 0.00188,
            "cnames": [],
            "responseHashes": [
                "c7907dab813c51db9716318fe708764492ba67c3de3ccbbafd3f1928c8d42191"
            ],
            "type": "Script",
            "firstPartyCookies": {},
            "firstPartyCookiesSent": {},
            "exampleSites": [
                "dermnetnz.org",
                "hockey30.com",
                "vedettequebec.com",
                "www.doctissimo.fr",
                "www.futura-sciences.com",
                "www.habsolumentfan.com",
                "www.hockeyfeed.com",
                "www.laculturegenerale.com",
                "www.lesnumeriques.com",
                "www.mafourchette.com",
                "www.majorgeeks.com",
                "www.marketscreener.com",
                "www.medisite.fr",
                "www.mesrecettesfaciles.fr",
                "www.mondedestars.com",
                "www.pressesante.com",
                "www.rustica.fr",
                "www.topsante.com"
            ]
        },
        {
            "rule": "sparteo\\.com\\/sync\\/iframe\\.html",
            "cookies": 0,
            "fingerprinting": 0,
            "subdomains": [
                "sync"
            ],
            "apis": {},
            "sites": 4,
            "prevalence": 0.000418,
            "cnames": [],
            "responseHashes": [],
            "type": "Document",
            "firstPartyCookies": {},
            "firstPartyCookiesSent": {},
            "exampleSites": [
                "orthodidacte.com",
                "ezgif.com",
                "www.bladeofsteel.com",
                "www.canucksdaily.com"
            ]
        },
        {
            "rule": "sparteo\\.com\\/sync",
            "cookies": 0,
            "fingerprinting": 0,
            "subdomains": [
                "sync"
            ],
            "apis": {},
            "sites": 11,
            "prevalence": 0.00115,
            "cnames": [],
            "responseHashes": [
                "783ad705560f86e1e73605baeea828bbae9f35b2b863794e4e7e5a26bed0831a",
                "c11a8d45f3e1b02fd08d6b763f99b3c98f6b23c81b81060ba399084ffd5cec35",
                "021070e783279846339587ac63d565e60d5d35f1f8d98a77c53dd755e420edb8",
                "5bd573ba0ab0eb72398c247629ad7a97166cc535859f67ff23bf6e92e1d30504",
                "94f93ff5cbda2e0d9a5192bd66274907d7cc40eed19b36cc10d9ad7e4e5e4005",
                "5a880ce7ac5982a9d1a19654379d6e9472481e8edd4a69d09aa3a2828033d177",
                "149d203a87639dfce1fb20de99e1dd1cba6f8747b7a8a5e71818d322e70f7658",
                "9fff06e36596ad0f0bc5b421ed3670cfb26f9af6fe733ed06ed38f90665fdc41",
                "3f8bc9cbaf2674c993885fbf44870bd14a320628e6e2e7d7b119520e757e95a5",
                "47b1ff8be0ad697e24390a35484126ff9d575d57157a6d7c60e6c0f543db36fc"
            ],
            "type": "XHR",
            "firstPartyCookies": {},
            "firstPartyCookiesSent": {},
            "exampleSites": [
                "hockey30.com",
                "vedettequebec.com",
                "www.futura-sciences.com",
                "www.habsolumentfan.com",
                "www.hockeyfeed.com",
                "www.laculturegenerale.com",
                "www.majorgeeks.com",
                "www.marketscreener.com",
                "www.mesrecettesfaciles.fr",
                "www.pressesante.com",
                "www.rustica.fr"
            ]
        },
        {
            "rule": "sparteo\\.com\\/setuid",
            "cookies": 0.00115,
            "fingerprinting": 0,
            "subdomains": [
                "sync"
            ],
            "apis": {},
            "sites": 11,
            "prevalence": 0.00115,
            "cnames": [],
            "responseHashes": [
                "831b0d6cde4541d363bb7a67eb49010fc5fd717dda4b9c3187dd3207b1da56cd"
            ],
            "type": "Image",
            "firstPartyCookies": {},
            "firstPartyCookiesSent": {},
            "exampleSites": [
                "hockey30.com",
                "vedettequebec.com",
                "www.futura-sciences.com",
                "www.habsolumentfan.com",
                "www.hockeyfeed.com",
                "www.laculturegenerale.com",
                "www.majorgeeks.com",
                "www.marketscreener.com",
                "www.mesrecettesfaciles.fr",
                "www.pressesante.com",
                "www.rustica.fr"
            ]
        }
    ],
    "categories": [],
    "performance": {},
    "cookies": 0.00115,
    "topInitiators": [
        {
            "domain": "first party",