{
    "domain": "stay22.com",
    "owner": {},
    "source": [
        "DuckDuckGo-CA"
    ],
    "prevalence": 0.00136,
    "sites": 13,
    "subdomains": [
        "www",
        "scripts"
    ],
    "cnames": [],
    "fingerprinting": 2,
    "resources": [
        {
            "rule": "stay22\\.com\\/ext\\/partner",
            "cookies": 0.00136,
            "fingerprinting": 0,
            "subdomains": [
                "www"
            ],
            "apis": {},
            "sites": 13,
            "prevalence": 0.00136,
            "cnames": [],
            "responseHashes": [
                "c7acc36d45c64a709cbecd926060b6290e062ada10f3cebfc4b5d8b3e1f92d45",
                "19869abed6523a5dc1e520da60ad325475a63874a9826bfe7e2c843abd910a6a",
                "2d6624dfb6629ca6ede60cbf698207e93b74268c89d5726abb9db85a119d5f26",
                "30ddbc4495ae0f3f811f731fd8374315d9a6a8b1934d742f4e697941e8b06513",
                "647250ed6c01a40ebbad3988f39f4d1792f4d1664e2e03b2deca9b828964c3df",
                "88e20ad67f942ca10a2e768149a270629b3d484d9a2dfc970993e15bb7a98d27",
                "59089f6e780ba814d124257cc333e57d33158c4e35af9a78f501415a1d947f2d",
                "3f16bc515d4656d47d769bd11d74261e9a754454d3af47b1930ab1edbf77f3df",
                "65d5a28d301784a0e8a1df67932a413a9eb91272c02b4a0fba74478e9d05356d",
                "4581b98cb7ac6644a25bae6bdc36e9d117e83e605d40ea705f41da48cd80d05e",
                "b680da195ba598d924a72ece24075ea5bf8503b82c3b918c5dbba4e94be20792"
            ],
            "type": "XHR",
            "firstPartyCookies": {},
            "firstPartyCookiesSent": {},
            "exampleSites": [
                "climate-data.org",
                "happiestoutdoors.ca",
                "offtracktravel.ca",
                "seatemperature.info",
                "thebanffblog.com",
                "weather-and-climate.com",
                "worldpopulationreview.com",
                "www.holiday-weather.com",
                "www.mustdocanada.com",
                "www.paroles.net",
                "www.petitfute.com",
                "www.thebrokebackpacker.com",
                "www.traveltomtom.net"
            ]
        },
        {
            "rule": "stay22\\.com\\/ext\\/partner",
            "cookies": 0.00136,
            "fingerprinting": 0,
            "subdomains": [
                "www"
            ],
            "apis": {},
            "sites": 13,
            "prevalence": 0.00136,
            "cnames": [],
            "responseHashes": [],
            "type": "Preflight",
            "firstPartyCookies": {},
            "firstPartyCookiesSent": {},
            "exampleSites": [
                "climate-data.org",
                "happiestoutdoors.ca",
                "offtracktravel.ca",
                "seatemperature.info",
                "thebanffblog.com",
                "weather-and-climate.com",
                "worldpopulationreview.com",
                "www.holiday-weather.com",
                "www.mustdocanada.com",
                "www.paroles.net",
                "www.petitfute.com",
                "www.thebrokebackpacker.com",
                "www.traveltomtom.net"
            ]
        },
        {
            "rule": "stay22\\.com\\/ext\\/verifyll",
            "cookies": 0.00136,
            "fingerprinting": 0,
            "subdomains": [
                "www"
            ],
            "apis": {},
            "sites": 13,
            "prevalence": 0.00136,
            "cnames": [],
            "responseHashes": [
                "8e645ba824f7eaf629552271ba8e865bc9c1b9b82b3a5827a78ceffee20bee53",
                "07f9c436cf8b605b177b468717cc36ca4525f78252bed025b56939c357e08b09"
            ],
            "type": "XHR",
            "firstPartyCookies": {},
            "firstPartyCookiesSent": {},
            "exampleSites": [
                "climate-data.org",
                "en.climate-data.org",
                "happiestoutdoors.ca",
                "offtracktravel.ca",
                "seatemperature.info",
                "thebanffblog.com",
                "weather-and-climate.com",
                "worldpopulationreview.com",
                "www.mustdocanada.com",
                "www.paroles.net",
                "www.petitfute.com",
                "www.thebrokebackpacker.com",
                "www.traveltomtom.net"
            ]
        },
        {
            "rule": "stay22\\.com\\/ext\\/verifyll",
            "cookies": 0.00136,
            "fingerprinting": 0,
            "subdomains": [
                "www"
            ],
            "apis": {},
            "sites": 13,
            "prevalence": 0.00136,
            "cnames": [],
            "responseHashes": [],
            "type": "Preflight",
            "firstPartyCookies": {},
            "firstPartyCookiesSent": {},
            "exampleSites": [
                "climate-data.org",
                "en.climate-data.org",
                "happiestoutdoors.ca",
                "offtracktravel.ca",
                "seatemperature.info",
                "thebanffblog.com",
                "weather-and-climate.com",
                "worldpopulationreview.com",
                "www.mustdocanada.com",
                "www.paroles.net",
                "www.petitfute.com",
                "www.thebrokebackpacker.com",
                "www.traveltomtom.net"
            ]
        },
        {
            "rule": "stay22\\.com\\/letmeallez\\.js",
            "cookies": 0.00125,
            "fingerprinting": 2,
            "subdomains": [
                "scripts"
            ],
            "apis": {
                "Notification.permission": 4,
                "Navigator.prototype.plugins": 8,
                "window.localStorage": 10,
                "Navigator.prototype.userAgent": 9,
                "Navigator.prototype.webkitTemporaryStorage": 7,
                "Performance.prototype.memory": 10
            },
            "sites": 12,
            "prevalence": 0.00125,
            "cnames": [],
            "responseHashes": [
                "a17e1f4d154578080df0a4a6f2841dcc97a055ac6d6b099450c6644b053448b6"
            ],
            "type": "Script",
            "firstPartyCookies": {},
            "firstPartyCookiesSent": {},
            "exampleSites": [
                "happiestoutdoors.ca",
                "offtracktravel.ca",
                "seatemperature.info",
                "thebanffblog.com",
                "weather-and-climate.com",
                "worldpopulationreview.com",
                "www.holiday-weather.com",
                "www.mustdocanada.com",
                "www.paroles.net",
                "www.petitfute.com",
                "www.thebrokebackpacker.com",
                "www.traveltomtom.net"
            ]
        },
        {
            "rule": "stay22\\.com\\/api\\/deep22",
            "cookies": 0.000209,
            "fingerprinting": 0,
            "subdomains": [
                "scripts"
            ],
            "apis": {},
            "sites": 2,
            "prevalence": 0.000209,
            "cnames": [],
            "responseHashes": [],
            "type": "Preflight",
            "firstPartyCookies": {},
            "firstPartyCookiesSent": {},
            "exampleSites": [
                "petitfute.com",
                "www.petitfute.com"
            ]
        },
        {
            "rule": "stay22\\.com\\/api\\/deep22",
            "cookies": 0.000209,
            "fingerprinting": 0,
            "subdomains": [
                "scripts"
            ],
            "apis": {},
            "sites": 2,
            "prevalence": 0.000209,
            "cnames": [],
            "responseHashes": [
                "095f6b660440c43ccdaf06ed2b4bb16f8cd95273a0cbf2a6c118d94c6b02556e"
            ],
            "type": "XHR",
            "firstPartyCookies": {},
            "firstPartyCookiesSent": {},