{
    "domain": "tctm.co",
    "owner": {
        "name": "Call Tracking Metrics LLC",
        "displayName": "Call Tracking Metrics"
    },
    "source": [
        "DuckDuckGo-CA"
    ],
    "prevalence": 0.000732,
    "sites": 7,
    "subdomains": [
        "310659",
        "458961",
        "459974",
        "346055",
        "440875",
        "139382",
        "64459"
    ],
    "cnames": [],
    "fingerprinting": 1,
    "resources": [
        {
            "rule": "tctm\\.co\\/t\\.js",
            "cookies": 0.000732,
            "fingerprinting": 1,
            "subdomains": [
                "310659",
                "458961",
                "459974",
                "346055",
                "440875",
                "139382",
                "64459"
            ],
            "apis": {
                "Document.cookie getter": 4,
                "Navigator.prototype.userAgent": 4,
                "window.localStorage": 4,
                "Date.prototype.getTime": 4,
                "Document.cookie setter": 4
            },
            "sites": 7,
            "prevalence": 0.000732,
            "cnames": [],
            "responseHashes": [
                "e41cf93d88bc10c457e3325273c23acab587d6d8e587ba923d321524c1c05dca",
                "1b198d788fedc52ed94a93102a6595918c528a7bc5da8cffa90e8b91b7620a7e",
                "01ba4719c80b6fe911b091a7c05124b64eeece964e09c058ef8f9805daca546b",
                "84498a465ecbf294e66b452849eeae113b9ea8fde7690bf292cadbd9b7d725c5",
                "84c39ed3d736395decf435995dcdbdb3d31313b270cb81696a306a8860b0e552"
            ],
            "type": "Script",
            "firstPartyCookies": {
                "__ctmid": {
                    "ttl": 2592010,
                    "length": 24,
                    "prevalence": 0.0004183225266680611,
                    "uniqueness": 1
                }
            },
            "firstPartyCookiesSent": {},
            "exampleSites": [
                "propertyguys.com",
                "shop.capit.com",
                "urban-planet.com",
                "www.airliquide.ca",
                "www.kmstools.com",
                "www.moneris.com",
                "www.vbce.ca"
            ]
        }
    ],
    "categories": [],
    "performance": {},
    "cookies": 0.000732,
    "topInitiators": [
        {
            "domain": "googletagmanager.com",
            "prevalence": 0.7142857142857143
        },
        {
            "domain": "first party",
            "prevalence": 0.2857142857142857
        }
    ],
    "types": {
        "Script": 7
    },
    "nameservers": [
        "ns-1163.awsdns-17.org",
        "ns-1852.awsdns-39.co.uk",
        "ns-425.awsdns-53.com",
        "ns-603.awsdns-11.net"
    ]
}