{
    "domain": "trackcmp.net",
    "owner": {
        "name": "ActiveCampaign, Inc.",
        "displayName": "ActiveCampaign"
    },
    "source": [
        "DuckDuckGo-CA"
    ],
    "prevalence": 0.00408,
    "sites": 39,
    "subdomains": [],
    "cnames": [],
    "fingerprinting": 0,
    "resources": [
        {
            "rule": "trackcmp\\.net\\/visit",
            "cookies": 0.000627,
            "fingerprinting": 0,
            "subdomains": [],
            "apis": {},
            "sites": 6,
            "prevalence": 0.000627,
            "cnames": [],
            "responseHashes": [
                "e3b0c44298fc1c149afbf4c8996fb92427ae41e4649b934ca495991b7852b855"
            ],
            "type": "Script",
            "firstPartyCookies": {},
            "firstPartyCookiesSent": {},
            "exampleSites": [
                "artsclub.com",
                "gearspace.com",
                "learn.utoronto.ca",
                "www.fluentu.com",
                "www.primalsurvivor.net",
                "www.wickedweasel.com"
            ]
        },
        {
            "rule": "trackcmp\\.net\\/t_prism_sitemessages\\.php",
            "cookies": 0,
            "fingerprinting": 0,
            "subdomains": [],
            "apis": {},
            "sites": 33,
            "prevalence": 0.00345,
            "cnames": [],
            "responseHashes": [
                "e3b0c44298fc1c149afbf4c8996fb92427ae41e4649b934ca495991b7852b855"
            ],
            "type": "Script",
            "firstPartyCookies": {},
            "firstPartyCookiesSent": {
                "prism_799414891": 0.00010458063166701528,
                "prism_69038742": 0.00010458063166701528,
                "prism_90305804": 0.00010458063166701528,
                "prism_478463077": 0.00010458063166701528,
                "prism_91095634": 0.00010458063166701528,
                "prism_66996662": 0.00010458063166701528,
                "prism_26297670": 0.00010458063166701528,
                "prism_1001162818": 0.00010458063166701528,
                "prism_799262191": 0.00010458063166701528,
                "prism_225600763": 0.00010458063166701528,
                "__pid": 0.00010458063166701528,
                "prism_613241846": 0.00010458063166701528,
                "prism_66978442": 0.00020916126333403055,
                "prism_1001544518": 0.00010458063166701528,
                "prism_251727399": 0.00010458063166701528,
                "prism_224817533": 0.00010458063166701528,
                "prism_611487216": 0.00010458063166701528,
                "prism_253539639": 0.00010458063166701528,
                "prism_1000565048": 0.00010458063166701528,
                "prism_25900740": 0.00010458063166701528,
                "prism_476976707": 0.00010458063166701528,
                "prism_799363321": 0.00010458063166701528,
                "prism_612570566": 0.00010458063166701528,
                "prism_610292066": 0.00010458063166701528,
                "prism_651611155": 0.00010458063166701528,
                "prism_612242726": 0.00010458063166701528,
                "prism_225691203": 0.00010458063166701528
            },
            "exampleSites": [
                "www.truity.com",
                "www.mtl.org",
                "carfromjapan.com",
                "www.ancient-origins.net",
                "www.canadahelps.org",
                "www.vancouversymphony.ca",
                "www.addictivetips.com",
                "www.globalcitizensolutions.com",
                "vinylsound.ca",
                "www.classic.com",
                "thekingsleyclinic.com",
                "www.velo.qc.ca",
                "thewalrus.ca",
                "www.consumerhealthdigest.com",
                "www.roland.com",
                "www.practical-sailor.com",
                "www.canadatousa.com",
                "tourismnewbrunswick.ca",
                "www.thesimsresource.com",
                "pharmasave.com"
            ]
        }
    ],
    "categories": [
        "Ad Motivated Tracking",
        "Advertising",
        "Action Pixels"
    ],
    "performance": {},
    "cookies": 0.000627,
    "topInitiators": [
        {
            "domain": "app-us1.com",
            "prevalence": 0.7727272727272727
        },
        {
            "domain": "first party",
            "prevalence": 0.13636363636363635
        },
        {
            "domain": "googletagmanager.com",
            "prevalence": 0.06818181818181818
        },
        {
            "domain": "geoedge.be",
            "prevalence": 0.022727272727272728
        }
    ],
    "types": {
        "Script": 39
    },
    "nameservers": [
        "love.ns.cloudflare.com",
        "kellen.ns.cloudflare.com"
    ]
}