{
    "domain": "usbrowserspeed.com",
    "owner": {},
    "source": [
        "DuckDuckGo-CA"
    ],
    "prevalence": 0.00241,
    "sites": 23,
    "subdomains": [
        "a"
    ],
    "cnames": [],
    "fingerprinting": 0,
    "resources": [
        {
            "rule": "usbrowserspeed\\.com\\/cs",
            "cookies": 0.00115,
            "fingerprinting": 0,
            "subdomains": [
                "a"
            ],
            "apis": {},
            "sites": 12,
            "prevalence": 0.00125,
            "cnames": [],
            "responseHashes": [
                "35a003457fa6f3925e9603dd8bddee08a253c4f3e5a480f3a004aba6ef16cb25",
                "a6f6e3a5fb3528e56523f5b96d802e8ff3c9be31616ae7fee419e4912722f1ca",
                "ca833786bcb4525bcb8615f829f9be0fc52d097134a7668d8b3da4ba8bb95073",
                "63c217eed8d530c7f9fbc0c639621307de47f509b0e202e2fce71b5b9f664ac4",
                "757e1cd27b475c7b53bb7a2e8f7376df7e5b118c8e04eca88518e0bb130a0853",
                "300b30e898c8264fe3f2a1375a1df1ef1677a892338cf10f0474ffb14a5b9d4e",
                "98991cf4a2457bfd462e862a0252a5a8885a7e73ed0214ed05a6416e61999c57",
                "17c2f7248a273a289fe1ac23f1c110a9e21188a42562c38dc6e304130caca1d2",
                "a1f85d008dae3cec965e9fde0bec898e8ee9e8b15b5273a8cdcee2d532a4e68f",
                "7f3cd4456ffee37324a3f682a62a2364c5ecf3f9992e7379340da09221ff3d47"
            ],
            "type": "Fetch",
            "firstPartyCookies": {},
            "firstPartyCookiesSent": {},
            "exampleSites": [
                "dailycaller.com",
                "entertainmentnow.com",
                "golf.com",
                "happymuncher.com",
                "mybartender.com",
                "notthebee.com",
                "realtruck.com",
                "reason.com",
                "thestreamable.com",
                "www.consumeraffairs.com",
                "www.sleepfoundation.org",
                "www.wineenthusiast.com"
            ]
        },
        {
            "rule": "usbrowserspeed\\.com\\/cs",
            "cookies": 0.00105,
            "fingerprinting": 0,
            "subdomains": [
                "a"
            ],
            "apis": {},
            "sites": 10,
            "prevalence": 0.00105,
            "cnames": [],
            "responseHashes": [
                "b6baaedcab49f5f6d96e469f574b274f3ba01622a3184606a83cd9751880a160",
                "a2f658194de50d550fcff2768e4ade05e1030b42766b379a8bdee5811c0ab409",
                "e3b0c44298fc1c149afbf4c8996fb92427ae41e4649b934ca495991b7852b855"
            ],
            "type": "Script",
            "firstPartyCookies": {},
            "firstPartyCookiesSent": {
                "vv_visitor_id": 0.00010458063166701528,
                "mmuid": 0.00020916126333403055,
                "_li_dcdm_c": 0.00010458063166701528
            },
            "exampleSites": [
                "golf.com",
                "herb.co",
                "sleepopolis.com",
                "tvtropes.org",
                "www.everlane.com",
                "www.healthcentral.com",
                "www.jns.org",
                "www.snopes.com",
                "www.spectator.co.uk",
                "www.zoominfo.com"
            ]
        },
        {
            "rule": "usbrowserspeed\\.com\\/cs",
            "cookies": 0.000209,
            "fingerprinting": 0,
            "subdomains": [
                "a"
            ],
            "apis": {},
            "sites": 2,
            "prevalence": 0.000209,
            "cnames": [],
            "responseHashes": [
                "ba9b266ae01fc313005ba7d398a15b6071889bb4106aaed8fc85422668558767"
            ],
            "type": "Image",
            "firstPartyCookies": {},
            "firstPartyCookiesSent": {},
            "exampleSites": [
                "astronomy.com",
                "www.trains.com"
            ]
        }
    ],
    "categories": [],
    "performance": {},
    "cookies": 0.0023,
    "topInitiators": [
        {
            "domain": "first party",
            "prevalence": 0.23529411764705882
        },
        {
            "domain": "mm-uxrv.com",
            "prevalence": 0.11764705882352941
        },
        {
            "domain": "bigcrunch.com",
            "prevalence": 0.11764705882352941
        },
        {
            "domain": "dpmsrv.com",
            "prevalence": 0.11764705882352941
        },
        {
            "domain": "sitedataprocessing.com",
            "prevalence": 0.11764705882352941
        },
        {
            "domain": "aggle.net",
            "prevalence": 0.058823529411764705
        },
        {
            "domain": "sentry-cdn.com",
            "prevalence": 0.058823529411764705
        },
        {
            "domain": "osano.com",
            "prevalence": 0.058823529411764705
        },
        {
            "domain": "datadome.co",
            "prevalence": 0.058823529411764705
        },
        {
            "domain": "googletagmanager.com",
            "prevalence": 0.058823529411764705
        }
    ],
    "types": {
        "Fetch": 12,
        "Script": 10,
        "Image": 2
    },
    "nameservers": [
        "ns-682.awsdns-21.net",
        "ns-1076.awsdns-06.org",
        "ns-307.awsdns-38.com",
        "ns-2020.awsdns-60.co.uk"
    ]
}