{
    "domain": "aditude.cloud",
    "owner": {},
    "source": [
        "DuckDuckGo-CH"
    ],
    "prevalence": 0.00164,
    "sites": 16,
    "subdomains": [
        "event-ingestor.judy.pnap"
    ],
    "cnames": [],
    "fingerprinting": 0,
    "resources": [
        {
            "rule": "aditude\\.cloud\\/v1\\/",
            "cookies": 0,
            "fingerprinting": 0,
            "subdomains": [
                "event-ingestor.judy.pnap"
            ],
            "apis": {},
            "sites": 16,
            "prevalence": 0.00164,
            "cnames": [],
            "responseHashes": [
                "65ae9c036b8ece10f22f8071865b5ecd44bdd9f8ab0df20b0772e6480aa77c74",
                "d5d881acd03018d0c890e258efde7b0a42e729bb5162da1ea052651209e8bf1c",
                "3ce376627da976ff0e44d3fca2bf18f2579f9630580b2b7d38393cfdc14521e5",
                "f493293eed0241752b79c2f4116fc2ca071e457234f09e43aca3f8b64b53ab3d",
                "f7ac94742392425697887cf03e2edc0311abdef6adf56dbff28eb411880571b6",
                "771a0e12a0afe58061275e62512050746275fb803309505fff1d251eaf8037b3",
                "7deaa44a2c7120abeb4dedcffac164b0ee270189680cc043910932c946df78b7",
                "b9503eae8bb7cd3dc74bb1fb1fd8d08d08c5501d8003a2b31477acdc3b2401be",
                "aaa1b1b394990abb1364fcbc811b302ddfdc7d7c05c0c611c537dafebf17a5c6",
                "e0361225057217e211ba6ef3b636462ceb05f6736d99e2fb877b39ab4e2f3ecd"
            ],
            "type": "Fetch",
            "firstPartyCookies": {},
            "firstPartyCookiesSent": {},
            "exampleSites": [
                "woxikon.de",
                "nameberry.com",
                "synonyme.woxikon.de",
                "www.avforums.com",
                "www.dexerto.com",
                "www.dexerto.fr",
                "www.electronics-tutorials.ws",
                "www.europeantour.com",
                "www.flightradar24.com",
                "www.hodinkee.com",
                "www.jetphotos.com",
                "www.jornaldacidadeonline.com.br",
                "www.mydealz.de",
                "www.salon.com",
                "www.seattletimes.com",
                "www.yourdictionary.com"
            ]
        }
    ],
    "categories": [],
    "performance": {},
    "cookies": 0,
    "topInitiators": [
        {
            "domain": "aditude.io",
            "prevalence": 0.6470588235294118
        },
        {
            "domain": "script.ac",
            "prevalence": 0.29411764705882354
        },
        {
            "domain": "first party",
            "prevalence": 0.058823529411764705
        }
    ],
    "types": {
        "Fetch": 16
    },
    "nameservers": [
        "david.ns.cloudflare.com",
        "raina.ns.cloudflare.com"
    ]
}