{
    "domain": "app-us1.com",
    "owner": {
        "name": "ActiveCampaign, Inc.",
        "displayName": "ActiveCampaign"
    },
    "source": [
        "DuckDuckGo-CH"
    ],
    "prevalence": 0.00257,
    "sites": 25,
    "subdomains": [
        "diffuser-cdn",
        "prism"
    ],
    "cnames": [],
    "fingerprinting": 1,
    "resources": [
        {
            "rule": "app-us1\\.com\\/diffuser\\/diffuser\\.js",
            "cookies": 0.00154,
            "fingerprinting": 1,
            "subdomains": [
                "diffuser-cdn"
            ],
            "apis": {
                "Navigator.prototype.userAgent": 21,
                "Document.cookie getter": 18,
                "Date.prototype.getTime": 15,
                "Document.cookie setter": 15
            },
            "sites": 25,
            "prevalence": 0.00257,
            "cnames": [],
            "responseHashes": [
                "26db36707844fa367f47c47b4b614db27a608286fe71d9ff8c3012dbe71c5499"
            ],
            "type": "Script",
            "firstPartyCookies": {
                "prism_226349813": {
                    "ttl": 2592003,
                    "length": 36,
                    "prevalence": 0.0001026694045174538,
                    "uniqueness": 1
                },
                "prism_651294295": {
                    "ttl": 2592005,
                    "length": 36,
                    "prevalence": 0.0001026694045174538,
                    "uniqueness": 1
                },
                "prism_478065867": {
                    "ttl": 2592004,
                    "length": 36,
                    "prevalence": 0.0001026694045174538,
                    "uniqueness": 1
                },
                "prism_91160084": {
                    "ttl": 2592006,
                    "length": 36,
                    "prevalence": 0.0001026694045174538,
                    "uniqueness": 1
                },
                "prism_90822704": {
                    "ttl": 2592014,
                    "length": 36,
                    "prevalence": 0.0001026694045174538,
                    "uniqueness": 1
                },
                "prism_65988392": {
                    "ttl": 2592019,
                    "length": 36,
                    "prevalence": 0.0001026694045174538,
                    "uniqueness": 1
                },
                "prism_651099375": {
                    "ttl": 2592006,
                    "length": 36,
                    "prevalence": 0.0001026694045174538,
                    "uniqueness": 1
                },
                "prism_225600763": {
                    "ttl": 2592004,
                    "length": 36,
                    "prevalence": 0.0001026694045174538,
                    "uniqueness": 1
                },
                "prism_476821887": {
                    "ttl": 2592003,
                    "length": 36,
                    "prevalence": 0.0001026694045174538,
                    "uniqueness": 1
                },
                "prism_90082934": {
                    "ttl": 2592015,
                    "length": 36,
                    "prevalence": 0.0001026694045174538,
                    "uniqueness": 1
                },
                "prism_224817533": {
                    "ttl": 2592005,
                    "length": 36,
                    "prevalence": 0.0001026694045174538,
                    "uniqueness": 1
                },
                "prism_611487216": {
                    "ttl": 2592003,
                    "length": 36,
                    "prevalence": 0.0001026694045174538,
                    "uniqueness": 1
                },
                "prism_223992243": {
                    "ttl": 2592004,
                    "length": 36,
                    "prevalence": 0.0001026694045174538,
                    "uniqueness": 1
                },
                "prism_475889207": {
                    "ttl": 2592002,
                    "length": 36,
                    "prevalence": 0.0001026694045174538,
                    "uniqueness": 1
                },
                "prism_92716464": {
                    "ttl": 2592003,
                    "length": 36,
                    "prevalence": 0.0001026694045174538,
                    "uniqueness": 1
                }
            },
            "firstPartyCookiesSent": {},
            "exampleSites": [
                "ifixit.com",
                "www.visitdenmark.de",
                "hoch2.tv",
                "www.ifixit.com",
                "www.flightconnections.com",
                "www.heks.ch",
                "www.addictivetips.com",
                "weltwoche.de",
                "www.swisspearl.com",
                "www.sonepar.ch",
                "www.fairment.de",
                "www.boss.info",
                "weltwoche.ch",
                "sev-online.ch",
                "emotion-technologies.ch",
                "www.jpost.com",
                "deutsch-mit-anna.de",
                "www.classic.com",
                "november.de",
                "www.bookfactory.ch"
            ]
        },
        {
            "rule": "app-us1\\.com\\/",
            "cookies": 0.00216,
            "fingerprinting": 0,
            "subdomains": [
                "prism"
            ],
            "apis": {},
            "sites": 21,
            "prevalence": 0.00216,
            "cnames": [],
            "responseHashes": [
                "326be7494ad56a38cf91d97741041da3d4e6e2c0bb99c9f611c517c7d0471211",
                "a432d85a4eea22e1f7209ee6ab9955d171bf59d6d877dae409b61b26e34007f6",
                "7b3d326f6efb5397e94ecde8a81fa9e788561822047a1835ff9ffb4c8c222e0b",
                "c0f07a54208f8cc1864f8a8bff6d0c5b18bbc8b0099c523a7ca89979fbd3795a",
                "b237ebbeeb2f0b28ba2c23597bc05b8d517df1cbc4b5bacec59a953e8a000a0d",
                "1d8f75da97bf1919a094fb66118e4d28cc2a99522c20afab92f40c67c4404c7d",
                "e3b0c44298fc1c149afbf4c8996fb92427ae41e4649b934ca495991b7852b855",
                "49a79050f6015b111e78e5589cf3e7d21650cf161f53af527aebc45aac2f4ec0",
                "416b8028329a8c010ad00b88cfd62c86ae92cc24ebea309ddc9c0de90f2ff8cb",
                "d4247a08396a05cae9f518198aa0bd0edfaeedc1ab6c38acc52e97144f10728f",
                "86452a812c360c020e6fbc391d40ca9b1a70473ea0ff36a86cca058f175c5e64",
                "47af3c55ef4ca115c2be36f42ad90c780d1f9ce3bda7c6aef76badf166922d04",
                "a2faf02c23350ad366925a3c3eb5b1f3eb7a24c5eb9bbaf404fd8f13af637041",
                "3caa3802b8eef2e4ff11f3ed1cf54eadc1cd839e9fa5cc62efb7558f9d3ad2aa",
                "cfa5ebf933b87e2b5e31bfba86a11f5d46692c78da8741278ff2598380bb1333",
                "2c9cae1664d9de99acfc03415e7a29c7a6f17eb0a529d4630c9f0a3381c0525e",
                "0e9ab7d0355e4a019a5b76b0acb8299415b9509809b612988c179eaeb5f543ee",
                "fc4e2c806db51006e0a1a20709eb56732afe9efe396e57daf5cd9337c44780a8"
            ],
            "type": "Script",
            "firstPartyCookies": {},
            "firstPartyCookiesSent": {
                "gtm_lp_url": 0.0001026694045174538
            },
            "exampleSites": [
                "www.caritas.ch",
                "weltwoche.ch",
                "www.jpost.com",
                "www.bookfactory.ch",
                "weltwoche.de",
                "www.fairment.de",
                "www.buhlergroup.com",
                "november.de",
                "sev-online.ch",
                "emotion-technologies.ch",
                "www.sonepar.ch",
                "www.swisspearl.com",
                "sagessesante.fr",
                "www.flightconnections.com",
                "www.heks.ch",
                "www.boss.info",
                "www.classic.com",
                "hoch2.tv",
                "deutsch-mit-anna.de",
                "www.addictivetips.com"
            ]
        }
    ],
    "categories": [],