{
    "domain": "chtintr.com",
    "owner": {},
    "source": [
        "DuckDuckGo-CH"
    ],
    "prevalence": 0.00123,
    "sites": 12,
    "subdomains": [],
    "cnames": [],
    "fingerprinting": 0,
    "resources": [
        {
            "rule": "chtintr\\.com\\/widget",
            "cookies": 0,
            "fingerprinting": 0,
            "subdomains": [],
            "apis": {},
            "sites": 12,
            "prevalence": 0.00123,
            "cnames": [],
            "responseHashes": [
                "6071f9ebf425f98d6ed819713b7f09245de44775e233912bdf6663da2db810de",
                "e1712da0d6b7be6f88b950888f91201c9365128c2ca06902ca98760168af82c7",
                "ad714f29ca4b6927cbbddb08e83e44da8e767c780ece3b0876e34ac9d9d9a1b0",
                "da7a80261c1018a1983dba1d74812b469c0944e553f5662892ff9fe9b6ff749e",
                "a100dda6b3b24c34aa4510393e650071836559357daaf7f8b5613e095601afbc",
                "dd0691e711345117a4124fd1547d3bdd2665e56a437c35e0b70867210404032c",
                "5ffa1755805a60d94f3084a87156832ea1246b977ff64566f284710f2215ad01",
                "0522f395b20854857fe7c6597479eb64276dec0450d109dd75ff1f22c155622c",
                "9b63a3c73fa3ae3a5c4c0a49d1287eab415764e9b1957f89ec847db18c7cdbcf"
            ],
            "type": "Document",
            "firstPartyCookies": {},
            "firstPartyCookiesSent": {},
            "exampleSites": [
                "deinesexfilme.com",
                "www.halloporno.net",
                "www.hd-sexfilme.com",
                "www.hdpornos.xxx",
                "www.herzporno.net",
                "www.lesbenhd.com",
                "www.pornoente.tv",
                "www.pornohirsch.net",
                "www.pornohammer.com",
                "www.pornotom.com",
                "www.pornoklinge.com",
                "www.pornoaffe.net"
            ]
        }
    ],
    "categories": [],
    "performance": {},
    "cookies": 0,
    "topInitiators": [
        {
            "domain": "first party",
            "prevalence": 1
        }
    ],
    "types": {
        "Document": 12
    },
    "nameservers": [
        "tim.ns.cloudflare.com",
        "mona.ns.cloudflare.com"
    ]
}