{
    "domain": "cookie-script.com",
    "owner": {},
    "source": [
        "DuckDuckGo-CH"
    ],
    "prevalence": 0.00585,
    "sites": 57,
    "subdomains": [
        "consent",
        "cdn",
        "crossdomain",
        "geo"
    ],
    "cnames": [],
    "fingerprinting": 1,
    "resources": [
        {
            "rule": "cookie-script\\.com\\/analytics",
            "cookies": 0,
            "fingerprinting": 0,
            "subdomains": [
                "consent"
            ],
            "apis": {},
            "sites": 28,
            "prevalence": 0.00287,
            "cnames": [],
            "responseHashes": [
                "207d666328f821724d34a2d2d4952fb5b226021e286570f50e369e326af09fff",
                "b20c2698350a4480c0f58471b7e065ab38c3b5fcede182cc94b171ad4b9d4ee5",
                "5649ad56ec055af18dd4fea6988500d76aa9cf7e615191f495f6b15f522f2be6",
                "9a5fc1681879811e100509e22baf9a297b6af4ea749ee6d02af9c2c9c8d2e2fd",
                "5e78726c79f48e9ca2dc0e4ec8a369e58fc9d1dfb9d24ca569a56242c15b27dc",
                "c4924643258cca9c4cd290f99e3772aea93821dc533007cda956219c67e7fc24",
                "08e3375488fe3183cd924cbf85959add7c41bc148fa46bf8fc01bb559cb891b1",
                "f12ab8da8e86a3c9c4cd14971e6b2860ec6e0c82d44728a4088301f3d20df786",
                "757f8a1b11490d2872c22503564397925ba56a7806ccb85c9dac99d6b5a7124f",
                "31ab4ba5a3f83c4fe512f93281778c16bca556cc1ed700c9d65d0f2a0c2f5add",
                "f1c73f38838e6fbc76a3b449a7d2dc114f8fafe97c9c5694c1cb3b989ff13565",
                "840118a7dd25d33b47dd7fb18459dc31b966d5db73fb521664d6ac41a52e64c9",
                "eab72ca6573b360d865e5e4d9cc145f665e3694648141d4dce0cc2c1453b2733",
                "f8ba07bb5f8224f08d68524484dfbd201a5214fcab2f694bde35d0f38eacb3f2",
                "0c74d08c7ef991e727119dbab437bf10af8f516702ae4e5dae1466ffdfca21bf",
                "55f4d60b913a059bef1dd5966a42163eea0255c41123b0674e1488a79b9f1ba4",
                "3952914506e3e0eb927c5f4e2a583f2caa394344cb3ad1514a369b5261aaaebe",
                "b364382ada585df134ae82c53316f0f1c23c934c6b3ffe94cb2ccccd3103f4f7",
                "e6b657b2d848edd7a7fb012cbf452419ed266d6eaa1667fa70dba3202ef53681",
                "936f1c3364a842655aba0e229129a5f27f4fa1e0147616e0e9bd085f00bbd57d",
                "0c098cff6d4436e43da33a7156611a984d7e5df00ba34da2885e60eb5b4ac03d",
                "885099a4b7e05232760144d406a36ceb2cba1adbae967028161ecdc0da59fbc0",
                "cd4a3968d34271451f68cc4e7c096f16180a12f366b0ae4fa43a510feb53b361"
            ],
            "type": "XHR",
            "firstPartyCookies": {},
            "firstPartyCookiesSent": {},
            "exampleSites": [
                "kambly.com",
                "www.tempslibre.ch",
                "www.kaufmich.com",
                "www.farmy.ch",
                "www.buhlergroup.com",
                "www.fetisch.de",
                "www.eurocampings.de",
                "web.sv-restaurant.ch",
                "www.heks.ch",
                "www.ferienhausmiete.de",
                "www.kartause.ch",
                "www.deskmodder.de",
                "www.montreuxriviera.com",
                "www.polizei-schweiz.ch",
                "de.eurovelo.com",
                "www.loisirs.ch",
                "www.ufarevue.ch",
                "community.zyxel.com",
                "www.rebuy.de",
                "jooble.org"
            ]
        },
        {
            "rule": "cookie-script\\.com\\/iabtcf\\/2\\.2\\/sdk_cmp\\.js",
            "cookies": 0,
            "fingerprinting": 1,
            "subdomains": [
                "cdn"
            ],
            "apis": {
                "Date.prototype.getTime": 10
            },
            "sites": 10,
            "prevalence": 0.00103,
            "cnames": [],
            "responseHashes": [
                "2c0dd6393517e45d6a86628931927c4677f62ae2f8475a79b4a4e3b29cdfb00d"
            ],
            "type": "Script",
            "firstPartyCookies": {},
            "firstPartyCookiesSent": {},
            "exampleSites": [
                "jooble.org",
                "seniorenportal-schweiz.ch",
                "www.deskmodder.de",
                "www.freizeit.ch",
                "www.loisirs.ch",
                "www.polizei-schweiz.ch",
                "www.regioactive.de",
                "www.swipein.restaurant",
                "www.tempslibre.ch",
                "www.ufarevue.ch"
            ]
        },
        {
            "rule": "cookie-script\\.com\\/iabtcf\\/2\\.2\\/vendor-list\\.json",
            "cookies": 0,
            "fingerprinting": 0,
            "subdomains": [
                "cdn"
            ],
            "apis": {},
            "sites": 10,
            "prevalence": 0.00103,
            "cnames": [],
            "responseHashes": [
                "dc0026c9cd7be498bc430ca92d212a17f590bd123c62d0248ce854e5606ad630"
            ],
            "type": "XHR",
            "firstPartyCookies": {},
            "firstPartyCookiesSent": {},
            "exampleSites": [
                "jooble.org",
                "seniorenportal-schweiz.ch",
                "www.deskmodder.de",
                "www.freizeit.ch",
                "www.loisirs.ch",
                "www.polizei-schweiz.ch",
                "www.regioactive.de",
                "www.swipein.restaurant",
                "www.tempslibre.ch",
                "www.ufarevue.ch"
            ]
        },
        {
            "rule": "cookie-script\\.com\\/iabtcf\\/2\\.2\\/google-vendors\\.json",
            "cookies": 0,
            "fingerprinting": 0,
            "subdomains": [
                "cdn"
            ],
            "apis": {},
            "sites": 10,
            "prevalence": 0.00103,
            "cnames": [],
            "responseHashes": [
                "a60153f85720b221e4d5fb81b10239a6a65bc2a4d9f343849ecc2edd798ed673"
            ],
            "type": "Fetch",
            "firstPartyCookies": {},
            "firstPartyCookiesSent": {},
            "exampleSites": [
                "jooble.org",
                "seniorenportal-schweiz.ch",
                "www.deskmodder.de",
                "www.freizeit.ch",
                "www.loisirs.ch",
                "www.polizei-schweiz.ch",
                "www.regioactive.de",
                "www.swipein.restaurant",
                "www.tempslibre.ch",
                "www.ufarevue.ch"
            ]
        },
        {
            "rule": "cookie-script\\.com\\/iabtcf\\/2\\.2\\/purposes-de\\.json",
            "cookies": 0,
            "fingerprinting": 0,
            "subdomains": [
                "cdn"
            ],
            "apis": {},
            "sites": 3,
            "prevalence": 0.000308,
            "cnames": [],
            "responseHashes": [
                "231666c5c9482265c04a92050cdad051bfb0dd3cd50b8a61e1839e10b14c01cc"
            ],
            "type": "XHR",
            "firstPartyCookies": {},
            "firstPartyCookiesSent": {},
            "exampleSites": [
                "jooble.org",
                "www.deskmodder.de",
                "www.ufarevue.ch"
            ]
        },
        {
            "rule": "cookie-script\\.com\\/getCookie",
            "cookies": 0,
            "fingerprinting": 0,
            "subdomains": [
                "crossdomain"
            ],
            "apis": {},
            "sites": 2,
            "prevalence": 0.000205,
            "cnames": [],
            "responseHashes": [
                "e3b0c44298fc1c149afbf4c8996fb92427ae41e4649b934ca495991b7852b855"
            ],
            "type": "XHR",
            "firstPartyCookies": {},
            "firstPartyCookiesSent": {},
            "exampleSites": [
                "bubble.io",
                "www.eurocampings.de"
            ]
        },
        {
            "rule": "cookie-script\\.com\\/s\\/9f2e4f3ae272e6239af3325a81c28bb6\\.js",
            "cookies": 0,