{
    "domain": "cq0.co",
    "owner": {},
    "source": [
        "DuckDuckGo-CH"
    ],
    "prevalence": 0.00164,
    "sites": 16,
    "subdomains": [
        "doh"
    ],
    "cnames": [],
    "fingerprinting": 0,
    "resources": [
        {
            "rule": "cq0\\.co\\/resolve",
            "cookies": 0,
            "fingerprinting": 0,
            "subdomains": [
                "doh"
            ],
            "apis": {},
            "sites": 16,
            "prevalence": 0.00164,
            "cnames": [],
            "responseHashes": [
                "5ed19a743437d36ca5327220a69b9983af13745e28769c56ba913af749d4fa0d",
                "6a2dc2010eff421a1e9b8e98bd74553dc603de98d365417bf65335a4dd133dd7",
                "8576a57c5c4e19a0fd8f69e17878e7a52d213f761881c25aa07c51558055a2a1",
                "6d0dce3bdd19bead706711baabe2e06ad888f4fed2c6fb41afde0dc5504149af",
                "75a1cc6c902934eb8af00f646431c434e8d994c808b592f6a5b7af3ebd0bac7e",
                "1375499a9840a51949294b731785c8e0d18ab4e308b42b0f3e216985a7d1639a",
                "66e562ffa84f268da571765709eb05cac9a7f8e2921ffde1c4d3cc79bf278e12",
                "22c9693d121d08e1e42f510a71f0039384c818f0e762d09bea26a81b583e022e",
                "ef283731160cbfe1fd9ee5f58f20943d100bdff456bf107dca585a1bbeba78f1",
                "039e25ced8fb9cefe3ce98eea13a67f75f6afd738072653e32ecff64184192a4",
                "773d12c7b868a16ea78557268b2395c0d3b65b150faa3e470c58ed314e2314dc",
                "1d21af602481c9926b8a9545d5a6ae4aa66477b6a01fede8ad52a33e821bea8f",
                "e08319f60e8405069c96ebea8936d7718a5281fb5583cd87ee2e74879e8a14c6",
                "bdf64d474ece3436fe62f28cc4ff5558c402002137c34a7881a27aabfe674484",
                "2f8004b050a707d9f54c42d17c30049a7f0b3a306f0f15ab8ccdc3b0b4e341f4"
            ],
            "type": "Fetch",
            "firstPartyCookies": {},
            "firstPartyCookiesSent": {
                "_li_dcdm_c": 0.0001026694045174538
            },
            "exampleSites": [
                "go.com",
                "ch.norton.com",
                "moviesanywhere.com",
                "www.audi.ch",
                "www.britishairways.com",
                "www.delta.com",
                "www.easyjet.com",
                "www.fidelity.com",
                "www.johnlewis.com",
                "www.latimes.com",
                "www.mayoclinic.org",
                "www.nationalgeographic.com",
                "www.volkswagen-nutzfahrzeuge.de",
                "www.volkswagen.de",
                "www.volkswagen-nutzfahrzeuge.ch",
                "www.volkswagen.ch"
            ]
        }
    ],
    "categories": [],
    "performance": {},
    "cookies": 0,
    "topInitiators": [
        {
            "domain": "first party",
            "prevalence": 0.5
        },
        {
            "domain": "lighthouselabs.eu",
            "prevalence": 0.25
        },
        {
            "domain": "espn.com",
            "prevalence": 0.0625
        },
        {
            "domain": "audi.com",
            "prevalence": 0.0625
        },
        {
            "domain": "californiatimes.com",
            "prevalence": 0.0625
        },
        {
            "domain": "ensighten.com",
            "prevalence": 0.0625
        }
    ],
    "types": {
        "Fetch": 16
    },
    "nameservers": [
        "ns-1240.awsdns-27.org",
        "ns-1857.awsdns-40.co.uk",
        "ns-488.awsdns-61.com",
        "ns-682.awsdns-21.net"
    ]
}