{
    "domain": "enrtx.com",
    "owner": {},
    "source": [
        "DuckDuckGo-CH"
    ],
    "prevalence": 0.00123,
    "sites": 12,
    "subdomains": [],
    "cnames": [],
    "fingerprinting": 0,
    "resources": [
        {
            "rule": "enrtx\\.com\\/get\\/",
            "cookies": 0,
            "fingerprinting": 0,
            "subdomains": [],
            "apis": {},
            "sites": 12,
            "prevalence": 0.00123,
            "cnames": [],
            "responseHashes": [
                "2ad1ea51f5e737da12687d55382081c29d8732fe88843799be22552eedf2f7b8",
                "6e9b8c9eb47d59778ac8c05aadadc1db50f4ca447e47dee0bd8196754dce6931",
                "e55dea580260f26c5c9afd2f2792b15e428ddb87f233e2371041e5f673f4acf9",
                "1c645bd474a723e0a7199c63f541f040e321a613c1aa2d913d1c2a28eec2270b",
                "cd1764479ba76894a899dcda4b3f319ac29cd919e5a5c8d04ebfa86edcbfea48",
                "b2d53e44218a7b8ff93e10a840c232641ccfe1ef11d6288065d25fcbf8247cb6",
                "16f882361b1c62833b720454c1af10f082359f1507b59d42173cb34019e09f41",
                "fa8997c11bb364e2be6ad977ee44fa00f7f0fced4fe45ee1cf8d67599e28301f",
                "bf4895621cafd57890a43fc7312dadfaacfbb86adad76d615d40790ca5d242d1",
                "57300fc41483a2c7c16c8dfafd03f76d9bbdf75a89b162c260ce1f89d5bba3f4",
                "685c2f043a463131fdbaf9ef13683e8923651f89064a3c1dea2ecf9a04eae70b"
            ],
            "type": "Fetch",
            "firstPartyCookies": {},
            "firstPartyCookiesSent": {},
            "exampleSites": [
                "fans-here.com",
                "fr.3hentai.net",
                "heavyfetish.com",
                "thepornscat.com",
                "thethothub.com",
                "thothub.ch",
                "thothub.lol",
                "thothub.org",
                "thothub.to",
                "www.pornhits.com",
                "www.thothub.to",
                "x-x-x.video"
            ]
        }
    ],
    "categories": [],
    "performance": {},
    "cookies": 0,
    "topInitiators": [
        {
            "domain": "capndr.com",
            "prevalence": 0.5833333333333334
        },
        {
            "domain": "cdd53ec0c3.com",
            "prevalence": 0.25
        },
        {
            "domain": "first party",
            "prevalence": 0.16666666666666666
        }
    ],
    "types": {
        "Fetch": 12
    },
    "nameservers": [
        "ns1.digitalocean.com",
        "ns2.digitalocean.com",
        "ns3.digitalocean.com"
    ]
}