{
    "domain": "gaug.es",
    "owner": {},
    "source": [
        "DuckDuckGo-CH"
    ],
    "prevalence": 0.000719,
    "sites": 7,
    "subdomains": [
        "secure"
    ],
    "cnames": [],
    "fingerprinting": 1,
    "resources": [
        {
            "rule": "gaug\\.es\\/track\\.js",
            "cookies": 0.000616,
            "fingerprinting": 1,
            "subdomains": [
                "secure"
            ],
            "apis": {
                "Date.prototype.getTime": 7,
                "Document.cookie setter": 6,
                "Navigator.prototype.userAgent": 7,
                "Document.cookie getter": 6,
                "Screen.prototype.width": 7,
                "window.innerWidth": 7,
                "window.innerHeight": 7
            },
            "sites": 7,
            "prevalence": 0.000719,
            "cnames": [],
            "responseHashes": [
                "df2698e6cf74ed890afa92da10051f880df2ce0b3257b73c5d9ae2f6bea82d3c"
            ],
            "type": "Script",
            "firstPartyCookies": {
                "_gauges_cookie": {
                    "ttl": 5,
                    "length": 1,
                    "prevalence": 0.0006160164271047228,
                    "uniqueness": 0.16666666666666666
                },
                "_gauges_unique_hour": {
                    "ttl": 3606,
                    "length": 1,
                    "prevalence": 0.0006160164271047228,
                    "uniqueness": 0.16666666666666666
                },
                "_gauges_unique_day": {
                    "ttl": 86406,
                    "length": 1,
                    "prevalence": 0.0006160164271047228,
                    "uniqueness": 0.16666666666666666
                },
                "_gauges_unique_month": {
                    "ttl": 2678406,
                    "length": 1,
                    "prevalence": 0.0006160164271047228,
                    "uniqueness": 0.16666666666666666
                },
                "_gauges_unique_year": {
                    "ttl": 31536006,
                    "length": 1,
                    "prevalence": 0.0006160164271047228,
                    "uniqueness": 0.16666666666666666
                },
                "_gauges_unique": {
                    "ttl": 31536006,
                    "length": 1,
                    "prevalence": 0.0006160164271047228,
                    "uniqueness": 0.16666666666666666
                }
            },
            "firstPartyCookiesSent": {},
            "exampleSites": [
                "appletoolbox.com",
                "camunda.com",
                "machinelearningmastery.com",
                "www.alphr.com",
                "www.guidingtech.com",
                "www.omgubuntu.co.uk",
                "www.technipages.com"
            ]
        },
        {
            "rule": "gaug\\.es\\/track\\.gif",
            "cookies": 0,
            "fingerprinting": 0,
            "subdomains": [
                "secure"
            ],
            "apis": {},
            "sites": 7,
            "prevalence": 0.000719,
            "cnames": [],
            "responseHashes": [
                "7fff1569ea68ef52782ba25b0cf3934627f7a4fc1e8e22f4652de959c5f97978"
            ],
            "type": "Image",
            "firstPartyCookies": {},
            "firstPartyCookiesSent": {},
            "exampleSites": [
                "appletoolbox.com",
                "camunda.com",
                "machinelearningmastery.com",
                "www.alphr.com",
                "www.guidingtech.com",
                "www.omgubuntu.co.uk",
                "www.technipages.com"
            ]
        }
    ],
    "categories": [],
    "performance": {},
    "cookies": 0.000616,
    "topInitiators": [
        {
            "domain": "first party",
            "prevalence": 0.8571428571428571
        },
        {
            "domain": "osano.com",
            "prevalence": 0.14285714285714285
        }
    ],
    "types": {
        "Script": 7,
        "Image": 7
    },
    "nameservers": [
        "ns-1754.awsdns-27.co.uk",
        "ns-451.awsdns-56.com",
        "ns-940.awsdns-53.net",
        "ns-1458.awsdns-54.org"
    ]
}