{
    "domain": "gcprivacy.com",
    "owner": {},
    "source": [
        "DuckDuckGo-CH"
    ],
    "prevalence": 0.000821,
    "sites": 8,
    "subdomains": [
        "p",
        "p2",
        "analytics"
    ],
    "cnames": [],
    "fingerprinting": 1,
    "resources": [
        {
            "rule": "gcprivacy\\.com\\/t\\/gcid_s\\.min\\.js",
            "cookies": 0.000719,
            "fingerprinting": 1,
            "subdomains": [
                "p"
            ],
            "apis": {
                "window.localStorage": 7,
                "Document.cookie getter": 7,
                "Date.prototype.getTime": 7,
                "Document.cookie setter": 7
            },
            "sites": 7,
            "prevalence": 0.000719,
            "cnames": [],
            "responseHashes": [
                "838758441f84717091712d78704b651cf43ad5912e60d3545389eb653d21d6bf"
            ],
            "type": "Script",
            "firstPartyCookies": {
                "gc_session_id": {
                    "ttl": 3463,
                    "length": 21,
                    "prevalence": 0.0007186858316221766,
                    "uniqueness": 1
                },
                "gcid_first": {
                    "ttl": 7776012,
                    "length": 36,
                    "prevalence": 0.0004106776180698152,
                    "uniqueness": 1
                }
            },
            "firstPartyCookiesSent": {},
            "exampleSites": [
                "boredpanda.com",
                "www.iphonelife.com",
                "www.jpost.com",
                "www.oracletutorial.com",
                "www.sofascore.com",
                "www.sqlitetutorial.net",
                "www.w3docs.com"
            ]
        },
        {
            "rule": "gcprivacy\\.com\\/v4\\/sync",
            "cookies": 0.000719,
            "fingerprinting": 0,
            "subdomains": [
                "p2"
            ],
            "apis": {},
            "sites": 8,
            "prevalence": 0.000821,
            "cnames": [],
            "responseHashes": [
                "34ec68e36948c9516d8e457cfead2f75e5ed9489ba24966c2a87f70a4aac6d6e",
                "e8acf3b05855962a9dac7a5620a62d5455a58b7af25580891e4613274efe92d5",
                "964253c064418badab09ef95354787a48175bfa38403d5598d7c0375c8110824",
                "6a5ab92e4f5d997b48e84a81eec1f4e16072b974fd21e13e7efb2971b322e0b8",
                "7baaf8e2d76d64e5401758673292c42d2f6a8e699641d8dd3750dc6db8f81721",
                "41c1772c04149cfc360edfeef855f864a4ebdfc0fda9d1946c0d257e4a155a48",
                "6d6a7bffaf35b7c627681bdaeecb0eb2f3c7f61e426e9babb67c3f9e937982e7"
            ],
            "type": "XHR",
            "firstPartyCookies": {},
            "firstPartyCookiesSent": {
                "_li_dcdm_c": 0.0002053388090349076,
                "lotame_domain_check": 0.0003080082135523614
            },
            "exampleSites": [
                "boredpanda.com",
                "www.iphonelife.com",
                "www.jpost.com",
                "www.oracletutorial.com",
                "www.sofascore.com",
                "www.sportskeeda.com",
                "www.sqlitetutorial.net",
                "www.w3docs.com"
            ]
        },
        {
            "rule": "gcprivacy\\.com\\/v3\\/analytics",
            "cookies": 0,
            "fingerprinting": 0,
            "subdomains": [
                "analytics"
            ],
            "apis": {},
            "sites": 2,
            "prevalence": 0.000205,
            "cnames": [],
            "responseHashes": [],
            "type": "Preflight",
            "firstPartyCookies": {},
            "firstPartyCookiesSent": {
                "gcid_first": 0.0002053388090349076,
                "lotame_domain_check": 0.0001026694045174538
            },
            "exampleSites": [
                "oracletutorial.com",
                "www.sqlitetutorial.net"
            ]
        },
        {
            "rule": "gcprivacy\\.com\\/v3\\/analytics",
            "cookies": 0,
            "fingerprinting": 0,
            "subdomains": [
                "analytics"
            ],
            "apis": {},
            "sites": 2,
            "prevalence": 0.000205,
            "cnames": [],
            "responseHashes": [
                "a86d033791843a930ee7479d9c1de8e2b2a500d0aa1a58c03156e7ce2e811df2"
            ],
            "type": "XHR",
            "firstPartyCookies": {},
            "firstPartyCookiesSent": {
                "gcid_first": 0.0002053388090349076,
                "lotame_domain_check": 0.0001026694045174538
            },
            "exampleSites": [
                "oracletutorial.com",
                "www.sqlitetutorial.net"
            ]
        }
    ],
    "categories": [],
    "performance": {},
    "cookies": 0.000821,
    "topInitiators": [
        {
            "domain": "increaserev.com",
            "prevalence": 0.36363636363636365
        },
        {
            "domain": "first party",
            "prevalence": 0.2727272727272727
        },
        {
            "domain": "adapex.io",
            "prevalence": 0.2727272727272727
        },
        {
            "domain": "privacy-center.org",
            "prevalence": 0.09090909090909091
        }
    ],
    "types": {
        "Script": 7,
        "XHR": 10,
        "Preflight": 2
    },
    "nameservers": [
        "ns-409.awsdns-51.com",
        "ns-828.awsdns-39.net",
        "ns-1134.awsdns-13.org",
        "ns-1818.awsdns-35.co.uk"
    ]
}