{
    "domain": "getsitectrl.com",
    "owner": {},
    "source": [
        "DuckDuckGo-CH"
    ],
    "prevalence": 0.000924,
    "sites": 9,
    "subdomains": [
        "events"
    ],
    "cnames": [],
    "fingerprinting": 0,
    "resources": [
        {
            "rule": "getsitectrl\\.com\\/api\\/v1\\/events",
            "cookies": 0,
            "fingerprinting": 0,
            "subdomains": [
                "events"
            ],
            "apis": {},
            "sites": 9,
            "prevalence": 0.000924,
            "cnames": [],
            "responseHashes": [
                "b390652172058e79915cf4a0bd8e51a53c653d5fca5d398607406ed1e4895b91",
                "be28931a3a13b28fdf77cc58b41c645941b6a9a924dc1f3942cc316edbd26c2c",
                "5081696ec59e5fe929a82daf18ecdb33027e6ad5d5249e67364a1f8e49681642",
                "c84c6dd818fd7c2d8cc65c41950c52d01b0fc880dbae38aa7d322fb0070bbee1",
                "156b65c41ea8c8a9cb4327f2ae97725b4404aeb7ae1540d6507aae1a8702dc96",
                "ec6ad394c7b0b036693ef48b3f8a5c16435c9433ce245b7013132ee461a2583a",
                "ff16e040b312bfa05744e42b8d962e7567cad9ebab34222a44ed01d795a88bb1",
                "4d8a22cfd88e5b307467ac335101b45e70a25580a8a6cdf0736d61e922880129"
            ],
            "type": "Fetch",
            "firstPartyCookies": {},
            "firstPartyCookiesSent": {},
            "exampleSites": [
                "goetheanum.ch",
                "november.de",
                "www.anwalt.de",
                "www.beauxarts.com",
                "www.gerstl.ch",
                "www.iamexpat.ch",
                "www.luganoregion.com",
                "www.physio-pedia.com",
                "www.promessedefleurs.com"
            ]
        },
        {
            "rule": "getsitectrl\\.com\\/api\\/v1\\/events",
            "cookies": 0,
            "fingerprinting": 0,
            "subdomains": [
                "events"
            ],
            "apis": {},
            "sites": 3,
            "prevalence": 0.000308,
            "cnames": [],
            "responseHashes": [
                "e3b0c44298fc1c149afbf4c8996fb92427ae41e4649b934ca495991b7852b855"
            ],
            "type": "Ping",
            "firstPartyCookies": {},
            "firstPartyCookiesSent": {},
            "exampleSites": [
                "anwalt.de",
                "www.gerstl.ch",
                "www.physio-pedia.com"
            ]
        }
    ],
    "categories": [],
    "performance": {},
    "cookies": 0,
    "topInitiators": [
        {
            "domain": "getsitecontrol.com",
            "prevalence": 0.8461538461538461
        },
        {
            "domain": "first party",
            "prevalence": 0.15384615384615385
        }
    ],
    "types": {
        "Fetch": 9,
        "Ping": 3
    },
    "nameservers": [
        "ns-853.awsdns-42.net",
        "ns-1552.awsdns-02.co.uk",
        "ns-420.awsdns-52.com",
        "ns-1342.awsdns-39.org"
    ]
}