{
    "domain": "kameleoon.io",
    "owner": {},
    "source": [
        "DuckDuckGo-CH"
    ],
    "prevalence": 0.00113,
    "sites": 11,
    "subdomains": [
        "ww49g3txrf",
        "kmsgkwm1x0",
        "jvhn1tg8ok",
        "3qvmftixwq",
        "nu7r6fs9ey",
        "h3va0acgez",
        "fj3ikxyjuy",
        "xih9lsprjt",
        "l3n0djpu9w",
        "new7ro5w4o",
        "data",
        "na-data"
    ],
    "cnames": [],
    "fingerprinting": 2,
    "resources": [
        {
            "rule": "kameleoon\\.io\\/kameleoon\\.js",
            "cookies": 0.000513,
            "fingerprinting": 2,
            "subdomains": [
                "ww49g3txrf",
                "kmsgkwm1x0",
                "jvhn1tg8ok",
                "3qvmftixwq",
                "nu7r6fs9ey",
                "h3va0acgez",
                "fj3ikxyjuy",
                "xih9lsprjt",
                "l3n0djpu9w",
                "new7ro5w4o"
            ],
            "apis": {
                "Date.prototype.getTime": 10,
                "window.sessionStorage": 9,
                "window.localStorage": 9,
                "Navigator.prototype.userAgent": 9,
                "Document.cookie getter": 9,
                "Document.cookie setter": 5,
                "Screen.prototype.height": 9,
                "Screen.prototype.width": 9,
                "Intl.DateTimeFormat.prototype.resolvedOptions": 6,
                "window.innerHeight": 9,
                "window.innerWidth": 9,
                "Navigator.prototype.language": 9
            },
            "sites": 10,
            "prevalence": 0.00103,
            "cnames": [],
            "responseHashes": [
                "444d23cc03350e49d2cbfa1cd03d7fddfcdf6fb4153f07a6343d947b0d89ec53",
                "d48cd2495460c313698c13f7190523ee7dbe89b80e3b0e0036d89cf019fbe7f0",
                "f4c43381e1ab675c8800de17fbaa59f191285b5c10526c3dab85d3964f4ba4f7",
                "df19ab4042a167d5926bc7d8dea223e656eb08e41a95ec65af5c9a53fae41194",
                "0e3ac03ca797f0ec58af91c067c22f05d594e927528a64865d6d04b16297cc0a",
                "2230d3f82fd2921733d2008f1825ebecd0c1f05b3f6b8b646a7f3187d5ef48f9",
                "a1dd2b549d9aada0fa071ea7b08fdb2a9ad87d3df648a819df37b8d6d0ed7948",
                "9e16810584701de9fa5705043104d777ed67e14b450d587c8cbed8954e77a145",
                "76f66df22af93deab477aeccc85d466d5bbc0b49a6408a6f28ec34874f6078fb"
            ],
            "type": "Script",
            "firstPartyCookies": {
                "kameleoonVisitorCode": {
                    "ttl": 31536004,
                    "length": 16,
                    "prevalence": 0.000513347022587269,
                    "uniqueness": 1
                }
            },
            "firstPartyCookiesSent": {},
            "exampleSites": [
                "benuta.ch",
                "impuls.migros.ch",
                "neho.ch",
                "www.coop-city.ch",
                "www.dehner.de",
                "www.jungheinrich-profishop.ch",
                "www.kaspersky.de",
                "www.mayoclinic.org",
                "www.native-instruments.com",
                "www.ruhrnachrichten.de"
            ]
        },
        {
            "rule": "kameleoon\\.io\\/visit\\/events",
            "cookies": 0,
            "fingerprinting": 0,
            "subdomains": [
                "data",
                "na-data"
            ],
            "apis": {},
            "sites": 5,
            "prevalence": 0.000513,
            "cnames": [],
            "responseHashes": [
                "e3b0c44298fc1c149afbf4c8996fb92427ae41e4649b934ca495991b7852b855"
            ],
            "type": "XHR",
            "firstPartyCookies": {},
            "firstPartyCookiesSent": {
                "kameleoonVisitorCode": 0.000513347022587269
            },
            "exampleSites": [
                "benuta.ch",
                "impuls.migros.ch",
                "www.coop-city.ch",
                "www.kaspersky.de",
                "www.mayoclinic.org"
            ]
        },
        {
            "rule": "kameleoon\\.io\\/visit\\/visitor",
            "cookies": 0,
            "fingerprinting": 0,
            "subdomains": [
                "data",
                "na-data"
            ],
            "apis": {},
            "sites": 4,
            "prevalence": 0.000411,
            "cnames": [],
            "responseHashes": [
                "e1aff7d0b82afc3da592b1c024b9066e8fd2d8871ee9723beeeb9b54ddf194dc"
            ],
            "type": "XHR",
            "firstPartyCookies": {},
            "firstPartyCookiesSent": {
                "kameleoonVisitorCode": 0.0004106776180698152
            },
            "exampleSites": [
                "migros.ch",
                "www.coop-city.ch",
                "www.kaspersky.de",
                "www.mayoclinic.org"
            ]
        },
        {
            "rule": "kameleoon\\.io\\/active-script\\/event",
            "cookies": 0,
            "fingerprinting": 0,
            "subdomains": [
                "data"
            ],
            "apis": {},
            "sites": 2,
            "prevalence": 0.000205,
            "cnames": [],
            "responseHashes": [
                "e3b0c44298fc1c149afbf4c8996fb92427ae41e4649b934ca495991b7852b855"
            ],
            "type": "XHR",
            "firstPartyCookies": {},
            "firstPartyCookiesSent": {},
            "exampleSites": [
                "neho.ch",
                "www.jungheinrich-profishop.ch"
            ]
        }
    ],
    "categories": [],
    "performance": {},
    "cookies": 0.000513,
    "topInitiators": [
        {
            "domain": "first party",
            "prevalence": 0.8333333333333334
        },
        {
            "domain": "tiqcdn.com",
            "prevalence": 0.08333333333333333
        },
        {
            "domain": "datadome.co",
            "prevalence": 0.08333333333333333
        }
    ],
    "types": {
        "Script": 10,
        "XHR": 11
    },
    "nameservers": [
        "pete.ns.cloudflare.com",
        "lady.ns.cloudflare.com"
    ]
}