{
    "domain": "matelso.de",
    "owner": {},
    "source": [
        "DuckDuckGo-CH"
    ],
    "prevalence": 0.000719,
    "sites": 7,
    "subdomains": [
        "rns"
    ],
    "cnames": [],
    "fingerprinting": 1,
    "resources": [
        {
            "rule": "matelso\\.de\\/webtracking\\/4\\/",
            "cookies": 0.000616,
            "fingerprinting": 1,
            "subdomains": [
                "rns"
            ],
            "apis": {
                "Document.cookie getter": 6,
                "Document.cookie setter": 6,
                "Date.prototype.getTime": 3
            },
            "sites": 7,
            "prevalence": 0.000719,
            "cnames": [],
            "responseHashes": [
                "8031ebeb7cc46559e2f1647c03514f3dd66262e1500af9dc8f4132afe628edb6",
                "864e650ba097a1c84ea17cb0cb1b44d44948b06e87e0e771b5dc0c992008e407",
                "8d5248a48e8ddd76435d32f97ad851d75b2dba6f2d1fcb7671fa95dd5b057fbc",
                "631abbde708e4cf7d15957929744a952bdd32fc103839fbc0b409c4a5b16abf4",
                "644685bd3c518356e1c72b58d3be1bb69ac4d20caba3648bcf97d205633ec86b",
                "a7359d69f6554df370b99c76e284c175a5f5c2e67620ab1fcf196116081caf9b"
            ],
            "type": "Script",
            "firstPartyCookies": {
                "mat_tel": {
                    "ttl": 61516812,
                    "length": 36,
                    "prevalence": 0.0003080082135523614,
                    "uniqueness": 1
                },
                "mat_ep": {
                    "ttl": 2592012,
                    "length": 37,
                    "prevalence": 0.0003080082135523614,
                    "uniqueness": 1
                }
            },
            "firstPartyCookiesSent": {},
            "exampleSites": [
                "toyota.ch",
                "fr.toyota.ch",
                "schweizer-edelmetallhandel.ch",
                "simpleshow.com",
                "www.emilfrey.ch",
                "www.oberbergkliniken.de",
                "www.subaru.ch"
            ]
        },
        {
            "rule": "matelso\\.de\\/webtracking\\/4\\/config",
            "cookies": 0,
            "fingerprinting": 0,
            "subdomains": [
                "rns"
            ],
            "apis": {},
            "sites": 6,
            "prevalence": 0.000616,
            "cnames": [],
            "responseHashes": [
                "dfa9cbb605495c042b52c2bd3277b0c71e1215a0f16cfa5c58e883b67046e26e",
                "2f499ad3f3e3ca8cfd3f572d30e184015cf1070748916f93f5d529395a5a9967",
                "bdd9feeb57604f9fb2724e7ac1bfdaea7ed087e8c7bc84c9c86a1e1ccf5c9630",
                "a6bc837f4f5dc31cf94c4c33447a7f48c28101921f8a190b7017a83234b4c302",
                "c9e0d4fb9caec01d195cb26a588d4ec18b300548e42521ff73adcecb77f6d734"
            ],
            "type": "XHR",
            "firstPartyCookies": {},
            "firstPartyCookiesSent": {},
            "exampleSites": [
                "toyota.ch",
                "fr.toyota.ch",
                "schweizer-edelmetallhandel.ch",
                "simpleshow.com",
                "www.emilfrey.ch",
                "www.oberbergkliniken.de"
            ]
        },
        {
            "rule": "matelso\\.de\\/webtracking\\/4\\/numbers",
            "cookies": 0,
            "fingerprinting": 0,
            "subdomains": [
                "rns"
            ],
            "apis": {},
            "sites": 2,
            "prevalence": 0.000205,
            "cnames": [],
            "responseHashes": [
                "e4432013d780e73c5ab843c599f1ade40aac141705affabf690b0f5a3f59ef33"
            ],
            "type": "XHR",
            "firstPartyCookies": {},
            "firstPartyCookiesSent": {
                "mat_tel": 0.0002053388090349076
            },
            "exampleSites": [
                "schweizer-edelmetallhandel.ch",
                "www.oberbergkliniken.de"
            ]
        },
        {
            "rule": "matelso\\.de\\/webtracking\\/4\\/collect",
            "cookies": 0,
            "fingerprinting": 0,
            "subdomains": [
                "rns"
            ],
            "apis": {},
            "sites": 4,
            "prevalence": 0.000411,
            "cnames": [],
            "responseHashes": [],
            "type": "Preflight",
            "firstPartyCookies": {},
            "firstPartyCookiesSent": {},
            "exampleSites": [
                "schweizer-edelmetallhandel.ch",
                "simpleshow.com",
                "www.emilfrey.ch",
                "www.oberbergkliniken.de"
            ]
        },
        {
            "rule": "matelso\\.de\\/webtracking\\/4\\/collect",
            "cookies": 0,
            "fingerprinting": 0,
            "subdomains": [
                "rns"
            ],
            "apis": {},
            "sites": 4,
            "prevalence": 0.000411,
            "cnames": [],
            "responseHashes": [
                "565339bc4d33d72817b583024112eb7f5cdf3e5eef0252d6ec1b9c9a94e12bb3"
            ],
            "type": "XHR",
            "firstPartyCookies": {},
            "firstPartyCookiesSent": {},
            "exampleSites": [
                "schweizer-edelmetallhandel.ch",
                "simpleshow.com",
                "www.emilfrey.ch",
                "www.oberbergkliniken.de"
            ]
        }
    ],
    "categories": [],
    "performance": {},
    "cookies": 0.000719,
    "topInitiators": [
        {
            "domain": "googletagmanager.com",
            "prevalence": 0.46153846153846156
        },
        {
            "domain": "first party",
            "prevalence": 0.38461538461538464
        },
        {
            "domain": "datadoghq-browser-agent.com",
            "prevalence": 0.15384615384615385
        }
    ],
    "types": {
        "Script": 7,
        "XHR": 12,
        "Preflight": 4
    },
    "nameservers": [
        "ns1.ns-serve.net",
        "ns2.ns-serve.net"
    ]
}