{
    "domain": "qualified.com",
    "owner": {},
    "source": [
        "DuckDuckGo-CH"
    ],
    "prevalence": 0.00144,
    "sites": 14,
    "subdomains": [
        "js",
        "ws",
        "app"
    ],
    "cnames": [],
    "fingerprinting": 2,
    "resources": [
        {
            "rule": "qualified\\.com\\/qualified\\.js",
            "cookies": 0.00133,
            "fingerprinting": 2,
            "subdomains": [
                "js"
            ],
            "apis": {
                "Navigator.prototype.userAgent": 13,
                "PerformanceTiming.prototype.navigationStart": 13,
                "Navigator.prototype.platform": 13,
                "Navigator.prototype.maxTouchPoints": 13,
                "window.localStorage": 13,
                "Intl.DateTimeFormat.prototype.resolvedOptions": 13,
                "Document.cookie getter": 12,
                "Document.cookie setter": 12,
                "Navigator.prototype.language": 13,
                "Date.prototype.getTime": 13
            },
            "sites": 13,
            "prevalence": 0.00133,
            "cnames": [],
            "responseHashes": [
                "8af0c9ffe46ecef7a3a1673fdee59c33cdd45144470e4f6a118ca52b1796875e",
                "d73a2adcce5bbd275c274c3ef7435592288d16cedc47e7e9a38443f441525c92",
                "edb3e8eedc35f5987af43b49fe63e321178686913ebea31bda6a9971eaf57db4",
                "5fe4b14a02bd4937307dea6198b12e176850d42f556baec988906a63ff668a6a",
                "8ab9095d2e11b2ca32d909436728c82521617f2068d75336bce4b1dd8d25198f",
                "42bba29f292c188f7dbd855a9a668254f344c3a4e17fe1410daa4c888f55aebe",
                "b7a89382158274160799f874f3d57186a5e3a6953278fe01020e34aaee13f958",
                "6d21e59a608fdd4df71fae3d62893755b57d9b01c2e2cd2af110a0c0ad06946a",
                "eee89d81a8cec36ed67ea11a1c1c21c0756610f968708b0d92052ea9248c99a7",
                "7cf5843d857509b3557f73e30ac3eed2ca9755a617a45e29cc4eef37c4475e8f",
                "a0e388b0fb4d5cbc1a9fdd5faf88984a35fc099c91d2bc82019a13b834ccb593"
            ],
            "type": "Script",
            "firstPartyCookies": {
                "__q_state_q2kjzSUxjtgnCEEB": {
                    "ttl": 63072009,
                    "length": 100,
                    "prevalence": 0.0001026694045174538,
                    "uniqueness": 1
                },
                "__q_state_2qYJ2dzsqrwWZnjR": {
                    "ttl": 315360008,
                    "length": 102,
                    "prevalence": 0.0001026694045174538,
                    "uniqueness": 1
                },
                "__q_state_iWZrgTGwVSAkr6GH": {
                    "ttl": 315360010,
                    "length": 100,
                    "prevalence": 0.0001026694045174538,
                    "uniqueness": 1
                },
                "__q_state_nURZ19iRbY6McYk3": {
                    "ttl": 315360011,
                    "length": 99,
                    "prevalence": 0.0002053388090349076,
                    "uniqueness": 1
                },
                "__q_state_ZB9yNHnAdpJRvvbF": {
                    "ttl": 315360004,
                    "length": 104,
                    "prevalence": 0.0001026694045174538,
                    "uniqueness": 1
                },
                "__q_state_GMjrmCoq7HvrWi46": {
                    "ttl": 315360019,
                    "length": 98,
                    "prevalence": 0.0001026694045174538,
                    "uniqueness": 1
                },
                "__q_state_37pXYrro6wCZbsU7": {
                    "ttl": 31536008,
                    "length": 106,
                    "prevalence": 0.0001026694045174538,
                    "uniqueness": 1
                },
                "__q_state_pjWpuKm8Qxr4Xa9U": {
                    "ttl": 315360025,
                    "length": 102,
                    "prevalence": 0.0001026694045174538,
                    "uniqueness": 1
                },
                "__q_state_hhaW6HiVqGA5oJq1": {
                    "ttl": 315360004,
                    "length": 102,
                    "prevalence": 0.0001026694045174538,
                    "uniqueness": 1
                },
                "__q_state_SKqQ8nnADD22cAnc": {
                    "ttl": 315360001,
                    "length": 98,
                    "prevalence": 0.0001026694045174538,
                    "uniqueness": 1
                },
                "__q_state_zCnvhQFqeieM7u15": {
                    "ttl": 315360012,
                    "length": 100,
                    "prevalence": 0.0001026694045174538,
                    "uniqueness": 1
                }
            },
            "firstPartyCookiesSent": {},
            "exampleSites": [
                "gitlab.com",
                "clickup.com",
                "docs.getdbt.com",
                "helpcenter.veeam.com",
                "pitchbook.com",
                "wandb.ai",
                "www.cloudflare.com",
                "www.lucidchart.com",
                "www.oreilly.com",
                "www.postman.com",
                "www.suse.com",
                "www.twilio.com",
                "www.veeam.com"
            ]
        },
        {
            "rule": "qualified\\.com\\/cable",
            "cookies": 0,
            "fingerprinting": 0,
            "subdomains": [
                "ws"
            ],
            "apis": {},
            "sites": 13,
            "prevalence": 0.00133,
            "cnames": [],
            "responseHashes": [],
            "type": "WebSocket",
            "firstPartyCookies": {},
            "firstPartyCookiesSent": {},
            "exampleSites": [
                "gitlab.com",
                "clickup.com",
                "docs.getdbt.com",
                "helpcenter.veeam.com",
                "pitchbook.com",
                "wandb.ai",
                "www.cloudflare.com",
                "www.lucidchart.com",
                "www.oreilly.com",
                "www.postman.com",
                "www.suse.com",
                "www.twilio.com",
                "www.veeam.com"
            ]
        },
        {
            "rule": "qualified\\.com\\/w\\/1\\/nURZ19iRbY6McYk3\\/visitor_events",
            "cookies": 0.000205,
            "fingerprinting": 0,
            "subdomains": [
                "app"
            ],
            "apis": {},
            "sites": 2,
            "prevalence": 0.000205,
            "cnames": [],
            "responseHashes": [],
            "type": "Preflight",
            "firstPartyCookies": {},
            "firstPartyCookiesSent": {},
            "exampleSites": [
                "veeam.com",
                "www.veeam.com"
            ]
        },
        {
            "rule": "qualified\\.com\\/w\\/1\\/nURZ19iRbY6McYk3\\/visitor_events",
            "cookies": 0.000205,
            "fingerprinting": 0,
            "subdomains": [
                "app"
            ],
            "apis": {},
            "sites": 2,
            "prevalence": 0.000205,
            "cnames": [],
            "responseHashes": [],
            "type": "Fetch",
            "firstPartyCookies": {},
            "firstPartyCookiesSent": {},
            "exampleSites": [
                "veeam.com",
                "www.veeam.com"
            ]
        }
    ],
    "categories": [],
    "performance": {},
    "cookies": 0.00144,
    "topInitiators": [
        {
            "domain": "first party",
            "prevalence": 0.4090909090909091
        },
        {
            "domain": "googletagmanager.com",
            "prevalence": 0.36363636363636365
        },
        {
            "domain": "mutinycdn.com",
            "prevalence": 0.045454545454545456
        },
        {
            "domain": "contentsquare.net",
            "prevalence": 0.045454545454545456
        },
        {
            "domain": "logr-ingest.com",