{
    "domain": "sensic.net",
    "owner": {},
    "source": [
        "DuckDuckGo-CH"
    ],
    "prevalence": 0.00164,
    "sites": 16,
    "subdomains": [
        "es-config-preproduction",
        "es-config",
        "174738266564956df85a89a1cce5991dfd56aacba83792654fce8b33.trk",
        "1747382714578d42aaaad8107a8610c924b2daceede0fd6b8be2aa59.trk",
        "1747382179375304b7283013afc8a6dbddbf64375ce68ea07c01f9a9.trk",
        "1747382106387486ce0ea85a432866f4ed998c6af19170f50aeaf1a1.trk",
        "17473842525478bdd297e880d05b2f578ad44645f4ec52fcfb3085e3.trk",
        "1747385051921ce26a114b7a2a5b30691245fbf8167e399b432e52cc.trk",
        "1747381639317d6b5bc396d49d610ab2331e5c938a24672c43d1cd00.trk",
        "1747384084118a7ccfc5201e992ee4e69916ff183fa99eab5afe3dab.trk",
        "1747384156428b8625a580e204118893b63d2985352070e279e35402.trk",
        "174738445594596ec83713159b9739426d633bc2d4a66060f697c6fc.trk",
        "174738391856037c1acbe82c96dab58be3607e467bd05a0c33b19dcf.trk",
        "17473833833863ebe59b2ad0584c2c26c8ae0d16488bd444953a05f8.trk",
        "17473827405799259ed36629cb5737a10e052a20e1bbe32f33e0aaf9.trk",
        "17473846466316b774b4f034a11777e0ef6f1546329f5975f861b49c.trk",
        "1747382158366ee5405977aefd70bcad57d25a9e7dfc966022917b51.trk",
        "es1preprod-s2s",
        "es1-s2s",
        "localhost",
        "de1-s2s",
        "de-config"
    ],
    "cnames": [],
    "fingerprinting": 2,
    "resources": [
        {
            "rule": "sensic\\.net\\/s2s-web\\.js",
            "cookies": 0,
            "fingerprinting": 2,
            "subdomains": [
                "es-config-preproduction",
                "es-config"
            ],
            "apis": {
                "window.localStorage": 14,
                "Date.prototype.getTime": 14,
                "Navigator.prototype.userAgent": 14,
                "Navigator.prototype.platform": 14,
                "Navigator.prototype.language": 14,
                "Notification.permission": 8,
                "Navigator.prototype.plugins": 8
            },
            "sites": 14,
            "prevalence": 0.00144,
            "cnames": [],
            "responseHashes": [
                "673417662bb37bc9e2d10dafb369582779ef1163a7dc115e2af97402f21ed417",
                "7553b7dc5f7728cd530b1035e6ac08a019793b58d23a84f96b8cc97dfaa964ae"
            ],
            "type": "Script",
            "firstPartyCookies": {},
            "firstPartyCookiesSent": {},
            "exampleSites": [
                "amelioretasante.com",
                "as.com",
                "elpais.com",
                "gedankenwelt.de",
                "theobjective.com",
                "www.abc.es",
                "www.daswetter.com",
                "www.elconfidencial.com",
                "www.elmundo.es",
                "www.infobae.com",
                "www.lavanguardia.com",
                "www.marca.com",
                "www.mundodeportivo.com",
                "www.tameteo.com"
            ]
        },
        {
            "rule": "sensic\\.net\\/tp\\.gif",
            "cookies": 0,
            "fingerprinting": 0,
            "subdomains": [
                "174738266564956df85a89a1cce5991dfd56aacba83792654fce8b33.trk",
                "1747382714578d42aaaad8107a8610c924b2daceede0fd6b8be2aa59.trk",
                "1747382179375304b7283013afc8a6dbddbf64375ce68ea07c01f9a9.trk",
                "1747382106387486ce0ea85a432866f4ed998c6af19170f50aeaf1a1.trk",
                "17473842525478bdd297e880d05b2f578ad44645f4ec52fcfb3085e3.trk",
                "1747385051921ce26a114b7a2a5b30691245fbf8167e399b432e52cc.trk",
                "1747381639317d6b5bc396d49d610ab2331e5c938a24672c43d1cd00.trk",
                "1747384084118a7ccfc5201e992ee4e69916ff183fa99eab5afe3dab.trk",
                "1747384156428b8625a580e204118893b63d2985352070e279e35402.trk",
                "174738445594596ec83713159b9739426d633bc2d4a66060f697c6fc.trk",
                "174738391856037c1acbe82c96dab58be3607e467bd05a0c33b19dcf.trk",
                "17473833833863ebe59b2ad0584c2c26c8ae0d16488bd444953a05f8.trk",
                "17473827405799259ed36629cb5737a10e052a20e1bbe32f33e0aaf9.trk",
                "17473846466316b774b4f034a11777e0ef6f1546329f5975f861b49c.trk",
                "1747382158366ee5405977aefd70bcad57d25a9e7dfc966022917b51.trk"
            ],
            "apis": {},
            "sites": 15,
            "prevalence": 0.00154,
            "cnames": [],
            "responseHashes": [
                "e3b0c44298fc1c149afbf4c8996fb92427ae41e4649b934ca495991b7852b855"
            ],
            "type": "XHR",
            "firstPartyCookies": {},
            "firstPartyCookiesSent": {},
            "exampleSites": [
                "amelioretasante.com",
                "as.com",
                "elpais.com",
                "gedankenwelt.de",
                "theobjective.com",
                "www.abc.es",
                "www.daserste.de",
                "www.daswetter.com",
                "www.elconfidencial.com",
                "www.elmundo.es",
                "www.infobae.com",
                "www.lavanguardia.com",
                "www.marca.com",
                "www.mundodeportivo.com",
                "www.tameteo.com"
            ]
        },
        {
            "rule": "sensic\\.net\\/3pc\\.html",
            "cookies": 0,
            "fingerprinting": 0,
            "subdomains": [
                "es-config-preproduction",
                "es-config"
            ],
            "apis": {},
            "sites": 14,
            "prevalence": 0.00144,
            "cnames": [],
            "responseHashes": [
                "568ac6a9a523149d3865ab62f1020e2ec42de1005db3d69afaae6a82eff12f27"
            ],
            "type": "Document",
            "firstPartyCookies": {},
            "firstPartyCookiesSent": {},
            "exampleSites": [
                "amelioretasante.com",
                "as.com",
                "elpais.com",
                "gedankenwelt.de",
                "theobjective.com",
                "www.abc.es",
                "www.daswetter.com",
                "www.elconfidencial.com",
                "www.elmundo.es",
                "www.infobae.com",
                "www.lavanguardia.com",
                "www.marca.com",
                "www.mundodeportivo.com",
                "www.tameteo.com"
            ]
        },
        {
            "rule": "sensic\\.net\\/",
            "cookies": 0,
            "fingerprinting": 0,
            "subdomains": [
                "es1preprod-s2s",
                "es1-s2s",
                "localhost"
            ],
            "apis": {},
            "sites": 15,
            "prevalence": 0.00154,
            "cnames": [],
            "responseHashes": [
                "e3b0c44298fc1c149afbf4c8996fb92427ae41e4649b934ca495991b7852b855"
            ],
            "type": "XHR",
            "firstPartyCookies": {},
            "firstPartyCookiesSent": {},
            "exampleSites": [
                "amelioretasante.com",
                "as.com",
                "elpais.com",
                "gedankenwelt.de",
                "theobjective.com",
                "www.abc.es",
                "www.daserste.de",
                "www.daswetter.com",
                "www.elconfidencial.com",
                "www.elmundo.es",
                "www.infobae.com",
                "www.lavanguardia.com",
                "www.marca.com",
                "www.mundodeportivo.com",
                "www.tameteo.com"
            ]
        },
        {
            "rule": "sensic\\.net\\/id",
            "cookies": 0,
            "fingerprinting": 0,
            "subdomains": [
                "es1-s2s",
                "de1-s2s"
            ],
            "apis": {},
            "sites": 7,
            "prevalence": 0.000719,
            "cnames": [],