{
    "domain": "tarteaucitron.io",
    "owner": {},
    "source": [
        "DuckDuckGo-CH"
    ],
    "prevalence": 0.000924,
    "sites": 9,
    "subdomains": [
        "cdn"
    ],
    "cnames": [],
    "fingerprinting": 1,
    "resources": [
        {
            "rule": "tarteaucitron\\.io\\/load\\.js",
            "cookies": 0.000616,
            "fingerprinting": 1,
            "subdomains": [],
            "apis": {
                "Document.cookie getter": 6,
                "Navigator.prototype.doNotTrack": 6,
                "Date.prototype.getTime": 6,
                "Document.cookie setter": 6,
                "window.innerHeight": 1
            },
            "sites": 9,
            "prevalence": 0.000924,
            "cnames": [],
            "responseHashes": [
                "1cb2667db4b5e3a332d886cfb918a6b37d7991af0d33677edeeda08dc74721d6",
                "4d38d9402627b1840d8ce1d9a2650bafc5b1910497a8eeae15492c6ea3302e80",
                "ace815f2f2d40935f6a87937dfc9864c65ad08856b81fe01e06eca2d82438bae",
                "a065c8a7b1a6ef1147d4f91389b631959d1285ee118749b0229eaad48fa1faab",
                "c56af6770e7b4d5d99ce7d35a7cf158a09536d6ab506eba73c836b3cd3451eb9",
                "5d180e42f678970ce09f14ce1bba7f7462f91ecbf75d164261d88c0734591441",
                "69614f452ef3432e3981e37818cd3be19faff65296f33519d74e1c4b1a0a8f37"
            ],
            "type": "Script",
            "firstPartyCookies": {
                "tarteaucitron": {
                    "ttl": 31536006,
                    "length": 9,
                    "prevalence": 0.0003080082135523614,
                    "uniqueness": 1
                },
                "bebold-cookies-ferme-asile": {
                    "ttl": 31536003,
                    "length": 5,
                    "prevalence": 0.0001026694045174538,
                    "uniqueness": 1
                },
                "tarteaucitron001": {
                    "ttl": 31536005,
                    "length": 19,
                    "prevalence": 0.0002053388090349076,
                    "uniqueness": 0.5
                }
            },
            "firstPartyCookiesSent": {},
            "exampleSites": [
                "burgenstockresort.com",
                "ferme-asile.ch",
                "gallica.bnf.fr",
                "www.aha.ch",
                "www.bernard-nicod.ch",
                "www.francesoir.fr",
                "www.orpha.net",
                "www.pollenundallergie.ch",
                "www.tpf.ch"
            ]
        },
        {
            "rule": "tarteaucitron\\.io\\/lang\\/tarteaucitron\\.en\\.min\\.js",
            "cookies": 0,
            "fingerprinting": 0,
            "subdomains": [
                "cdn"
            ],
            "apis": {},
            "sites": 3,
            "prevalence": 0.000308,
            "cnames": [],
            "responseHashes": [
                "4f945e844dce23afd5d6931772d163cbe90b827697bbc5d6ada71a7624526e51"
            ],
            "type": "Script",
            "firstPartyCookies": {},
            "firstPartyCookiesSent": {},
            "exampleSites": [
                "burgenstockresort.com",
                "www.aha.ch",
                "www.orpha.net"
            ]
        },
        {
            "rule": "tarteaucitron\\.io\\/tarteaucitron\\.services\\.min\\.js",
            "cookies": 0,
            "fingerprinting": 0,
            "subdomains": [
                "cdn"
            ],
            "apis": {},
            "sites": 8,
            "prevalence": 0.000821,
            "cnames": [],
            "responseHashes": [
                "3936835876f094606412e0c02d6aae30c90552457af4facb9f85d3ebb20a130e"
            ],
            "type": "Script",
            "firstPartyCookies": {},
            "firstPartyCookiesSent": {},
            "exampleSites": [
                "burgenstockresort.com",
                "ferme-asile.ch",
                "gallica.bnf.fr",
                "www.aha.ch",
                "www.bernard-nicod.ch",
                "www.francesoir.fr",
                "www.orpha.net",
                "www.pollenundallergie.ch"
            ]
        },
        {
            "rule": "tarteaucitron\\.io\\/log\\/",
            "cookies": 0,
            "fingerprinting": 0,
            "subdomains": [],
            "apis": {},
            "sites": 7,
            "prevalence": 0.000719,
            "cnames": [],
            "responseHashes": [
                "ac554a4ea8b34bbb80db013e14be195ebc986f82f24e5b18b0ea9032ef561f57"
            ],
            "type": "Image",
            "firstPartyCookies": {},
            "firstPartyCookiesSent": {
                "tarteaucitron": 0.0002053388090349076,
                "tarteaucitron001": 0.0002053388090349076
            },
            "exampleSites": [
                "burgenstockresort.com",
                "ferme-asile.ch",
                "gallica.bnf.fr",
                "www.aha.ch",
                "www.francesoir.fr",
                "www.orpha.net",
                "www.pollenundallergie.ch"
            ]
        },
        {
            "rule": "tarteaucitron\\.io\\/lang\\/tarteaucitron\\.fr\\.min\\.js",
            "cookies": 0,
            "fingerprinting": 0,
            "subdomains": [
                "cdn"
            ],
            "apis": {},
            "sites": 5,
            "prevalence": 0.000513,
            "cnames": [],
            "responseHashes": [
                "2474abbd613ee15e9a272e6b9ef7080f2353676155c006bd8c4d73871e7f8de2"
            ],
            "type": "Script",
            "firstPartyCookies": {},
            "firstPartyCookiesSent": {},
            "exampleSites": [
                "ferme-asile.ch",
                "gallica.bnf.fr",
                "www.bernard-nicod.ch",
                "www.francesoir.fr",
                "www.tpf.ch"
            ]
        },
        {
            "rule": "tarteaucitron\\.io\\/css\\/tarteaucitron\\.min\\.css",
            "cookies": 0,
            "fingerprinting": 0,
            "subdomains": [
                "cdn"
            ],
            "apis": {},
            "sites": 6,
            "prevalence": 0.000616,
            "cnames": [],
            "responseHashes": [
                "cb6a08efa6e366abc20d820074622cd2724f4b9b7885aa0840803748978cb8b5"
            ],
            "type": "Stylesheet",
            "firstPartyCookies": {},
            "firstPartyCookiesSent": {},
            "exampleSites": [
                "bnf.fr",
                "www.aha.ch",
                "www.francesoir.fr",
                "www.orpha.net",
                "www.pollenundallergie.ch",
                "www.tpf.ch"
            ]
        }
    ],
    "categories": [],
    "performance": {},
    "cookies": 0.000616,
    "topInitiators": [
        {
            "domain": "first party",
            "prevalence": 1
        }
    ],
    "types": {
        "Script": 25,
        "Image": 7,
        "Stylesheet": 6
    },
    "nameservers": [
        "ns200.anycast.me",
        "dns200.anycast.me"
    ]
}