{
    "domain": "themoneytizer.com",
    "owner": {
        "name": "The Moneytizer",
        "displayName": "The Moneytizer"
    },
    "source": [
        "DuckDuckGo-CH"
    ],
    "prevalence": 0.00103,
    "sites": 10,
    "subdomains": [
        "ads"
    ],
    "cnames": [],
    "fingerprinting": 1,
    "resources": [
        {
            "rule": "themoneytizer\\.com\\/s\\/gen\\.js",
            "cookies": 0,
            "fingerprinting": 0,
            "subdomains": [
                "ads"
            ],
            "apis": {},
            "sites": 10,
            "prevalence": 0.00103,
            "cnames": [],
            "responseHashes": [
                "3dd4f53067dd0f0bd875bcf7acebfb72e908b5329da8f19ab48fbbe4aa10daa5"
            ],
            "type": "Script",
            "firstPartyCookies": {},
            "firstPartyCookiesSent": {},
            "exampleSites": [
                "converter.app",
                "dictionnaire.orthodidacte.com",
                "doctonat.com",
                "expressantworten.com",
                "urlebird.com",
                "www.jaitoutcompris.com",
                "www.nouveautes-tele.com",
                "www.paroles-musique.com",
                "www.routenplaner-karten.ch",
                "www.was-war-wann.de"
            ]
        },
        {
            "rule": "themoneytizer\\.com\\/s\\/requestform\\.js",
            "cookies": 0,
            "fingerprinting": 1,
            "subdomains": [
                "ads"
            ],
            "apis": {
                "Navigator.prototype.userAgent": 8
            },
            "sites": 10,
            "prevalence": 0.00103,
            "cnames": [],
            "responseHashes": [
                "53830e34135d2849dbf3d9d33bce6f60cebdbfd1826243f6011cfc92e14e277f",
                "5895203caa59de9cfd0e819fb58de862be7651b1f12fffa226cd394bd49e0979",
                "0208ba23edade8eee8fa8422b73f07a3b3bba534ca3f780bd8076cdd1f3f33d7",
                "6684f624cf4c4da113d1d7318f148286dd0e3d4814bcae819d1e6e859690716d",
                "39abc5766ac63c4bee053e31365b2dfccaead84c3af69ae0de97c0725dc4e37c",
                "38ea2aa9203664be68e4213d735ad5f4a86566228fdd25b472eead488af89b21",
                "3be0ccfef0f2ee2054f505ad3b65c1b0bc248146cec10660f6b078d8c75332d1",
                "cc3ce1411218ee0e374c7e39a2248a2fcc923e9bcfdec2a9e38de975fdb2dc95",
                "eb20196c4eba3636644dde7b55d4611cd42fd12aacd194b3bb770bcf59852261"
            ],
            "type": "Script",
            "firstPartyCookies": {},
            "firstPartyCookiesSent": {},
            "exampleSites": [
                "converter.app",
                "dictionnaire.orthodidacte.com",
                "doctonat.com",
                "expressantworten.com",
                "urlebird.com",
                "www.jaitoutcompris.com",
                "www.nouveautes-tele.com",
                "www.paroles-musique.com",
                "www.routenplaner-karten.ch",
                "www.was-war-wann.de"
            ]
        },
        {
            "rule": "themoneytizer\\.com\\/s\\/formatrequest_refactor\\/formatrequest_refactor_desktop\\.js",
            "cookies": 0,
            "fingerprinting": 1,
            "subdomains": [
                "ads"
            ],
            "apis": {
                "Date.prototype.getTime": 7,
                "window.name": 10,
                "Navigator.prototype.userAgent": 9,
                "Notification.permission": 2,
                "Navigator.prototype.plugins": 2,
                "Document.cookie getter": 4,
                "window.localStorage": 2
            },
            "sites": 10,
            "prevalence": 0.00103,
            "cnames": [],
            "responseHashes": [
                "559e891de32bc0c71e572504331394a58bfc6017a98b8e69e41a29feef691fb9",
                "7dff616b18105fc5044a25ed7ff84f6a65db13f39bd037dc4dd31c9b799da678",
                "e4b21f26e61dead89b6896b152c195747556c666fb2d0678dad0604fe348226e",
                "7d5d43d7de83082876799864c27e44b4ee51ef5ef8d3feef6cd0f681e37473f2",
                "0409f9be1ba6babcfa24d0bba853232d1163eeb6e5491de3fa7945b98d78ca51",
                "394e204d30346f1082c0d2c4b0a7dba481ce4ce61c23c48371d2f67cb6100410",
                "fdda1303acd74b85646c41c44b75345593f88ba48786f2c57a45c875e5a2c1b5",
                "7e792c6e51930e6dd1d612c78b80e5348e9ebd287de61d0158882c0acee816ee",
                "a5293a4c71f9bb504b2ac1646bb3c345e5454333efe9c4e0aa2174e19109c40e"
            ],
            "type": "Script",
            "firstPartyCookies": {},
            "firstPartyCookiesSent": {},
            "exampleSites": [
                "converter.app",
                "dictionnaire.orthodidacte.com",
                "doctonat.com",
                "expressantworten.com",
                "urlebird.com",
                "www.jaitoutcompris.com",
                "www.nouveautes-tele.com",
                "www.paroles-musique.com",
                "www.routenplaner-karten.ch",
                "www.was-war-wann.de"
            ]
        },
        {
            "rule": "themoneytizer\\.com\\/bidder1\\/moneybid\\.js",
            "cookies": 0,
            "fingerprinting": 0,
            "subdomains": [
                "ads"
            ],
            "apis": {},
            "sites": 3,
            "prevalence": 0.000308,
            "cnames": [],
            "responseHashes": [
                "d8b21fe840cf46d75ba6565e2c1547ff635d3971e13938a2c54fea93e224c09c"
            ],
            "type": "Fetch",
            "firstPartyCookies": {},
            "firstPartyCookiesSent": {},
            "exampleSites": [
                "orthodidacte.com",
                "dictionnaire.orthodidacte.com",
                "www.routenplaner-karten.ch"
            ]
        }
    ],
    "categories": [],
    "performance": {},
    "cookies": 0,
    "topInitiators": [
        {
            "domain": "first party",
            "prevalence": 0.8837209302325582
        },
        {
            "domain": "themoneytizer.fr",
            "prevalence": 0.11627906976744186
        }
    ],
    "types": {
        "Script": 30,
        "Fetch": 3
    },
    "nameservers": [
        "ns-306.awsdns-38.com",
        "ns-927.awsdns-51.net",
        "ns-1603.awsdns-08.co.uk",
        "ns-1433.awsdns-51.org"
    ]
}