{
    "domain": "userlike.com",
    "owner": {},
    "source": [
        "DuckDuckGo-CH"
    ],
    "prevalence": 0.00113,
    "sites": 11,
    "subdomains": [
        "api",
        "userlike-cdn-operators"
    ],
    "cnames": [],
    "fingerprinting": 0,
    "resources": [
        {
            "rule": "userlike\\.com\\/api\\/um\\/chat\\/button\\/check\\/",
            "cookies": 0,
            "fingerprinting": 0,
            "subdomains": [
                "api"
            ],
            "apis": {},
            "sites": 11,
            "prevalence": 0.00113,
            "cnames": [],
            "responseHashes": [
                "d82b92c59d18e414fd061d165ba831955a3ca58890f61f2d43a7175fc567ddb5",
                "631fd1803ca296ba780940aa9dda3426bf79302d37ebfafe150b7cf51cd4e2dd",
                "d0d8f820e98e7527ae8f0c02c0886b28a3e7bfb9b56bec5f3b21feb073ebd9f3",
                "94ce32c33ca2f758a099109170ace43ce93c459305cf17ac6563b7900c3abef6",
                "1b2d751760bcb4c9bd14896c598dc6fc4bef27a03858a621c8659ad58aff6047",
                "cb66a05a5b77875b986c656d7840faa69e3656006ab2ba8c7f0d6348944cf689",
                "3a42e3d2673867a850d6de360d82867fdf6a62db1d013510c252f15b1b1cfa14",
                "7234bdf10e8376f319cdda1dd45903804acebeab70651c656b25ea27092caeef"
            ],
            "type": "Fetch",
            "firstPartyCookies": {},
            "firstPartyCookiesSent": {},
            "exampleSites": [
                "livique.ch",
                "schaefer-shop.ch",
                "shop.kitchener.ch",
                "www.hoffmann-group.com",
                "www.internetstore.ch",
                "www.livique.ch",
                "www.lumimart.ch",
                "www.luganoregion.com",
                "www.mercedes-benz.de",
                "www.schaefer-shop.ch",
                "www.transa.ch"
            ]
        },
        {
            "rule": "userlike\\.com\\/3a30e0621a9599f7b69ba71fa3bc95bf36a3525b929404183ca2aa8679b44185_320x320\\.jpg",
            "cookies": 0,
            "fingerprinting": 0,
            "subdomains": [
                "userlike-cdn-operators"
            ],
            "apis": {},
            "sites": 3,
            "prevalence": 0.000308,
            "cnames": [],
            "responseHashes": [
                "6c1271509dd743b571c079a2b17103f59999bb399db1563f059ffc0609c16f85"
            ],
            "type": "Image",
            "firstPartyCookies": {},
            "firstPartyCookiesSent": {},
            "exampleSites": [
                "livique.ch",
                "www.livique.ch",
                "www.lumimart.ch"
            ]
        },
        {
            "rule": "userlike\\.com\\/8cb6a34371ff15980fcd3f77c022087f7356ab87312c4a6b2c23d2b0d95952fd_320x320\\.jpg",
            "cookies": 0,
            "fingerprinting": 0,
            "subdomains": [
                "userlike-cdn-operators"
            ],
            "apis": {},
            "sites": 2,
            "prevalence": 0.000205,
            "cnames": [],
            "responseHashes": [
                "561b0f32e07b0fde1eb1567ad9b6dbaaa430e7cc429a9d37481a56ab3b3285b0"
            ],
            "type": "Image",
            "firstPartyCookies": {},
            "firstPartyCookiesSent": {},
            "exampleSites": [
                "kitchener.ch",
                "shop.kitchener.ch"
            ]
        },
        {
            "rule": "userlike\\.com\\/9d6dbddf9968a09e0d1851552c115ed5544c5fca5b493f6d16cb1194c0cc7fe5_320x320\\.jpg",
            "cookies": 0,
            "fingerprinting": 0,
            "subdomains": [
                "userlike-cdn-operators"
            ],
            "apis": {},
            "sites": 2,
            "prevalence": 0.000205,
            "cnames": [],
            "responseHashes": [
                "cde2da83b0b274e92933b421c6c150f8485acb3be1972a2fb20bff937d89f3a1"
            ],
            "type": "Image",
            "firstPartyCookies": {},
            "firstPartyCookiesSent": {},
            "exampleSites": [
                "luganoregion.com",
                "www.luganoregion.com"
            ]
        }
    ],
    "categories": [],
    "performance": {},
    "cookies": 0,
    "topInitiators": [
        {
            "domain": "b-cdn.net",
            "prevalence": 1
        }
    ],
    "types": {
        "Fetch": 11,
        "Image": 7
    },
    "nameservers": [
        "a.myradns.net",
        "b.myradns.net",
        "c.myradns.net"
    ]
}