{
    "domain": "wisepops.net",
    "owner": {},
    "source": [
        "DuckDuckGo-CH"
    ],
    "prevalence": 0.00113,
    "sites": 11,
    "subdomains": [],
    "cnames": [],
    "fingerprinting": 1,
    "resources": [
        {
            "rule": "wisepops\\.net\\/loader\\.js",
            "cookies": 0.000513,
            "fingerprinting": 2,
            "subdomains": [],
            "apis": {
                "window.sessionStorage": 5,
                "window.localStorage": 5,
                "Document.cookie getter": 5,
                "Document.cookie setter": 5,
                "Date.prototype.getTime": 5,
                "window.innerHeight": 5,
                "window.innerWidth": 5,
                "Navigator.prototype.cookieEnabled": 5,
                "Intl.DateTimeFormat.prototype.resolvedOptions": 4
            },
            "sites": 11,
            "prevalence": 0.00113,
            "cnames": [],
            "responseHashes": [
                "6ddd105a70790d20754ae2f4f09e42b5bc96f870a2fefee52327787671c266c0",
                "02dad9afb252288750b6639fd9f9b58ed7406d62dcba94b99b358db3554be5c4",
                "856e8b30f8cba0db06bf90e7569e050dcf3b614bfd1da4dcfbf0f287befb08e1",
                "13896346b2766829c441acea106f5891ab7324594127384fbfd9aeff786c30f7",
                "1d57bd84c4fb55e3220322fafa1dc29eb1023d8e3ae099143a04d50c22297c38",
                "7d45b4204fb1e54022943c040ff8bb77955058a782a530df94fbee2fef83c1bf",
                "d28d229404fc8f4c458636405336df77aba8d4419b229800bb2432d5b1d327e9",
                "507045413b4aae24277cc4cb1fcb41d01bd0fcc4558d023564fbaa155c32a556"
            ],
            "type": "Script",
            "firstPartyCookies": {
                "__tld__": {
                    "ttl": 4,
                    "length": 1,
                    "prevalence": 0.000513347022587269,
                    "uniqueness": 0.2
                },
                "wisepops": {
                    "ttl": 63072000,
                    "length": 157,
                    "prevalence": 0.000513347022587269,
                    "uniqueness": 1
                },
                "wisepops_session": {
                    "ttl": null,
                    "length": 295,
                    "prevalence": 0.000513347022587269,
                    "uniqueness": 1
                },
                "wisepops_visitor": {
                    "ttl": 63072000,
                    "length": 67,
                    "prevalence": 0.0004106776180698152,
                    "uniqueness": 1
                },
                "wisepops_visits": {
                    "ttl": 63072000,
                    "length": 40,
                    "prevalence": 0.0004106776180698152,
                    "uniqueness": 1
                },
                "wisepops_props": {
                    "ttl": 63072000,
                    "length": 80,
                    "prevalence": 0.0001026694045174538,
                    "uniqueness": 1
                }
            },
            "firstPartyCookiesSent": {},
            "exampleSites": [
                "bico.ch",
                "bluecinema.ch",
                "buycycle.com",
                "www.bern.com",
                "www.bmj.com",
                "www.doktorabc.com",
                "www.finishers.com",
                "www.lanutrition.fr",
                "www.mittelthurgau.ch",
                "www.twerenbold.ch",
                "www.zamnesia.com"
            ]
        },
        {
            "rule": "wisepops\\.net\\/id",
            "cookies": 0,
            "fingerprinting": 0,
            "subdomains": [],
            "apis": {},
            "sites": 9,
            "prevalence": 0.000924,
            "cnames": [],
            "responseHashes": [
                "786c04380e64d6f342afa6839dcb37ddf3b81fb1aac35ad1eca4a741fb766f3c",
                "81a446ce6f03942db106fc8a93f3d7b70bc59313c9b4e6a3cfe4d89d5f91496d",
                "eb1b46ea81f3ec9060df139e5ea4c7afaed1b7f4da880fd37b11e2467fa3d761",
                "c73f0c66e50d258f03901bc67d7ac5febf874c6dd022572ee1e450ef8f8cbc44",
                "4652537320cbb6692bce75a1ab39d8ea11c241d39a68ecc87088a43c317a3fef",
                "8a9c3823f9eeb0188e711f4fcab0847bb9d6966c1134e9df2f3a3dcaf09964e1",
                "626df32b9281cd53a7e6e3eac9ddf52488ae562014777c4778efb79b7788203c",
                "a783b23c355e5aa8594ff4d57077385bc21daac813b45e1bf20f575d707dba94"
            ],
            "type": "Fetch",
            "firstPartyCookies": {},
            "firstPartyCookiesSent": {},
            "exampleSites": [
                "bico.ch",
                "bluecinema.ch",
                "buycycle.com",
                "www.bern.com",
                "www.doktorabc.com",
                "www.lanutrition.fr",
                "www.mittelthurgau.ch",
                "www.twerenbold.ch",
                "www.zamnesia.com"
            ]
        },
        {
            "rule": "wisepops\\.net\\/my-wisepop",
            "cookies": 0,
            "fingerprinting": 0,
            "subdomains": [],
            "apis": {},
            "sites": 9,
            "prevalence": 0.000924,
            "cnames": [],
            "responseHashes": [
                "011e1c9646eb46f78eeb70270d5af4acfe4a835a0adb6081c88fd7f2d61730fd",
                "f6f7e6d4d41e897c48e23d20af1ad8fd4af8b7199b481617b1ef7a2ac62fc35a",
                "2906fcc01080f69a15a2fa35f8576a527754b3ae0882c38c70b9e5c0eb13bfbb",
                "dee258fe681f4db78c502642bfdf7e87bb32abe21c8fb941ee7f3380529684ce",
                "aaf966ed5b2f02858eee63290789011c924f78385c36cecf00b93cb5fb65f6e3",
                "118db7dbb850f6e4d4d1675dfe3230c4df0b1f55109a2dc57a8eed717df17b6a",
                "d0d407738ef4dfe3e559f62642ec786d07948963fbdb01c9e5f7446110833b48",
                "3e34245cc525565f8e93705cb29c22098661f51133a9c94668b6bc4c4af1fc93"
            ],
            "type": "XHR",
            "firstPartyCookies": {},
            "firstPartyCookiesSent": {},
            "exampleSites": [
                "bico.ch",
                "bluecinema.ch",
                "buycycle.com",
                "www.bern.com",
                "www.doktorabc.com",
                "www.lanutrition.fr",
                "www.mittelthurgau.ch",
                "www.twerenbold.ch",
                "www.zamnesia.com"
            ]
        }
    ],
    "categories": [],
    "performance": {},
    "cookies": 0.000513,
    "topInitiators": [
        {
            "domain": "first party",
            "prevalence": 0.5185185185185185
        },
        {
            "domain": "wisepops.com",
            "prevalence": 0.3333333333333333
        },
        {
            "domain": "googletagmanager.com",
            "prevalence": 0.14814814814814814
        }
    ],
    "types": {
        "Script": 11,
        "Fetch": 9,
        "XHR": 9
    },
    "nameservers": [
        "wally.ns.cloudflare.com",
        "marek.ns.cloudflare.com"
    ]
}