{
    "domain": "bunny.net",
    "owner": {},
    "source": [
        "DuckDuckGo-DE"
    ],
    "prevalence": 0.00163,
    "sites": 16,
    "subdomains": [
        "fonts"
    ],
    "cnames": [],
    "fingerprinting": 0,
    "resources": [
        {
            "rule": "bunny\\.net\\/css",
            "cookies": 0,
            "fingerprinting": 0,
            "subdomains": [
                "fonts"
            ],
            "apis": {},
            "sites": 14,
            "prevalence": 0.00143,
            "cnames": [],
            "responseHashes": [
                "ef9b95eece8a6f4b1e0338ccc9f7415dc5500f4ddccaa02dd4e8834cec763c75",
                "998f49ccf51bd5801468b8f05c21590eabe2aa5d2229377a634fdb229f8c7170",
                "158bdad7b3d87b7b774900fa87ecc02ddef7b782a6899acb9e18e842baa6558e",
                "49162a2e5c164c32735ea4c0c3f4df6fed5e2950c0136828b84906113d72fd12",
                "ed54d3dbfd46346315b15344e0476ad6a0a1daab38f1ad9c0b75091a2b7be8f2",
                "c867d43bc0a62a36b4be616b3d59ad6b1bbb57949549b423be0698eca1841086",
                "ec4db565b82208c3f906d4e3b1cc931b6a1a9fef3b9173a3eae386d5c28d4743",
                "4c675c8dd147128aca23458de99e2a1859d6a5829644249a35a6f4cf9530b3e3",
                "776f752c630d6caf380e321b953d2fe15f1239d8aad57d2dd206cbb03d009bb6",
                "00239faac5489b03c019d76982dc02cd990eaaf6228285f65dd54ba31c4617e1",
                "d271b122de16fcc922d041c3b5e9620dff604591ab7b70ba90a80a43e23cd96e",
                "041699d00c6cd8d6d40a5fc6bd26cacd89b27ff3a90587b72e5f968c9c58c37e",
                "7e4b734fd7e6a866a81268e8bdc1625ed876e3b07a1a70e0c4e8a9d07c7b1154"
            ],
            "type": "Stylesheet",
            "firstPartyCookies": {},
            "firstPartyCookiesSent": {},
            "exampleSites": [
                "dailydriven.ro",
                "dransay.com",
                "medevel.com",
                "onlyscat.com",
                "osthessen-news.de",
                "shop.scheppach.com",
                "viralxxxporn.com",
                "www.anahana.com",
                "www.drohnen.de",
                "www.energiemagazin.com",
                "www.familienreisefieber.de",
                "www.goleasy.de",
                "www.marcelpaa.com",
                "www.visitdenmark.de"
            ]
        },
        {
            "rule": "bunny\\.net\\/open-sans\\/files\\/open-sans-symbols-600-normal\\.woff2",
            "cookies": 0,
            "fingerprinting": 0,
            "subdomains": [
                "fonts"
            ],
            "apis": {},
            "sites": 3,
            "prevalence": 0.000306,
            "cnames": [],
            "responseHashes": [
                "f47e97fd67f7e17db68ea214c813ac18889c66baf690f9c95326d8ef40f94070"
            ],
            "type": "Font",
            "firstPartyCookies": {},
            "firstPartyCookiesSent": {},
            "exampleSites": [
                "dailydriven.ro",
                "learnattack.de",
                "www.spiele123.com"
            ]
        },
        {
            "rule": "bunny\\.net\\/open-sans\\/files\\/open-sans-latin-600-normal\\.woff2",
            "cookies": 0,
            "fingerprinting": 0,
            "subdomains": [
                "fonts"
            ],
            "apis": {},
            "sites": 3,
            "prevalence": 0.000306,
            "cnames": [],
            "responseHashes": [
                "7637eea7d4ce53a41749c99d4ad90ee2bde48a6f2de0dbbbf1c5d68ef7429b1e"
            ],
            "type": "Font",
            "firstPartyCookies": {},
            "firstPartyCookiesSent": {},
            "exampleSites": [
                "dailydriven.ro",
                "learnattack.de",
                "www.spiele123.com"
            ]
        },
        {
            "rule": "bunny\\.net\\/open-sans\\/files\\/open-sans-latin-400-normal\\.woff2",
            "cookies": 0,
            "fingerprinting": 0,
            "subdomains": [
                "fonts"
            ],
            "apis": {},
            "sites": 3,
            "prevalence": 0.000306,
            "cnames": [],
            "responseHashes": [
                "a324ee4cb86584bab745cdab8e7e206ae76dbc653b66a13ed26fc867ef3be4b9"
            ],
            "type": "Font",
            "firstPartyCookies": {},
            "firstPartyCookiesSent": {},
            "exampleSites": [
                "dailydriven.ro",
                "learnattack.de",
                "www.spiele123.com"
            ]
        },
        {
            "rule": "bunny\\.net\\/roboto\\/files\\/roboto-latin-400-normal\\.woff2",
            "cookies": 0,
            "fingerprinting": 0,
            "subdomains": [
                "fonts"
            ],
            "apis": {},
            "sites": 5,
            "prevalence": 0.00051,
            "cnames": [],
            "responseHashes": [
                "0152e925694c9e22045d875b0c03975c9bcd3778305eef80a7073dc78fda42c8"
            ],
            "type": "Font",
            "firstPartyCookies": {},
            "firstPartyCookiesSent": {},
            "exampleSites": [
                "dransay.com",
                "osthessen-news.de",
                "viralxxxporn.com",
                "www.drohnen.de",
                "www.marcelpaa.com"
            ]
        },
        {
            "rule": "bunny\\.net\\/open-sans\\/files\\/open-sans-symbols-400-normal\\.woff2",
            "cookies": 0,
            "fingerprinting": 0,
            "subdomains": [
                "fonts"
            ],
            "apis": {},
            "sites": 2,
            "prevalence": 0.000204,
            "cnames": [],
            "responseHashes": [
                "24044dbdeca1bafffb92575eb96e0e19a8fa80c166f1109a5e2123cc77afc804"
            ],
            "type": "Font",
            "firstPartyCookies": {},
            "firstPartyCookiesSent": {},
            "exampleSites": [
                "learnattack.de",
                "www.spiele123.com"
            ]
        },
        {
            "rule": "bunny\\.net\\/open-sans\\/files\\/open-sans-latin-700-normal\\.woff2",
            "cookies": 0,
            "fingerprinting": 0,
            "subdomains": [
                "fonts"
            ],
            "apis": {},
            "sites": 2,
            "prevalence": 0.000204,
            "cnames": [],
            "responseHashes": [
                "1efd0fae0ac3a847b936ad359376a5e9f0c590ac220867ba7a7ba99ed54616ed"
            ],
            "type": "Font",
            "firstPartyCookies": {},
            "firstPartyCookiesSent": {},
            "exampleSites": [
                "learnattack.de",
                "www.spiele123.com"
            ]
        },
        {
            "rule": "bunny\\.net\\/roboto\\/files\\/roboto-latin-700-normal\\.woff2",
            "cookies": 0,
            "fingerprinting": 0,
            "subdomains": [
                "fonts"
            ],
            "apis": {},
            "sites": 4,
            "prevalence": 0.000408,
            "cnames": [],
            "responseHashes": [
                "f592ebbdda0a312d3c465e83c539143838407bddfb38b6f9e2f8af1e04fcf608"
            ],
            "type": "Font",
            "firstPartyCookies": {},
            "firstPartyCookiesSent": {},
            "exampleSites": [
                "osthessen-news.de",
                "viralxxxporn.com",
                "www.drohnen.de",
                "www.marcelpaa.com"
            ]
        },
        {
            "rule": "bunny\\.net\\/roboto\\/files\\/roboto-latin-500-normal\\.woff2",
            "cookies": 0,
            "fingerprinting": 0,
            "subdomains": [
                "fonts"
            ],
            "apis": {},
            "sites": 4,
            "prevalence": 0.000408,
            "cnames": [],
            "responseHashes": [
                "7b00bedff5432872e7782fadbff50338a8fb71be81ae1a8977d2ab77185af67b"
            ],
            "type": "Font",