{
    "domain": "chtintr.com",
    "owner": {},
    "source": [
        "DuckDuckGo-DE"
    ],
    "prevalence": 0.00184,
    "sites": 18,
    "subdomains": [],
    "cnames": [],
    "fingerprinting": 0,
    "resources": [
        {
            "rule": "chtintr\\.com\\/widget",
            "cookies": 0,
            "fingerprinting": 0,
            "subdomains": [],
            "apis": {},
            "sites": 18,
            "prevalence": 0.00184,
            "cnames": [],
            "responseHashes": [
                "dc4deda6d39b13d694df692ac376703e0d3105eae07856e8366373debc055040",
                "5b82659582f09dfc45c7acd50a54a4310509807de6654f98d63074e8f7735932",
                "96c9d10b41c28c4e2b133849acbd5f1d2622a1188b7611b27672331253fc0f5b",
                "0838d25a70c8776e8f3e5329398e50815af4cd99db9dc2e385af764fa6255abf",
                "d8fadcad1018744e9fac40118e8772da8bb861bbca50d9ce331a3159aad471ce",
                "2a078c12a0784309f97b3372f1a85e5abc1e5d3c8880fb727c8163082a4c9ec6",
                "92056b108a40b2aa4417fe2e9ea470a006959de1b2b0c438a7601394f6bc3544",
                "6e675f8748593594bd38b4f04e8c8a579129bc4ad0e4e2ae9a4dd381c6fd0bb8",
                "1975b51d08305ad1318b61f507cac0dc57868b7a27adea9512481beb5e27febe",
                "9d5b76a2a68af65b1b7deee1d09acb7b938d0bfed6bb2966889df2d2e7bd4f67",
                "b7f08db2f300c1f5c7fcf33dc1014084ed81d6926ad460e8588076bf4ff74080",
                "181f086ccd9dbbcfff223e01f9540db0f7943e7856e9194d1b921ed505e794d2",
                "30ef0b37f50b2767a5397bb110dbea7ff60dc80d4a3811a34be97f84b14502be"
            ],
            "type": "Document",
            "firstPartyCookies": {},
            "firstPartyCookiesSent": {},
            "exampleSites": [
                "deinesexfilme.com",
                "www.gutesexfilme.com",
                "www.halloporno.net",
                "www.hd-sexfilme.com",
                "www.hdpornos.xxx",
                "www.herzporno.net",
                "www.nursexfilme.com",
                "www.pornoente.tv",
                "www.pornofisch.com",
                "www.pornohirsch.net",
                "www.pornojenny.net",
                "www.pornoklinge.com",
                "www.pornohammer.com",
                "www.pornofelix.com",
                "www.pornotom.com",
                "www.pornoaffe.net",
                "www.sexvideos-hd.com",
                "www.xnxx-pornos.xxx"
            ]
        }
    ],
    "categories": [],
    "performance": {},
    "cookies": 0,
    "topInitiators": [
        {
            "domain": "first party",
            "prevalence": 1
        }
    ],
    "types": {
        "Document": 18
    },
    "nameservers": [
        "tim.ns.cloudflare.com",
        "mona.ns.cloudflare.com"
    ]
}