{
    "domain": "cookie-script.com",
    "owner": {},
    "source": [
        "DuckDuckGo-DE"
    ],
    "prevalence": 0.00388,
    "sites": 38,
    "subdomains": [
        "consent",
        "cdn",
        "geo",
        "crossdomain"
    ],
    "cnames": [],
    "fingerprinting": 1,
    "resources": [
        {
            "rule": "cookie-script\\.com\\/analytics",
            "cookies": 0,
            "fingerprinting": 0,
            "subdomains": [
                "consent"
            ],
            "apis": {},
            "sites": 23,
            "prevalence": 0.00235,
            "cnames": [],
            "responseHashes": [
                "d2cce41cb426beb1918b04919478137c045ee5b294e8debf680eab339f0f6f47",
                "6db26579f3f6af29aad421778c5656398d46ae45b0cb472509c0fdb4146c6e2d",
                "515580319c9e7f50af53c5d4a5573b196972fa069817e4bba99d03b5c6e4a862",
                "70592b7bba59ab5b9eb26594f1beb156c4634f236c4d9e309e7dd55d8e8cd14a",
                "4f82cfaa27a74f094e4fed6e315dd1f957921dd17098503c22469315b8e2c204",
                "7e07c4bc787a3595b98782e410ceee12d8dd9f971f8cd981c1f1a5910743ff46",
                "39b8b6cec7011177924881050b658efc8fb92f525bcab86be5dd0580c4524eaf",
                "24fe24eecfdcf514aecf597764298b295e9dd470de371befe539a5ed964c6735",
                "ed214b3330cc33f19c1eed955c0464946b4de6f16d54c25c9edd301322c5bdb0",
                "146c4dc02c509f79143c368c00e9d140aa7cc447029dd2639283cb02ff8d3289",
                "3f8c54022ad2f3ee2ece153f636acfa403253965a2b6ca090dd960e11a724b22",
                "ec8036a8b30bb7c988b02d5beba5882540ec4bdb599d69624929de12449fd4a8",
                "8873c6159d8fda98f19b90e4b7e28ede1947a283d9de8383ea33cbca36cf53cb",
                "7d267870d62a4aaa4c72fd80ff5bfc20d5bbe0aa3273a614b38ad79e6968271f",
                "70cce93af819b0c1dab937da53a9bdadfa5acc2f5c8f0982cfb40045907ef00a",
                "8604b3b74b0b637431d4ea429281d7f0d735936dee9afa0b227afb71b60c31e1",
                "4fe59fbc42df0c7d7401aa5bfc494d1fd90c89f127de5a5acb6dd40a9f1bf26a",
                "472db71919467db31d9bbe640a0c5cb4714c9da80329a13de3408d1f30d299a0",
                "9a1e20984ef976506651b56675f44cd500c837e8c5808a9caca9885b160dea0f",
                "0dc37c054ec92f800061a87d9f4d32ba395a9d41aaad840fc7be6df419a2037b",
                "921d530e8516ab664eba7daf9a9d083451c986255e51887e140fcd2071795e22"
            ],
            "type": "XHR",
            "firstPartyCookies": {},
            "firstPartyCookiesSent": {},
            "exampleSites": [
                "www.kirstein.de",
                "www.regioactive.de",
                "www.poppen.de",
                "join.com",
                "smart-vergleich.com",
                "www.fetisch.de",
                "www.handmadekultur.de",
                "www.ferienhausmiete.de",
                "diebesten-online.de",
                "ra.co",
                "www.elriwa.de",
                "www.1a-immobilienmarkt.de",
                "www.kaufmich.com",
                "jooble.org",
                "www.gay.de",
                "www.deskmodder.de",
                "www.resizepixel.com",
                "www.friedrich-schiller-archiv.de",
                "www.backstagepro.de",
                "fixthephoto.com"
            ]
        },
        {
            "rule": "cookie-script\\.com\\/iabtcf\\/2\\.2\\/sdk_cmp\\.js",
            "cookies": 0,
            "fingerprinting": 1,
            "subdomains": [
                "cdn"
            ],
            "apis": {
                "Date.prototype.getTime": 13
            },
            "sites": 15,
            "prevalence": 0.00153,
            "cnames": [],
            "responseHashes": [
                "2c0dd6393517e45d6a86628931927c4677f62ae2f8475a79b4a4e3b29cdfb00d"
            ],
            "type": "Script",
            "firstPartyCookies": {},
            "firstPartyCookiesSent": {},
            "exampleSites": [
                "jooble.org",
                "fixthephoto.com",
                "gedenken.freiepresse.de",
                "ra.co",
                "www.1a-immobilienmarkt.de",
                "www.aktionspreis.de",
                "www.backstagepro.de",
                "www.deskmodder.de",
                "www.handmadekultur.de",
                "www.helles-koepfchen.de",
                "www.marktcom.de",
                "www.moddb.com",
                "www.regioactive.de",
                "www.resizepixel.com",
                "www.vrm-trauer.de"
            ]
        },
        {
            "rule": "cookie-script\\.com\\/iabtcf\\/2\\.2\\/vendor-list\\.json",
            "cookies": 0,
            "fingerprinting": 0,
            "subdomains": [
                "cdn"
            ],
            "apis": {},
            "sites": 15,
            "prevalence": 0.00153,
            "cnames": [],
            "responseHashes": [
                "dc0026c9cd7be498bc430ca92d212a17f590bd123c62d0248ce854e5606ad630"
            ],
            "type": "XHR",
            "firstPartyCookies": {},
            "firstPartyCookiesSent": {},
            "exampleSites": [
                "jooble.org",
                "fixthephoto.com",
                "gedenken.freiepresse.de",
                "ra.co",
                "www.1a-immobilienmarkt.de",
                "www.aktionspreis.de",
                "www.backstagepro.de",
                "www.deskmodder.de",
                "www.handmadekultur.de",
                "www.helles-koepfchen.de",
                "www.marktcom.de",
                "www.moddb.com",
                "www.regioactive.de",
                "www.resizepixel.com",
                "www.vrm-trauer.de"
            ]
        },
        {
            "rule": "cookie-script\\.com\\/iabtcf\\/2\\.2\\/google-vendors\\.json",
            "cookies": 0,
            "fingerprinting": 0,
            "subdomains": [
                "cdn"
            ],
            "apis": {},
            "sites": 15,
            "prevalence": 0.00153,
            "cnames": [],
            "responseHashes": [
                "a60153f85720b221e4d5fb81b10239a6a65bc2a4d9f343849ecc2edd798ed673"
            ],
            "type": "Fetch",
            "firstPartyCookies": {},
            "firstPartyCookiesSent": {},
            "exampleSites": [
                "jooble.org",
                "fixthephoto.com",
                "gedenken.freiepresse.de",
                "ra.co",
                "www.1a-immobilienmarkt.de",
                "www.aktionspreis.de",
                "www.backstagepro.de",
                "www.deskmodder.de",
                "www.handmadekultur.de",
                "www.helles-koepfchen.de",
                "www.marktcom.de",
                "www.moddb.com",
                "www.regioactive.de",
                "www.resizepixel.com",
                "www.vrm-trauer.de"
            ]
        },
        {
            "rule": "cookie-script\\.com\\/iabtcf\\/2\\.2\\/purposes-de\\.json",
            "cookies": 0,
            "fingerprinting": 0,
            "subdomains": [
                "cdn"
            ],
            "apis": {},
            "sites": 4,
            "prevalence": 0.000408,
            "cnames": [],
            "responseHashes": [
                "231666c5c9482265c04a92050cdad051bfb0dd3cd50b8a61e1839e10b14c01cc"
            ],
            "type": "XHR",
            "firstPartyCookies": {},
            "firstPartyCookiesSent": {},
            "exampleSites": [
                "jooble.org",
                "gedenken.freiepresse.de",
                "www.deskmodder.de",
                "www.vrm-trauer.de"
            ]
        },
        {
            "rule": "cookie-script\\.com\\/s\\/9f2e4f3ae272e6239af3325a81c28bb6\\.js",
            "cookies": 0,
            "fingerprinting": 0,
            "subdomains": [
                "geo"
            ],
            "apis": {},
            "sites": 2,
            "prevalence": 0.000204,
            "cnames": [],