{
    "domain": "delmovip.com",
    "owner": {},
    "source": [
        "DuckDuckGo-DE"
    ],
    "prevalence": 0.00275,
    "sites": 27,
    "subdomains": [
        "go",
        "static"
    ],
    "cnames": [],
    "fingerprinting": 2,
    "resources": [
        {
            "rule": "delmovip\\.com\\/eactrl\\.go",
            "cookies": 0,
            "fingerprinting": 0,
            "subdomains": [
                "go"
            ],
            "apis": {},
            "sites": 27,
            "prevalence": 0.00275,
            "cnames": [],
            "responseHashes": [
                "19722039007ae840873cf97a82ce1c25c84c4d7392ef0107b62855b7deb057d9",
                "80403eb8f07abdafd7b56a4cad47fad1cbdeea4b202a597055b199f7344e7dd6",
                "2fd47254704cbed9d9f06650d25ccf189cfb9ef0bb4acfb98aa17604ca465520",
                "37355a4d25308d7ef0c73df9db424985a1de0785a1edd42964a3540d24a56d69",
                "4dbf01a51d4570e51440da86ad7946269a93accb7b05b1c072c009946495ee85",
                "b1e4de990021cc35646c471561156f7229f8a7a09c8dceff868e8a97e09b1a14",
                "f4f04c6a2df734617a587e846b3d16f2c5ee04e9a44fe88cb53d75df8e6f9f44",
                "4bcf9b7ff873679f419832b250d48424dfcb67f489db01190ec1f8404250f130",
                "6a2f4e2407e97b95147b155f7ca69e3851bc9dcbddaa721023300e0f1df809ee",
                "54791f933d7118db26e70db1153391aff0f2889995d556d32d53a5245063d473",
                "1e6fe37b36df8e06e5817a739feb26e7ca28a87250aa3e92adbfc6bfca209765",
                "4d9c1b4d18eefdc8690f85e333b2909823abd3984b7c80a61eb22644ad28885d",
                "74d1bc795a1190531e177166286ad6c75b03f29f05ef8f83c38f7b9394cc722a",
                "ca42fcdd363c8f87ec2ef644a4a95e6d33007d18cbef601fd50981d19935b955",
                "d1c3731fa6ad5989d821e1b35abeae2895c110b43794d1b8c087556965d24feb",
                "32ce9c16a863a9eddf94f94b69f8d22819334ece5852b84613c2a1ae22fa37c8",
                "44d19a37e91007ac3526ca55b2bac1cdfccd5653d275b51d3764e04203d7c304",
                "f7b266bf4747d2b119dcf0635a3c599795b5177f239ea5f27e256ba82bfd4ba2",
                "f63e7270926496b16f251a7e9c57c4abef2c002fd41708ad3b3165120a8dad1a",
                "56689b5a625acacda6327dca20c0017e9d44f04d8c418477931a442fea68f958",
                "dfcb877e18a222ab752f7f4c6ec6bf039e859743e6f07eddfc57fec6cb3c96e3",
                "c230647e9338d4e59f3160914850557f4017eb0509084928743d7c079a8d15d2",
                "94234556a54a2b15d58b9cfc25d126127af8e1b5502090de9fb40f9a94a7d81b",
                "3e03208f74ca43bf253ffaca255e1520234f9a44127bac48119be2c3aade7da4",
                "e8c07184398bbdf60c70c607d5d057d1fa6488044d9d0850fc95bbf6f5e8edce",
                "cb2057ae7ae717df9efce5176d95271b06c14992c860ee44ea9a0ce91e795609"
            ],
            "type": "XHR",
            "firstPartyCookies": {},
            "firstPartyCookiesSent": {},
            "exampleSites": [
                "www.deutscherporno.biz",
                "grannypornos.net",
                "youporndeutsch.biz",
                "sexfilmetube.net",
                "www.erotik-sexvideos.com",
                "www.sunporno-deutsch.net",
                "www.deinemuschis.com",
                "reifefrauenpornos.com",
                "sex-mit-oma.net",
                "ficken-pornos.net",
                "www.fickfilme.net",
                "www.deutschepornos.co",
                "www.sexgeschichten.tv",
                "www.dickefrauen.info",
                "you-porn-deutsch.com",
                "youporndeutsch.xyz",
                "www.sexfilme24.org",
                "www.bravopornos.com",
                "deutschepornos-tube.org",
                "www.german-porno-deutsch.org"
            ]
        },
        {
            "rule": "delmovip\\.com\\/data\\/creatives\\/546\\/46166\\.mp4",
            "cookies": 0,
            "fingerprinting": 0,
            "subdomains": [
                "static"
            ],
            "apis": {},
            "sites": 5,
            "prevalence": 0.00051,
            "cnames": [],
            "responseHashes": [
                "0c2035c8c61ad21d08326e3ffef0baea1001c46b3301e8d382a5393614599472"
            ],
            "type": "Media",
            "firstPartyCookies": {},
            "firstPartyCookiesSent": {},
            "exampleSites": [
                "deutschepornos-tube.org",
                "reifefrauenpornos.com",
                "www.dickefrauen.info",
                "www.erotikfilme24.net",
                "www.fickfilme.net"
            ]
        },
        {
            "rule": "delmovip\\.com\\/data\\/creatives\\/546\\/46160\\.mp4",
            "cookies": 0,
            "fingerprinting": 0,
            "subdomains": [
                "static"
            ],
            "apis": {},
            "sites": 3,
            "prevalence": 0.000306,
            "cnames": [],
            "responseHashes": [
                "540878ea4266c5fa184a069e25cdf665fa78225c9d33c210820e35c0b5e8897d"
            ],
            "type": "Media",
            "firstPartyCookies": {},
            "firstPartyCookiesSent": {},
            "exampleSites": [
                "ficken-pornos.net",
                "redtubedeutsch.com",
                "www.bravopornos.com"
            ]
        },
        {
            "rule": "delmovip\\.com\\/data\\/creatives\\/546\\/46169\\.mp4",
            "cookies": 0,
            "fingerprinting": 0,
            "subdomains": [
                "static"
            ],
            "apis": {},
            "sites": 11,
            "prevalence": 0.00112,
            "cnames": [],
            "responseHashes": [
                "58ec99675e98a517d427403a7aa4186021adb8d987eb8a02fe9dc8f739f7476d"
            ],
            "type": "Media",
            "firstPartyCookies": {},
            "firstPartyCookiesSent": {},
            "exampleSites": [
                "geilepornofilme.net",
                "grannypornos.net",
                "pornodeutsch.biz",
                "sex-mit-oma.net",
                "www.deinemuschis.com",
                "www.deutschepornos.co",
                "www.deutscherporno.biz",
                "www.erotik-sexvideos.com",
                "www.sexgeschichten.tv",
                "you-porn-deutsch.com",
                "youporndeutsch.biz"
            ]
        },
        {
            "rule": "delmovip\\.com\\/loadeactrl\\.go",
            "cookies": 0,
            "fingerprinting": 2,
            "subdomains": [
                "go"
            ],
            "apis": {
                "window.sessionStorage": 3,
                "window.innerHeight": 3,
                "window.innerWidth": 3,
                "Navigator.prototype.appName": 2,
                "Navigator.prototype.appVersion": 2,
                "Screen.prototype.width": 3,
                "Screen.prototype.height": 3,
                "Date.prototype.getTime": 3,
                "Element.prototype.getClientRects": 1,
                "Screen.prototype.availHeight": 2,
                "Screen.prototype.availWidth": 2
            },
            "sites": 3,
            "prevalence": 0.000306,
            "cnames": [],
            "responseHashes": [
                "9ecb9add7bcd13d2d4e7c772c31bccb9ef97b2f557ca7e1293ff34ab32a37fd6",
                "08c1e618b74a28a1bd1cba1ec655e3c5a2d740d289891b12c011fc62ecb81680"
            ],
            "type": "Script",
            "firstPartyCookies": {},
            "firstPartyCookiesSent": {},
            "exampleSites": [
                "bravopornos.com",
                "www.german-porno-deutsch.org",
                "www.sexgeschichten.tv"
            ]
        },
        {
            "rule": "delmovip\\.com\\/banner\\.go",
            "cookies": 0,
            "fingerprinting": 0,
            "subdomains": [
                "go"
            ],
            "apis": {},
            "sites": 3,
            "prevalence": 0.000306,
            "cnames": [],