{
    "domain": "fatmedia.io",
    "owner": {},
    "source": [
        "DuckDuckGo-DE"
    ],
    "prevalence": 0.00102,
    "sites": 10,
    "subdomains": [
        "analytics",
        "tr"
    ],
    "cnames": [],
    "fingerprinting": 2,
    "resources": [
        {
            "rule": "fatmedia\\.io\\/",
            "cookies": 0,
            "fingerprinting": 0,
            "subdomains": [
                "analytics",
                "tr"
            ],
            "apis": {},
            "sites": 10,
            "prevalence": 0.00102,
            "cnames": [],
            "responseHashes": [
                "2bece7c36d085682f7ea765221b9bb0b6aeda5c31b3c04b0cc97b153c84b4a68",
                "b887b06df45c7e1938ed12f8c0f556967b476547904a38d408b07bfc040230ae",
                "23f7981284ffb3190a21f0ba68e390ff6a9a65c88a9ed24272f5e726a72189aa"
            ],
            "type": "Script",
            "firstPartyCookies": {},
            "firstPartyCookiesSent": {},
            "exampleSites": [
                "lampenwelt.de",
                "ninjakitchen.de",
                "walbusch.de",
                "www.bader.de",
                "www.lampenwelt.de",
                "www.leguano.eu",
                "www.ninjakitchen.de",
                "www.reifen.de",
                "www.walbusch.de",
                "www.wickedweasel.com"
            ]
        },
        {
            "rule": "fatmedia\\.io\\/ctl",
            "cookies": 0.000816,
            "fingerprinting": 0,
            "subdomains": [
                "analytics"
            ],
            "apis": {},
            "sites": 8,
            "prevalence": 0.000816,
            "cnames": [],
            "responseHashes": [
                "cbedfd9c62314b3e39705369e7dbf64faaddb02570e45cff4e7415fed7709c60",
                "597fd3eee282e1e6e0763020fe0ff8bb5baa1592cfe03144f98e8333705e6b9c",
                "9726c66a0f558ba187a9bb6af0938a5237ef4f66aa3d79f89b7a72a674cdfd73",
                "a1c9b54193e944768fdb6e622632fdae3ac39b4007d58485cbc5901ee1c21078",
                "36182595582f1fdf941959a55e8fc6552e1bc7817de107eaa0169bf20a6298e4",
                "a387f70d870058b0a51713687ef9ebe342e0e01f77aa74a6bdd256a0009becf8",
                "8e0c043b477dc6ebc42925e140a5f1497eb85a36d8749800424acbfb9584cf13"
            ],
            "type": "Script",
            "firstPartyCookies": {},
            "firstPartyCookiesSent": {},
            "exampleSites": [
                "lampenwelt.de",
                "ninjakitchen.de",
                "walbusch.de",
                "www.bader.de",
                "www.lampenwelt.de",
                "www.leguano.eu",
                "www.ninjakitchen.de",
                "www.walbusch.de"
            ]
        },
        {
            "rule": "fatmedia\\.io\\/al",
            "cookies": 0,
            "fingerprinting": 0,
            "subdomains": [
                "analytics"
            ],
            "apis": {},
            "sites": 9,
            "prevalence": 0.000918,
            "cnames": [],
            "responseHashes": [
                "cdd65e0c194d7e244e64969de8e64cecacd4b7bc4999a4292c1b8a3205cb1670"
            ],
            "type": "XHR",
            "firstPartyCookies": {},
            "firstPartyCookiesSent": {},
            "exampleSites": [
                "lampenwelt.de",
                "ninjakitchen.de",
                "walbusch.de",
                "www.bader.de",
                "www.lampenwelt.de",
                "www.leguano.eu",
                "www.ninjakitchen.de",
                "www.walbusch.de",
                "www.wickedweasel.com"
            ]
        }
    ],
    "categories": [],
    "performance": {},
    "cookies": 0.000816,
    "topInitiators": [
        {
            "domain": "first party",
            "prevalence": 0.7096774193548387
        },
        {
            "domain": "googletagmanager.com",
            "prevalence": 0.0967741935483871
        },
        {
            "domain": "ccm19.de",
            "prevalence": 0.0967741935483871
        },
        {
            "domain": "dwin1.com",
            "prevalence": 0.06451612903225806
        },
        {
            "domain": "belboon.com",
            "prevalence": 0.03225806451612903
        }
    ],
    "types": {
        "Script": 18,
        "XHR": 9
    },
    "nameservers": [
        "ns-de.1and1-dns.de",
        "ns-de.1and1-dns.com"
    ]
}