{
    "domain": "featureassets.org",
    "owner": {},
    "source": [
        "DuckDuckGo-DE"
    ],
    "prevalence": 0.00173,
    "sites": 17,
    "subdomains": [],
    "cnames": [],
    "fingerprinting": 0,
    "resources": [
        {
            "rule": "featureassets\\.org\\/v1\\/initialize",
            "cookies": 0.00173,
            "fingerprinting": 0,
            "subdomains": [],
            "apis": {},
            "sites": 17,
            "prevalence": 0.00173,
            "cnames": [],
            "responseHashes": [
                "227b7180af6fde090a45e1006571a8576ffbe08fa41897e8487ac8df4b8920bc",
                "480cc6b97cbb1e6243e20c4c1e656d8b7905cb347fee8d6c0dca319873178742",
                "978b3a0a7b47247cb1fbca5cf8968b22498631d5c99b6f4269c20921f6722f1d",
                "c5eaffb395c2909fdd59800cebb8ae54360a816d0c2f28fbd112279ca521b432",
                "1bd4796f854506ec53eaaba751ca2fccf92af09369d1174fb2fd5cfdec80978f",
                "a7f9a9ac8ee7af155737b4ee57c963a2db59be2ef5103694e9a3dd2019931043",
                "28c4d2753830a5ab7d229e3acbd9cdef7dbac56ac07f7ecbc2b73da82e268299",
                "1d04725d4f4bb9b71778e3ac6fb356709c33e273e24a9caaa01103cb39071fa1",
                "75c678b34d14c4b6a2acecf6ec0e0bd2bf24339fb5afd3575538455d25d8c138",
                "4de70b98550f711591225e412238487a4f3357f644155eb3c4c118d99a643c60",
                "cb4f842f4e87c2f2002fd7c47ba10ebb31b6a4eefa40bcb3adccf69ba3208fda",
                "421d580e3c0282a994280b0d2ca26b2a9648b094808e8e6c4120692497b12879",
                "cd7647f35049d9a0ac21b51467e397462da980a63032425299654c1bda9e3cc9",
                "218fca831bacd56655f38ce8212cb5b4d5c80f26254606af4e68e8679f2c05ed",
                "576f26f0b240cb8e3c033082a27d9fc617370447d9d483a20bef8b5f3c1f348d"
            ],
            "type": "Fetch",
            "firstPartyCookies": {},
            "firstPartyCookiesSent": {},
            "exampleSites": [
                "squarespace.com",
                "calendly.com",
                "linktr.ee",
                "n26.com",
                "notino.de",
                "openai.com",
                "platform.openai.com",
                "soundcloud.com",
                "www.abc.net.au",
                "www.bloomberg.com",
                "www.cdkeys.com",
                "www.figma.com",
                "www.moemax.de",
                "www.poco.de",
                "www.scribd.com",
                "www.xxxlutz.de",
                "www.zoominfo.com"
            ]
        },
        {
            "rule": "featureassets\\.org\\/v1\\/initialize",
            "cookies": 0.000204,
            "fingerprinting": 0,
            "subdomains": [],
            "apis": {},
            "sites": 2,
            "prevalence": 0.000204,
            "cnames": [],
            "responseHashes": [],
            "type": "Preflight",
            "firstPartyCookies": {},
            "firstPartyCookiesSent": {},
            "exampleSites": [
                "openai.com",
                "www.cdkeys.com"
            ]
        }
    ],
    "categories": [],
    "performance": {},
    "cookies": 0.00173,
    "topInitiators": [
        {
            "domain": "first party",
            "prevalence": 0.7142857142857143
        },
        {
            "domain": "jsdelivr.net",
            "prevalence": 0.2857142857142857
        }
    ],
    "types": {
        "Fetch": 17,
        "Preflight": 2
    },
    "nameservers": [
        "ns-1952.awsdns-52.co.uk",
        "ns-387.awsdns-48.com",
        "ns-1178.awsdns-19.org",
        "ns-940.awsdns-53.net"
    ]
}