{
    "domain": "futurehybrid.tech",
    "owner": {},
    "source": [
        "DuckDuckGo-DE"
    ],
    "prevalence": 0.00153,
    "sites": 15,
    "subdomains": [
        "sommelier"
    ],
    "cnames": [],
    "fingerprinting": 0,
    "resources": [
        {
            "rule": "futurehybrid\\.tech\\/config\\/",
            "cookies": 0,
            "fingerprinting": 0,
            "subdomains": [
                "sommelier"
            ],
            "apis": {},
            "sites": 15,
            "prevalence": 0.00153,
            "cnames": [],
            "responseHashes": [
                "71ae6fe2086dd9255c5d1799d24d663214d5c80a89a956972bcb3d19598a8036",
                "0509791ca8e19c43a5826225e409e425aea8b93c056396cfa16f95a763ae5aef",
                "a3d75f10175f1fc870b0b2a442698443caa14171df395041ac3fd7a54b1d4889",
                "5de3ff55babf04f71b8ac33fcdda1ccb9da996654ad1a5c47076ac2a5119cac4",
                "adab6d4b476423496b8ffea1d75313099d77213146ed690056bd5f1b6b01e149",
                "ec11644d08d7b6cd66aa3c15ac7e081b180ee70f44b658d71a4c3a6b659f2502",
                "bfe51e13558bec99e0295d403ac4844da0e322b15bc679ea91d1984a01a91ebc",
                "a2b5706c46c16f26d0c877fb8f968667b6a7f7cb888f09d82151761e59b4fbf3",
                "93e4317de66368aee8768503664235ca42fa8cef8098326a5bb853ac11e624dd",
                "c797c37178f3314c0db83bef0a9d387d596dda1bc21c6877354bcba2ac514533",
                "a6d6a3cada6689beb7b7ee19a2ca3fb9d080f8c76bc419d440f07f60d92f6e79",
                "c573319eae9c8ea6b1d42f01d9509471e49058a6bfb3f86a8bea0703871ff429",
                "b917117cd9a71c1f734d3e08c47f3dcc16b82c280e12288458483d23cc61c278",
                "4c80f7b98ddb3ddbaa905373bd19210ef98181be59619ef4045e560fb0b7bb34"
            ],
            "type": "Fetch",
            "firstPartyCookies": {},
            "firstPartyCookiesSent": {},
            "exampleSites": [
                "tomshardware.com",
                "www.cyclingweekly.com",
                "www.cyclingnews.com",
                "www.digitalcameraworld.com",
                "www.gamesradar.com",
                "www.livescience.com",
                "www.musicradar.com",
                "www.pcgamer.com",
                "www.space.com",
                "www.techspot.com",
                "www.techradar.com",
                "www.tomsguide.com",
                "www.tomshardware.com",
                "www.whathifi.com",
                "www.windowscentral.com"
            ]
        }
    ],
    "categories": [],
    "performance": {},
    "cookies": 0,
    "topInitiators": [
        {
            "domain": "futurecdn.net",
            "prevalence": 1
        }
    ],
    "types": {
        "Fetch": 15
    },
    "nameservers": [
        "ns-55.awsdns-06.com",
        "ns-786.awsdns-34.net",
        "ns-1419.awsdns-49.org",
        "ns-1705.awsdns-21.co.uk"
    ]
}