{
    "domain": "gaug.es",
    "owner": {},
    "source": [
        "DuckDuckGo-DE"
    ],
    "prevalence": 0.000306,
    "sites": 3,
    "subdomains": [
        "secure"
    ],
    "cnames": [],
    "fingerprinting": 1,
    "resources": [
        {
            "rule": "gaug\\.es\\/track\\.js",
            "cookies": 0.000306,
            "fingerprinting": 1,
            "subdomains": [
                "secure"
            ],
            "apis": {
                "Date.prototype.getTime": 3,
                "Document.cookie setter": 3,
                "Navigator.prototype.userAgent": 3,
                "Document.cookie getter": 3,
                "Screen.prototype.width": 3,
                "window.innerWidth": 3,
                "window.innerHeight": 3
            },
            "sites": 3,
            "prevalence": 0.000306,
            "cnames": [],
            "responseHashes": [
                "df2698e6cf74ed890afa92da10051f880df2ce0b3257b73c5d9ae2f6bea82d3c"
            ],
            "type": "Script",
            "firstPartyCookies": {
                "_gauges_cookie": {
                    "ttl": 5,
                    "length": 1,
                    "prevalence": 0.00030596634370219276,
                    "uniqueness": 0.3333333333333333
                },
                "_gauges_unique_hour": {
                    "ttl": 3604,
                    "length": 1,
                    "prevalence": 0.00030596634370219276,
                    "uniqueness": 0.3333333333333333
                },
                "_gauges_unique_day": {
                    "ttl": 86404,
                    "length": 1,
                    "prevalence": 0.00030596634370219276,
                    "uniqueness": 0.3333333333333333
                },
                "_gauges_unique_month": {
                    "ttl": 2678404,
                    "length": 1,
                    "prevalence": 0.00030596634370219276,
                    "uniqueness": 0.3333333333333333
                },
                "_gauges_unique_year": {
                    "ttl": 31536004,
                    "length": 1,
                    "prevalence": 0.00030596634370219276,
                    "uniqueness": 0.3333333333333333
                },
                "_gauges_unique": {
                    "ttl": 31536004,
                    "length": 1,
                    "prevalence": 0.00030596634370219276,
                    "uniqueness": 0.3333333333333333
                }
            },
            "firstPartyCookiesSent": {},
            "exampleSites": [
                "alphr.com",
                "www.guidingtech.com",
                "www.omgubuntu.co.uk"
            ]
        },
        {
            "rule": "gaug\\.es\\/track\\.gif",
            "cookies": 0,
            "fingerprinting": 0,
            "subdomains": [
                "secure"
            ],
            "apis": {},
            "sites": 3,
            "prevalence": 0.000306,
            "cnames": [],
            "responseHashes": [
                "7fff1569ea68ef52782ba25b0cf3934627f7a4fc1e8e22f4652de959c5f97978"
            ],
            "type": "Image",
            "firstPartyCookies": {},
            "firstPartyCookiesSent": {},
            "exampleSites": [
                "alphr.com",
                "www.guidingtech.com",
                "www.omgubuntu.co.uk"
            ]
        }
    ],
    "categories": [],
    "performance": {},
    "cookies": 0.000306,
    "topInitiators": [
        {
            "domain": "first party",
            "prevalence": 1
        }
    ],
    "types": {
        "Script": 3,
        "Image": 3
    },
    "nameservers": [
        "ns-451.awsdns-56.com",
        "ns-940.awsdns-53.net",
        "ns-1458.awsdns-54.org",
        "ns-1754.awsdns-27.co.uk"
    ]
}