{
    "domain": "mrf.io",
    "owner": {
        "name": "Marfeel Solutions, S.L.",
        "displayName": "Marfeel"
    },
    "source": [
        "DuckDuckGo-DE"
    ],
    "prevalence": 0.00122,
    "sites": 12,
    "subdomains": [
        "sdk",
        "marfeelexperimentsexperienceengine",
        "flowcards"
    ],
    "cnames": [],
    "fingerprinting": 1,
    "resources": [
        {
            "rule": "mrf\\.io\\/statics\\/marfeel-sdk\\.js",
            "cookies": 0.00102,
            "fingerprinting": 1,
            "subdomains": [
                "sdk"
            ],
            "apis": {
                "window.localStorage": 10,
                "Navigator.prototype.userAgent": 10,
                "window.sessionStorage": 11,
                "Date.prototype.getTime": 10,
                "Document.cookie setter": 10,
                "Document.cookie getter": 10
            },
            "sites": 11,
            "prevalence": 0.00112,
            "cnames": [],
            "responseHashes": [
                "157ff5b2aee99142f7db923d9772daef0ef80585c4cd33af6bb61fb502a8c118",
                "677c9e3f93aece4c4b89de345acb5b935be1c67c1863eeea2acefdffe15e63b5",
                "bf20f42cf2b73d04ec34e8115efa82949d4d9567de36725f2217d7fb84900c0c",
                "1a112148b892ea5aeca2bb703b6b8bc9dfd65f152e56687596bcfe157add12b1",
                "3f5c23fa1c8fb79d19de4bf75f1db8bac0cdd1cbe3963af17873d86603664b31",
                "1e56b03eb944db5504b418574452a735a9f350845f7b36419d26344372d096d0",
                "805455924de5c8b9f15c60fde1d194ee31fe0d0703934968ff83e200fdead4bc"
            ],
            "type": "Script",
            "firstPartyCookies": {
                "___nrbic": {
                    "ttl": 15552002,
                    "length": 393,
                    "prevalence": 0.00010198878123406426,
                    "uniqueness": 1
                },
                "___nrbi": {
                    "ttl": 15552002,
                    "length": 187,
                    "prevalence": 0.00010198878123406426,
                    "uniqueness": 1
                },
                "compass_uid": {
                    "ttl": 15552002,
                    "length": 36,
                    "prevalence": 0.00010198878123406426,
                    "uniqueness": 1
                }
            },
            "firstPartyCookiesSent": {},
            "exampleSites": [
                "elpais.com",
                "www.berliner-kurier.de",
                "www.gamepressure.com",
                "www.haustec.de",
                "www.hellomagazine.com",
                "www.lefigaro.fr",
                "www.mallorcamagazin.com",
                "www.smart-home-fox.de",
                "www.timesofisrael.com",
                "www.watson.ch",
                "www.zvw.de"
            ]
        },
        {
            "rule": "mrf\\.io\\/experimentsexperience\\/render",
            "cookies": 0,
            "fingerprinting": 1,
            "subdomains": [
                "marfeelexperimentsexperienceengine"
            ],
            "apis": {
                "window.localStorage": 1
            },
            "sites": 5,
            "prevalence": 0.00051,
            "cnames": [],
            "responseHashes": [
                "6cd9b419fd09737c6d2bfe86d11e3fa6e1615936cb8a9df0ecc804cce28a2965",
                "0f8d6ca57f8a3a474d985e259006a7fa5c73e7b1f91d42d87c6634154948d226",
                "280275e98deebd4d13cae00afb2fcb19f39b6126edd0058e1865371dded2955c"
            ],
            "type": "Script",
            "firstPartyCookies": {},
            "firstPartyCookiesSent": {},
            "exampleSites": [
                "elpais.com",
                "www.abendzeitung-muenchen.de",
                "www.haustec.de",
                "www.hellomagazine.com",
                "www.watson.ch"
            ]
        },
        {
            "rule": "mrf\\.io\\/statics\\/compass-multimedia-sdk\\.js",
            "cookies": 0,
            "fingerprinting": 0,
            "subdomains": [
                "sdk"
            ],
            "apis": {},
            "sites": 3,
            "prevalence": 0.000306,
            "cnames": [],
            "responseHashes": [
                "3bbbdec489d03a436953c9ac0d16cc02ee2b53397683db74173225ec288aefd7"
            ],
            "type": "Script",
            "firstPartyCookies": {},
            "firstPartyCookiesSent": {},
            "exampleSites": [
                "lefigaro.fr",
                "www.mallorcamagazin.com",
                "www.watson.ch"
            ]
        },
        {
            "rule": "mrf\\.io\\/statics\\/468882eb0f1089d251bf\\.js",
            "cookies": 0,
            "fingerprinting": 1,
            "subdomains": [
                "sdk"
            ],
            "apis": {
                "Navigator.prototype.userAgent": 2
            },
            "sites": 2,
            "prevalence": 0.000204,
            "cnames": [],
            "responseHashes": [
                "96231af84ba28436c248b39cf07657890f3d1b52d92d8b96bf344c2db84023ac"
            ],
            "type": "Script",
            "firstPartyCookies": {},
            "firstPartyCookiesSent": {},
            "exampleSites": [
                "lefigaro.fr",
                "www.watson.ch"
            ]
        },
        {
            "rule": "mrf\\.io\\/json\\/experiences",
            "cookies": 0,
            "fingerprinting": 0,
            "subdomains": [
                "flowcards"
            ],
            "apis": {},
            "sites": 2,
            "prevalence": 0.000204,
            "cnames": [],
            "responseHashes": [
                "4771b6e6d80480ff9d9ca116255b55e6a618fe445961840333b32a1315255e50"
            ],
            "type": "Fetch",
            "firstPartyCookies": {},
            "firstPartyCookiesSent": {},
            "exampleSites": [
                "mallorcamagazin.com",
                "www.watson.ch"
            ]
        }
    ],
    "categories": [],
    "performance": {},
    "cookies": 0.00102,
    "topInitiators": [
        {
            "domain": "first party",
            "prevalence": 0.6428571428571429
        },
        {
            "domain": "googletagmanager.com",
            "prevalence": 0.21428571428571427
        },
        {
            "domain": "adobedtm.com",
            "prevalence": 0.14285714285714285
        }
    ],
    "types": {
        "Script": 21,
        "Fetch": 2
    },
    "nameservers": [
        "ns-105.awsdns-13.com",
        "ns-1457.awsdns-54.org",
        "ns-1834.awsdns-37.co.uk",
        "ns-655.awsdns-17.net"
    ]
}