{
    "domain": "p-n.io",
    "owner": {
        "name": "Pushly",
        "displayName": "Pushly"
    },
    "source": [
        "DuckDuckGo-DE"
    ],
    "prevalence": 0.00112,
    "sites": 11,
    "subdomains": [
        "cdn",
        "k"
    ],
    "cnames": [],
    "fingerprinting": 3,
    "resources": [
        {
            "rule": "p-n\\.io\\/pushly-sdk\\.min\\.js",
            "cookies": 0.000918,
            "fingerprinting": 2,
            "subdomains": [
                "cdn"
            ],
            "apis": {
                "window.localStorage": 10,
                "Navigator.prototype.userAgent": 11,
                "Navigator.prototype.appVersion": 11,
                "Navigator.prototype.appCodeName": 11,
                "Navigator.prototype.product": 11,
                "Navigator.prototype.vendor": 11,
                "window.indexedDB": 11,
                "Document.cookie getter": 11,
                "window.sessionStorage": 11,
                "Date.prototype.getTime": 11,
                "Navigator.prototype.cookieEnabled": 9,
                "Document.cookie setter": 9,
                "Navigator.prototype.permissions": 10,
                "Intl.DateTimeFormat.prototype.resolvedOptions": 8,
                "NavigatorUAData.prototype.brands": 6,
                "Screen.prototype.orientation": 6
            },
            "sites": 11,
            "prevalence": 0.00112,
            "cnames": [],
            "responseHashes": [
                "7a6a41db7b2724f8eeee53b8372bca5eebcb29704bb63ca02ab21df1066e5682",
                "7c812e565486e248e51ca73bdc70107ae33cbb165dd0055bcf86e3a6602724ff",
                "933d3dbd5c79ef6077d7d218e1c9efa1742892a6b6559c08a11b264a0ee2f65e",
                "13227f0395a30477eedbb03d5d804462a2852d9a49c9dfe4bf71f8724e926550",
                "07b135f3e30e5edeb03c486336a4f01eca31c6cce97934aac5b604dc05e949eb",
                "9fe341826c44f5bfc73632e138bd94438df1901293ef8a3debddf771a55966eb",
                "1d312d436ab6b4ad0b53ba096ff97a8f510c8037b2d60169b455841fe169437e",
                "196a8af9e238a5e25ad9809e8f7f202c6c2ff9898baa7198b0c96f2ef3a74fb6",
                "7d297cc8932fdfb2f550a03b21e362286ecf26b158b360c1ca949dde4c66d3e3"
            ],
            "type": "Script",
            "firstPartyCookies": {
                "_pn_TgtvAlfG": {
                    "ttl": 15552004,
                    "length": 112,
                    "prevalence": 0.00010198878123406426,
                    "uniqueness": 1
                },
                "_pn": {
                    "ttl": 15552009,
                    "length": 112,
                    "prevalence": 0.00030596634370219276,
                    "uniqueness": 1
                },
                "_pn_HgS8Lyj7": {
                    "ttl": 15552004,
                    "length": 112,
                    "prevalence": 0.00010198878123406426,
                    "uniqueness": 1
                },
                "_pn_Q421TcVy": {
                    "ttl": 15552008,
                    "length": 112,
                    "prevalence": 0.00010198878123406426,
                    "uniqueness": 1
                },
                "_pn_6YlvT2LV": {
                    "ttl": 15552003,
                    "length": 112,
                    "prevalence": 0.00010198878123406426,
                    "uniqueness": 1
                },
                "_pn_IKaaNszB": {
                    "ttl": 15552008,
                    "length": 112,
                    "prevalence": 0.00010198878123406426,
                    "uniqueness": 1
                },
                "_pn_RPAnbhVi": {
                    "ttl": 15552006,
                    "length": 112,
                    "prevalence": 0.00010198878123406426,
                    "uniqueness": 1
                }
            },
            "firstPartyCookiesSent": {},
            "exampleSites": [
                "dotesports.com",
                "knowyourmeme.com",
                "mashable.com",
                "nypost.com",
                "progameguides.com",
                "road.cc",
                "www.accuweather.com",
                "www.allmusic.com",
                "www.gameskinny.com",
                "www.sportingnews.com",
                "www.vice.com"
            ]
        },
        {
            "rule": "p-n\\.io\\/event-stream",
            "cookies": 0,
            "fingerprinting": 0,
            "subdomains": [
                "k"
            ],
            "apis": {},
            "sites": 8,
            "prevalence": 0.000816,
            "cnames": [],
            "responseHashes": [],
            "type": "Fetch",
            "firstPartyCookies": {},
            "firstPartyCookiesSent": {},
            "exampleSites": [
                "mashable.com",
                "nypost.com",
                "progameguides.com",
                "road.cc",
                "www.accuweather.com",
                "www.gameskinny.com",
                "www.sportingnews.com",
                "www.vice.com"
            ]
        }
    ],
    "categories": [],
    "performance": {},
    "cookies": 0.000918,
    "topInitiators": [
        {
            "domain": "first party",
            "prevalence": 0.8461538461538461
        },
        {
            "domain": "adlightning.com",
            "prevalence": 0.07692307692307693
        },
        {
            "domain": "script.ac",
            "prevalence": 0.07692307692307693
        }
    ],
    "types": {
        "Script": 11,
        "Fetch": 8
    },
    "nameservers": [
        "ns-1241.awsdns-27.org",
        "ns-191.awsdns-23.com",
        "ns-972.awsdns-57.net",
        "ns-1851.awsdns-39.co.uk"
    ]
}