{
    "domain": "qualified.com",
    "owner": {},
    "source": [
        "DuckDuckGo-DE"
    ],
    "prevalence": 0.000714,
    "sites": 7,
    "subdomains": [
        "js",
        "app",
        "ws"
    ],
    "cnames": [],
    "fingerprinting": 2,
    "resources": [
        {
            "rule": "qualified\\.com\\/qualified\\.js",
            "cookies": 0.000714,
            "fingerprinting": 2,
            "subdomains": [
                "js"
            ],
            "apis": {
                "Navigator.prototype.userAgent": 7,
                "PerformanceTiming.prototype.navigationStart": 7,
                "Navigator.prototype.platform": 7,
                "Navigator.prototype.maxTouchPoints": 7,
                "window.localStorage": 7,
                "Intl.DateTimeFormat.prototype.resolvedOptions": 6,
                "Document.cookie getter": 6,
                "Document.cookie setter": 6,
                "Navigator.prototype.language": 7,
                "Date.prototype.getTime": 7
            },
            "sites": 7,
            "prevalence": 0.000714,
            "cnames": [],
            "responseHashes": [
                "b79976cc4220963c3c1390e1e9209907ebf4d66631d2471459b87de78a7946ee",
                "c7047ed67b352e254ca7f2c0ad18d1beeacbb4ead1c9592363ffd0dde7329175",
                "b7a89382158274160799f874f3d57186a5e3a6953278fe01020e34aaee13f958",
                "eee89d81a8cec36ed67ea11a1c1c21c0756610f968708b0d92052ea9248c99a7",
                "7cf5843d857509b3557f73e30ac3eed2ca9755a617a45e29cc4eef37c4475e8f",
                "edb3e8eedc35f5987af43b49fe63e321178686913ebea31bda6a9971eaf57db4"
            ],
            "type": "Script",
            "firstPartyCookies": {
                "__q_state_nURZ19iRbY6McYk3": {
                    "ttl": 315360013,
                    "length": 99,
                    "prevalence": 0.0002039775624681285,
                    "uniqueness": 1
                },
                "__q_state_ZB9yNHnAdpJRvvbF": {
                    "ttl": 315360004,
                    "length": 104,
                    "prevalence": 0.00010198878123406426,
                    "uniqueness": 1
                },
                "__q_state_KbmrrC8pEQRX5uYq": {
                    "ttl": 315360004,
                    "length": 106,
                    "prevalence": 0.00010198878123406426,
                    "uniqueness": 1
                },
                "__q_state_hhaW6HiVqGA5oJq1": {
                    "ttl": 315360005,
                    "length": 102,
                    "prevalence": 0.00010198878123406426,
                    "uniqueness": 1
                },
                "__q_state_SKqQ8nnADD22cAnc": {
                    "ttl": 315360002,
                    "length": 98,
                    "prevalence": 0.00010198878123406426,
                    "uniqueness": 1
                }
            },
            "firstPartyCookiesSent": {},
            "exampleSites": [
                "veeam.com",
                "pitchbook.com",
                "www.databricks.com",
                "www.lucidchart.com",
                "www.postman.com",
                "www.suse.com",
                "www.veeam.com"
            ]
        },
        {
            "rule": "qualified\\.com\\/w\\/1\\/nURZ19iRbY6McYk3\\/visitor_events",
            "cookies": 0.000204,
            "fingerprinting": 0,
            "subdomains": [
                "app"
            ],
            "apis": {},
            "sites": 2,
            "prevalence": 0.000204,
            "cnames": [],
            "responseHashes": [],
            "type": "Preflight",
            "firstPartyCookies": {},
            "firstPartyCookiesSent": {},
            "exampleSites": [
                "veeam.com",
                "www.veeam.com"
            ]
        },
        {
            "rule": "qualified\\.com\\/w\\/1\\/nURZ19iRbY6McYk3\\/visitor_events",
            "cookies": 0.000204,
            "fingerprinting": 0,
            "subdomains": [
                "app"
            ],
            "apis": {},
            "sites": 2,
            "prevalence": 0.000204,
            "cnames": [],
            "responseHashes": [],
            "type": "Fetch",
            "firstPartyCookies": {},
            "firstPartyCookiesSent": {},
            "exampleSites": [
                "veeam.com",
                "www.veeam.com"
            ]
        },
        {
            "rule": "qualified\\.com\\/cable",
            "cookies": 0,
            "fingerprinting": 0,
            "subdomains": [
                "ws"
            ],
            "apis": {},
            "sites": 7,
            "prevalence": 0.000714,
            "cnames": [],
            "responseHashes": [],
            "type": "WebSocket",
            "firstPartyCookies": {},
            "firstPartyCookiesSent": {},
            "exampleSites": [
                "veeam.com",
                "pitchbook.com",
                "www.databricks.com",
                "www.lucidchart.com",
                "www.postman.com",
                "www.suse.com",
                "www.veeam.com"
            ]
        }
    ],
    "categories": [],
    "performance": {},
    "cookies": 0.000714,
    "topInitiators": [
        {
            "domain": "first party",
            "prevalence": 0.8
        },
        {
            "domain": "googletagmanager.com",
            "prevalence": 0.1
        },
        {
            "domain": "osano.com",
            "prevalence": 0.1
        }
    ],
    "types": {
        "Script": 7,
        "Preflight": 2,
        "Fetch": 2,
        "WebSocket": 7
    },
    "nameservers": [
        "bart.ns.cloudflare.com",
        "emma.ns.cloudflare.com"
    ]
}