{
    "domain": "userlike.com",
    "owner": {},
    "source": [
        "DuckDuckGo-DE"
    ],
    "prevalence": 0.00204,
    "sites": 20,
    "subdomains": [
        "api"
    ],
    "cnames": [],
    "fingerprinting": 0,
    "resources": [
        {
            "rule": "userlike\\.com\\/api\\/um\\/chat\\/button\\/check\\/",
            "cookies": 0,
            "fingerprinting": 0,
            "subdomains": [
                "api"
            ],
            "apis": {},
            "sites": 20,
            "prevalence": 0.00204,
            "cnames": [],
            "responseHashes": [
                "bfdc2f8bb22ba2062afe6b3b884ece1c88496afec5133005f7515d8abb58b793",
                "06624a0846c2376306dcac836edb7fd807d54d3e5ff5b800b3ef0ee1120b21e9",
                "9a037446babc09510e5fa1f9fadc17105b2eabbf0d135c7df500d8fda8d0f563",
                "d0d8f820e98e7527ae8f0c02c0886b28a3e7bfb9b56bec5f3b21feb073ebd9f3",
                "e38fefcaa412484141f3d9e373bd2a5d47d25850b4bff072b0027d7d3fba0027",
                "c03fbb594b04a1ff95b71ddc5121cae8f4e12549c023c7b3d1a47f6b21ff52be",
                "5d27555cf33ee23b5ff85cd2b663a300142f6aebc683d694f9b3619c2445b59f",
                "a4e5e015646fdd52e69df03462f06fd7d551952689af9fc4abf2dfd17f42c8f1",
                "84943299b88219f92fc9c39f653bd3938bff0ff3090ed26f4222bb49c3e80218",
                "5b10e30ca20db5f5834d183cc61a14b8bc859a4c1de378aeadd10cc6805d06ae",
                "c9084f751349e94a589d2a6ebf9518248a815adc0e89b4f80e6d52e21720d2c8",
                "f88d6d64c91d2a747cc4a70faa764656eaf760053ce3e010fc2bd11931d70641",
                "5cc802e19d7fddc2c73af9b6a95dffd2a2626e004e84f282834c0aee1f9d23b7",
                "8923026840f342eda6c734ac174de84f57e1aa73e0395960466ffecb547686b9"
            ],
            "type": "Fetch",
            "firstPartyCookies": {},
            "firstPartyCookiesSent": {},
            "exampleSites": [
                "apodiscounter.de",
                "www.apotheke.de",
                "www.aponeo.de",
                "www.boker.de",
                "www.captrader.com",
                "www.dekra-akademie.de",
                "www.emilfrey.de",
                "www.frankfurt-main.ihk.de",
                "www.hoffmann-group.com",
                "www.keyence.de",
                "www.landefeld.de",
                "www.lexus.de",
                "www.mercedes-benz.de",
                "www.muenchen.travel",
                "www.phoenixcontact.com",
                "www.tiemeyer.de",
                "www.toyota.de",
                "www.wempe.com",
                "www.wertgarantie.de",
                "www.wunderlich.de"
            ]
        },
        {
            "rule": "userlike\\.com\\/api\\/chat\\/geoip\\/",
            "cookies": 0,
            "fingerprinting": 0,
            "subdomains": [
                "api"
            ],
            "apis": {},
            "sites": 2,
            "prevalence": 0.000204,
            "cnames": [],
            "responseHashes": [
                "2e4f7bbb350e4bd5460ca234eda915bafb4cf48c5fa5f4a1a2a60ac89c41edf0"
            ],
            "type": "Fetch",
            "firstPartyCookies": {},
            "firstPartyCookiesSent": {},
            "exampleSites": [
                "keyence.de",
                "www.phoenixcontact.com"
            ]
        }
    ],
    "categories": [],
    "performance": {},
    "cookies": 0,
    "topInitiators": [
        {
            "domain": "b-cdn.net",
            "prevalence": 1
        }
    ],
    "types": {
        "Fetch": 22
    },
    "nameservers": [
        "a.myradns.net",
        "b.myradns.net",
        "c.myradns.net"
    ]
}