{
    "domain": "adnuntius.delivery",
    "owner": {},
    "source": [
        "DuckDuckGo-NO"
    ],
    "prevalence": 0.00153,
    "sites": 15,
    "subdomains": [
        "ads"
    ],
    "cnames": [],
    "fingerprinting": 0,
    "resources": [
        {
            "rule": "adnuntius\\.delivery\\/i",
            "cookies": 0.000921,
            "fingerprinting": 0,
            "subdomains": [
                "ads"
            ],
            "apis": {},
            "sites": 15,
            "prevalence": 0.00153,
            "cnames": [],
            "responseHashes": [
                "60c8f790db8e95d9b4d8a7f60af81d6e8382b1f63338b65978f38a1969084586",
                "ffbd65113100d93b6e73c7ed934bdd926bccd5ff63557b4c04c4185f277af066",
                "2d779ce552b519ac9a6828b47d58c5feb26194143bcaa9abf315db0bdda7c39f",
                "af6260dde568241f1d4daf52c54e1ba32b3a92f5eea17de143685277f48cef20",
                "9f2be348ebac484ad33e588a76384c2210cf165e29c9a81d360aee23f9be2743",
                "c156ee456d9c271179201100ec25d7b44fbb46402bd379afc5a8120befe0075f",
                "6d693ca3fd0939aad6f8bc8f9c096ccb086b908ed8e4673fb2418c66e10f1dd7",
                "1f8ef2a3a1f16f8844a268937ba9d04713e0686c204bb2485ce294f64c82202a",
                "c8693a614acb9672bd2dd836d0d74b61fb95478837ccfb43bc14af365fd319b4",
                "89155ba7d5a49755add93b214b46b78381b9cbd48565c3173860f91077f856f8",
                "efe4c62fc5760a3eabaf357e14a8c99dfcf84237ac8582ddbf79fe3d12bcd09a",
                "43f20664bea419f45f40bf44c8cfdd967ea1bc9fa925bf5249e5b4bc1317a8cf",
                "e29777635ec6df8a09aa9e39d3a7bea0c9731131384a010bb5141de998c844aa",
                "eab1bb2fa8ea4df78a6ff9395c5ef4af9f86fa10d08e53ab58d4f2c5838fad18"
            ],
            "type": "Fetch",
            "firstPartyCookies": {},
            "firstPartyCookiesSent": {},
            "exampleSites": [
                "dagbladet.no",
                "dinside.dagbladet.no",
                "nhi.no",
                "www.aperitif.no",
                "www.batmagasinet.no",
                "www.dagbladet.no",
                "www.elbil24.no",
                "www.filmweb.no",
                "www.forskersonen.no",
                "www.journalisten.no",
                "www.kk.no",
                "www.kom24.no",
                "www.m24.no",
                "www.seher.no",
                "www.seilmagasinet.no"
            ]
        }
    ],
    "categories": [],
    "performance": {},
    "cookies": 0.000921,
    "topInitiators": [
        {
            "domain": "first party",
            "prevalence": 0.76
        },
        {
            "domain": "adnuntius.com",
            "prevalence": 0.24
        }
    ],
    "types": {
        "Fetch": 15
    },
    "nameservers": [
        "major.ns.cloudflare.com",
        "emily.ns.cloudflare.com"
    ]
}