{
    "domain": "app-us1.com",
    "owner": {
        "name": "ActiveCampaign, Inc.",
        "displayName": "ActiveCampaign"
    },
    "source": [
        "DuckDuckGo-NO"
    ],
    "prevalence": 0.00133,
    "sites": 13,
    "subdomains": [
        "diffuser-cdn",
        "prism"
    ],
    "cnames": [],
    "fingerprinting": 1,
    "resources": [
        {
            "rule": "app-us1\\.com\\/diffuser\\/diffuser\\.js",
            "cookies": 0.00113,
            "fingerprinting": 1,
            "subdomains": [
                "diffuser-cdn"
            ],
            "apis": {
                "Navigator.prototype.userAgent": 12,
                "Document.cookie getter": 11,
                "Date.prototype.getTime": 11,
                "Document.cookie setter": 11
            },
            "sites": 13,
            "prevalence": 0.00133,
            "cnames": [],
            "responseHashes": [
                "26db36707844fa367f47c47b4b614db27a608286fe71d9ff8c3012dbe71c5499"
            ],
            "type": "Script",
            "firstPartyCookies": {
                "prism_649424205": {
                    "ttl": 2592005,
                    "length": 36,
                    "prevalence": 0.00010230179028132993,
                    "uniqueness": 1
                },
                "prism_91160084": {
                    "ttl": 2592005,
                    "length": 36,
                    "prevalence": 0.00010230179028132993,
                    "uniqueness": 1
                },
                "prism_90504834": {
                    "ttl": 2592004,
                    "length": 36,
                    "prevalence": 0.00010230179028132993,
                    "uniqueness": 1
                },
                "prism_225600763": {
                    "ttl": 2592004,
                    "length": 36,
                    "prevalence": 0.00010230179028132993,
                    "uniqueness": 1
                },
                "prism_475737387": {
                    "ttl": 2592006,
                    "length": 36,
                    "prevalence": 0.00010230179028132993,
                    "uniqueness": 1
                },
                "prism_224817533": {
                    "ttl": 2592006,
                    "length": 36,
                    "prevalence": 0.00010230179028132993,
                    "uniqueness": 1
                },
                "prism_611487216": {
                    "ttl": 2592003,
                    "length": 36,
                    "prevalence": 0.00010230179028132993,
                    "uniqueness": 1
                },
                "prism_1000565048": {
                    "ttl": 2592005,
                    "length": 36,
                    "prevalence": 0.00010230179028132993,
                    "uniqueness": 1
                },
                "prism_25900740": {
                    "ttl": 2592011,
                    "length": 36,
                    "prevalence": 0.00010230179028132993,
                    "uniqueness": 1
                },
                "prism_478502367": {
                    "ttl": 2592003,
                    "length": 36,
                    "prevalence": 0.00010230179028132993,
                    "uniqueness": 1
                },
                "prism_69078272": {
                    "ttl": 2592004,
                    "length": 36,
                    "prevalence": 0.00010230179028132993,
                    "uniqueness": 1
                }
            },
            "firstPartyCookiesSent": {},
            "exampleSites": [
                "americansongwriter.com",
                "hubite.com",
                "sciencebusiness.net",
                "unison.audio",
                "www.addictivetips.com",
                "www.cartoonstock.com",
                "www.classic.com",
                "www.flightconnections.com",
                "www.ifixit.com",
                "www.iso.org",
                "www.jpost.com",
                "www.speedtest.net",
                "www.thesimsresource.com"
            ]
        },
        {
            "rule": "app-us1\\.com\\/",
            "cookies": 0.00123,
            "fingerprinting": 0,
            "subdomains": [
                "prism"
            ],
            "apis": {},
            "sites": 12,
            "prevalence": 0.00123,
            "cnames": [],
            "responseHashes": [
                "8e57f7745c2b574a8e6fc85de3ab0ed758eb3a4d9b9c247c92a6902db7a6d6e2",
                "f754db6943f83f7ca023168f5cb77b1c1bf6365370a5ed0108c59f1c2edd67c0",
                "f4970d02cb5aeb639a158eb5976dc88759d719132a1ca11790462f39949290be",
                "21f73f58e257c59fbf20d3b35c75a99b1bc8cdc66447b22bd948310db2444632",
                "545f5f3edc6691cdfd22a16a0dd6ea45d512dc31152fd18e0f7fc25aba354616",
                "f780068a2dde049f388debfb1410957a1afeeb4fba8a9b5e7cd01ccbd9ac83e6",
                "14d53c10bec85b80d7e7ea7f5c52333566ce98b914dbd2d96fc268feff0ced35",
                "96eea6fec646591ea14438612c208f3b5a70526daab524e4ffabea1b704544c2",
                "bda38fc12b0abe01d4a2e59798a3e553c860bcd5c4cc4e17e59a08ed780a4695",
                "e334a2284e9a6fe2d98642abdb4778443202fb82fb08488bc43fb6c7782bfb0c"
            ],
            "type": "Script",
            "firstPartyCookies": {},
            "firstPartyCookiesSent": {
                "_li_dcdm_c": 0.00010230179028132993
            },
            "exampleSites": [
                "americansongwriter.com",
                "hubite.com",
                "sciencebusiness.net",
                "unison.audio",
                "www.addictivetips.com",
                "www.cartoonstock.com",
                "www.classic.com",
                "www.flightconnections.com",
                "www.ifixit.com",
                "www.jpost.com",
                "www.speedtest.net",
                "www.thesimsresource.com"
            ]
        }
    ],
    "categories": [],
    "performance": {},
    "cookies": 0.00123,
    "topInitiators": [
        {
            "domain": "first party",
            "prevalence": 0.6923076923076923
        },
        {
            "domain": "googletagmanager.com",
            "prevalence": 0.23076923076923078
        },
        {
            "domain": "matomo.cloud",
            "prevalence": 0.07692307692307693
        }
    ],
    "types": {
        "Script": 25
    },
    "nameservers": [
        "alex.ns.cloudflare.com",
        "abby.ns.cloudflare.com"
    ]
}