{
    "domain": "apptus.cloud",
    "owner": {},
    "source": [
        "DuckDuckGo-NO"
    ],
    "prevalence": 0.00113,
    "sites": 11,
    "subdomains": [
        "w3615d94a.api.esales",
        "wa9f4e075.api.esales",
        "w5748a2ba.api.esales",
        "w96be6ebd.api.esales",
        "w67a8630f.api.esales",
        "wdb083b57.api.esales",
        "wb0b44337.api.esales",
        "w1757ca6a.api.esales",
        "we4cc5b04.api.esales",
        "w251ac48e.api.esales"
    ],
    "cnames": [],
    "fingerprinting": 0,
    "resources": [
        {
            "rule": "apptus\\.cloud\\/api\\/storefront\\/v3\\/queries\\/landing-page",
            "cookies": 0,
            "fingerprinting": 0,
            "subdomains": [
                "w3615d94a.api.esales",
                "wa9f4e075.api.esales"
            ],
            "apis": {},
            "sites": 2,
            "prevalence": 0.000205,
            "cnames": [],
            "responseHashes": [
                "33714b17219404b164a7e90dd9a7256eba82a070519eee2f86e6e08e64f6c275"
            ],
            "type": "XHR",
            "firstPartyCookies": {},
            "firstPartyCookiesSent": {},
            "exampleSites": [
                "carlings.com",
                "junkyard.com"
            ]
        },
        {
            "rule": "apptus\\.cloud\\/api\\/storefront\\/v3\\/queries\\/landing-page",
            "cookies": 0,
            "fingerprinting": 0,
            "subdomains": [
                "w5748a2ba.api.esales",
                "w96be6ebd.api.esales",
                "w67a8630f.api.esales",
                "wdb083b57.api.esales",
                "wb0b44337.api.esales",
                "w1757ca6a.api.esales",
                "we4cc5b04.api.esales",
                "w251ac48e.api.esales"
            ],
            "apis": {},
            "sites": 9,
            "prevalence": 0.000921,
            "cnames": [],
            "responseHashes": [
                "20f4546fb47a5ef80527de8cef00739ed05eaf10736923ddb15dfe8cd63f8889",
                "0a12f8e4d821e16c8827c6d5a29d87ce71a8f70d02001ba539d0ac469a96d97e",
                "de0f52a16ce49213d530fe0a1888b1da97ec249fa8eb19a37c34508b12baa8b8",
                "2d68a57d2022c362e8d2bb91b7fa476088904317905c2f44da14a4205be542cd",
                "08f1fd6981c365590b5997255dfbc9e072bb2d2dc3115ee52a8dbc32982d776f",
                "b50915ceb9d9802afe6401b4b24b41339f6cd2317c88e94784246a1eb6d7c1a3",
                "1879673ec7da169fc8069869166da2c91016e0370d216a81079683c0342177a0",
                "9d128f1946fc725f0fbe678dfd888f7d4f791810632a94654ff96d2ef08dc28b"
            ],
            "type": "Fetch",
            "firstPartyCookies": {},
            "firstPartyCookiesSent": {},
            "exampleSites": [
                "hoyer.no",
                "kidsbrandstore.no",
                "nelly.com",
                "www.cervera.se",
                "www.cervera.no",
                "www.elon.no",
                "www.life.no",
                "www.petxl.no",
                "www.skatepro.no"
            ]
        },
        {
            "rule": "apptus\\.cloud\\/api\\/storefront\\/v3\\/queries\\/autocomplete",
            "cookies": 0,
            "fingerprinting": 0,
            "subdomains": [
                "wdb083b57.api.esales"
            ],
            "apis": {},
            "sites": 2,
            "prevalence": 0.000205,
            "cnames": [],
            "responseHashes": [
                "b612aa84a7da21c05798fe8b52c0d3e6d05850a5256ae79b7ac14709f3e7d192"
            ],
            "type": "Fetch",
            "firstPartyCookies": {},
            "firstPartyCookiesSent": {},
            "exampleSites": [
                "cervera.se",
                "www.cervera.no"
            ]
        }
    ],
    "categories": [],
    "performance": {},
    "cookies": 0,
    "topInitiators": [
        {
            "domain": "first party",
            "prevalence": 0.9230769230769231
        },
        {
            "domain": "unpkg.com",
            "prevalence": 0.038461538461538464
        },
        {
            "domain": "skatepro.com",
            "prevalence": 0.038461538461538464
        }
    ],
    "types": {
        "XHR": 2,
        "Fetch": 11
    },
    "nameservers": [
        "ns-909.awsdns-49.net",
        "ns-1412.awsdns-48.org",
        "ns-1630.awsdns-11.co.uk",
        "ns-404.awsdns-50.com"
    ]
}