{
    "domain": "baidu.com",
    "owner": {
        "name": "Baidu, Inc.",
        "displayName": "Baidu"
    },
    "source": [
        "DuckDuckGo-NO"
    ],
    "prevalence": 0.000818,
    "sites": 8,
    "subdomains": [
        "hm"
    ],
    "cnames": [],
    "fingerprinting": 2,
    "resources": [
        {
            "rule": "baidu\\.com\\/hm\\.js",
            "cookies": 0.000614,
            "fingerprinting": 2,
            "subdomains": [
                "hm"
            ],
            "apis": {
                "Navigator.prototype.userAgent": 5,
                "Navigator.prototype.cookieEnabled": 5,
                "Navigator.prototype.javaEnabled": 4,
                "Navigator.prototype.language": 5,
                "Screen.prototype.width": 5,
                "Screen.prototype.height": 5,
                "Screen.prototype.colorDepth": 5,
                "Screen.prototype.orientation": 5,
                "window.innerWidth": 5,
                "window.localStorage": 5,
                "Document.cookie getter": 5,
                "window.sessionStorage": 5,
                "Date.prototype.getTime": 5,
                "Document.cookie setter": 5,
                "window.innerHeight": 5
            },
            "sites": 8,
            "prevalence": 0.000818,
            "cnames": [],
            "responseHashes": [
                "9b75c865dec713c92c236ffcdd3e91681f96e938ceb0104a41e31294b1f265cc",
                "e3b0c44298fc1c149afbf4c8996fb92427ae41e4649b934ca495991b7852b855",
                "9912573edfed27cc7d1f3505746f5ca5949b697fa84063ef9868448c86a641e3",
                "46eec352ac9abb14e7e9c1617f03189ca08292e7679aff3d0947ae7ebfe1d6fa",
                "a23ed5fe294fd324955e0c340b17536191bc5b774a9bf1fac1ec8b73e73603c1",
                "5b2d60a858c22438c02f350cc759d0ba3237191e862d88a0c4b680a025b35f4d"
            ],
            "type": "Script",
            "firstPartyCookies": {
                "Hm_lvt_6bcd52f51e9b3dce32bec4a3997715ac": {
                    "ttl": 31536026,
                    "length": 10,
                    "prevalence": 0.00010230179028132993,
                    "uniqueness": 1
                },
                "Hm_lpvt_6bcd52f51e9b3dce32bec4a3997715ac": {
                    "ttl": null,
                    "length": 10,
                    "prevalence": 0.00010230179028132993,
                    "uniqueness": 1
                },
                "HMACCOUNT": {
                    "ttl": null,
                    "length": 16,
                    "prevalence": 0.0005115089514066496,
                    "uniqueness": 1
                },
                "Hm_lvt_a7025e25c8500c732b8f48cc46e21467": {
                    "ttl": 31536004,
                    "length": 10,
                    "prevalence": 0.00010230179028132993,
                    "uniqueness": 1
                },
                "Hm_lpvt_a7025e25c8500c732b8f48cc46e21467": {
                    "ttl": null,
                    "length": 10,
                    "prevalence": 0.00010230179028132993,
                    "uniqueness": 1
                },
                "Hm_lvt_bd47ad8af9aaad3db609f714d7924fc1": {
                    "ttl": 31536009,
                    "length": 10,
                    "prevalence": 0.00010230179028132993,
                    "uniqueness": 1
                },
                "Hm_lpvt_bd47ad8af9aaad3db609f714d7924fc1": {
                    "ttl": null,
                    "length": 10,
                    "prevalence": 0.00010230179028132993,
                    "uniqueness": 1
                },
                "Hm_lvt_49837ffab1a11b30b9dc9143593b0499": {
                    "ttl": 31536019,
                    "length": 10,
                    "prevalence": 0.00010230179028132993,
                    "uniqueness": 1
                },
                "Hm_lpvt_49837ffab1a11b30b9dc9143593b0499": {
                    "ttl": null,
                    "length": 10,
                    "prevalence": 0.00010230179028132993,
                    "uniqueness": 1
                },
                "Hm_lvt_5e0df2e5fd02494fa1d84eca4a8baea4": {
                    "ttl": 31536003,
                    "length": 10,
                    "prevalence": 0.00010230179028132993,
                    "uniqueness": 1
                },
                "Hm_lpvt_5e0df2e5fd02494fa1d84eca4a8baea4": {
                    "ttl": null,
                    "length": 10,
                    "prevalence": 0.00010230179028132993,
                    "uniqueness": 1
                }
            },
            "firstPartyCookiesSent": {},
            "exampleSites": [
                "csdn.net",
                "docs.espressif.com",
                "live3d.io",
                "mangapark.net",
                "semiconductor.samsung.com",
                "www.fiio.com",
                "www.ventoy.net",
                "www.webnovel.com"
            ]
        },
        {
            "rule": "baidu\\.com\\/hm\\.gif",
            "cookies": 0,
            "fingerprinting": 0,
            "subdomains": [
                "hm"
            ],
            "apis": {},
            "sites": 6,
            "prevalence": 0.000614,
            "cnames": [],
            "responseHashes": [
                "77b1d2c0857d4e95d4c2ae7aa0abc5aaafa6bd4581b31203d1592759c26f5c44"
            ],
            "type": "Image",
            "firstPartyCookies": {},
            "firstPartyCookiesSent": {
                "HMACCOUNT": 0.0005115089514066496,
                "_rtetUrl": 0.00010230179028132993
            },
            "exampleSites": [
                "csdn.net",
                "docs.espressif.com",
                "mangapark.net",
                "semiconductor.samsung.com",
                "www.fiio.com",
                "www.webnovel.com"
            ]
        }
    ],
    "categories": [],
    "performance": {},
    "cookies": 0.000614,
    "topInitiators": [
        {
            "domain": "first party",
            "prevalence": 0.75
        },
        {
            "domain": "csdnimg.cn",
            "prevalence": 0.125
        },
        {
            "domain": "googletagmanager.com",
            "prevalence": 0.125
        }
    ],
    "types": {
        "Script": 8,
        "Image": 6
    },
    "nameservers": [
        "ns4.baidu.com",
        "ns2.baidu.com",
        "dns.baidu.com",
        "ns3.baidu.com",
        "ns7.baidu.com"
    ]
}