{
    "domain": "confirmit.com",
    "owner": {},
    "source": [
        "DuckDuckGo-NO"
    ],
    "prevalence": 0.00113,
    "sites": 11,
    "subdomains": [
        "digitalfeedback.us",
        "digitalfeedback.euro"
    ],
    "cnames": [],
    "fingerprinting": 1,
    "resources": [
        {
            "rule": "confirmit\\.com\\/api\\/digitalfeedback\\/loader",
            "cookies": 0,
            "fingerprinting": 1,
            "subdomains": [
                "digitalfeedback.us",
                "digitalfeedback.euro"
            ],
            "apis": {
                "Navigator.prototype.userAgent": 8
            },
            "sites": 11,
            "prevalence": 0.00113,
            "cnames": [],
            "responseHashes": [
                "90055b87a5e682dc1a200c58fa5b9cfca8980023f0837b05402f621d19ba31c3",
                "7f7612bfc7802aac96bd1d71961e5dc7ccfe3d38c08ec43db604272c7b1cbab1",
                "4219a1bc4f4402e9b94ff544bd49ecca3ce4a4472d95c61840f1b4a2b6c5e2fa",
                "491af63d5c24a95397f8ed4356802e83fde07e105e9eedb3cbdbae8a382477a4",
                "1b963546194cd7cefe6819c35231b1398e873c2d019a9610451ce700800c3d11",
                "6b990a8df22294b84b32a4a314be53dca0afec975a500d420b23ef395abb3e62",
                "eb76bb7dab012cc5de7cddcf8f5a0e97e138742e55d2533b46f11c4e86cacf43",
                "b111a26aa7d872a1810a4b4871c9971a2d1622d8ab38d5eee9368d6b2757ba58",
                "997a4f4a54cebc2286ebe287d9694ab028a0ed4a7c1468cd099af7c8b8a7b3a6",
                "4c708c9b74b07b58ef1d3504a1d2015ad6a702fc36148e4696970269ca9ea7b3"
            ],
            "type": "Script",
            "firstPartyCookies": {},
            "firstPartyCookiesSent": {},
            "exampleSites": [
                "lenovo.com",
                "support.lenovo.com",
                "trinesmatblogg.no",
                "www.dyreparken.no",
                "www.godt.no",
                "www.if.no",
                "www.lenovo.com",
                "www.medietilsynet.no",
                "www.minmote.no",
                "www.orientering.no",
                "www.tek.no"
            ]
        },
        {
            "rule": "confirmit\\.com\\/api\\/digitalfeedback\\/static\\/v32\\/intercept-survey\\.js",
            "cookies": 0,
            "fingerprinting": 1,
            "subdomains": [
                "digitalfeedback.us",
                "digitalfeedback.euro"
            ],
            "apis": {
                "Navigator.prototype.product": 5,
                "Navigator.prototype.userAgent": 5
            },
            "sites": 6,
            "prevalence": 0.000614,
            "cnames": [],
            "responseHashes": [
                "a9c7e9e12167024309fcdf158863346a9ffbb68b9addd7535f39e65b1025f614"
            ],
            "type": "Script",
            "firstPartyCookies": {},
            "firstPartyCookiesSent": {},
            "exampleSites": [
                "lenovo.com",
                "support.lenovo.com",
                "www.dyreparken.no",
                "www.godt.no",
                "www.minmote.no",
                "www.tek.no"
            ]
        },
        {
            "rule": "confirmit\\.com\\/api\\/digitalfeedback\\/loader\\/prod\\/program",
            "cookies": 0,
            "fingerprinting": 0,
            "subdomains": [
                "digitalfeedback.us",
                "digitalfeedback.euro"
            ],
            "apis": {},
            "sites": 11,
            "prevalence": 0.00113,
            "cnames": [],
            "responseHashes": [
                "53e815e86aef4ef8805fa178f881739f22eba251afd293f4e87fad59e5ffde87",
                "164cb13b94a118e15e4e184b88350195bf53077366d8145ca2bfee2c25033792",
                "0b77faf6832cc3105c5de465ba5e38cdf431a27a6fbca8d66819eff71fcf91e7",
                "b73485aafd68a0b9a113f723bba289816559ff4a4dc95f061c386e54c9b33122",
                "5ffd60ae08364a1a5e39b29dae9dbe7e935c882c8a209216fdf1b8d3d9754dc4",
                "de00904f96a2fc5cb1bc67d14528855df0d7fc4974dd77de9c4811cb027992da",
                "3997f126b8ef95e493b6f9c9c7cf55173753fac74d32313037e4e5f4a3fc3d97",
                "b4a0df83ab2f65be6ad7d3f3506f6286745f2280be02a2f2b349f94bf62d66d7",
                "92e9a815682e5efa89155e5d4599ddefaddac4ea6ef164005b72f067763951d5",
                "9e8f9756b064bf15a4beae486ef62e7c3a5e0d41c1b16b0b4ec3264850656632"
            ],
            "type": "XHR",
            "firstPartyCookies": {},
            "firstPartyCookiesSent": {},
            "exampleSites": [
                "lenovo.com",
                "support.lenovo.com",
                "trinesmatblogg.no",
                "www.dyreparken.no",
                "www.godt.no",
                "www.if.no",
                "www.lenovo.com",
                "www.medietilsynet.no",
                "www.minmote.no",
                "www.orientering.no",
                "www.tek.no"
            ]
        },
        {
            "rule": "confirmit\\.com\\/api\\/digitalfeedback\\/loader\\/prod\\/scenario",
            "cookies": 0,
            "fingerprinting": 1,
            "subdomains": [
                "digitalfeedback.us",
                "digitalfeedback.euro"
            ],
            "apis": {
                "window.localStorage": 3,
                "Navigator.prototype.userAgent": 4,
                "Notification.permission": 1,
                "Navigator.prototype.plugins": 1
            },
            "sites": 11,
            "prevalence": 0.00113,
            "cnames": [],
            "responseHashes": [
                "00e934c689cd4dd76f8da60b7fe9ecf4ebb5bd53f6b1a39cfec424b0692dcba2",
                "d8e619b4bbacb4f9cd1b50a73d78238faf7e58ce54899015ca2e070c197ee8e7",
                "5316e9625e64f8206c451ceb7a610671c6b1549d4fbbd8d9ce1e283b5577c79a",
                "523f40dd93143277f55fd4b14e6cb916083b5c46e802b7ef3efbe5ff00cf76f2",
                "95c590b40698e933ad41928407d2717377e7731ca6bb2c896e55e5a08dfbf73c",
                "3ba8f00c2a84261c2c9928398c8ee4c146180575856b1f3ba99ca6be009c2c94",
                "ea1fb1dd0f3532b129a6b83a7fed1f8d953f8a7243c8bd6858a9d3b16364767b",
                "76b92bd5d11b1a1e529026bcf51fc7a09b63cc9237b265cc62c4d9be08a76a04",
                "ce4a97a3456e58bd8ac79317e9d4407d2eddd43eb4fd47a988dd6c09d066a979",
                "25bc3a7b8cd422cee1825fb4917af1183a2245ba031cb10ee6e5663181652905"
            ],
            "type": "Script",
            "firstPartyCookies": {},
            "firstPartyCookiesSent": {},
            "exampleSites": [
                "lenovo.com",
                "pcsupport.lenovo.com",
                "support.lenovo.com",
                "trinesmatblogg.no",
                "www.dyreparken.no",
                "www.godt.no",
                "www.if.no",
                "www.lenovo.com",
                "www.medietilsynet.no",
                "www.minmote.no",
                "www.tek.no"
            ]
        },
        {
            "rule": "confirmit\\.com\\/api\\/digitalfeedback\\/static\\/v23\\/intercept-survey\\.js",
            "cookies": 0,
            "fingerprinting": 1,
            "subdomains": [
                "digitalfeedback.euro"
            ],
            "apis": {
                "Navigator.prototype.product": 2,
                "Navigator.prototype.userAgent": 2
            },
            "sites": 2,
            "prevalence": 0.000205,
            "cnames": [],
            "responseHashes": [
                "741cfd958b8e6c4fa00b65307a77c0eb09ece2d676e28cfbd8811e12de162cd4"
            ],
            "type": "Script",
            "firstPartyCookies": {},
            "firstPartyCookiesSent": {},
            "exampleSites": [
                "trinesmatblogg.no",
                "www.orientering.no"
            ]
        },
        {
            "rule": "confirmit\\.com\\/api\\/digitalfeedback\\/static\\/v33\\/intercept-survey\\.js",
            "cookies": 0,