{
    "domain": "cookie-script.com",
    "owner": {},
    "source": [
        "DuckDuckGo-NO"
    ],
    "prevalence": 0.00624,
    "sites": 61,
    "subdomains": [
        "consent",
        "cdn"
    ],
    "cnames": [],
    "fingerprinting": 1,
    "resources": [
        {
            "rule": "cookie-script\\.com\\/analytics",
            "cookies": 0,
            "fingerprinting": 0,
            "subdomains": [
                "consent"
            ],
            "apis": {},
            "sites": 29,
            "prevalence": 0.00297,
            "cnames": [],
            "responseHashes": [
                "51080d1b690e75d8df43b669b9939153da70976ac5a5458de9d1fd6077cb8ff8",
                "d8cce740ecd11f78fd3025878fe0268d139243482a0087f4df0ce63188865403",
                "6cae9002330496f127ff5cd10550f23737cdc2b709e149b1358ce1faf4a87135",
                "6707828479d97e9aa0214f294f252f3d7a4d6aed8154bfeeceb3fc68a7767451",
                "23af997dda54569d684b1535bdf278b20778b56ede6f84af50b9386dddb65ac7",
                "3bb5938e1ec18e95f516dcdf455e22d825d36724c887927428b88ae90f90f574",
                "3de080698192a89092b7fbbf312b5dee7b0abdc462af4b5ed47d94ffe3d9f6cf",
                "5247f0f3e3daae529a159a4acd53d978c606aaf3f3392bcb625d85c270beca2d",
                "4b58bc21d0ddf8ff6982d2b64d6c4193aee22a865cd9d06cc1160903a52cf017",
                "55b518a9335788fcf079d27e6fa153151eb1b1efb93c3bc962df0f9b8cb5e5df",
                "45f59deda2e821aa5bb97ded2281d4dfd54893d196e85832c3ef9e653699204e",
                "b034db71fdbb96638d1850c6d08ee9074c98cab5a6ac9d80e85a1495a473b95a",
                "6c0d5bafdb942564737c957e1e0a1733ac94e05fc21cdcaca292f70ebe9b9f87",
                "9a2c80da5e86980bdad0361abf565eee879713b1821fa220623a19773cbc00c1",
                "d46841b9b2285c82200c58427b33a5fb154de7154032f3f0af26896e6a4f7af6",
                "a46d33f0d0f956bb2a95dbe00428692b5953d4af23a2c4b2504275a295ab3a9a",
                "b59c1fa49ccac5174cdf1beaae0251da9305e60c18642a290ffbdac42e386d46",
                "2d0f3bbc70ab95bc3730e2fa27397cc77865c3a63fc8ee3d0704599be20836f7",
                "33b409fd29a8bc4e0f6c68b636f8d851799c6c9fd30e1bb43420403290ca29de",
                "ab5093ac90d855d9dd9a58db5c5db30e65270b8c2dbb22d63740ca85770a840e",
                "f3570fb3cb4d33fd64258156fe910a3bbc9a6c3fcc2460fca18abc69aeaeeb09",
                "77219fe661694d4171bb354b78cfd49bf24d70d451927acb446e1ba55d990296",
                "e74acb5fd9d687bd18f022f08368a08eab12a4d54ff4911b3f55bc99d0749a16",
                "e4ac009a689440564ec91c379a80249ac6a91ca186f833a54dbe543770981b84",
                "87abf0175c0754375e8e75db5ec6e6e45430a709cf6b5789b7d69d534700bd8f",
                "9b529e16ca8cf62ed5bce8ddf8f867207951e494e35be850e608ece48e7f9b46"
            ],
            "type": "XHR",
            "firstPartyCookies": {},
            "firstPartyCookiesSent": {},
            "exampleSites": [
                "elefun.no",
                "www.natre.no",
                "www.toma.no",
                "www.ferdigplen.no",
                "www.gaus.no",
                "www.3t.no",
                "www.byggforsk.no",
                "www.oslotaxi.no",
                "www.bytt.no",
                "bilxtra.no",
                "johnhenric.com",
                "lekekassen.no",
                "fixit.no",
                "www.sdu.dk",
                "www.elefun.no",
                "www.fjordnorway.com",
                "www.animalia.no",
                "bilxtraverksted.no",
                "www.baerum.kommune.no",
                "www.kaufmich.com"
            ]
        },
        {
            "rule": "cookie-script\\.com\\/s\\/76a05169d526e8fcbf93cfc920be8b05\\.js",
            "cookies": 0,
            "fingerprinting": 1,
            "subdomains": [
                "cdn"
            ],
            "apis": {
                "Document.cookie getter": 1
            },
            "sites": 2,
            "prevalence": 0.000205,
            "cnames": [],
            "responseHashes": [
                "694fd80d7f9272ea1ac8a4c36ead00e09add3bc7c804dbd27ab6ecd3e5720cc6"
            ],
            "type": "Script",
            "firstPartyCookies": {},
            "firstPartyCookiesSent": {},
            "exampleSites": [
                "elefun.no",
                "www.elefun.no"
            ]
        },
        {
            "rule": "cookie-script\\.com\\/iabtcf\\/2\\.2\\/sdk_cmp\\.js",
            "cookies": 0,
            "fingerprinting": 1,
            "subdomains": [
                "cdn"
            ],
            "apis": {
                "Date.prototype.getTime": 3
            },
            "sites": 3,
            "prevalence": 0.000307,
            "cnames": [],
            "responseHashes": [
                "2c0dd6393517e45d6a86628931927c4677f62ae2f8475a79b4a4e3b29cdfb00d"
            ],
            "type": "Script",
            "firstPartyCookies": {},
            "firstPartyCookiesSent": {},
            "exampleSites": [
                "tobb.no",
                "www.ferdigplen.no",
                "www.losbygods.no"
            ]
        },
        {
            "rule": "cookie-script\\.com\\/iabtcf\\/2\\.2\\/vendor-list\\.json",
            "cookies": 0,
            "fingerprinting": 0,
            "subdomains": [
                "cdn"
            ],
            "apis": {},
            "sites": 3,
            "prevalence": 0.000307,
            "cnames": [],
            "responseHashes": [
                "dc0026c9cd7be498bc430ca92d212a17f590bd123c62d0248ce854e5606ad630"
            ],
            "type": "XHR",
            "firstPartyCookies": {},
            "firstPartyCookiesSent": {},
            "exampleSites": [
                "tobb.no",
                "www.ferdigplen.no",
                "www.losbygods.no"
            ]
        },
        {
            "rule": "cookie-script\\.com\\/iabtcf\\/2\\.2\\/google-vendors\\.json",
            "cookies": 0,
            "fingerprinting": 0,
            "subdomains": [
                "cdn"
            ],
            "apis": {},
            "sites": 3,
            "prevalence": 0.000307,
            "cnames": [],
            "responseHashes": [
                "a60153f85720b221e4d5fb81b10239a6a65bc2a4d9f343849ecc2edd798ed673"
            ],
            "type": "Fetch",
            "firstPartyCookies": {},
            "firstPartyCookiesSent": {},
            "exampleSites": [
                "tobb.no",
                "www.ferdigplen.no",
                "www.losbygods.no"
            ]
        }
    ],
    "categories": [],
    "performance": {},
    "cookies": 0.0046,
    "topInitiators": [
        {
            "domain": "googletagmanager.com",
            "prevalence": 0.6119402985074627
        },
        {
            "domain": "first party",
            "prevalence": 0.3582089552238806
        },
        {
            "domain": "msecnd.net",
            "prevalence": 0.029850746268656716
        }
    ],
    "types": {
        "XHR": 32,
        "Script": 5,
        "Fetch": 3
    },
    "nameservers": [
        "ns1.digitalocean.com",
        "ns2.digitalocean.com",
        "ns3.digitalocean.com"
    ]
}