{
    "domain": "cq0.co",
    "owner": {},
    "source": [
        "DuckDuckGo-NO"
    ],
    "prevalence": 0.00184,
    "sites": 18,
    "subdomains": [
        "doh"
    ],
    "cnames": [],
    "fingerprinting": 0,
    "resources": [
        {
            "rule": "cq0\\.co\\/resolve",
            "cookies": 0,
            "fingerprinting": 0,
            "subdomains": [
                "doh"
            ],
            "apis": {},
            "sites": 18,
            "prevalence": 0.00184,
            "cnames": [],
            "responseHashes": [
                "22c13b0e84a0021ca97c2c87371b95dab8a8fd5381859731dcfab3000d4dfef5",
                "6a2dc2010eff421a1e9b8e98bd74553dc603de98d365417bf65335a4dd133dd7",
                "25eeec0074d453345e00815756b0b8806e9cb5944a9a5d48fa5cb3fe5ead96bc",
                "77398f9d6abc68b0a283229aceb73ac67c0865b4842ea8928c359e28b27c9eb9",
                "9647858e48afd4a9659ff6ce3af03273b19065762070cc63187fcc56fe2ca6b9",
                "6d0dce3bdd19bead706711baabe2e06ad888f4fed2c6fb41afde0dc5504149af",
                "2131919a1a009f991a5c72e0e45cfc749f8d5e85d81631849f9fb617255be80f",
                "a84ff38ed13a9c796621f4712d5253abfef347036794aebb7e8ef1ba70f5a2ef",
                "d7681af715b17842ce7ddd1212ffe4ba3731fae4cf640d590735f98570b96401",
                "e8816a3d8e67475396647bd7ebc90f075432ce10328f64b707da266253141d90",
                "517d95684ebdc4165c6bd301e1b8a1a9345bab5132b78124796419db6ea4085f",
                "fc5a236336e53f30dd5a351b9e35f3bbd3067314d872466628055c56db5117fa",
                "73a7f87278049d6d3329bcce00508a17070555ab0f5002e778a81c17e4f6a6df",
                "773d12c7b868a16ea78557268b2395c0d3b65b150faa3e470c58ed314e2314dc",
                "b8fedeff6e734f0fda07554a557bc9f6b1dce84ed81db79caf44378f3b650b3e",
                "294d7d8d574a7b3ed17c623f5be299563517c40d4a33eedb66ce739def53051f"
            ],
            "type": "Fetch",
            "firstPartyCookies": {},
            "firstPartyCookiesSent": {},
            "exampleSites": [
                "go.com",
                "connect.mayoclinic.org",
                "moviesanywhere.com",
                "newsnetwork.mayoclinic.org",
                "us.norton.com",
                "www.audi.no",
                "www.britishairways.com",
                "www.delta.com",
                "www.easyjet.com",
                "www.espncricinfo.com",
                "www.fidelity.com",
                "www.johnlewis.com",
                "www.latimes.com",
                "www.marvel.com",
                "www.mayoclinic.org",
                "www.nationalgeographic.com",
                "www.starwars.com",
                "www.toyota.com"
            ]
        }
    ],
    "categories": [],
    "performance": {},
    "cookies": 0,
    "topInitiators": [
        {
            "domain": "first party",
            "prevalence": 0.5
        },
        {
            "domain": "espn.com",
            "prevalence": 0.2222222222222222
        },
        {
            "domain": "ensighten.com",
            "prevalence": 0.16666666666666666
        },
        {
            "domain": "audi.com",
            "prevalence": 0.05555555555555555
        },
        {
            "domain": "californiatimes.com",
            "prevalence": 0.05555555555555555
        }
    ],
    "types": {
        "Fetch": 18
    },
    "nameservers": [
        "ns-682.awsdns-21.net",
        "ns-488.awsdns-61.com",
        "ns-1240.awsdns-27.org",
        "ns-1857.awsdns-40.co.uk"
    ]
}