{
    "domain": "d20591a5fd.com",
    "owner": {},
    "source": [
        "DuckDuckGo-NO"
    ],
    "prevalence": 0.00225,
    "sites": 22,
    "subdomains": [
        "a6a595afa0"
    ],
    "cnames": [],
    "fingerprinting": 0,
    "resources": [
        {
            "rule": "d20591a5fd\\.com\\/in\\/multy",
            "cookies": 0,
            "fingerprinting": 0,
            "subdomains": [
                "a6a595afa0"
            ],
            "apis": {},
            "sites": 22,
            "prevalence": 0.00225,
            "cnames": [],
            "responseHashes": [],
            "type": "Preflight",
            "firstPartyCookies": {},
            "firstPartyCookiesSent": {},
            "exampleSites": [
                "rapelust.com",
                "www.xasiat.com",
                "18comix.org",
                "pornovideoshub.com",
                "bestrapeporn.com",
                "eropic.cc",
                "nude1.eu",
                "pornokran.cc",
                "xxxi.porn",
                "heavyfetish.com",
                "femdom-joi.com",
                "epawg.com",
                "forcedcinema.net",
                "watchporn.to",
                "mzansipornvideos.com",
                "javhub.net",
                "mdhporn.co",
                "incestsex.net",
                "freefans.tv",
                "www.desitales2.com"
            ]
        },
        {
            "rule": "d20591a5fd\\.com\\/in\\/multy",
            "cookies": 0,
            "fingerprinting": 0,
            "subdomains": [
                "a6a595afa0"
            ],
            "apis": {},
            "sites": 22,
            "prevalence": 0.00225,
            "cnames": [],
            "responseHashes": [
                "2e0c37e63823d283a5c68d469e7bdc2f871ed3502eeced093a95befcabdee825",
                "e78c0b82bc442c31c6b605d465d7783db45e0c996395c8d67ca9f54f02e761d0",
                "6aa6fd5c871877b4b805a98ef3ace66c8c6c7fd81879622e8e55dd1a4215efe9",
                "74234e98afe7498fb5daf1f36ac2d78acc339464f950703b8c019892f982b90b",
                "64e938434fd05822584d4d2f4af570bb8e980f2299a40de9743935404007e348",
                "d953448f6a0ccadd5d9b322c4b87b2404c31cb9e4dba16ca1d48775a16038a0d",
                "9e0ab67acb0538344ea8ae054b392442e7e5a11ea043914024f93455d5c74046",
                "7f13177360c662ebfea307fa0efccbdf73a293ae27c64cf7ed69b77de976d42a",
                "a55b7c4a9bed9f59369d60668c3e26017e077eefab53f3f97485c48d4842817c",
                "2de6c2c876a2d47cb017cc377dde1c2517c0a103a3efc811bb80220e54a1b3e6",
                "2dd40e34bde02fd165e991c758a9dbcd71f7755bf14c95ffa5ddfbfddffba75f",
                "b3d6e99d1261a3f6fdcd09a439b74ef250187e7acc23f18a2163b87f9e74ec21",
                "c9b7b39fa11f6497f96028fcdc0dc19efbc2ce3702ec77024eb31a7a30b303be",
                "897d305afcdd88582d252c786f97e07d5b2d29e0eb4e61669ad1bc7295f3d70d",
                "bf0eb6534058c6de4ab4309312e51a1a86ceff44c817d0f998231fdc2337ea92",
                "af9d6a3adb3f68824543d98fb1a72cd7bff84c5d2210894c6076c65ace04222f",
                "892cb0cbf01291bffa42d2d9d7cf6b570acd298788f72caaec2c8bdd5394845a",
                "b246b687f532b92dd46fda06dddf8d7ffc781c1c01cc98ce32c0c311e55ac789",
                "4a08a3b4e0a753f0377c97cf65130f77f7d122b67eb2027fdac9af5a56dc31dc",
                "30af5b8d248ea6c6bbabdbaa4645bd7382a159697672a7892fe0c9840a5656e7",
                "bb49879c117c726eff6ce78fe74a6575c80267d119e190e75bcbeeba627fee9b"
            ],
            "type": "XHR",
            "firstPartyCookies": {},
            "firstPartyCookiesSent": {},
            "exampleSites": [
                "incestsex.net",
                "www.desitales2.com",
                "forcedcinema.net",
                "www.xasiat.com",
                "pornokran.cc",
                "highporn.net",
                "mzansipornvideos.com",
                "mdhporn.co",
                "watchporn.to",
                "heavyfetish.com",
                "freefans.tv",
                "xxxi.porn",
                "femdom-joi.com",
                "epawg.com",
                "pornovideoshub.com",
                "rapelust.com",
                "eropic.cc",
                "nude1.eu",
                "javhub.net",
                "bestrapeporn.com"
            ]
        },
        {
            "rule": "d20591a5fd\\.com\\/in\\/show\\/",
            "cookies": 0,
            "fingerprinting": 0,
            "subdomains": [
                "a6a595afa0"
            ],
            "apis": {},
            "sites": 21,
            "prevalence": 0.00215,
            "cnames": [],
            "responseHashes": [
                "e3b0c44298fc1c149afbf4c8996fb92427ae41e4649b934ca495991b7852b855"
            ],
            "type": "Image",
            "firstPartyCookies": {},
            "firstPartyCookiesSent": {},
            "exampleSites": [
                "18comix.org",
                "bestrapeporn.com",
                "epawg.com",
                "femdom-joi.com",
                "forcedcinema.net",
                "freefans.tv",
                "heavyfetish.com",
                "highporn.net",
                "incestsex.net",
                "javhub.net",
                "mdhporn.co",
                "mzansipornvideos.com",
                "nude1.eu",
                "pornokran.cc",
                "pornovideoshub.com",
                "rapelust.com",
                "watchporn.to",
                "www.desitales2.com",
                "www.xasiat.com",
                "xxxi.porn"
            ]
        }
    ],
    "categories": [],
    "performance": {},
    "cookies": 0,
    "topInitiators": [
        {
            "domain": "cdd53ec0c3.com",
            "prevalence": 0.5692307692307692
        },
        {
            "domain": "wpushsdk.com",
            "prevalence": 0.4153846153846154
        },
        {
            "domain": "first party",
            "prevalence": 0.015384615384615385
        }
    ],
    "types": {
        "Preflight": 22,
        "XHR": 22,
        "Image": 21
    },
    "nameservers": [
        "dns1.infrapu.sh",
        "dns2.infrapu.sh"
    ]
}