{
    "domain": "featureassets.org",
    "owner": {},
    "source": [
        "DuckDuckGo-NO"
    ],
    "prevalence": 0.00205,
    "sites": 20,
    "subdomains": [],
    "cnames": [],
    "fingerprinting": 0,
    "resources": [
        {
            "rule": "featureassets\\.org\\/v1\\/initialize",
            "cookies": 0.00205,
            "fingerprinting": 0,
            "subdomains": [],
            "apis": {},
            "sites": 20,
            "prevalence": 0.00205,
            "cnames": [],
            "responseHashes": [
                "405ca9c37a303261c6133cf59ebe16fe825702cb2fb17aa95f804306fd74ee45",
                "8c2f75f1fc52ff9b80cf6143e96a0d6cfb2e3ab4ed40b2a9180e97ff60e4a795",
                "4aae25423d190320894f9b50a9a47d9b52e7cb19c5b3bbd0b40775c94ec50db0",
                "0e3483f4c2fe3d2c92bb2e5c2a0c76f7749d8037bb8b60f8174fa89d6f91783c",
                "b2e0dbb25d23290f5ac8ae86f38d35068dff2838c8922e6142679e225a3bdb81",
                "2ed5e59fec6e9730109f80fb378e4b267a319d3deb90496fbfc236ae1f81a406",
                "1d8c50b7480435f4f5683b84ea606f5b583a2b570cbc361ae400ebb34f90a74c",
                "2741cb7cf417e02cb888f02fb64d958ef68c445c6e56405889bbd8782695c23f",
                "a3041ebb2fcc25700627e28253c27f722141f31c49df8cc798d5e30a2933dd41",
                "07d4d9b891aa733c010577055e8a96608c4931ae5591e8d50201ec6a3c0afa4e",
                "e8bd76e42788c54de0092e6f95790321b1fa39dac19d43331fdf99a99428be85",
                "8663579e3eae62159d5f08b7aa24ade800736127ecc372420d227816e141b4dd",
                "5861ce4266a313564e6a23c8e8196b2f32c8bdb8ad161fc33c61da41a6d99710",
                "bb79be7b3618dc5654821c8e2e5d6e4511160964c9bc063586bb09ccf3f0748f",
                "10e27f55e533433e0c84319f7e7a2c2ef3d06cd4100a13b23b8c75f9b2592bfb",
                "47444201c10009dfed9f887e0cff138339a7166d14a05cbaaba66b37b35bbaa1",
                "892e42581ed41f80cf151a05593cd4b2c806939c35ba319432eef92005ac00bd"
            ],
            "type": "Fetch",
            "firstPartyCookies": {},
            "firstPartyCookiesSent": {},
            "exampleSites": [
                "scribd.com",
                "grok.com",
                "lightning.ai",
                "linktr.ee",
                "no.talent.com",
                "openai.com",
                "platform.openai.com",
                "soundcloud.com",
                "webflow.com",
                "www.abc.net.au",
                "www.bloomberg.com",
                "www.cdkeys.com",
                "www.cervera.se",
                "www.cervera.no",
                "www.figma.com",
                "www.meshy.ai",
                "www.scribd.com",
                "www.slideshare.net",
                "www.vondy.com",
                "www.zoominfo.com"
            ]
        },
        {
            "rule": "featureassets\\.org\\/v1\\/initialize",
            "cookies": 0.000205,
            "fingerprinting": 0,
            "subdomains": [],
            "apis": {},
            "sites": 2,
            "prevalence": 0.000205,
            "cnames": [],
            "responseHashes": [],
            "type": "Preflight",
            "firstPartyCookies": {},
            "firstPartyCookiesSent": {},
            "exampleSites": [
                "openai.com",
                "www.cdkeys.com"
            ]
        }
    ],
    "categories": [],
    "performance": {},
    "cookies": 0.00205,
    "topInitiators": [
        {
            "domain": "first party",
            "prevalence": 0.8125
        },
        {
            "domain": "scribdassets.com",
            "prevalence": 0.0625
        },
        {
            "domain": "jsdelivr.net",
            "prevalence": 0.0625
        },
        {
            "domain": "slidesharecdn.com",
            "prevalence": 0.0625
        }
    ],
    "types": {
        "Fetch": 20,
        "Preflight": 2
    },
    "nameservers": [
        "ns-1178.awsdns-19.org",
        "ns-1952.awsdns-52.co.uk",
        "ns-387.awsdns-48.com",
        "ns-940.awsdns-53.net"
    ]
}