{
    "domain": "feldot.com",
    "owner": {},
    "source": [
        "DuckDuckGo-NO"
    ],
    "prevalence": 0.00123,
    "sites": 12,
    "subdomains": [],
    "cnames": [],
    "fingerprinting": 2,
    "resources": [
        {
            "rule": "feldot\\.com\\/v1\\/sdk\\.js",
            "cookies": 0,
            "fingerprinting": 2,
            "subdomains": [],
            "apis": {
                "window.localStorage": 12,
                "Document.cookie getter": 12,
                "Navigator.prototype.permissions": 11
            },
            "sites": 12,
            "prevalence": 0.00123,
            "cnames": [],
            "responseHashes": [
                "b1f0992d6b5fd9a0cb65c019bab055329b0f614b3a0e5edee3ff36f918f163af",
                "be5a2b32152ab47bdd5b37d9e0b256ee24083ab686553b98da80a6823e934372",
                "a917a955e3d826cbe4cf5bff9b6e8ed5c246725490e7d0bc56aae9bc24eb5368",
                "cc79873d486d25afa7a7496ec41442d8ac3946fc7441c3d452fae585970bb066",
                "a051daf2f8d3937fd438bb8eb8d67db06e6a500b2ff95ee9ec4afb862ea34671",
                "7938a1bc7015a3de1db87458326abd95a2fb5bfca8c99f95fcbd0b0ef96fe98c",
                "c4388fe640e602152424911afb4a07fc924ba2295762b8ab6d0ab016f22465fe",
                "aef5a3aaa0a85ec6c092a77ca7f8e473e26464c9a7aca3251c48f5d0e5c2826d",
                "91b0e954eb7cb454966946a9c758d2b27add20b33f5f12901107689b620f7125",
                "5418fe47a13adc3a156e8b75c1513c3647e974f329e68e4c6d9d6edff3bc29bf",
                "5908b62e8bdb1fa1d78377620e15ccb3912d04b880ad5d1f1a1ed8bab28734f2"
            ],
            "type": "Script",
            "firstPartyCookies": {},
            "firstPartyCookiesSent": {},
            "exampleSites": [
                "animalpornxxx.me",
                "no.frwiki.wiki",
                "pornmovieszoo.com",
                "pornzoovideos.com",
                "xxxsexzoo.com",
                "xxxvideoszoo.com",
                "zoo-xnxx.com",
                "zoo-xvideos.com",
                "zoopornmd.com",
                "zoosex.cc",
                "zootube1.com",
                "zoozhamster.com"
            ]
        },
        {
            "rule": "feldot\\.com\\/fp\\.js",
            "cookies": 0.00113,
            "fingerprinting": 1,
            "subdomains": [],
            "apis": {
                "window.localStorage": 12,
                "Date.prototype.getTime": 11,
                "Document.cookie setter": 11
            },
            "sites": 12,
            "prevalence": 0.00123,
            "cnames": [],
            "responseHashes": [
                "c2c2d3c50d2521f4c3e8dac8e6c21ce2eccf0595885f6d272b635e19ebea4257",
                "079c3ca7a55dc03fddb235247223a67c990bd99453e3dcf05547e178f44399a0",
                "c72719980f8867f1522a80433b1d75860249637160f152cdf68803505f162047",
                "57a417b8a68fe91d443627cc21aa9e2936feef5878ce76a10d03951193014472",
                "e2a02cc50f3cb29f342ace8cab637b194fb799cca32ecbf74692226bcb7d7036",
                "6970bbeb54a46e6a3a7f60a77644b81797efc2a750f3dc70c90bdb73d139b045",
                "1f83fbc09ee1ad54030bc2e7e31de04044ee07e2f49a166bd71cdd43b359cf7f",
                "aa414605cb2cda27f3c360d52827081b895a7af847bb70d6ae5bf28a8be73e8a",
                "71721658c0b43da697b8247e6a41c3505d5cb06a337ce103a00adf4f49c37719",
                "8742dfc95c09fc08b465343f79fdbf08a8f0f28882bb276bcc84a420672d0f6b",
                "f600488514e15336aed67e1da2b6977cb3426f88f1e2f0b05a21b70981c1664f"
            ],
            "type": "Script",
            "firstPartyCookies": {
                "ufp2": {
                    "ttl": 604806,
                    "length": 40,
                    "prevalence": 0.001125319693094629,
                    "uniqueness": 1
                }
            },
            "firstPartyCookiesSent": {},
            "exampleSites": [
                "animalpornxxx.me",
                "no.frwiki.wiki",
                "pornmovieszoo.com",
                "pornzoovideos.com",
                "xxxsexzoo.com",
                "xxxvideoszoo.com",
                "zoo-xnxx.com",
                "zoo-xvideos.com",
                "zoopornmd.com",
                "zoosex.cc",
                "zootube1.com",
                "zoozhamster.com"
            ]
        }
    ],
    "categories": [],
    "performance": {},
    "cookies": 0.00113,
    "topInitiators": [
        {
            "domain": "puabvo.com",
            "prevalence": 0.9166666666666666
        },
        {
            "domain": "tbwdoo.com",
            "prevalence": 0.08333333333333333
        }
    ],
    "types": {
        "Script": 24
    },
    "nameservers": [
        "brit.ns.cloudflare.com",
        "lex.ns.cloudflare.com"
    ]
}