{
    "domain": "futurehybrid.tech",
    "owner": {},
    "source": [
        "DuckDuckGo-NO"
    ],
    "prevalence": 0.00307,
    "sites": 30,
    "subdomains": [
        "sommelier"
    ],
    "cnames": [],
    "fingerprinting": 0,
    "resources": [
        {
            "rule": "futurehybrid\\.tech\\/config\\/",
            "cookies": 0,
            "fingerprinting": 0,
            "subdomains": [
                "sommelier"
            ],
            "apis": {},
            "sites": 30,
            "prevalence": 0.00307,
            "cnames": [],
            "responseHashes": [
                "f002bb746ae1673ffb7c0c79350b03a59af5af4723296b4490af082f57402d03",
                "9fdf6b45abc5468503d1ba995819ed3183b2ed562be04f87df137e5a5a9ced3d",
                "1ab67182179f3c69ead484cb5a9150a4096ee97e57761deba8145bf66db6f06f",
                "f919077c2a1786dc12d199dca42b041fd66f79ccdb0268c44934c5b1442c64c9",
                "9b3ba563c75d5bec4bc38587181d5bd5c593fafdbcc026ef7f00e12bc9f440cc",
                "eb61b2d53cdd9e7a115620a3b5a499c69faf0976cd1830ed5f1a11b993c35058",
                "61c7075f488d7213a373dee11b2ded45c6e4636810c44014ce2249021408a8a7",
                "7cd3bc84a232b39f4551467ea8387b1ac3996fffc106ad2e4b39df823a083c4e",
                "1a56456fe39be760668c22623ae5fa97aff8fe47e3a810af3c4f28ee15f6a997",
                "c6b29bb693abdeaba729af74ff5b101f8411512df760ab80b6b6a3a4f7a1331e",
                "5f8bb1558cb91636ef8465c67ce4bc72407f3e917e2671eed46fb29fcd1ad68a",
                "aa1ae4d1e342dd1dafc0854f6da654eb1a5e2c5f42670f22be5901f73d7cf69b",
                "38c57c8c5782b942a87db58b4684a5136b5afb22ed322c0608edfa7ae7cc323a",
                "4132988b1574e5f891d471fd472d4687703a0f89e9962d4aec2123311a122b08",
                "2710d82d8933626418db835619cb8e8353aee43fc849df3e72dbfbfab4540f61",
                "b8e5c563de34b7cb5cc89ee138ec3dced3afc7d68efba2603c669b25c479378d",
                "8c3c5addb37630700240e10ac96028f5c5917b594b13ca880e69b35f9950cb83",
                "9bd7632d8ba2fd79f676c2365f612bbe16102ae55196e3d6307087aa08738472",
                "ac1e590ef8528d5eda6fe10f413c3158b5fc102c4e4b5130895d87db1c7cd579",
                "a41a151f774b87ce6b5b7bbd90e832415a2704486a752e34f47685304e951f35",
                "310b861558c97b34e5bf81da2102751a4e103990f9c364669d016efc09679096",
                "62f66031d1f9d4f750e24eae94937546efe589a5ebfd9e55f60e80cba529830f",
                "bef6c75bd914fe695499b86a8c0e45bbafffc81a8b3ffd1169e3e7f9b05db57e",
                "21ae3386585ec7fb501841582057bfb1ddb67e8a167bcaffd70df94f5a4f9509",
                "682f3fade01d9ae7c11a60fdaecf0da2151d1b574edc2d31245252b76ad60e53",
                "7a4e123346c352d887f2bf7c9f0a97a20725c46504eb05fce093d5298d677a0f",
                "0791f9f959304da5465382ab80cc2158e5d749b191b9d495d52d23f71b584c3b",
                "cbd63b8a79bbefd26002a16f5ca05bace01ef3f269fe80b9cfb7ffae5c34753e"
            ],
            "type": "Fetch",
            "firstPartyCookies": {},
            "firstPartyCookiesSent": {},
            "exampleSites": [
                "www.techradar.com",
                "www.tomsguide.com",
                "www.tomshardware.com",
                "androidcentral.com",
                "www.livescience.com",
                "www.windowscentral.com",
                "www.t3.com",
                "www.androidcentral.com",
                "www.techspot.com",
                "www.loudersound.com",
                "www.cinemablend.com",
                "forums.tomshardware.com",
                "www.sciencealert.com",
                "www.imore.com",
                "www.cyclingnews.com",
                "www.space.com",
                "forums.tomsguide.com",
                "www.gamesradar.com",
                "global.techradar.com",
                "www.laptopmag.com"
            ]
        }
    ],
    "categories": [],
    "performance": {},
    "cookies": 0,
    "topInitiators": [
        {
            "domain": "futurecdn.net",
            "prevalence": 1
        }
    ],
    "types": {
        "Fetch": 30
    },
    "nameservers": [
        "ns-1419.awsdns-49.org",
        "ns-1705.awsdns-21.co.uk",
        "ns-55.awsdns-06.com",
        "ns-786.awsdns-34.net"
    ]
}