{
    "domain": "gamifiera.com",
    "owner": {},
    "source": [
        "DuckDuckGo-NO"
    ],
    "prevalence": 0.00123,
    "sites": 12,
    "subdomains": [
        "cdn",
        "api"
    ],
    "cnames": [],
    "fingerprinting": 2,
    "resources": [
        {
            "rule": "gamifiera\\.com\\/static\\/gmf\\/loader\\.js",
            "cookies": 0,
            "fingerprinting": 1,
            "subdomains": [
                "cdn"
            ],
            "apis": {
                "Navigator.prototype.userAgent": 12
            },
            "sites": 12,
            "prevalence": 0.00123,
            "cnames": [],
            "responseHashes": [
                "811fd1e487574b97bcf2550249420cf3f436d14c2304be0e0b569d89afab3edc"
            ],
            "type": "Script",
            "firstPartyCookies": {},
            "firstPartyCookiesSent": {},
            "exampleSites": [
                "bakerenogkokken.no",
                "gymgrossisten.no",
                "panduro.com",
                "www.cervera.se",
                "www.cervera.no",
                "www.gymgrossisten.no",
                "www.hooks.no",
                "www.jollyroom.no",
                "www.maxgaming.no",
                "www.scandinavianphoto.no",
                "www.scandinavianphoto.se",
                "www.skruvat.no"
            ]
        },
        {
            "rule": "gamifiera\\.com\\/v1\\/merchant-config",
            "cookies": 0,
            "fingerprinting": 0,
            "subdomains": [
                "api"
            ],
            "apis": {},
            "sites": 12,
            "prevalence": 0.00123,
            "cnames": [],
            "responseHashes": [
                "a0caa35626fbc71ca652473eda1c15a736b2a22191cc84a0cbdc5955b8970085",
                "256e4fec23898f4233e0702cd271a4e22537b55f666ac9e5bad653fa194813c7",
                "f4569609009472fd66a3ca4fd68895fed3f4419a717270e73a893e9a4485177d",
                "70552fe6f1d86382833b499a2b5605a982cd7120ab02c24487e35402b10ffa6a",
                "7616ea5b60045650b2983c2c793222a533dd5eae00e85b576b083aef4dfce504",
                "6cb74d9efcdc3dd89998c9b033e518db7df321dea434e89c4ddf2b87eae7e521",
                "8cbb83f79124d26a16216b2363a8997545d745225512a72401638b712af48735",
                "0f68479412f84380439cacfe6a2bbef4798736cfe40e639bbbaf8a9dc919b68d"
            ],
            "type": "XHR",
            "firstPartyCookies": {},
            "firstPartyCookiesSent": {},
            "exampleSites": [
                "bakerenogkokken.no",
                "gymgrossisten.no",
                "panduro.com",
                "www.cervera.no",
                "www.cervera.se",
                "www.gymgrossisten.no",
                "www.hooks.no",
                "www.jollyroom.no",
                "www.maxgaming.no",
                "www.scandinavianphoto.no",
                "www.scandinavianphoto.se",
                "www.skruvat.no"
            ]
        },
        {
            "rule": "gamifiera\\.com\\/v1\\/merchant-config",
            "cookies": 0,
            "fingerprinting": 0,
            "subdomains": [
                "api"
            ],
            "apis": {},
            "sites": 12,
            "prevalence": 0.00123,
            "cnames": [],
            "responseHashes": [],
            "type": "Preflight",
            "firstPartyCookies": {},
            "firstPartyCookiesSent": {},
            "exampleSites": [
                "bakerenogkokken.no",
                "gymgrossisten.no",
                "panduro.com",
                "www.cervera.no",
                "www.cervera.se",
                "www.gymgrossisten.no",
                "www.hooks.no",
                "www.jollyroom.no",
                "www.maxgaming.no",
                "www.scandinavianphoto.no",
                "www.scandinavianphoto.se",
                "www.skruvat.no"
            ]
        },
        {
            "rule": "gamifiera\\.com\\/static\\/gmf\\/3\\.9\\.32\\/gmf\\.js",
            "cookies": 0,
            "fingerprinting": 2,
            "subdomains": [
                "cdn"
            ],
            "apis": {
                "Navigator.prototype.userAgent": 12,
                "Navigator.prototype.vendor": 12,
                "Screen.prototype.width": 12,
                "Screen.prototype.height": 12,
                "window.innerWidth": 12,
                "window.innerHeight": 12,
                "window.sessionStorage": 12,
                "Date.prototype.getTime": 6
            },
            "sites": 12,
            "prevalence": 0.00123,
            "cnames": [],
            "responseHashes": [
                "1261cb2da0d9b07812453443568cdae5d92ea6040b0cb7e966df2a215b900565"
            ],
            "type": "Script",
            "firstPartyCookies": {},
            "firstPartyCookiesSent": {},
            "exampleSites": [
                "bakerenogkokken.no",
                "gymgrossisten.no",
                "panduro.com",
                "www.cervera.no",
                "www.cervera.se",
                "www.gymgrossisten.no",
                "www.hooks.no",
                "www.jollyroom.no",
                "www.maxgaming.no",
                "www.scandinavianphoto.no",
                "www.scandinavianphoto.se",
                "www.skruvat.no"
            ]
        },
        {
            "rule": "gamifiera\\.com\\/static\\/gmf\\/3\\.9\\.32\\/base\\.css",
            "cookies": 0,
            "fingerprinting": 0,
            "subdomains": [
                "cdn"
            ],
            "apis": {},
            "sites": 12,
            "prevalence": 0.00123,
            "cnames": [],
            "responseHashes": [
                "fa74eea45355b8d0f16d9c74ddac3a0ca0cc3df47f848393307001314d3baa97"
            ],
            "type": "Stylesheet",
            "firstPartyCookies": {},
            "firstPartyCookiesSent": {},
            "exampleSites": [
                "bakerenogkokken.no",
                "gymgrossisten.no",
                "panduro.com",
                "www.cervera.no",
                "www.cervera.se",
                "www.gymgrossisten.no",
                "www.hooks.no",
                "www.jollyroom.no",
                "www.maxgaming.no",
                "www.scandinavianphoto.no",
                "www.scandinavianphoto.se",
                "www.skruvat.no"
            ]
        },
        {
            "rule": "gamifiera\\.com\\/static\\/gmf\\/3\\.9\\.32\\/locales\\.js",
            "cookies": 0,
            "fingerprinting": 0,
            "subdomains": [
                "cdn"
            ],
            "apis": {},
            "sites": 12,
            "prevalence": 0.00123,
            "cnames": [],
            "responseHashes": [
                "a09fde3f6dd3f817be594b4e24a7986cf2042fbe0ac3450b844fe43c4231b86a"
            ],
            "type": "Script",
            "firstPartyCookies": {},
            "firstPartyCookiesSent": {},
            "exampleSites": [
                "bakerenogkokken.no",
                "gymgrossisten.no",
                "panduro.com",
                "www.cervera.no",
                "www.cervera.se",
                "www.gymgrossisten.no",
                "www.hooks.no",
                "www.jollyroom.no",
                "www.maxgaming.no",
                "www.scandinavianphoto.no",
                "www.scandinavianphoto.se",
                "www.skruvat.no"
            ]
        },
        {
            "rule": "gamifiera\\.com\\/static\\/icons\\/v2\\/star_filled\\.svg",
            "cookies": 0,
            "fingerprinting": 0,
            "subdomains": [
                "cdn"
            ],
            "apis": {},
            "sites": 5,
            "prevalence": 0.000512,
            "cnames": [],
            "responseHashes": [
                "b64ca3cec490625cf9794be155cf6b8131f162ab2739fc1e813a389781289c56"
            ],
            "type": "Fetch",