{
    "domain": "minutemedia-prebid.com",
    "owner": {},
    "source": [
        "DuckDuckGo-NO"
    ],
    "prevalence": 0.00205,
    "sites": 20,
    "subdomains": [
        "cs-rtb",
        "cs-tam",
        "hb"
    ],
    "cnames": [],
    "fingerprinting": 0,
    "resources": [
        {
            "rule": "minutemedia-prebid\\.com\\/sync-iframe",
            "cookies": 0,
            "fingerprinting": 0,
            "subdomains": [
                "cs-rtb",
                "cs-tam"
            ],
            "apis": {},
            "sites": 2,
            "prevalence": 0.000205,
            "cnames": [],
            "responseHashes": [],
            "type": "Document",
            "firstPartyCookies": {},
            "firstPartyCookiesSent": {},
            "exampleSites": [
                "imgur.com",
                "www.shotcut.org"
            ]
        },
        {
            "rule": "minutemedia-prebid\\.com\\/hb-mm-multi",
            "cookies": 0,
            "fingerprinting": 0,
            "subdomains": [
                "hb"
            ],
            "apis": {},
            "sites": 17,
            "prevalence": 0.00174,
            "cnames": [],
            "responseHashes": [
                "4e404cdaefd6133229442deeedcb16f3df7a252a8864b34121813da9a8ffa724",
                "36371ba2ab9ca13371d2522e8377356813837e6c5d1dc58ad8b1c9c93b8dba22",
                "861e718d498f1300087d7302866230f6942f274bc2fb7ee36078daa1fea44dda",
                "d0bb05a3361a3f2c549e01eb9516629c900d0095dd2fc580834faeb0024e7c6d",
                "cdbec49e79a3822167ec2871666ab23414a089d9e60c8b6439dfe863703923e6",
                "cb482adfef4d4325ebe85c7b8394bb714cbd81b2c90d62a1b70f2efe6fc6a628",
                "ca4070bb028a18f3fd3cf9a7389d9654910fce7fe90053b0624d871aa93caff9",
                "cba53aa63d08e784ef434567098bc89afd3ec8b9cec6b10dbcc1ebe9fe270f0c",
                "5e53c96624b5741e6593835a06c39ba9e7da4076de97d582f60dc74205600036",
                "e0f6c80176d1a998187e31ce44eeb8ad864141559eff25eeebeeb39168bc65d2",
                "d357adf8f3663b6a08624d324f4f792b5e3dfba082adff18de04eed22595537c",
                "2c1af99030a37a0a6bdbd26a6e1d64145de55bcd2e2f1475411bcd0a8430ee5f",
                "9a0a6c4d8aa118f23383ed4bc94c77e13bc5fb11e4ad06fdd53a5497e704d42a",
                "3a55bfadf26e06e3386a0c6163aad765b9c145631b6cd25914e793b748fad94e",
                "ea37b3c3cbba9dcc000a1115095c437beef29e9d531abf936d080ef12eff9f61",
                "c7616020e449f18d3d9ef4be631caf26de786537883f400553952119956a7a8d"
            ],
            "type": "Fetch",
            "firstPartyCookies": {},
            "firstPartyCookiesSent": {},
            "exampleSites": [
                "robots.net",
                "thechive.com",
                "uproxx.com",
                "www.atlasobscura.com",
                "www.avforums.com",
                "www.emathhelp.net",
                "www.jpost.com",
                "www.latlong.net",
                "www.mapquest.com",
                "www.mindbodygreen.com",
                "www.pythontutorial.net",
                "www.refinery29.com",
                "www.shotcut.org",
                "www.snbforums.com",
                "www.thewrap.com",
                "www.xxlmag.com",
                "www.zerohedge.com"
            ]
        }
    ],
    "categories": [],
    "performance": {},
    "cookies": 0,
    "topInitiators": [
        {
            "domain": "htlbid.com",
            "prevalence": 0.17857142857142858
        },
        {
            "domain": "adapex.io",
            "prevalence": 0.14285714285714285
        },
        {
            "domain": "first party",
            "prevalence": 0.10714285714285714
        },
        {
            "domain": "townsquareblogs.com",
            "prevalence": 0.10714285714285714
        },
        {
            "domain": "aditude.io",
            "prevalence": 0.07142857142857142
        },
        {
            "domain": "script.ac",
            "prevalence": 0.07142857142857142
        },
        {
            "domain": "d3c8j8snkzfr1n.cloudfront.net",
            "prevalence": 0.03571428571428571
        },
        {
            "domain": "hb-targa.s3.us-east-2.amazonaws.com",
            "prevalence": 0.03571428571428571
        },
        {
            "domain": "hb-thechive.s3.us-east-2.amazonaws.com",
            "prevalence": 0.03571428571428571
        },
        {
            "domain": "sentry-cdn.com",
            "prevalence": 0.03571428571428571
        }
    ],
    "types": {
        "Document": 2,
        "Fetch": 17
    },
    "nameservers": [
        "ns-1044.awsdns-02.org",
        "ns-129.awsdns-16.com",
        "ns-1681.awsdns-18.co.uk",
        "ns-555.awsdns-05.net"
    ]
}