{
    "domain": "p7cloud.net",
    "owner": {},
    "source": [
        "DuckDuckGo-NO"
    ],
    "prevalence": 0.00153,
    "sites": 15,
    "subdomains": [
        "silo48",
        "silo52",
        "silo40",
        "silo43",
        "silo50",
        "silo27",
        "silo32"
    ],
    "cnames": [],
    "fingerprinting": 1,
    "resources": [
        {
            "rule": "p7cloud\\.net\\/as1\\.js",
            "cookies": 0.000307,
            "fingerprinting": 1,
            "subdomains": [
                "silo48",
                "silo52",
                "silo40",
                "silo43",
                "silo50",
                "silo27",
                "silo32"
            ],
            "apis": {
                "window.localStorage": 12,
                "Date.prototype.getTime": 3,
                "Navigator.prototype.languages": 2,
                "Document.cookie getter": 3,
                "Document.cookie setter": 3
            },
            "sites": 15,
            "prevalence": 0.00153,
            "cnames": [],
            "responseHashes": [
                "c1e9fa8b62ee65a7145852517545b99e02413a8dc9afe7d66ed81495dcf8b9b7",
                "4d4bfb60e541c65be53efe5febc854ec534567fe497b3d5531256a76be351943",
                "df2fdc8a7255dff0e76bc3940fa90ce0ce1745f528ac811eceaa673387e9b157",
                "ad49a983d3fa2bceb4734c7642d4914ee16f9c3cb9359b6be3a3c276da18f12a",
                "e4a2761128629ea2056baa52543fa604c26fff8a09d941a4e8665c42cabdfa02",
                "6cb3194c76045b4c681c9c80569abe9c2605aeeb96d85d9a60ab6c0ca24646fc",
                "720773274e56ec2afefdd7a1dc75c5e28ba9e45918546a024e1b5126f7ea1524",
                "72da2df0b427846930b40dd00c422da130a2a3c9471e4c4b8d33084cc90c96e9",
                "04dc4e0b6da635d67414598f0c3812cb769b1e79b302da33113d74adc6854511",
                "d1dae121a4570075188ecd3ec749c493c927ffde3651aa34d3f92019671f1ea2",
                "8d8de038fb3152d1d9fd1e1e7dd76d266b775d9a413b2995d11ef79462a8e789"
            ],
            "type": "Script",
            "firstPartyCookies": {
                "aspan_s": {
                    "ttl": 1828,
                    "length": 22,
                    "prevalence": 0.00030690537084398974,
                    "uniqueness": 1
                }
            },
            "firstPartyCookiesSent": {
                "_li_dcdm_c": 0.00010230179028132993
            },
            "exampleSites": [
                "attackofthefanboy.com",
                "dotesports.com",
                "primagames.com",
                "progameguides.com",
                "twinfinite.net",
                "wegotthiscovered.com",
                "www.destructoid.com",
                "www.dexerto.com",
                "www.gamepur.com",
                "www.gameskinny.com",
                "www.justjared.com",
                "www.newsweek.com",
                "www.refinery29.com",
                "www.usmagazine.com",
                "www.visordown.com"
            ]
        },
        {
            "rule": "p7cloud\\.net\\/if\\.html",
            "cookies": 0.000102,
            "fingerprinting": 1,
            "subdomains": [
                "silo48",
                "silo52",
                "silo43",
                "silo27"
            ],
            "apis": {
                "Date.prototype.getTime": 3,
                "Document.cookie setter": 1,
                "window.localStorage": 1
            },
            "sites": 12,
            "prevalence": 0.00123,
            "cnames": [],
            "responseHashes": [
                "f10b55fc648ebc29d5188fd4314d67c6afc38eca17e1c04ba2eb22bc1a7e5069"
            ],
            "type": "Document",
            "firstPartyCookies": {
                "arcid": {
                    "ttl": 7776028,
                    "length": 36,
                    "prevalence": 0.00010230179028132993,
                    "uniqueness": 1
                },
                "cohorts": {
                    "ttl": 7776028,
                    "length": 51,
                    "prevalence": 0.00010230179028132993,
                    "uniqueness": 1
                }
            },
            "firstPartyCookiesSent": {},
            "exampleSites": [
                "attackofthefanboy.com",
                "dotesports.com",
                "primagames.com",
                "progameguides.com",
                "twinfinite.net",
                "wegotthiscovered.com",
                "www.destructoid.com",
                "www.dexerto.com",
                "www.gamepur.com",
                "www.gameskinny.com",
                "www.newsweek.com",
                "www.usmagazine.com"
            ]
        },
        {
            "rule": "p7cloud\\.net\\/cpm\\.js",
            "cookies": 0,
            "fingerprinting": 0,
            "subdomains": [
                "silo48"
            ],
            "apis": {},
            "sites": 9,
            "prevalence": 0.000921,
            "cnames": [],
            "responseHashes": [
                "6558b4c93e7c2366a12f5213091cf6c0b5484653ca553f86a8a087f24e1c9fbb"
            ],
            "type": "Script",
            "firstPartyCookies": {},
            "firstPartyCookiesSent": {},
            "exampleSites": [
                "attackofthefanboy.com",
                "dotesports.com",
                "primagames.com",
                "progameguides.com",
                "twinfinite.net",
                "wegotthiscovered.com",
                "www.destructoid.com",
                "www.gamepur.com",
                "www.gameskinny.com"
            ]
        },
        {
            "rule": "p7cloud\\.net\\/pipeline_rfr3\\.onnx",
            "cookies": 0,
            "fingerprinting": 0,
            "subdomains": [
                "silo48"
            ],
            "apis": {},
            "sites": 3,
            "prevalence": 0.000307,
            "cnames": [],
            "responseHashes": [],
            "type": "Fetch",
            "firstPartyCookies": {},
            "firstPartyCookiesSent": {},
            "exampleSites": [
                "attackofthefanboy.com",
                "primagames.com",
                "www.destructoid.com"
            ]
        },
        {
            "rule": "p7cloud\\.net\\/p\\.png",
            "cookies": 0,
            "fingerprinting": 0,
            "subdomains": [
                "silo48",
                "silo27"
            ],
            "apis": {},
            "sites": 3,
            "prevalence": 0.000307,
            "cnames": [],
            "responseHashes": [
                "8d2a86129fbb237c7e1d13bd864237c920b537499a377b21d6889752a33710d3"
            ],
            "type": "Image",
            "firstPartyCookies": {},
            "firstPartyCookiesSent": {
                "aspan_s": 0.00020460358056265986,
                "arcid": 0.00010230179028132993
            },
            "exampleSites": [
                "attackofthefanboy.com",
                "www.gamepur.com",
                "www.usmagazine.com"
            ]
        }
    ],
    "categories": [],
    "performance": {},
    "cookies": 0.000307,
    "topInitiators": [
        {
            "domain": "googletagmanager.com",
            "prevalence": 0.391304347826087
        },
        {
            "domain": "script.ac",
            "prevalence": 0.2608695652173913
        },
        {
            "domain": "first party",
            "prevalence": 0.17391304347826086
        },
        {
            "domain": "jsdelivr.net",
            "prevalence": 0.08695652173913043
        },
        {
            "domain": "mediatradecraft.com",
            "prevalence": 0.043478260869565216
        },
        {
            "domain": "htlbid.com",
            "prevalence": 0.043478260869565216
        }
    ],
    "types": {
        "Script": 24,
        "Document": 12,
        "Fetch": 3,
        "Image": 3
    },