{
    "domain": "pbxai.com",
    "owner": {},
    "source": [
        "DuckDuckGo-NO"
    ],
    "prevalence": 0.00992,
    "sites": 97,
    "subdomains": [
        "floor",
        "cdn",
        "api"
    ],
    "cnames": [],
    "fingerprinting": 1,
    "resources": [
        {
            "rule": "pbxai\\.com\\/",
            "cookies": 0,
            "fingerprinting": 0,
            "subdomains": [
                "floor"
            ],
            "apis": {},
            "sites": 23,
            "prevalence": 0.00235,
            "cnames": [],
            "responseHashes": [
                "81e433ca11681bacdb4348be885715ab2062f8f9ad882b1a028b7f6c9a8814af",
                "87ccb5bf1c7992ed44d71c4e74b3b756276d612e631d897fe3f68707cac58a58",
                "1e534792ac52d87495a7fab92e4956af4834cee15b8abfc8bea8e66bae9b4280",
                "90a7f2957ef7a143c858fe7034a431044052a211aa0c9224c15c46deece28405",
                "e1ce52230776d0a63e7770e52d653581f18c92c76f4dd2906389cc451cfc67bb",
                "33f7fc19ebe6e20f856638cde75a2d1d2107e9b7c53ea06d997d7698ecaa0bab",
                "ffc7426b2c4fc760f8f3df5cc89beec32f1476b0eb3d8b894d952036ef83a027",
                "684a405b3cec1c47db144dde51d6cc75436ff0d3e8ebb0ca9b6d491dd13139d5",
                "cb0800306143344cad5233fab2e86bb4637053cf58bc89a8dbc46ce76a4848fc",
                "7500bd72950fe568ef6000833ab21cbeefa922c73486ac89e78b431adb16244b",
                "111246fc236a6dfa4559e094f2dc238fdae1a9e2be832340b8cc517d507bd022",
                "72ec25f0b24a18c078810d4676e9ca17d873e7b03e867cfef42f064adb5b6ace",
                "8ac4dbd14cf5042c42246368b79e3fea180644a28d972138b6ba5787a44bb3a6",
                "0500179ba91216735827c7ca28fbf9bc2a405b489e6e3cb4516335e7a056b7dc",
                "63f87493405b49edbbf7fa0accb1a09998c1d4dd6d5f9864ce9f18421a6092da",
                "0ef0916a9c2a175f4d455d884325f8223b1d06297a8c35b4af38b2fe3472054c",
                "921124f3dab2f1e1ff0467213ea8bcca2e16aad6cacbdede4ed54f00d96f2576",
                "69625576e3c65f4c4bec5128282cd2c6a283d020b1e23e69a21337baa9ccd7c3",
                "8555e11f2f8b2dfc00f17f8ff5a8d5e0f018dab7ddffdf6a472f62b1b2c5e692",
                "024cce2cbd8a31cccafe4f08acb3157e9a4213d34e1551ac82aec29c1252d03b",
                "7a03012ef73aae9db06c6ff208c01856c7690adcf8ee12adc07b4700ae872337",
                "9168b14c130af18ef13691e7ccbcb73ce5b9eea78b777aef2b4f85a07c941703"
            ],
            "type": "Fetch",
            "firstPartyCookies": {},
            "firstPartyCookiesSent": {},
            "exampleSites": [
                "www.dict.cc",
                "www.fmscout.com",
                "www.gardenersworld.com",
                "www.isitdownrightnow.com",
                "www.livesoccertv.com",
                "www.timeout.com",
                "www.linguee.de",
                "www.geoguessr.com",
                "www.imagetotext.info",
                "www.desktophut.com",
                "smallseotools.com",
                "teslamotorsclub.com",
                "www.radiotimes.com",
                "www.rappler.com",
                "www.wordhippo.com",
                "www.holiday-weather.com",
                "www.notebookcheck.net",
                "keskustelu.suomi24.fi",
                "www.linguee.fr",
                "cornhub.website"
            ]
        },
        {
            "rule": "pbxai\\.com\\/5f4a4498-4f1f-48c2-94fc-26ecfea898d8\\.js",
            "cookies": 0,
            "fingerprinting": 1,
            "subdomains": [
                "cdn"
            ],
            "apis": {
                "window.localStorage": 6,
                "window.sessionStorage": 6,
                "Date.prototype.getTime": 6,
                "Navigator.prototype.platform": 4,
                "Navigator.prototype.userAgent": 4,
                "Navigator.prototype.vendor": 4
            },
            "sites": 7,
            "prevalence": 0.000716,
            "cnames": [],
            "responseHashes": [
                "01aabe634c01fb54b525eb4dae885e00824c6eb5b5164914f2f8b6b20cf6ef33",
                "2df0997903696272509908880bd01bf63e086979ddfb69861a8eefdbfb87f73b",
                "2e0a629cde47cd5b51e44461011e132e24ffccaf86b0e56822e88557eac415ca",
                "2637ec392e42bd765aab1ed5d1b1ff74712d8fb09a8bf98c8148cb9a7a703ce4"
            ],
            "type": "Script",
            "firstPartyCookies": {},
            "firstPartyCookiesSent": {},
            "exampleSites": [
                "on4t.com",
                "smallseotools.com",
                "www.duplichecker.com",
                "www.golinuxcloud.com",
                "www.imei.info",
                "www.linuxfordevices.com",
                "www.rappler.com"
            ]
        },
        {
            "rule": "pbxai\\.com\\/analytics\\/auction",
            "cookies": 0,
            "fingerprinting": 0,
            "subdomains": [
                "api"
            ],
            "apis": {},
            "sites": 7,
            "prevalence": 0.000716,
            "cnames": [],
            "responseHashes": [],
            "type": "Fetch",
            "firstPartyCookies": {},
            "firstPartyCookiesSent": {},
            "exampleSites": [
                "on4t.com",
                "www.digitalcameraworld.com",
                "www.duplichecker.com",
                "www.imei.info",
                "www.independent.co.uk",
                "www.linuxfordevices.com",
                "www.rappler.com"
            ]
        },
        {
            "rule": "pbxai\\.com\\/632d21ed-83ac-46f3-a081-199c59f7c2a6\\.js",
            "cookies": 0,
            "fingerprinting": 1,
            "subdomains": [
                "cdn"
            ],
            "apis": {
                "window.localStorage": 42,
                "window.sessionStorage": 42,
                "Date.prototype.getTime": 42
            },
            "sites": 65,
            "prevalence": 0.00665,
            "cnames": [],