{
    "domain": "podname.com",
    "owner": {},
    "source": [
        "DuckDuckGo-NO"
    ],
    "prevalence": 0.00164,
    "sites": 16,
    "subdomains": [],
    "cnames": [],
    "fingerprinting": 2,
    "resources": [
        {
            "rule": "podname\\.com\\/dist\\/d70a86db6\\/bce6a2e34dd2a28d0976a02ab91502bf2e44cb2ba82bc\\.v2\\.js",
            "cookies": 0.000205,
            "fingerprinting": 2,
            "subdomains": [],
            "apis": {
                "Navigator.prototype.userAgent": 13,
                "window.sessionStorage": 13,
                "CookieStore.prototype.getAll": 13,
                "window.localStorage": 13,
                "HTMLCanvasElement.prototype.toDataURL": 11,
                "Date.prototype.getTimezoneOffset": 6,
                "CookieStore.prototype.set": 2,
                "Notification.permission": 2
            },
            "sites": 13,
            "prevalence": 0.00133,
            "cnames": [],
            "responseHashes": [
                "1245f9910e6840f9cebf8cbcb924c030554aede4d42d9c8a53d0bf09d912cb40",
                "c8602f40c9be61d686684b658e3e0d8756e6000dc3e15ae641b839800d08bfc7",
                "556bcea949bef1a3aa4e0c2fbb684877bcf535613b1e409c5040121d1dc9a7bf",
                "efd4d1a3ece200318bda0e809243c2fc3d6a4c88997a3ce5985f30fff1961504",
                "742cc9205b73beccdb2deb8a30c1754961ddc9c7d9c6bd28c69729c278617b2b",
                "16dff7ade154e94823407cd038c6768f152cc82390729d8b3b40a993ac16a5c9",
                "bcc002b149bdc510e341d95148f18a900fd78ffa27420afacd9769bb1a42f3c1",
                "2992638c4891d5ced5e005ea98d7e3be6f4f5cbfa7b36630771c6d36715f11ed",
                "cff747e6aa70d7ca1e986cb04d0586b20d5c55196b05a436d3adb1726bdc1b72",
                "936816e394c897e9c8476df5a354e41209b433f1033185ab8043b003b0502f76",
                "737ae16032e1a591805f360d279e88cd89cb241fffecc922e5e89448208199f0",
                "7e1ff3babe194fb2fc6997d4b169f1a9984c3a2898b979fc3170de20cbb22c4a"
            ],
            "type": "Script",
            "firstPartyCookies": {},
            "firstPartyCookiesSent": {},
            "exampleSites": [
                "fextralife.com",
                "darksouls.wiki.fextralife.com",
                "darksouls3.wiki.fextralife.com",
                "demonssouls.wiki.fextralife.com",
                "divinityoriginalsin2.wiki.fextralife.com",
                "duneawakening.wiki.fextralife.com",
                "eldenring.wiki.fextralife.com",
                "expedition33.wiki.fextralife.com",
                "kingdomcomedeliverance2.wiki.fextralife.com",
                "oblivionremastered.wiki.fextralife.com",
                "pathfinderwrathoftherighteous.wiki.fextralife.com",
                "roguetrader.wiki.fextralife.com",
                "thelordsofthefallen.wiki.fextralife.com"
            ]
        },
        {
            "rule": "podname\\.com\\/submit\\/m3e36mcvfg8ta3dlwx3vr0f3cf_d8c1wcjffm7qyg0v0on84f",
            "cookies": 0,
            "fingerprinting": 0,
            "subdomains": [],
            "apis": {},
            "sites": 5,
            "prevalence": 0.000512,
            "cnames": [],
            "responseHashes": [
                "54d1fe00f8969f29e60ccef9e599109f352a2a873968a8e40c2f4e7ef48e6794"
            ],
            "type": "Fetch",
            "firstPartyCookies": {},
            "firstPartyCookiesSent": {},
            "exampleSites": [
                "fextralife.com",
                "duneawakening.wiki.fextralife.com",
                "kingdomcomedeliverance2.wiki.fextralife.com",
                "pathfinderwrathoftherighteous.wiki.fextralife.com",
                "roguetrader.wiki.fextralife.com"
            ]
        },
        {
            "rule": "podname\\.com\\/m3bj780dcubzrfhdx7gyjo6trz_pnp3tiz4pxa5sqcyxrehun",
            "cookies": 0,
            "fingerprinting": 0,
            "subdomains": [],
            "apis": {},
            "sites": 2,
            "prevalence": 0.000205,
            "cnames": [],
            "responseHashes": [
                "4355a46b19d348dc2f57c046f8ef63d4538ebb936000f3c9ee954a27460dd865"
            ],
            "type": "Ping",
            "firstPartyCookies": {},
            "firstPartyCookiesSent": {},
            "exampleSites": [
                "fextralife.com",
                "demonssouls.wiki.fextralife.com"
            ]
        },
        {
            "rule": "podname\\.com\\/m3dg6rrqwsrlwfejwzp5g6d0yb_gc6bdn5cr6zco0lvzyc1jz",
            "cookies": 0,
            "fingerprinting": 0,
            "subdomains": [],
            "apis": {},
            "sites": 2,
            "prevalence": 0.000205,
            "cnames": [],
            "responseHashes": [
                "33c70c297b1a729f965a6aca60b7b3bb7a3b06bd13efe07698516fa98ac8b9f9"
            ],
            "type": "Fetch",
            "firstPartyCookies": {},
            "firstPartyCookiesSent": {},
            "exampleSites": [
                "fextralife.com",
                "pathfinderwrathoftherighteous.wiki.fextralife.com"
            ]
        }
    ],
    "categories": [],
    "performance": {},
    "cookies": 0.000409,
    "topInitiators": [
        {
            "domain": "adsninja.ca",
            "prevalence": 0.875
        },
        {
            "domain": "first party",
            "prevalence": 0.125
        }
    ],
    "types": {
        "Script": 13,
        "Fetch": 7,
        "Ping": 2
    },
    "nameservers": [
        "ns-909.awsdns-49.net",
        "ns-1606.awsdns-08.co.uk",
        "ns-504.awsdns-63.com",
        "ns-1256.awsdns-29.org"
    ]
}