{
    "domain": "sensic.net",
    "owner": {},
    "source": [
        "DuckDuckGo-NO"
    ],
    "prevalence": 0.00133,
    "sites": 13,
    "subdomains": [
        "es-config",
        "1747378248116fa00564e18e4128eafae4f750a4e04adbb64123e586.trk",
        "17473797608974c4ae4ab8a3f4f68c18cbccc04b1e7aa2c06454d965.trk",
        "17473812307121ebfa1360ca0025ccbf435568931b55f4d1fc9b3cad.trk",
        "1747380086661013af0a167d0b0b763e24d1de550140bb5b272b7db3.trk",
        "1747380941839f7cc54b3032b90f541c91e65cad5cc650e898b4485d.trk",
        "1747380685684888bf00f1dbb8cc92e6f51172bfb92710a6a1627415.trk",
        "1747379657552091d90387d7022611b9647200431a8e4700ea258230.trk",
        "17473795434678778c496a077a41608ae35d5622569efd41c9352566.trk",
        "17473805064960c7dede37d747acd515ab6cc921f908b3cdb13a08c6.trk",
        "17473811373726772df9989911ce36b2b967eb61ef98a4a2a6c51554.trk",
        "17473800098662ba2ad4a508141658a904f8150dd95bc62e1c42fb55.trk",
        "1747379550201d5bc1d143086c138389df516fe7cf5fde4d9bdc6c13.trk",
        "1747381128625302889d3dc5799e64c6f17971ce6c12727e6ee11999.trk",
        "es1-s2s",
        "localhost",
        "de1-s2s"
    ],
    "cnames": [],
    "fingerprinting": 2,
    "resources": [
        {
            "rule": "sensic\\.net\\/s2s-web\\.js",
            "cookies": 0.000102,
            "fingerprinting": 2,
            "subdomains": [
                "es-config"
            ],
            "apis": {
                "window.localStorage": 12,
                "Date.prototype.getTime": 11,
                "Navigator.prototype.userAgent": 12,
                "Navigator.prototype.platform": 12,
                "Navigator.prototype.language": 12,
                "Notification.permission": 8,
                "Navigator.prototype.plugins": 8,
                "Document.cookie getter": 1,
                "Document.cookie setter": 1
            },
            "sites": 12,
            "prevalence": 0.00123,
            "cnames": [],
            "responseHashes": [
                "673417662bb37bc9e2d10dafb369582779ef1163a7dc115e2af97402f21ed417"
            ],
            "type": "Script",
            "firstPartyCookies": {
                "sui_1pc": {
                    "ttl": 63072032,
                    "length": 56,
                    "prevalence": 0.00010230179028132993,
                    "uniqueness": 1
                }
            },
            "firstPartyCookiesSent": {},
            "exampleSites": [
                "elpais.com",
                "en.as.com",
                "theobjective.com",
                "www.20minutos.es",
                "www.elconfidencial.com",
                "www.eldiario.es",
                "www.elmundo.es",
                "www.infobae.com",
                "www.larazon.es",
                "www.lavanguardia.com",
                "www.marca.com",
                "www.mundodeportivo.com"
            ]
        },
        {
            "rule": "sensic\\.net\\/tp\\.gif",
            "cookies": 0,
            "fingerprinting": 0,
            "subdomains": [
                "1747378248116fa00564e18e4128eafae4f750a4e04adbb64123e586.trk",
                "17473797608974c4ae4ab8a3f4f68c18cbccc04b1e7aa2c06454d965.trk",
                "17473812307121ebfa1360ca0025ccbf435568931b55f4d1fc9b3cad.trk",
                "1747380086661013af0a167d0b0b763e24d1de550140bb5b272b7db3.trk",
                "1747380941839f7cc54b3032b90f541c91e65cad5cc650e898b4485d.trk",
                "1747380685684888bf00f1dbb8cc92e6f51172bfb92710a6a1627415.trk",
                "1747379657552091d90387d7022611b9647200431a8e4700ea258230.trk",
                "17473795434678778c496a077a41608ae35d5622569efd41c9352566.trk",
                "17473805064960c7dede37d747acd515ab6cc921f908b3cdb13a08c6.trk",
                "17473811373726772df9989911ce36b2b967eb61ef98a4a2a6c51554.trk",
                "17473800098662ba2ad4a508141658a904f8150dd95bc62e1c42fb55.trk",
                "1747379550201d5bc1d143086c138389df516fe7cf5fde4d9bdc6c13.trk",
                "1747381128625302889d3dc5799e64c6f17971ce6c12727e6ee11999.trk"
            ],
            "apis": {},
            "sites": 13,
            "prevalence": 0.00133,
            "cnames": [],
            "responseHashes": [
                "e3b0c44298fc1c149afbf4c8996fb92427ae41e4649b934ca495991b7852b855"
            ],
            "type": "XHR",
            "firstPartyCookies": {},
            "firstPartyCookiesSent": {},
            "exampleSites": [
                "elpais.com",
                "en.as.com",
                "theobjective.com",
                "www.20minutos.es",
                "www.daserste.de",
                "www.elconfidencial.com",
                "www.eldiario.es",
                "www.elmundo.es",
                "www.infobae.com",
                "www.larazon.es",
                "www.lavanguardia.com",
                "www.marca.com",
                "www.mundodeportivo.com"
            ]
        },
        {
            "rule": "sensic\\.net\\/3pc\\.html",
            "cookies": 0,
            "fingerprinting": 1,
            "subdomains": [
                "es-config"
            ],
            "apis": {
                "Document.cookie getter": 1
            },
            "sites": 12,
            "prevalence": 0.00123,
            "cnames": [],
            "responseHashes": [
                "568ac6a9a523149d3865ab62f1020e2ec42de1005db3d69afaae6a82eff12f27"
            ],
            "type": "Document",
            "firstPartyCookies": {},
            "firstPartyCookiesSent": {},
            "exampleSites": [
                "elpais.com",
                "en.as.com",
                "theobjective.com",
                "www.20minutos.es",
                "www.elconfidencial.com",
                "www.eldiario.es",
                "www.elmundo.es",
                "www.infobae.com",
                "www.larazon.es",
                "www.lavanguardia.com",
                "www.marca.com",
                "www.mundodeportivo.com"
            ]
        },
        {
            "rule": "sensic\\.net\\/",
            "cookies": 0,
            "fingerprinting": 0,
            "subdomains": [
                "es1-s2s",
                "localhost"
            ],
            "apis": {},
            "sites": 13,
            "prevalence": 0.00133,
            "cnames": [],
            "responseHashes": [
                "e3b0c44298fc1c149afbf4c8996fb92427ae41e4649b934ca495991b7852b855"
            ],
            "type": "XHR",
            "firstPartyCookies": {},
            "firstPartyCookiesSent": {},
            "exampleSites": [
                "elpais.com",
                "en.as.com",
                "theobjective.com",
                "www.20minutos.es",
                "www.daserste.de",
                "www.elconfidencial.com",
                "www.eldiario.es",
                "www.elmundo.es",
                "www.infobae.com",
                "www.larazon.es",
                "www.lavanguardia.com",
                "www.marca.com",
                "www.mundodeportivo.com"
            ]
        },
        {
            "rule": "sensic\\.net\\/id",
            "cookies": 0,
            "fingerprinting": 0,
            "subdomains": [
                "es1-s2s",
                "de1-s2s"
            ],
            "apis": {},
            "sites": 6,
            "prevalence": 0.000614,
            "cnames": [],
            "responseHashes": [
                "e3b0c44298fc1c149afbf4c8996fb92427ae41e4649b934ca495991b7852b855"
            ],
            "type": "XHR",
            "firstPartyCookies": {},
            "firstPartyCookiesSent": {},
            "exampleSites": [
                "as.com",
                "www.daserste.de",
                "www.elconfidencial.com",
                "www.eldiario.es",
                "www.elmundo.es",
                "www.marca.com"
            ]
        }
    ],
    "categories": [],
    "performance": {},