{
    "domain": "a-mx.com",
    "owner": {
        "name": "Monet Engine Inc.",
        "displayName": "Monet Engine"
    },
    "source": [
        "DuckDuckGo-AU"
    ],
    "prevalence": 0.00392,
    "sites": 37,
    "subdomains": [
        "id"
    ],
    "cnames": [],
    "fingerprinting": 0,
    "resources": [
        {
            "rule": "a-mx\\.com\\/sync\\/",
            "cookies": 0.00138,
            "fingerprinting": 0,
            "subdomains": [
                "id"
            ],
            "apis": {},
            "sites": 27,
            "prevalence": 0.00286,
            "cnames": [],
            "responseHashes": [
                "a33a05b38694007651e3ffc458ba9f26c003c82f9c94fd78e802e18a1d6c41d4",
                "2ce5549fb40d3cff3f4205cb79adc004d17ebbc82a9348c4ed13e79ea0564294",
                "614dcaf8475a81fb3bc98ff376fb96b3235a45bcb87251e3544a5c1b5a5b968b",
                "4ea8e14041c59f9d08207b9533c6024ff68e6296be35b557a502ab5ab0653857",
                "186e7a630c56cc4e2cde269d4aec9c9d1a8ac773611b1ee92ba35f0814c313e1"
            ],
            "type": "Fetch",
            "firstPartyCookies": {},
            "firstPartyCookiesSent": {
                "_li_dcdm_c": 0.00042399830400678397,
                "lotame_domain_check": 0.00021199915200339198,
                "lp_85251": 0.00010599957600169599,
                "lp_422626": 0.00010599957600169599,
                "__pid": 0.00010599957600169599,
                "lp_419110": 0.00021199915200339198
            },
            "exampleSites": [
                "pastebin.com",
                "www.newsweek.com",
                "freepages.rootsweb.com",
                "imagecolorpicker.com",
                "www.landcruiserclub.net",
                "www.thewindowsclub.com",
                "www.grammar-monster.com",
                "www.scotsman.com",
                "wahapedia.ru",
                "www.weather-atlas.com",
                "www.whyienjoy.com",
                "www.myabandonware.com",
                "sage-advices.com",
                "www.cultofmac.com",
                "www.broadwayworld.com",
                "deepgreenpermaculture.com",
                "www.gbnews.com",
                "anagram-solver.net",
                "urlebird.com",
                "www.slingacademy.com"
            ]
        },
        {
            "rule": "a-mx\\.com\\/set",
            "cookies": 0.000742,
            "fingerprinting": 0,
            "subdomains": [
                "id"
            ],
            "apis": {},
            "sites": 8,
            "prevalence": 0.000848,
            "cnames": [],
            "responseHashes": [
                "a33a05b38694007651e3ffc458ba9f26c003c82f9c94fd78e802e18a1d6c41d4",
                "2ce5549fb40d3cff3f4205cb79adc004d17ebbc82a9348c4ed13e79ea0564294",
                "614dcaf8475a81fb3bc98ff376fb96b3235a45bcb87251e3544a5c1b5a5b968b",
                "4ea8e14041c59f9d08207b9533c6024ff68e6296be35b557a502ab5ab0653857",
                "186e7a630c56cc4e2cde269d4aec9c9d1a8ac773611b1ee92ba35f0814c313e1",
                "dd540c86a9782b63cc181a2ad944af4764f2c62fd8295fc4a6803ce7f25b4e98"
            ],
            "type": "Fetch",
            "firstPartyCookies": {},
            "firstPartyCookiesSent": {},
            "exampleSites": [
                "anagram-solver.net",
                "forum.broadwayworld.com",
                "imagecolorpicker.com",
                "wahapedia.ru",
                "www.broadwayworld.com",
                "www.cultofmac.com",
                "www.scotsman.com",
                "www.weather-atlas.com"
            ]
        },
        {
            "rule": "a-mx\\.com\\/u",
            "cookies": 0.000848,
            "fingerprinting": 0,
            "subdomains": [
                "id"
            ],
            "apis": {},
            "sites": 10,
            "prevalence": 0.00106,
            "cnames": [],
            "responseHashes": [
                "e3b0c44298fc1c149afbf4c8996fb92427ae41e4649b934ca495991b7852b855"
            ],
            "type": "Image",
            "firstPartyCookies": {},
            "firstPartyCookiesSent": {
                "_amuid2": 0.00010599957600169599
            },
            "exampleSites": [
                "downdetector.com.au",
                "sweetishhill.com",
                "www.ascii-code.com",
                "www.bigfooty.com",
                "www.classic-trader.com",
                "www.fontspace.com",
                "www.furaffinity.net",
                "www.linuxfordevices.com",
                "www.theroar.com.au",
                "www.windowslatest.com"
            ]
        },
        {
            "rule": "a-mx\\.com\\/sync",
            "cookies": 0.00053,
            "fingerprinting": 0,
            "subdomains": [
                "id"
            ],
            "apis": {},
            "sites": 6,
            "prevalence": 0.000636,
            "cnames": [],
            "responseHashes": [
                "b2b54d195f130b392bc5a4880dff8f5361d803cf7fcce314fe9839b6342e140a",
                "b29a37a5fb7b99093b2b5cbf57a266076ea557f9f5fa49ba928605c7e19a353d",
                "bfe9d49b1b75068c8c2786ae5ec358cbbb14ffe969df67fdf421f26dbad900d8"
            ],
            "type": "Fetch",
            "firstPartyCookies": {},
            "firstPartyCookiesSent": {
                "_amuid2": 0.00010599957600169599
            },
            "exampleSites": [
                "sweetishhill.com",
                "www.bigfooty.com",
                "www.furaffinity.net",
                "www.linuxfordevices.com",
                "www.theroar.com.au",
                "www.windowslatest.com"
            ]
        }
    ],
    "categories": [],
    "performance": {},
    "cookies": 0.00223,
    "topInitiators": [
        {
            "domain": "amxrtb.com",
            "prevalence": 0.24528301886792453
        },
        {
            "domain": "first party",
            "prevalence": 0.16981132075471697
        },
        {
            "domain": "ezodn.com",
            "prevalence": 0.1320754716981132
        },
        {
            "domain": "themoneytizer.fr",
            "prevalence": 0.07547169811320754
        },
        {
            "domain": "monu.delivery",
            "prevalence": 0.05660377358490566
        },
        {
            "domain": "tagdeliver.com",
            "prevalence": 0.05660377358490566
        },
        {
            "domain": "adsninja.ca",
            "prevalence": 0.03773584905660377
        },
        {
            "domain": "rubiconproject.com",
            "prevalence": 0.03773584905660377
        },
        {
            "domain": "vlitag.com",
            "prevalence": 0.03773584905660377
        },
        {
            "domain": "ay.delivery",
            "prevalence": 0.03773584905660377
        }
    ],
    "types": {
        "Fetch": 41,
        "Image": 10
    },
    "nameservers": [
        "kiki.bunny.net",
        "coco.bunny.net"
    ]
}