{
    "domain": "adsbymediavine.com",
    "owner": {},
    "source": [
        "DuckDuckGo-AU"
    ],
    "prevalence": 0.00816,
    "sites": 77,
    "subdomains": [
        "exchange",
        "scripts"
    ],
    "cnames": [],
    "fingerprinting": 0,
    "resources": [
        {
            "rule": "adsbymediavine\\.com\\/usersync\\/sync",
            "cookies": 0.00689,
            "fingerprinting": 0,
            "subdomains": [
                "exchange"
            ],
            "apis": {},
            "sites": 71,
            "prevalence": 0.00753,
            "cnames": [],
            "responseHashes": [
                "9396b6788ca58f9d97474cfa6fab9cdbe5b8a03088915be7c2cede1a46149451",
                "656a4484873f4694549749f379f9032b2ceda3d3997f61ddefbf9bdd5173e887",
                "1ff109148a501ead0e1b9ebf9c6840d97d35b7a4f45d4af1af36f5b170f6b4e1",
                "8772fc22c02f6c5d8ab01ecc2e6e720581f5aa85a518b04ed83dc7f8e0c2293e",
                "503f7df03cb25e151eed6395c6d3109ff2a8241341ae146eb5c648b9ab405085",
                "bc1a89ad33cca277861b6354c10aafe500e4e5ebf6a388f27ade6e2594c949ab",
                "e7376f046d0ef346a20f9a13050589db7d50a7f71aae98dfce0e51ce1c27358f",
                "bbe4032f967eca05edb6bdaa295e6d3a1255a0e8c48c60b8de3ed3015a8a6e55",
                "efa8577f1db9eb79aa4e7e58a313db2a00c79c82ab1699a852199da8f3613580",
                "16ea4f813b22e44906ff5b32639fe27f34230a6d90c301e31eb3966623c6ba81",
                "1f56ca4cc25a29078fc0549be6237ff0d6713e27028ea847be5b7184a4306a88",
                "197c7ed8b10372b0a865b5c097aa1b45c3f8a70657fe603ce706db4635031512",
                "d28362e3dcaec6bb10407d358a320934d4fac28b2b62b69d5dd5d274e1e2f29c",
                "88306cbb0f6f00e7e5d8f92254815ab12bb234cfe23fe801d8d402b0f0090331",
                "6f182c7d5ed6a269bdcbccc7bbd483cd2551209b3f327f43bcb9d3bd2b0e5470",
                "7905d9a8b523d8eda09504a453d6f7e4a8da19f3b1820dce112e3a58a6cfcfa4",
                "664508b9bb0a26e71b4d65cd8958ecd0b5e17ce07948cbeee00554841b14665e"
            ],
            "type": "Document",
            "firstPartyCookies": {},
            "firstPartyCookiesSent": {
                "am_gpp": 0.007313970744117024,
                "lotame_domain_check": 0.00010599957600169599,
                "sentinelbi_utmData": 0.00010599957600169599
            },
            "exampleSites": [
                "themotorguy.com",
                "www.whats-on-netflix.com",
                "www.differencebetween.net",
                "thetouristchecklist.com",
                "yardwork.com.au",
                "biologyinsights.com",
                "scitechdaily.com",
                "insanelygoodrecipes.com",
                "unboundwiki.com",
                "www.writingbeginner.com",
                "www.artst.org",
                "thesavvybackpacker.com",
                "thedroidguy.com",
                "www.addictivetips.com",
                "www.scienceabc.com",
                "designingidea.com",
                "www.dadinvestor.com.au",
                "shunculture.com",
                "poweringautos.com",
                "www.garagegymreviews.com"
            ]
        },
        {
            "rule": "adsbymediavine\\.com\\/sync\\/check",
            "cookies": 0.000954,
            "fingerprinting": 0,
            "subdomains": [
                "scripts"
            ],
            "apis": {},
            "sites": 20,
            "prevalence": 0.00212,
            "cnames": [],
            "responseHashes": [],
            "type": "Document",
            "firstPartyCookies": {},
            "firstPartyCookiesSent": {},
            "exampleSites": [
                "biblestudyforyou.com",
                "biologyinsights.com",
                "coderivers.org",
                "ctrlcalculator.com",
                "doughnutlounge.com",
                "gardenerbible.com",
                "greenpacks.org",
                "legalclarity.org",
                "momwithaprep.com",
                "shiftychevre.com",
                "shunculture.com",
                "shuntool.com",
                "shunvogue.com",
                "thedoughacademy.com",
                "trackslesstravelled.com",
                "voyoeats.com",
                "wisdomofthespirit.com",
                "www.dadinvestor.com.au",
                "www.onesdr.com",
                "yardwork.com.au"
            ]
        }
    ],
    "categories": [],
    "performance": {},
    "cookies": 0.00753,
    "topInitiators": [
        {
            "domain": "mediavine.com",
            "prevalence": 0.5494505494505495
        },
        {
            "domain": "journeymv.com",
            "prevalence": 0.37362637362637363
        },
        {
            "domain": "pubnation.com",
            "prevalence": 0.06593406593406594
        },
        {
            "domain": "first party",
            "prevalence": 0.01098901098901099
        }
    ],
    "types": {
        "Document": 91
    },
    "nameservers": [
        "ruth.ns.cloudflare.com",
        "peyton.ns.cloudflare.com"
    ]
}