{
    "domain": "amspbs.com",
    "owner": {},
    "source": [
        "DuckDuckGo-AU"
    ],
    "prevalence": 0.000848,
    "sites": 8,
    "subdomains": [],
    "cnames": [],
    "fingerprinting": 0,
    "resources": [
        {
            "rule": "amspbs\\.com\\/cookie_sync",
            "cookies": 0,
            "fingerprinting": 0,
            "subdomains": [],
            "apis": {},
            "sites": 8,
            "prevalence": 0.000848,
            "cnames": [],
            "responseHashes": [
                "ba00e002265127c0f4748c908777cf5e99f8a9cc32f6fabb6b185133784feb9d",
                "5c8721737065d3a0ebe3a76f0ddda39989689be81540e7ae3436f7b3ee2e46ae",
                "a834dcf6fee52f1effedce07088931641eea4c1cdae5638160bfa3e9ec7fb3d0",
                "3926858578d50b870ad28edecb680de363e7c60516b9445ad9665c8669ea3536",
                "12e34ed75e22eb37d42d174550295dfc331c255de60d199113c4260e7633e2a7",
                "aca8112853367985a13a5443e28e0d7d69043a93659b04d2d643b3925311f19e",
                "3c99b6291a26a4f7fbcfa04c93a5a6892592504c8b5c7a7251eb4f1a03595e0c"
            ],
            "type": "Fetch",
            "firstPartyCookies": {},
            "firstPartyCookiesSent": {},
            "exampleSites": [
                "primagames.com",
                "twinfinite.net",
                "wegotthiscovered.com",
                "www.crosswordsolver.com",
                "www.gamepur.com",
                "www.gameskinny.com",
                "www.refinery29.com",
                "www.the-crossword-solver.com"
            ]
        },
        {
            "rule": "amspbs\\.com\\/openrtb2\\/auction",
            "cookies": 0,
            "fingerprinting": 0,
            "subdomains": [],
            "apis": {},
            "sites": 8,
            "prevalence": 0.000848,
            "cnames": [],
            "responseHashes": [
                "db29b312762ec3fff114acc3dcd1c7bd9e2053b1b8dcdcd215ec1fba7bd6f784",
                "9c661b1aee46be500b77d8a5e8eccaed6a00c44f96e21c663754c9816642f777",
                "111b62e1556b5d650c5fc3d0053084aa561eb9476b7b776f32034e8e063d77da",
                "0966baea9e57448fb220a77bd61e7744ef095b6d59518be5fbdc1447e357af31"
            ],
            "type": "Fetch",
            "firstPartyCookies": {},
            "firstPartyCookiesSent": {},
            "exampleSites": [
                "primagames.com",
                "twinfinite.net",
                "wegotthiscovered.com",
                "www.crosswordsolver.com",
                "www.gamepur.com",
                "www.gameskinny.com",
                "www.refinery29.com",
                "www.the-crossword-solver.com"
            ]
        },
        {
            "rule": "amspbs\\.com\\/setuid",
            "cookies": 0.000212,
            "fingerprinting": 0,
            "subdomains": [],
            "apis": {},
            "sites": 2,
            "prevalence": 0.000212,
            "cnames": [],
            "responseHashes": [],
            "type": "Image",
            "firstPartyCookies": {},
            "firstPartyCookiesSent": {},
            "exampleSites": [
                "refinery29.com",
                "www.the-crossword-solver.com"
            ]
        }
    ],
    "categories": [],
    "performance": {},
    "cookies": 0.000212,
    "topInitiators": [
        {
            "domain": "htlbid.com",
            "prevalence": 0.65
        },
        {
            "domain": "aditude.io",
            "prevalence": 0.3
        },
        {
            "domain": "first party",
            "prevalence": 0.05
        }
    ],
    "types": {
        "Fetch": 16,
        "Image": 2
    },
    "nameservers": [
        "ns-1341.awsdns-39.org",
        "ns-1592.awsdns-07.co.uk",
        "ns-587.awsdns-09.net",
        "ns-219.awsdns-27.com"
    ]
}