{
    "domain": "bunny.net",
    "owner": {},
    "source": [
        "DuckDuckGo-AU"
    ],
    "prevalence": 0.00318,
    "sites": 30,
    "subdomains": [
        "fonts"
    ],
    "cnames": [],
    "fingerprinting": 0,
    "resources": [
        {
            "rule": "bunny\\.net\\/css",
            "cookies": 0,
            "fingerprinting": 0,
            "subdomains": [
                "fonts"
            ],
            "apis": {},
            "sites": 28,
            "prevalence": 0.00297,
            "cnames": [],
            "responseHashes": [
                "e0baffa8d3daa73791b614f8efccbf81dfa247ad8eb5c225af0f888c5b3e3a4c",
                "b62bcba4622633960f9f46c4438ab46a9c46c3554b4ff0b24c96c79db357116a",
                "e9993c3dcb1649d624c3e1275df497c195f3547de93c0c5192b1a28cd7258be0",
                "58492e337637a9bdbe20908a646ed2b41284e700e5a8262e398c85f5f17b00dd",
                "998f49ccf51bd5801468b8f05c21590eabe2aa5d2229377a634fdb229f8c7170",
                "b7f70d57f21e096495b5a40f784a08c7d7174861f285b98bd193eff3bbb1f496",
                "818c66b55d107d043c8782bf8826f47bf993cc344b8bfc2a2a2a4a192941f3ee",
                "1794249a30bb90d977ac2a97c9a64a7993edd80fbb129b714de8ade79ba7e00f",
                "016ebb9835806c0f36da1b0b6eaad678c4868c1c6daf43fd737901db6181c277",
                "028bef3e68546b45cc70c45f1f62cb271511effd2458e8fcb787b180788787fb",
                "c867d43bc0a62a36b4be616b3d59ad6b1bbb57949549b423be0698eca1841086",
                "7231d4bae283cbc26e3627a172163a35671bd38ba494654d82dadc7ad93c3e53",
                "f197cb23a02d011365c9b29e081881311e9f5af148ed92925b995fa928ae6123",
                "3cf12b565ed1de182e5425cf4d9def32eca5fd907cb9003cdc7a17fc76fc66dd",
                "00239faac5489b03c019d76982dc02cd990eaaf6228285f65dd54ba31c4617e1",
                "a522d8bd659a2178ffacf5107b654a61cb47a3ddda8fbb3c353522bf09f5b0df",
                "776f752c630d6caf380e321b953d2fe15f1239d8aad57d2dd206cbb03d009bb6",
                "7e4b734fd7e6a866a81268e8bdc1625ed876e3b07a1a70e0c4e8a9d07c7b1154",
                "d271b122de16fcc922d041c3b5e9620dff604591ab7b70ba90a80a43e23cd96e"
            ],
            "type": "Stylesheet",
            "firstPartyCookies": {},
            "firstPartyCookiesSent": {},
            "exampleSites": [
                "www.respiratorytherapyzone.com",
                "www.australianfrequentflyer.com.au",
                "mediabiasfactcheck.com",
                "www.wagnersrosenursery.com.au",
                "www.ariat.com.au",
                "www.airtrain.com.au",
                "asthma.org.au",
                "viralxxxporn.com",
                "www.fluentu.com",
                "twominenglish.com",
                "www.farmerjacks.com.au",
                "www.dieoff.org",
                "mrgadget.com.au",
                "americansongwriter.com",
                "www.carandclassic.com",
                "www.peninsulahotsprings.com",
                "www.streetmachine.com.au",
                "gadgetstouse.com",
                "www.aconsciousrethink.com",
                "www.innerbody.com"
            ]
        },
        {
            "rule": "bunny\\.net\\/roboto\\/files\\/roboto-latin-400-normal\\.woff2",
            "cookies": 0,
            "fingerprinting": 0,
            "subdomains": [
                "fonts"
            ],
            "apis": {},
            "sites": 11,
            "prevalence": 0.00117,
            "cnames": [],
            "responseHashes": [
                "0152e925694c9e22045d875b0c03975c9bcd3778305eef80a7073dc78fda42c8"
            ],
            "type": "Font",
            "firstPartyCookies": {},
            "firstPartyCookiesSent": {},
            "exampleSites": [
                "allaroundoz.com.au",
                "americansongwriter.com",
                "asthma.org.au",
                "gadgetstouse.com",
                "newbookrecommendation.com",
                "viralxxxporn.com",
                "www.aconsciousrethink.com",
                "www.airtrain.com.au",
                "www.dieoff.org",
                "www.fluentu.com",
                "www.respiratorytherapyzone.com"
            ]
        },
        {
            "rule": "bunny\\.net\\/roboto\\/files\\/roboto-latin-700-normal\\.woff2",
            "cookies": 0,
            "fingerprinting": 0,
            "subdomains": [
                "fonts"
            ],
            "apis": {},
            "sites": 4,
            "prevalence": 0.000424,
            "cnames": [],
            "responseHashes": [
                "f592ebbdda0a312d3c465e83c539143838407bddfb38b6f9e2f8af1e04fcf608"
            ],
            "type": "Font",
            "firstPartyCookies": {},
            "firstPartyCookiesSent": {},
            "exampleSites": [
                "asthma.org.au",
                "gadgetstouse.com",
                "newbookrecommendation.com",
                "viralxxxporn.com"
            ]
        },
        {
            "rule": "bunny\\.net\\/lato\\/files\\/lato-latin-400-normal\\.woff2",
            "cookies": 0,
            "fingerprinting": 0,
            "subdomains": [
                "fonts"
            ],
            "apis": {},
            "sites": 2,
            "prevalence": 0.000212,
            "cnames": [],
            "responseHashes": [
                "ae5488cdee6c86ae9f892d07dfa77b93f820e132a99dd1a719cbf909168706c7"
            ],
            "type": "Font",
            "firstPartyCookies": {},
            "firstPartyCookiesSent": {},
            "exampleSites": [
                "nsw.gov.au",
                "www.aconsciousrethink.com"
            ]
        },
        {
            "rule": "bunny\\.net\\/lato\\/files\\/lato-latin-700-normal\\.woff2",
            "cookies": 0,
            "fingerprinting": 0,
            "subdomains": [
                "fonts"
            ],
            "apis": {},
            "sites": 2,
            "prevalence": 0.000212,
            "cnames": [],
            "responseHashes": [
                "716984a7fcbaf6d6d6cc56fee107055f99154d251702b57aefcdcab4e44ba798"
            ],
            "type": "Font",
            "firstPartyCookies": {},
            "firstPartyCookiesSent": {},
            "exampleSites": [
                "nsw.gov.au",
                "www.aconsciousrethink.com"
            ]
        },
        {
            "rule": "bunny\\.net\\/css2",
            "cookies": 0,
            "fingerprinting": 0,
            "subdomains": [
                "fonts"
            ],
            "apis": {},
            "sites": 3,
            "prevalence": 0.000318,
            "cnames": [],
            "responseHashes": [
                "6ecb2815969bf828417a37346e811a93422f6b8c9652a5f55e3b38b6b414fd28",
                "e4bb9af208542150c6d05f5a9c5494d3cd0c6dbec2c8f8a241a3b779048d1e2c"
            ],
            "type": "Stylesheet",
            "firstPartyCookies": {},
            "firstPartyCookiesSent": {},
            "exampleSites": [
                "curtin.edu.au",
                "staffportal.curtin.edu.au",
                "www.escortsandbabes.com.au"
            ]
        },
        {
            "rule": "bunny\\.net\\/open-sans\\/files\\/open-sans-latin-400-normal\\.woff2",
            "cookies": 0,
            "fingerprinting": 0,
            "subdomains": [
                "fonts"
            ],
            "apis": {},
            "sites": 3,
            "prevalence": 0.000318,
            "cnames": [],
            "responseHashes": [
                "a324ee4cb86584bab745cdab8e7e206ae76dbc653b66a13ed26fc867ef3be4b9"
            ],
            "type": "Font",
            "firstPartyCookies": {},
            "firstPartyCookiesSent": {},