{
    "domain": "config-security.com",
    "owner": {},
    "source": [
        "DuckDuckGo-AU"
    ],
    "prevalence": 0.00413,
    "sites": 39,
    "subdomains": [
        "conf",
        "api"
    ],
    "cnames": [],
    "fingerprinting": 0,
    "resources": [
        {
            "rule": "config-security\\.com\\/model",
            "cookies": 0,
            "fingerprinting": 0,
            "subdomains": [
                "conf"
            ],
            "apis": {},
            "sites": 39,
            "prevalence": 0.00413,
            "cnames": [],
            "responseHashes": [
                "effb3141bd4e3f5361104f0790e3e782ce7763c15697d66c31441a64d980984d",
                "681e5f506fd2fec13a11b57aa0dab57a8aec6a9f6741a9cd99a15b57c7d77b96",
                "b249b048ee44444b1b6ff022154d9168e62d507829fdb9bb2355a6865060b9dc",
                "a090ee3cf6767c8cc476930b2cce4aeffe3c35456c3a7a6cdff98af8d1cd8a0c",
                "254259f0b6a388441c3d466e606d8c2d02c5958ff81649faff9eebbeeeda4ba1",
                "8a9a0bfe5d5977f8fbd1f2bd28dec73f0979c629eebeb0428342f101adeed770",
                "eab7509f44bb1ae252cb46e971c8870a0857b195bbf603b075bba8f391fc2a9a",
                "c37366f83a6e85059943a2b4d4d16ae1f1be349c0c9c40d5622c6537beca4442",
                "32c273259ecd1776e213400500a4bd89c713af6ea7080e229e9812a65621c047",
                "d080a05921c092d7477dd20e1b8ee5af37843dd08e35adeb7c669387e9dbe8db",
                "b2241600749d649fe8286552851be97b902f4b1ee84469809d38cb283626f1c9",
                "c42dde4665d5864df2247c5efd6dc7de2cfec1fa7e6ac7dea85a277f049df61a",
                "b311fa05e204e873c862250ced78e1470b0ac07f833a45e22f88716137e347fe",
                "9eed865092e86ea68ad1c1acfa9598432089e35674905f05f97e2af5c3b8141f",
                "6a463a6890666aaaee98aec22e18ac9f4ac50fdd0f363404f3ff7a506b9e4bf6",
                "fcbff28ab0df95db0401c831fe8e85961e1bafc47b52e46d9c55efcee405f3fa",
                "99972c282a6642411c1cedde0b06f5c209ced973814356ac4e7da8a07ac5c3b5",
                "25258b3aa5f16dfade129032f662c8112b5b287d6b1ae926568696947224bfde",
                "35b63ede0b8139e1cfc66bd0af4b42ea716ca7e831fa443ed49ce18808952b35",
                "da1d5b938fceac0353f9a4747f790cd0914f26306bc04cd50daa6d9ec988e00b",
                "effb5fa18e0b385d92647349f324985f992f560c06d8fafd47247642d5199a45",
                "e69b6b873c1500dea1ed5f65eba446951897c14ea1d70d03542a3cea9fea6e11",
                "ab81bac395851cb011d4ac9f12b95aa26c7f1befb9f0177892ea33538807df7b",
                "0ccb1e96226912df0d531ab53fb70548861e79dca35b4950456240d75edeadd0",
                "c4d5effaea8fbc49b63004e8bb3a8f37c0dcca26781b4663f353720fe9371bc4",
                "a031bd4591c220fab4d4a9253f5796331fc56f752fd54842d3ad74944816db4a",
                "34047c3af6a191809fa535d18fe1b721ea1707d7365da67710115bb9c20c0d13",
                "f2224237e6c44a0f64d33fd5f679390f7984a595fc46c5aa7a02d9dafa0d28e1",
                "0e80dc1113a077ef68b7d0eac212831cc2c740285e6fa5b069ba63b85ce62832",
                "6deb21563b37ae73548037bb79f1540cce86ad40f9fba5cb9edafe2e87a02612",
                "25ef4c92f3992422af19ec7bce318902f0ca608dd419bc26a75c11c39b8e6387",
                "109480bd07321888202e08196c2e9abe11603ed5aa5ce3ad807ee0350bec1194",
                "4edfaa865ce892fad114f7f1b3b6898c9814da691243604b13a31e5aaa3b4ce2",
                "488917f543b6a043f9a20b1cbdab21bd79a27f5fb0ea1dd851e871b59b6fd6e2",
                "d15b47a9f9880abf2a280ac8b29478287f9cff0141778cba234d2203a6db328f",
                "c76e23d6dfcf7f064236c5284730e22ed31f9e47bf1cf31322b24568b7265c61",
                "0dd94201cf8ee1c524d1c1176a77e1668274f433ebfdae09669094006fef91f5"
            ],
            "type": "XHR",
            "firstPartyCookies": {},
            "firstPartyCookiesSent": {},
            "exampleSites": [
                "perfectketo.com",
                "www.culturekings.com.au",
                "desky.com.au",
                "au.lightforce.com",
                "thedermreview.com",
                "www.ascolour.com.au",
                "kickassproducts.com.au",
                "hushpuppies.com.au",
                "www.scanlantheodore.com",
                "esim.holafly.com",
                "review-australia.com",
                "itechworld.com.au",
                "www.decjuba.com.au",
                "bluebungalow.com.au",
                "sharkclean.com.au",
                "baredfootwear.com",
                "koh.com",
                "www.blackpepper.com.au",
                "www.sparkydirect.com.au",
                "au.whogivesacrap.org"
            ]
        },
        {
            "rule": "config-security\\.com\\/event",
            "cookies": 0,
            "fingerprinting": 0,
            "subdomains": [
                "api"
            ],
            "apis": {},
            "sites": 38,
            "prevalence": 0.00403,
            "cnames": [],
            "responseHashes": [
                "44136fa355b3678a1146ad16f7e8649e94fb4fc21fe77e8310c060f61caaff8a"
            ],
            "type": "XHR",
            "firstPartyCookies": {},
            "firstPartyCookiesSent": {},
            "exampleSites": [
                "perfectketo.com",
                "superdry.com.au",
                "www.ourcow.com.au",
                "shoewarehouse.com.au",
                "www.electrickicks.com.au",
                "kickassproducts.com.au",
                "thedermreview.com",
                "itechworld.com.au",
                "au.lightforce.com",
                "alternativebrewing.com.au",
                "www.beginningboutique.com.au",
                "asianpantry.com.au",
                "www.oxfordshop.com.au",
                "swimweargalore.com",
                "au.whogivesacrap.org",
                "www.boody.com.au",
                "sharkclean.com.au",
                "www.culturekings.com.au",
                "www.workwearhub.com.au",
                "www.ascolour.com.au"
            ]
        },
        {
            "rule": "config-security\\.com\\/first",
            "cookies": 0,
            "fingerprinting": 0,
            "subdomains": [
                "api"
            ],
            "apis": {},
            "sites": 32,
            "prevalence": 0.00339,
            "cnames": [],
            "responseHashes": [
                "8489ca4bfa9661d8c32b4363f0414140fe2964e1770c8ef2e497c10e4b82f4e4",
                "b82a9356f40de55d59e4bfea3e5da0fe6256fada7937f35dfe18bb9b4e821880"
            ],
            "type": "XHR",
            "firstPartyCookies": {},
            "firstPartyCookiesSent": {},
            "exampleSites": [
                "ninjakitchen.com.au",
                "www.lskd.co",
                "www.decjuba.com.au",
                "www.boody.com.au",
                "www.painreliefaustralia.com.au",
                "www.sparkydirect.com.au",
                "gymdirect.com.au",
                "www.blackpepper.com.au",
                "review-australia.com",
                "www.ourcow.com.au",
                "hushpuppies.com.au",
                "au.lightforce.com",
                "desky.com.au",
                "superdry.com.au",
                "sharkclean.com.au",
                "www.keychron.com",
                "www.workwearhub.com.au",
                "www.culturekings.com.au",
                "www.sram.com",
                "asianpantry.com.au"
            ]
        },
        {
            "rule": "config-security\\.com\\/event\\/ext",
            "cookies": 0,
            "fingerprinting": 0,
            "subdomains": [
                "api"
            ],
            "apis": {},
            "sites": 10,
            "prevalence": 0.00106,
            "cnames": [],
            "responseHashes": [
                "565339bc4d33d72817b583024112eb7f5cdf3e5eef0252d6ec1b9c9a94e12bb3"
            ],
            "type": "XHR",
            "firstPartyCookies": {},
            "firstPartyCookiesSent": {},