{
    "domain": "cq0.co",
    "owner": {},
    "source": [
        "DuckDuckGo-AU"
    ],
    "prevalence": 0.00244,
    "sites": 23,
    "subdomains": [
        "doh"
    ],
    "cnames": [],
    "fingerprinting": 0,
    "resources": [
        {
            "rule": "cq0\\.co\\/resolve",
            "cookies": 0,
            "fingerprinting": 0,
            "subdomains": [
                "doh"
            ],
            "apis": {},
            "sites": 23,
            "prevalence": 0.00244,
            "cnames": [],
            "responseHashes": [
                "c33cb0fca9090942469fda2ef3bf974dada5e3744fccf2dde0809e96617664bd",
                "32d29bb91abd4857547ab0f2ff85519eae1ef00dae10c969830228d4f4d2adb6",
                "a12e6aba21b5ba03866149082811f42087bc7d6f8c870f736527d709c95eafd7",
                "5752a4670b1e43a38f441104dd8646debb305f7c520d6613abc1230840a71d2b",
                "10107c7bb0377b6f764630fd882bf4d763bd131e05731bb4b896f5f76631b25c",
                "77398f9d6abc68b0a283229aceb73ac67c0865b4842ea8928c359e28b27c9eb9",
                "0aae30c8d3e715882303160878f823ff5f3994dccccf9a4f703fc26b0cbca3f8",
                "fa093d977de9bffe1b2b5571e47272cc3ff88decac35ebac15be73bd84f4b3f5",
                "a0ca98cddbaa5fd4e8e49389cf1871801c1a803796dfe633353e42e13b762078",
                "80058f530f028434c2de0deb0e29dfddb42d9fd2485726e6f689aa1a5c647756",
                "e5199dd397cd385543a3ea9490696458f21083855a50cf52453637f0a3f248a8",
                "1b58d4fa4499af94f6ae360e926e1aea24663f96f5bdd178e44c8524f8910f73",
                "22c9693d121d08e1e42f510a71f0039384c818f0e762d09bea26a81b583e022e",
                "fd83008c79dda0492bd636a36c07dd791728821fcc95f54baaea86345247ed4d",
                "cca9d093436b2c54ea95833634554650935ad3893294532d11b85d19c2bc70bf",
                "73a7f87278049d6d3329bcce00508a17070555ab0f5002e778a81c17e4f6a6df",
                "f509eafcf7a4bd9c4c70b34dfbf4cf7e396eb8105b45c274541c9de08c60444d",
                "5c5fda45a5ea466ec7b5aea4fcc3fcd92cb2d2c9febb846fcffd34f79b63f812",
                "1a15bd4c5e47bed69331eb44b13147d79ba5966a3e83e4535af1824f9a46fcb2",
                "935bdd6f627acdc8f3efcaa0b9aef02d91d0fef14c6e675d03ce31993e8bb271"
            ],
            "type": "Fetch",
            "firstPartyCookies": {},
            "firstPartyCookiesSent": {
                "lotame_domain_check": 0.00010599957600169599,
                "_li_dcdm_c": 0.00010599957600169599
            },
            "exampleSites": [
                "www.espn.com",
                "www.latimes.com",
                "www.mayoclinic.org",
                "www.marvel.com",
                "www.starwars.com",
                "www.espn.com.au",
                "www.audi.com.au",
                "www.volkswagen.com.au",
                "go.com",
                "au.norton.com",
                "www.toyota.com",
                "www.espncricinfo.com",
                "newsnetwork.mayoclinic.org",
                "www.johnlewis.com",
                "moviesanywhere.com",
                "www.delta.com",
                "connect.mayoclinic.org",
                "kids.nationalgeographic.com",
                "www.disney.com.au",
                "www.britishairways.com"
            ]
        }
    ],
    "categories": [],
    "performance": {},
    "cookies": 0,
    "topInitiators": [
        {
            "domain": "first party",
            "prevalence": 0.5416666666666666
        },
        {
            "domain": "espn.com",
            "prevalence": 0.25
        },
        {
            "domain": "ensighten.com",
            "prevalence": 0.125
        },
        {
            "domain": "audi.com",
            "prevalence": 0.041666666666666664
        },
        {
            "domain": "californiatimes.com",
            "prevalence": 0.041666666666666664
        }
    ],
    "types": {
        "Fetch": 23
    },
    "nameservers": [
        "ns-682.awsdns-21.net",
        "ns-488.awsdns-61.com",
        "ns-1240.awsdns-27.org",
        "ns-1857.awsdns-40.co.uk"
    ]
}