{
    "domain": "enrtx.com",
    "owner": {},
    "source": [
        "DuckDuckGo-AU"
    ],
    "prevalence": 0.00117,
    "sites": 11,
    "subdomains": [],
    "cnames": [],
    "fingerprinting": 0,
    "resources": [
        {
            "rule": "enrtx\\.com\\/get\\/",
            "cookies": 0,
            "fingerprinting": 0,
            "subdomains": [],
            "apis": {},
            "sites": 11,
            "prevalence": 0.00117,
            "cnames": [],
            "responseHashes": [
                "eea0a2db56a7ab53d3ce22bf6bca47e7e1e658c269c256a81e962ffddeb44652",
                "d11dec4ecb343a0d42c629b69bfc8588831bf4d3dc4b87991d321fb3a23236e1",
                "9a58adfd4877ac876b4dbc3f65ea25819718de05d4888eea8fc6e276dc948fe4",
                "cbb0389c9ebd42be05ae2023eece814b3a912ca3685ebcdf552b63c7f8b5023d",
                "60ca136731b9d5b21c85672a649b72e619acc9962fccd706228a37c34a669d8b",
                "5a50d27f3a89cd0772029ebd828ed8f83cd18f2f57ea5149a89745316c3f8c87",
                "2cbc6906c53a3881fb833525357df1e51b6149fcc2ad6bb118bd0578cc4ab637",
                "523f18c7cdbee7cb4c5ab7060458f7130f3b8e7ca9f751c2f03ebe6c1ddb6d5e",
                "bfedae37a2640d180e4efa833f7b0b1ae70fc3387f58cca526dbb7640f375b12",
                "c544c9081508671ab9417adb72ccf5976452b6b07b7ca1c088564e4d97408025"
            ],
            "type": "Fetch",
            "firstPartyCookies": {},
            "firstPartyCookiesSent": {},
            "exampleSites": [
                "fans-here.com",
                "heavyfetish.com",
                "thethothub.com",
                "thothub.ch",
                "thothub.is",
                "thothub.lol",
                "thothub.org",
                "thothub.to",
                "www.pornhits.com",
                "www.thothub.to",
                "x-x-x.video"
            ]
        }
    ],
    "categories": [],
    "performance": {},
    "cookies": 0,
    "topInitiators": [
        {
            "domain": "capndr.com",
            "prevalence": 0.7272727272727273
        },
        {
            "domain": "cdd53ec0c3.com",
            "prevalence": 0.18181818181818182
        },
        {
            "domain": "first party",
            "prevalence": 0.09090909090909091
        }
    ],
    "types": {
        "Fetch": 11
    },
    "nameservers": [
        "ns1.digitalocean.com",
        "ns3.digitalocean.com",
        "ns2.digitalocean.com"
    ]
}