{
    "domain": "gaug.es",
    "owner": {},
    "source": [
        "DuckDuckGo-AU"
    ],
    "prevalence": 0.00148,
    "sites": 14,
    "subdomains": [
        "secure"
    ],
    "cnames": [],
    "fingerprinting": 1,
    "resources": [
        {
            "rule": "gaug\\.es\\/track\\.js",
            "cookies": 0.00148,
            "fingerprinting": 1,
            "subdomains": [
                "secure"
            ],
            "apis": {
                "Date.prototype.getTime": 14,
                "Document.cookie setter": 14,
                "Navigator.prototype.userAgent": 14,
                "Document.cookie getter": 14,
                "Screen.prototype.width": 14,
                "window.innerWidth": 14,
                "window.innerHeight": 14
            },
            "sites": 14,
            "prevalence": 0.00148,
            "cnames": [],
            "responseHashes": [
                "df2698e6cf74ed890afa92da10051f880df2ce0b3257b73c5d9ae2f6bea82d3c"
            ],
            "type": "Script",
            "firstPartyCookies": {
                "_gauges_cookie": {
                    "ttl": 7,
                    "length": 1,
                    "prevalence": 0.001483994064023744,
                    "uniqueness": 0.07142857142857142
                },
                "_gauges_unique_hour": {
                    "ttl": 3607,
                    "length": 1,
                    "prevalence": 0.001483994064023744,
                    "uniqueness": 0.07142857142857142
                },
                "_gauges_unique_day": {
                    "ttl": 86407,
                    "length": 1,
                    "prevalence": 0.001483994064023744,
                    "uniqueness": 0.07142857142857142
                },
                "_gauges_unique_month": {
                    "ttl": 2678407,
                    "length": 1,
                    "prevalence": 0.001483994064023744,
                    "uniqueness": 0.07142857142857142
                },
                "_gauges_unique_year": {
                    "ttl": 31536007,
                    "length": 1,
                    "prevalence": 0.001483994064023744,
                    "uniqueness": 0.07142857142857142
                },
                "_gauges_unique": {
                    "ttl": 31536007,
                    "length": 1,
                    "prevalence": 0.001483994064023744,
                    "uniqueness": 0.07142857142857142
                }
            },
            "firstPartyCookiesSent": {},
            "exampleSites": [
                "appletoolbox.com",
                "gardenworld.com.au",
                "shotkit.com",
                "tobinbrothers.com.au",
                "www.alphr.com",
                "www.guidingtech.com",
                "www.lawyer.com.au",
                "www.medicine.com.au",
                "www.omgubuntu.co.uk",
                "www.scienceofpeople.com",
                "www.strengthlog.com",
                "www.surgery.com.au",
                "www.sydneybathroomware.com.au",
                "www.technipages.com"
            ]
        },
        {
            "rule": "gaug\\.es\\/track\\.gif",
            "cookies": 0,
            "fingerprinting": 0,
            "subdomains": [
                "secure"
            ],
            "apis": {},
            "sites": 14,
            "prevalence": 0.00148,
            "cnames": [],
            "responseHashes": [
                "7fff1569ea68ef52782ba25b0cf3934627f7a4fc1e8e22f4652de959c5f97978"
            ],
            "type": "Image",
            "firstPartyCookies": {},
            "firstPartyCookiesSent": {},
            "exampleSites": [
                "appletoolbox.com",
                "gardenworld.com.au",
                "shotkit.com",
                "tobinbrothers.com.au",
                "www.alphr.com",
                "www.guidingtech.com",
                "www.lawyer.com.au",
                "www.medicine.com.au",
                "www.omgubuntu.co.uk",
                "www.scienceofpeople.com",
                "www.strengthlog.com",
                "www.surgery.com.au",
                "www.sydneybathroomware.com.au",
                "www.technipages.com"
            ]
        }
    ],
    "categories": [],
    "performance": {},
    "cookies": 0.00148,
    "topInitiators": [
        {
            "domain": "first party",
            "prevalence": 1
        }
    ],
    "types": {
        "Script": 14,
        "Image": 14
    },
    "nameservers": [
        "ns-451.awsdns-56.com",
        "ns-940.awsdns-53.net",
        "ns-1458.awsdns-54.org",
        "ns-1754.awsdns-27.co.uk"
    ]
}