{
    "domain": "ksearchnet.com",
    "owner": {},
    "source": [
        "DuckDuckGo-AU"
    ],
    "prevalence": 0.00159,
    "sites": 15,
    "subdomains": [
        "ipv4check",
        "ipv6check",
        "aucs33",
        "eucs33v2",
        "aucs32",
        "stats"
    ],
    "cnames": [],
    "fingerprinting": 0,
    "resources": [
        {
            "rule": "ksearchnet\\.com\\/",
            "cookies": 0,
            "fingerprinting": 0,
            "subdomains": [
                "ipv4check"
            ],
            "apis": {},
            "sites": 14,
            "prevalence": 0.00148,
            "cnames": [],
            "responseHashes": [],
            "type": "Preflight",
            "firstPartyCookies": {},
            "firstPartyCookiesSent": {},
            "exampleSites": [
                "rocketindustries.com.au",
                "tradelink.com.au",
                "www.abiinteriors.com.au",
                "www.betts.com.au",
                "www.harleyheaven.com.au",
                "www.jacksonsart.com",
                "www.pelicanparts.com",
                "www.peterstevens.com.au",
                "www.rvpartsexpress.com.au",
                "www.snowys.com.au",
                "www.sportspower.com.au",
                "www.teds.com.au",
                "www.thule.com",
                "www.toyworld.com.au"
            ]
        },
        {
            "rule": "ksearchnet\\.com\\/",
            "cookies": 0,
            "fingerprinting": 0,
            "subdomains": [
                "ipv4check"
            ],
            "apis": {},
            "sites": 13,
            "prevalence": 0.00138,
            "cnames": [],
            "responseHashes": [
                "1527461438fab403d0b6492274b51c49d090d5d5ca38bfa183933ce58eb8c496",
                "b403e498740a37b9675d2fafc009f0dda68c4c3e5dad17cf9273d695a6c15ef9",
                "59ec260815243638d6657a2b57e395fb4808a00e0edc20ae3b06d56bfe7c979a",
                "3382ac4aaf79e2be965624c2fa31959b53bdd2b32a0f639bb584fc72caba4255",
                "714d3c6a15ac3fab2bdbb3fdde2265b67cb1f3ac08100ae23d904dd30ba20bef",
                "f801f8e069d6be464163fd157385d2b98e0c81bb00223cfef79c9f2734b2a071",
                "3a21b41ebf6e9d057680d1b4ec40621db54147b6420525cb8197d302b2e556d7",
                "e2eb706dc2ea5be51bb84a511a7ae7d290f09255a483a6162d892fac3cc33a63",
                "7817987d1848f073c412a8eea550246b3239cf8bd326eaaa913bc91661d8826f",
                "f738b2dc0293da277bb6d14d67c2c5f2a4c926db52a30b8ed0af9adcd81f84d8",
                "b00ea7bb254b5445a4423ac66e1de12148e6ff46de82a139990615b8f989e668",
                "098bdf3b74273b131572326715a2731e46215fdae294224d1df900a8271d8930"
            ],
            "type": "Fetch",
            "firstPartyCookies": {},
            "firstPartyCookiesSent": {},
            "exampleSites": [
                "rocketindustries.com.au",
                "tradelink.com.au",
                "www.abiinteriors.com.au",
                "www.betts.com.au",
                "www.harleyheaven.com.au",
                "www.jacksonsart.com",
                "www.pelicanparts.com",
                "www.peterstevens.com.au",
                "www.rvpartsexpress.com.au",
                "www.sportspower.com.au",
                "www.teds.com.au",
                "www.thule.com",
                "www.toyworld.com.au"
            ]
        },
        {
            "rule": "ksearchnet\\.com\\/",
            "cookies": 0,
            "fingerprinting": 0,
            "subdomains": [
                "ipv6check"
            ],
            "apis": {},
            "sites": 13,
            "prevalence": 0.00138,
            "cnames": [],
            "responseHashes": [],
            "type": "Other",
            "firstPartyCookies": {},
            "firstPartyCookiesSent": {},
            "exampleSites": [
                "rocketindustries.com.au",
                "tradelink.com.au",
                "www.abiinteriors.com.au",
                "www.betts.com.au",
                "www.harleyheaven.com.au",
                "www.jacksonsart.com",
                "www.pelicanparts.com",
                "www.peterstevens.com.au",
                "www.rvpartsexpress.com.au",
                "www.sportspower.com.au",
                "www.teds.com.au",
                "www.thule.com",
                "www.toyworld.com.au"
            ]
        },
        {
            "rule": "ksearchnet\\.com\\/",
            "cookies": 0,
            "fingerprinting": 0,
            "subdomains": [
                "ipv4check"
            ],
            "apis": {},
            "sites": 2,
            "prevalence": 0.000212,
            "cnames": [],
            "responseHashes": [],
            "type": "XHR",
            "firstPartyCookies": {},
            "firstPartyCookiesSent": {},
            "exampleSites": [
                "tradelink.com.au",
                "www.snowys.com.au"
            ]
        },
        {
            "rule": "ksearchnet\\.com\\/cs\\/v2\\/search",
            "cookies": 0,
            "fingerprinting": 0,
            "subdomains": [
                "aucs33",
                "eucs33v2",
                "aucs32"
            ],
            "apis": {},
            "sites": 4,
            "prevalence": 0.000424,
            "cnames": [],
            "responseHashes": [],
            "type": "Preflight",
            "firstPartyCookies": {},
            "firstPartyCookiesSent": {},
            "exampleSites": [
                "betts.com.au",
                "www.jacksonsart.com",
                "www.rvpartsexpress.com.au",
                "www.tentworld.com.au"
            ]
        },
        {
            "rule": "ksearchnet\\.com\\/cs\\/v2\\/search",
            "cookies": 0,
            "fingerprinting": 0,
            "subdomains": [
                "aucs33",
                "eucs33v2",
                "aucs32"
            ],
            "apis": {},
            "sites": 4,
            "prevalence": 0.000424,
            "cnames": [],
            "responseHashes": [
                "7bb662116478e105e66115522d2a519bd24622b96528b36e564428b83f97d37d",
                "1ee72b0c921c3dde39ef19d0552d3617518fd0d3c2cbe3515281c1a83308de9e",
                "844a7906199aa14d5cc70643acf1d6feeee6810ff2e65632fa50ddeb9d238e2f"
            ],
            "type": "Fetch",
            "firstPartyCookies": {},
            "firstPartyCookiesSent": {},
            "exampleSites": [
                "betts.com.au",
                "www.jacksonsart.com",
                "www.rvpartsexpress.com.au",
                "www.tentworld.com.au"
            ]
        },
        {
            "rule": "ksearchnet\\.com\\/analytics\\/collect",
            "cookies": 0,
            "fingerprinting": 0,
            "subdomains": [
                "stats"
            ],
            "apis": {},
            "sites": 3,
            "prevalence": 0.000318,
            "cnames": [],
            "responseHashes": [],
            "type": "Preflight",
            "firstPartyCookies": {},
            "firstPartyCookiesSent": {},
            "exampleSites": [
                "jacksonsart.com",
                "www.rvpartsexpress.com.au",
                "www.tentworld.com.au"
            ]
        },
        {
            "rule": "ksearchnet\\.com\\/analytics\\/collect",
            "cookies": 0,
            "fingerprinting": 0,
            "subdomains": [
                "stats"
            ],
            "apis": {},
            "sites": 3,
            "prevalence": 0.000318,
            "cnames": [],
            "responseHashes": [
                "e3b0c44298fc1c149afbf4c8996fb92427ae41e4649b934ca495991b7852b855"
            ],
            "type": "Fetch",
            "firstPartyCookies": {},
            "firstPartyCookiesSent": {},