{
    "domain": "mountain.com",
    "owner": {
        "name": "Mountain Digital, Inc.",
        "displayName": "Mountain Digital"
    },
    "source": [
        "DuckDuckGo-AU"
    ],
    "prevalence": 0.00244,
    "sites": 23,
    "subdomains": [
        "px",
        "dx",
        "gs"
    ],
    "cnames": [],
    "fingerprinting": 1,
    "resources": [
        {
            "rule": "mountain\\.com\\/sti",
            "cookies": 0.000212,
            "fingerprinting": 0,
            "subdomains": [
                "px"
            ],
            "apis": {},
            "sites": 2,
            "prevalence": 0.000212,
            "cnames": [],
            "responseHashes": [
                "e3b0c44298fc1c149afbf4c8996fb92427ae41e4649b934ca495991b7852b855"
            ],
            "type": "Image",
            "firstPartyCookies": {},
            "firstPartyCookiesSent": {},
            "exampleSites": [
                "1password.com",
                "www.edmunds.com"
            ]
        },
        {
            "rule": "mountain\\.com\\/spx",
            "cookies": 0,
            "fingerprinting": 1,
            "subdomains": [
                "dx"
            ],
            "apis": {
                "Date.prototype.getTime": 7,
                "Document.cookie getter": 12
            },
            "sites": 21,
            "prevalence": 0.00223,
            "cnames": [],
            "responseHashes": [
                "24e4fac30a9320da25585f3061f70e8ea6f480c153d9d3a13880573c1c7eba51",
                "d33386d749c38c276ff842f7fa89b91ba25b8f57ac704ba9c6f342599878e75a",
                "2d751a24fa4bc28b8a1195731b2d94d2576af080be329c08e4eb44bbf83eb2a3",
                "e1ebe1fa50b32c49b9d5008e613afa3f3678adcbdc97ec111611bc962186c71e",
                "305f39fc7719842f11c2d119a4b99d0f0ddded2e6c7114d4c4db3dccc488e9fd",
                "f367430824a2952d60689087da830280cbd160ad77d3edb7437a94779be7d60e",
                "91007d6ffbc369aac8f81252ee826bce60ed4c376c0776f2280c98d69405af28",
                "9cf059b8d4cd38dd5ddc9ef68fa373ba9bef3ba4724ffe66530dab0d431d0e7a",
                "436dfec87dcd0a2da87b7c948f021978da45e3ab0016cf12b38683e686919383",
                "71c4c61045f8204099596670bb64727bc96935a0c7570664f8c3f590555fb99b",
                "b52fe1a516061f62b3239f6f24785406e8aa9ed59b5cb9539dfb54efcd9d9624",
                "1c328768a882a88bb1ad3aab9af887ce3e02c944fcf95837c7a178365aa56b39",
                "e158abbc4bdf2b33a0d77e01067a1399040ff4c11fcaccb3aea055380ad05fb6",
                "66280023ac0945826ce13a68eb839b6c69fe1a39b2744342666b4a39721299f4"
            ],
            "type": "Script",
            "firstPartyCookies": {},
            "firstPartyCookiesSent": {
                "IR_gbd": 0.00021199915200339198
            },
            "exampleSites": [
                "www.sweetwater.com",
                "www.musicnotes.com",
                "www.cannondale.com",
                "reedsy.com",
                "www.splunk.com",
                "www.fijiairways.com",
                "bitwarden.com",
                "docs.splunk.com",
                "www.gadventures.com",
                "www.hipcamp.com",
                "www.veed.io",
                "www.logos.com",
                "www.summitracing.com",
                "www.hubspot.com",
                "www.roland.com",
                "www.masterclass.com",
                "www.teepublic.com",
                "www.plannedparenthood.org",
                "www.boss.info",
                "asana.com"
            ]
        },
        {
            "rule": "mountain\\.com\\/st",
            "cookies": 0.00138,
            "fingerprinting": 0,
            "subdomains": [
                "px"
            ],
            "apis": {},
            "sites": 13,
            "prevalence": 0.00138,
            "cnames": [],
            "responseHashes": [
                "bd0a7ec8ae8a83956a85e4979e51d1ff51bf46508cf362cebf45d3264778b0da",
                "d36edb33596541799da35ccfaafb9980a160dcc107eb013a9b13ba4fc872e954",
                "b2e72acefd88103ea5f9d3e1d9f5e78d5131edeefa48f2f6b3ea66318cfc6c8f",
                "3fb6dd6a09aff7b123ae50ce8f014444e884d1c5c8681835a430412d68cb4ad7",
                "45c9a947d15fd7a0c318edbf456dc5c7f88d43b4f7d6457c4f50f9bb63205ce5",
                "9b5c9f2013fcedbd82aa81eba8ee0df0ef717fcc961246d6cffee0bc8a2d112c",
                "5b9e9aa35fd929aea2dc97efa40856b8be111974692c24e7ba4b395563addb34",
                "26934a2926373788303baed2f57e4c14258afe8911836d2cae550c4b8df7d110",
                "9b7cfe4fd2d6deb8a0fe0722d282fcbd2ce18a1a4fc1ce0ba041596a94a5cc67"
            ],
            "type": "Script",
            "firstPartyCookies": {},
            "firstPartyCookiesSent": {
                "_ga": 0.0016959932160271359,
                "IR_gbd": 0.00021199915200339198,
                "_ScCbts": 0.00010599957600169599
            },
            "exampleSites": [
                "bitwarden.com",
                "reedsy.com",
                "www.boss.info",
                "www.fijiairways.com",
                "www.gadventures.com",
                "www.hipcamp.com",
                "www.hubspot.com",
                "www.musicnotes.com",
                "www.plannedparenthood.org",
                "www.redhat.com",
                "www.roland.com",
                "www.sweetwater.com",
                "www.veed.io"
            ]
        },
        {
            "rule": "mountain\\.com\\/gs",
            "cookies": 0,
            "fingerprinting": 0,
            "subdomains": [
                "gs"
            ],
            "apis": {},
            "sites": 9,
            "prevalence": 0.000954,
            "cnames": [],
            "responseHashes": [
                "de50fe3f4bb523d6c0fc96e0cd73daaa8fcdfd599dc2c4694d7e50bd30fbe640",
                "ce6cce44077931e67cad1d4bf6a4a37f14eaed534f4457fcc6232446374fdddc",
                "a92cdd05ac5d7382788a4aac5b0634991839ee73685310d0d3207653214d4fe4",
                "156bc3d87793285d458ae2e3c17cc778b8964bb4468d4f9f6cffee644510f987",
                "5e8a36c06e1aceb10ec0c30dc811375fabf429128b640f236c61182ba6e3c7ce",
                "c25f1b1c1a64ed581dcdd4beac7797d403c8a98decc6748e92b6c0d623529e4d",
                "5267bdec7626c73c53834289aedbf8ff203ff1f5d64c8ef9d7116e6c7da89834"
            ],
            "type": "Script",
            "firstPartyCookies": {},
            "firstPartyCookiesSent": {},
            "exampleSites": [
                "reedsy.com",
                "www.boss.info",
                "www.gadventures.com",
                "www.hipcamp.com",
                "www.musicnotes.com",
                "www.redhat.com",
                "www.roland.com",
                "www.sweetwater.com",
                "www.veed.io"
            ]
        }
    ],
    "categories": [],
    "performance": {},
    "cookies": 0.00159,
    "topInitiators": [
        {
            "domain": "googletagmanager.com",
            "prevalence": 0.5483870967741935
        },
        {
            "domain": "first party",
            "prevalence": 0.3548387096774194
        },
        {
            "domain": "osano.com",
            "prevalence": 0.0967741935483871
        }
    ],
    "types": {
        "Image": 2,
        "Script": 43
    },
    "nameservers": [
        "ns-116.awsdns-14.com",
        "ns-1508.awsdns-60.org",
        "ns-1916.awsdns-47.co.uk",
        "ns-845.awsdns-41.net"
    ]
}