{
    "domain": "mrf.io",
    "owner": {
        "name": "Marfeel Solutions, S.L.",
        "displayName": "Marfeel"
    },
    "source": [
        "DuckDuckGo-AU"
    ],
    "prevalence": 0.00382,
    "sites": 36,
    "subdomains": [
        "sdk",
        "marfeelexperimentsexperienceengine",
        "flowcards"
    ],
    "cnames": [],
    "fingerprinting": 1,
    "resources": [
        {
            "rule": "mrf\\.io\\/statics\\/marfeel-sdk\\.js",
            "cookies": 0.00382,
            "fingerprinting": 1,
            "subdomains": [
                "sdk"
            ],
            "apis": {
                "window.localStorage": 36,
                "Navigator.prototype.userAgent": 36,
                "window.sessionStorage": 36,
                "Date.prototype.getTime": 36,
                "Document.cookie setter": 36,
                "Document.cookie getter": 36,
                "window.innerHeight": 3,
                "window.innerWidth": 3
            },
            "sites": 36,
            "prevalence": 0.00382,
            "cnames": [],
            "responseHashes": [
                "157ff5b2aee99142f7db923d9772daef0ef80585c4cd33af6bb61fb502a8c118",
                "6f3bc62080461d2e973f1bfbb9d1d01b066d1b092be654ac34ec3a1961b89eb1",
                "7f5dab449f0f24ff5daa060f1457e00b253dac6cea2d5faeef509e0e648bcb28",
                "75b89a08582aff73579650566cab37d879be34d5a03a860415cb8c5fa30af3c9",
                "4a0b546e9aebb5fe318b3d1a670b3ada9aad56c07c6d406f2b6bbc3f914a0402",
                "7c2a2e35298d7a2879171b763886d14f41bf0dadce71cf764fae4e44e211d5fd",
                "f86659b5a5edfd7ef7657a0da189340f423e7865e8ade3efaf2d8c300da737e8",
                "736c52194ef3373a235e3e8193788b2dcaad51dddb39e37cb4edbb9cd939c0b6",
                "b6f3e4ddce4d8a3b3c25d0f88cf5063fdc3c011202b03e8f9524ea4e8e118ab6",
                "677c9e3f93aece4c4b89de345acb5b935be1c67c1863eeea2acefdffe15e63b5",
                "24d5442c8753e47fba7ebd974b3232c47bd9aaaaebfae55f132b2a47cc47ccac",
                "a6bb85a62af35088b374d6f8fd83b5db445b7fd5125595066424c98f447a29c4",
                "1a112148b892ea5aeca2bb703b6b8bc9dfd65f152e56687596bcfe157add12b1",
                "a2d246aad38974757cc40fcd5794929ce4881609c7cfe3591931872227f7cbab",
                "d381dde45c79bf67647e07f2ac9782dd6dc033a7d2d1a9aaf4428928562df8b6",
                "d4c95e144bff0d8fe176d47199cbe45be641196f0cfdbe38795d30e7864f690a",
                "916a1627d7d3cf4bba000b495ec645ba49ea87bfaf934faec0b6ca3f396ba1d0",
                "6fc030afc0c489a4ac844d34468f57ffbfc7a418c32dc1e2ca31dfd4984f7f9a",
                "777952538f2925b730195af854ebbdd786359ee5d9d958e7174deaa0162cf558"
            ],
            "type": "Script",
            "firstPartyCookies": {
                "___nrbic": {
                    "ttl": 15552008,
                    "length": 391,
                    "prevalence": 0.0037099851600593597,
                    "uniqueness": 1
                },
                "___nrbi": {
                    "ttl": 15552008,
                    "length": 197,
                    "prevalence": 0.0037099851600593597,
                    "uniqueness": 1
                },
                "compass_uid": {
                    "ttl": 15552008,
                    "length": 36,
                    "prevalence": 0.0037099851600593597,
                    "uniqueness": 1
                }
            },
            "firstPartyCookiesSent": {},
            "exampleSites": [
                "gizmodo.com",
                "www.businessinsider.com",
                "www.dailydot.com",
                "www.express.co.uk",
                "www.thegatewaypundit.com",
                "www.tomshardware.com",
                "insanelygoodrecipes.com",
                "www.timeout.com",
                "www.hellomagazine.com",
                "www.thedailymeal.com",
                "www.ghacks.net",
                "www.timesofisrael.com",
                "www.classicfm.com",
                "www.nickiswift.com",
                "www.essentiallysports.com",
                "www.mylondon.news",
                "www.slashfilm.com",
                "www.engadget.com",
                "www.gamepressure.com",
                "as.com"
            ]
        },
        {
            "rule": "mrf\\.io\\/experimentsexperience\\/render",
            "cookies": 0,
            "fingerprinting": 0,
            "subdomains": [
                "marfeelexperimentsexperienceengine"
            ],
            "apis": {},
            "sites": 10,
            "prevalence": 0.00106,
            "cnames": [],
            "responseHashes": [
                "0f8d6ca57f8a3a474d985e259006a7fa5c73e7b1f91d42d87c6634154948d226"
            ],
            "type": "Script",
            "firstPartyCookies": {},
            "firstPartyCookiesSent": {},
            "exampleSites": [
                "as.com",
                "www.businessinsider.com",
                "www.cfr.org",
                "www.engadget.com",
                "www.express.co.uk",
                "www.imore.com",
                "www.ladbible.com",
                "www.lbc.co.uk",
                "www.t3.com",
                "www.tomshardware.com"
            ]
        },
        {
            "rule": "mrf\\.io\\/json\\/experiences",
            "cookies": 0,
            "fingerprinting": 0,
            "subdomains": [
                "flowcards"
            ],
            "apis": {},
            "sites": 8,
            "prevalence": 0.000848,
            "cnames": [],
            "responseHashes": [],
            "type": "Preflight",
            "firstPartyCookies": {},
            "firstPartyCookiesSent": {
                "compass_uid": 0.000741997032011872,
                "lotame_domain_check": 0.00021199915200339198
            },
            "exampleSites": [
                "as.com",
                "www.advocate.com",
                "www.capitalfm.com",
                "www.classicfm.com",
                "www.engadget.com",
                "www.lbc.co.uk",
                "www.out.com",
                "www.smoothradio.com"
            ]
        },
        {
            "rule": "mrf\\.io\\/json\\/experiences",
            "cookies": 0,
            "fingerprinting": 0,
            "subdomains": [
                "flowcards"
            ],
            "apis": {},
            "sites": 9,
            "prevalence": 0.000954,
            "cnames": [],
            "responseHashes": [
                "7c7a9c7c0f204f81d73f5c01b4de6dfc1f225d4d6bb77cd09d3e86be9df6242b",
                "de58200079bae641562588fafe131211ad381ead564c24e9a70d50a693156236",
                "ff7b3bf71a2b61a5798e7077759ff9a59b787c2536940a7996fe5ae92bd61d06",
                "4771b6e6d80480ff9d9ca116255b55e6a618fe445961840333b32a1315255e50",
                "74037f997376219252f00783b8a546c0024c6ee580a6d207a5cc230abba69a53",
                "c3aceb275a0eb6be17f1fa5a926c8bd4d544d87371a4ea066b733b61e0308d01"
            ],
            "type": "Fetch",
            "firstPartyCookies": {},
            "firstPartyCookiesSent": {
                "compass_uid": 0.0008479966080135679,
                "lotame_domain_check": 0.00031799872800508796
            },
            "exampleSites": [
                "as.com",
                "www.advocate.com",
                "www.capitalfm.com",
                "www.classicfm.com",
                "www.engadget.com",
                "www.ghacks.net",
                "www.lbc.co.uk",
                "www.out.com",
                "www.smoothradio.com"
            ]
        },
        {
            "rule": "mrf\\.io\\/statics\\/compass-multimedia-sdk\\.js",
            "cookies": 0,
            "fingerprinting": 0,
            "subdomains": [
                "sdk"
            ],
            "apis": {},
            "sites": 9,
            "prevalence": 0.000954,
            "cnames": [],