{
    "domain": "plavxml.com",
    "owner": {},
    "source": [
        "DuckDuckGo-AU"
    ],
    "prevalence": 0.00413,
    "sites": 39,
    "subdomains": [
        "vxml4"
    ],
    "cnames": [],
    "fingerprinting": 1,
    "resources": [
        {
            "rule": "plavxml\\.com\\/sited\\/ref\\/ctrk\\/670-83086",
            "cookies": 0.000212,
            "fingerprinting": 1,
            "subdomains": [
                "vxml4"
            ],
            "apis": {
                "Document.cookie getter": 2,
                "Date.prototype.getTime": 2,
                "window.localStorage": 2,
                "Notification.permission": 1,
                "Navigator.prototype.plugins": 1
            },
            "sites": 2,
            "prevalence": 0.000212,
            "cnames": [],
            "responseHashes": [
                "fccb630332274700bfc9a8246f0b300ba648bf44f12db2349095ba6398f005d2"
            ],
            "type": "Script",
            "firstPartyCookies": {},
            "firstPartyCookiesSent": {},
            "exampleSites": [
                "ahm.com.au",
                "members.ahm.com.au"
            ]
        },
        {
            "rule": "plavxml\\.com\\/sited\\/ref\\/phnumint_md_gp\\.jsp",
            "cookies": 0.00329,
            "fingerprinting": 1,
            "subdomains": [
                "vxml4"
            ],
            "apis": {
                "Document.cookie setter": 29,
                "Date.prototype.getTime": 9
            },
            "sites": 32,
            "prevalence": 0.00339,
            "cnames": [],
            "responseHashes": [
                "8879f422ae1ace5486b459ce9f94d1b53e5f577a413cdc0ebea6b85f040112e3",
                "8b048d4511c0d30a7ce243e3006a0b0d3d128fba270f6e1efd2e57c1e4cc9b31",
                "c177981a3680728df1c8141a45077460516dc498f2cd6716cbfd709204f85f5f",
                "960e12aeb51ece6130cf3280cd390a83fff802dd28c6d7ac25e06c574cd90ab2",
                "d8be478f665d54ec190f9cffa44f81cc51a0767fc683704bf9de927cd0d194fb",
                "5f39f9b1cd46cf0bf7f35b26904c4f6ba4cd8449bba712825898cc2d83a30406",
                "8f0a52ef5c2d3233d0b0192fdf222bc45ebb4ab26e989294644dda0c20c865b7",
                "3725efe0e845d8e34516d40b1b3294b3892ec25eb5f1ed906bacb4f473b1ae0e",
                "74e48f0eda207170b7032a6d2765735c3b84a996f8d634f5094177966b89696a",
                "fe15c3fe77326cfd08780d4e21a8a785ecb54583ccc310e14717489bf16e1e33",
                "d62c0f767acc0cda810793833abdf9fe30523ba6e39810d658aeb24af7c4ccca",
                "b6cdce8490b586f7f20e9dcfcdc9964d4895719a9838cb1ef8cf5842faaf8ad6",
                "35e735abc3e70bb419f3ac1d88404b3ebdea5b5d896fe961d87f378b0ddc1085",
                "238c83129b8dc19ac921e473f963105124e4e847908009f100a8c8ba32475880",
                "dcbd9bf348d2799804eed0bb35fa0fa12ec66c2a8f26ec2caeab4011d7a80590",
                "d1bbf88fb5cba6aa435af26f569d69e595fb59afcc386e05a8ef84b07f32ce4e",
                "13c2308366a893536483efaf236fe17e117cda6f5d5ec977a25a25104ab5b297",
                "9dfd35f1a931a45102a5e8fcf1c01210d836d75672379aa0ce1d0cf1c1039771",
                "960cc3fabc994f7effb0d3eca5cb88532e23f545b8ac08ad34f103d7d6475a0b",
                "5263429560a6d9ef78baeb3d548221531c49b980ae8268a29205c8fec4634c80",
                "cd1c1bc23aed171244216ac8f3dd8426806e37e47e4a559cca4e534db600b1d2",
                "c1b55055220bf6acce7ffb7b74d59e6dbd7a9900c03817b7a79e13af783dedde",
                "7ec550516bdcdb36817b57272c1dba9c03f828953760bcaa8352680f16047879",
                "fc15c5087e9fe913cc6b8bed8369ce1524cff8a78f02fd47dc9173a0eee0ef8b",
                "52992ae059a25703f4919698b4b32ffa1ea3ba3c306fb5844e7722a1d1dc1de5",
                "94059abd1c12b63f8a98809814d0019a96fcfa4ff55f8bf87f83e976d78c6a37",
                "67b0de9717378c29086490b0645f24a714da47d11cdae3b267d6353283318a85",
                "37ea1c98309c6e93048ab4564826ea01b98c397d4737ee078ce79a0f7be31eb5",
                "e7bc37ec023b8c930fdb4eb4dc440b9cbc3d5b378993208d91018031bc69963a"
            ],
            "type": "Script",
            "firstPartyCookies": {
                "delaconphonenums": {
                    "ttl": null,
                    "length": 199,
                    "prevalence": 0.001801992792028832,
                    "uniqueness": 1
                },
                "delaconsessid": {
                    "ttl": null,
                    "length": 32,
                    "prevalence": 0.002967988128047488,
                    "uniqueness": 1
                }
            },
            "firstPartyCookiesSent": {
                "_hjTLDTest": 0.00021199915200339198,
                "lotame_domain_check": 0.00010599957600169599,
                "IR_gbd": 0.00021199915200339198
            },
            "exampleSites": [
                "www.inspiringvacations.com",
                "www.lubemobile.com.au",
                "www.redenergy.com.au",
                "www.filtersystemsaustralia.com.au",
                "www.nib.com.au",
                "www.scenic.com.au",
                "www.insightvacations.com",
                "www.trafalgar.com",
                "members.ahm.com.au",
                "nationalstorage.com.au",
                "www.medibank.com.au",
                "www.instrumentchoice.com.au",
                "www.mebank.com.au",
                "deals.flightcentre.com.au",
                "www.roofracksgalore.com.au",
                "www.shannons.com.au",
                "ahm.com.au",
                "www.flightcentre.com.au",
                "www.lumoenergy.com.au",
                "www.tripadeal.com.au"
            ]
        },
        {
            "rule": "plavxml\\.com\\/sited\\/ref\\/integration\\.jsp",
            "cookies": 0.00276,
            "fingerprinting": 0,
            "subdomains": [
                "vxml4"
            ],
            "apis": {},
            "sites": 26,
            "prevalence": 0.00276,
            "cnames": [],
            "responseHashes": [
                "e3b0c44298fc1c149afbf4c8996fb92427ae41e4649b934ca495991b7852b855"
            ],
            "type": "Script",
            "firstPartyCookies": {},
            "firstPartyCookiesSent": {
                "_ga": 0.0052999788000848,
                "delaconsessid": 0.002755988976044096
            },
            "exampleSites": [
                "nationalstorage.com.au",
                "www.stratco.com.au",
                "www.lumoenergy.com.au",
                "www.boq.com.au",
                "www.mebank.com.au",
                "www.solargain.com.au",
                "ahm.com.au",
                "www.shannons.com.au",
                "www.apia.com.au",
                "www.australianunity.com.au",
                "www.lubemobile.com.au",
                "club.shannons.com.au",
                "members.ahm.com.au",
                "www.geeks2u.com.au",
                "www.skymesh.net.au",
                "www.medibank.com.au",
                "deals.flightcentre.com.au",
                "www.insightvacations.com",
                "www.tripadeal.com.au",
                "www.nib.com.au"
            ]
        },
        {
            "rule": "plavxml\\.com\\/sited\\/ref\\/integration\\.jsp",
            "cookies": 0.0017,
            "fingerprinting": 0,
            "subdomains": [
                "vxml4"
            ],
            "apis": {},
            "sites": 16,
            "prevalence": 0.0017,
            "cnames": [],
            "responseHashes": [
                "1ed70d02696722505ec82915a7dd9fbf2c512366d009b74bdbe37c9869c250a4"
            ],
            "type": "Image",
            "firstPartyCookies": {},
            "firstPartyCookiesSent": {
                "delaconsessid": 0.0016959932160271359
            },