{
    "domain": "rlets.com",
    "owner": {
        "name": "Gannett Co., Inc.",
        "displayName": "Gannett"
    },
    "source": [
        "DuckDuckGo-AU"
    ],
    "prevalence": 0.0017,
    "sites": 16,
    "subdomains": [
        "1899b87e-5376-49cc-be8d-6505fec8eddc",
        "2bab0b9a-428d-42f9-89d3-4d38d5443cf8",
        "7d08f8be-b75d-479c-ae74-a2a9183462a0",
        "e2c5f712-df17-4d15-a518-207f5f5d645f",
        "1721ed62-8537-4787-844e-c691311808d7",
        "6fa33b71-605d-4d0e-b8f5-8d19eabbc9da",
        "ec1c77fe-33e2-457a-a806-d71d91c6c5d1",
        "4513f014-2cd5-40f9-a37d-fd60521e853f",
        "020bdc5f-86ba-46f5-9da0-c6ac900270ec",
        "59e795d9-ed34-4cae-85c0-1dc8ae444f4b",
        "a2fbfc8c-e3a1-4767-a60e-2948d578adcf",
        "c229882d-2cfd-4c3a-9903-af1f7bcb610d",
        "4f078a37-fa7e-412a-8f78-99d64cee8b2a",
        "0fa250f0-a422-4eeb-aa1a-b53672bc93af",
        "cdn",
        "fault"
    ],
    "cnames": [],
    "fingerprinting": 2,
    "resources": [
        {
            "rule": "rlets\\.com\\/static\\/storage\\.html",
            "cookies": 0.000212,
            "fingerprinting": 1,
            "subdomains": [
                "1899b87e-5376-49cc-be8d-6505fec8eddc",
                "2bab0b9a-428d-42f9-89d3-4d38d5443cf8",
                "7d08f8be-b75d-479c-ae74-a2a9183462a0",
                "e2c5f712-df17-4d15-a518-207f5f5d645f",
                "1721ed62-8537-4787-844e-c691311808d7",
                "6fa33b71-605d-4d0e-b8f5-8d19eabbc9da",
                "ec1c77fe-33e2-457a-a806-d71d91c6c5d1",
                "4513f014-2cd5-40f9-a37d-fd60521e853f",
                "020bdc5f-86ba-46f5-9da0-c6ac900270ec",
                "59e795d9-ed34-4cae-85c0-1dc8ae444f4b",
                "a2fbfc8c-e3a1-4767-a60e-2948d578adcf",
                "c229882d-2cfd-4c3a-9903-af1f7bcb610d",
                "4f078a37-fa7e-412a-8f78-99d64cee8b2a",
                "0fa250f0-a422-4eeb-aa1a-b53672bc93af"
            ],
            "apis": {
                "window.localStorage": 2,
                "Document.cookie getter": 2,
                "window.sessionStorage": 2,
                "Date.prototype.getTime": 2,
                "Document.cookie setter": 2
            },
            "sites": 14,
            "prevalence": 0.00148,
            "cnames": [],
            "responseHashes": [
                "398ee5a42dce97f3140d48141a057f7f4d58efd212805ee18851e4d8a9cc588c"
            ],
            "type": "Document",
            "firstPartyCookies": {
                "history_referrer_type": {
                    "ttl": 315360030,
                    "length": 6,
                    "prevalence": 0.00021199915200339198,
                    "uniqueness": 0.5
                },
                "last_activity_at": {
                    "ttl": 315360030,
                    "length": 13,
                    "prevalence": 0.00021199915200339198,
                    "uniqueness": 1
                },
                "visitor_id": {
                    "ttl": 315360030,
                    "length": 36,
                    "prevalence": 0.00021199915200339198,
                    "uniqueness": 1
                },
                "visit_id": {
                    "ttl": 315360030,
                    "length": 36,
                    "prevalence": 0.00021199915200339198,
                    "uniqueness": 1
                },
                "rl_campaign": {
                    "ttl": 8667,
                    "length": 240,
                    "prevalence": 0.00010599957600169599,
                    "uniqueness": 1
                },
                "history_campaign": {
                    "ttl": 315360029,
                    "length": 164,
                    "prevalence": 0.00010599957600169599,
                    "uniqueness": 1
                },
                "sifi_user_id": {
                    "ttl": 315360029,
                    "length": 32,
                    "prevalence": 0.00010599957600169599,
                    "uniqueness": 1
                }
            },
            "firstPartyCookiesSent": {},
            "exampleSites": [
                "asthma.org.au",
                "australianhotwater.com.au",
                "auctions.com.au",
                "niim.com.au",
                "www.4wdindustries.com.au",
                "www.aramex.com.au",
                "www.aussiestormshop.com.au",
                "www.carparts2u.com.au",
                "www.colliermiller.com.au",
                "www.eckersleys.com.au",
                "www.heinemann.com.au",
                "www.nutrienagsolutions.com.au",
                "www.reddot.com.au",
                "www.supagas.com.au"
            ]
        },
        {
            "rule": "rlets\\.com\\/capture_static\\/mms\\/mms\\.js",
            "cookies": 0,
            "fingerprinting": 1,
            "subdomains": [
                "cdn"
            ],
            "apis": {
                "window.localStorage": 2
            },
            "sites": 2,
            "prevalence": 0.000212,
            "cnames": [],
            "responseHashes": [
                "93173545cdd517293efafec6ae11563471788435eb0cf21f7779ac2a4aa807ef"
            ],
            "type": "Script",
            "firstPartyCookies": {},
            "firstPartyCookiesSent": {},
            "exampleSites": [
                "auctions.com.au",
                "www.aramex.com.au"
            ]
        },
        {
            "rule": "rlets\\.com\\/static\\/_\\.gif",
            "cookies": 0,
            "fingerprinting": 0,
            "subdomains": [
                "fault"
            ],
            "apis": {},
            "sites": 3,
            "prevalence": 0.000318,
            "cnames": [],
            "responseHashes": [
                "78a100131e7307c7f41d002b24b358c9ee7f690a16b73938ae787e9769e08ecc"
            ],
            "type": "Image",
            "firstPartyCookies": {},
            "firstPartyCookiesSent": {},
            "exampleSites": [
                "niim.com.au",
                "www.heinemann.com.au",
                "www.reddot.com.au"
            ]
        },
        {
            "rule": "rlets\\.com\\/capture_static\\/mms\\/capture\\.js",
            "cookies": 0,
            "fingerprinting": 1,
            "subdomains": [
                "cdn"
            ],
            "apis": {
                "Notification.permission": 2,
                "Navigator.prototype.plugins": 2,
                "window.localStorage": 2,
                "Navigator.prototype.userAgent": 2,
                "window.sessionStorage": 2,
                "Document.cookie getter": 2
            },
            "sites": 2,
            "prevalence": 0.000212,
            "cnames": [],
            "responseHashes": [
                "39c50efeff6707dc89f8b78986de812552663d10cc5900b28468acd02e0c9e1c"
            ],
            "type": "Script",
            "firstPartyCookies": {},
            "firstPartyCookiesSent": {},
            "exampleSites": [
                "heinemann.com.au",
                "www.reddot.com.au"
            ]
        },
        {
            "rule": "rlets\\.com\\/api\\/v1\\/visits",
            "cookies": 0,
            "fingerprinting": 0,
            "subdomains": [
                "a2fbfc8c-e3a1-4767-a60e-2948d578adcf",
                "4f078a37-fa7e-412a-8f78-99d64cee8b2a"
            ],
            "apis": {},
            "sites": 2,
            "prevalence": 0.000212,
            "cnames": [],
            "responseHashes": [],
            "type": "Preflight",
            "firstPartyCookies": {},
            "firstPartyCookiesSent": {},
            "exampleSites": [
                "heinemann.com.au",
                "www.reddot.com.au"
            ]
        },
        {
            "rule": "rlets\\.com\\/api\\/v1\\/visits",
            "cookies": 0.000212,
            "fingerprinting": 0,