{
    "domain": "tapc.art",
    "owner": {},
    "source": [
        "DuckDuckGo-AU"
    ],
    "prevalence": 0.000742,
    "sites": 7,
    "subdomains": [
        "api"
    ],
    "cnames": [],
    "fingerprinting": 0,
    "resources": [
        {
            "rule": "tapc\\.art\\/capture-kit\\/",
            "cookies": 0,
            "fingerprinting": 0,
            "subdomains": [
                "api"
            ],
            "apis": {},
            "sites": 7,
            "prevalence": 0.000742,
            "cnames": [],
            "responseHashes": [
                "f169a7260e2408f651337aea75e54e3b4570635ca38f5db476dfac685350c562",
                "a1188882821516837145c8676a5132c0f23fc54f3dc4b8926f35522744bcac1f",
                "83933823bd1e684cd69ed70a80620af9c0c4faaa51019d779739bb3904e9dc37",
                "b86851fe85765c4d90e9af04bdd726f9f58002a0130e81f907b65dc88a25218f",
                "c3769de22811d0e642a3e4ab438b0e5a2ae800b013fc1db7953cdcd88d977f47",
                "54dfc54dd6a41690f3b9913d60558827ecaebf916a01a278fae8098153bacf4b"
            ],
            "type": "Fetch",
            "firstPartyCookies": {},
            "firstPartyCookiesSent": {},
            "exampleSites": [
                "theoodie.com",
                "www.beginningboutique.com.au",
                "www.culturekings.com.au",
                "www.gluestore.com.au",
                "www.lskd.co",
                "www.workwearhub.com.au",
                "www.worldofbooks.com"
            ]
        }
    ],
    "categories": [],
    "performance": {},
    "cookies": 0,
    "topInitiators": [
        {
            "domain": "first party",
            "prevalence": 0.42857142857142855
        },
        {
            "domain": "unpkg.com",
            "prevalence": 0.42857142857142855
        },
        {
            "domain": "visually-io.com",
            "prevalence": 0.14285714285714285
        }
    ],
    "types": {
        "Fetch": 7
    },
    "nameservers": [
        "georgia.ns.cloudflare.com",
        "sean.ns.cloudflare.com"
    ]
}