{
    "domain": "trkcall.com",
    "owner": {},
    "source": [
        "DuckDuckGo-AU"
    ],
    "prevalence": 0.0018,
    "sites": 17,
    "subdomains": [
        "s"
    ],
    "cnames": [],
    "fingerprinting": 2,
    "resources": [
        {
            "rule": "trkcall\\.com\\/v3\\/",
            "cookies": 0,
            "fingerprinting": 0,
            "subdomains": [
                "s"
            ],
            "apis": {},
            "sites": 11,
            "prevalence": 0.00117,
            "cnames": [],
            "responseHashes": [
                "7ba3f81953f0237e31f1ded596d99e916d214ea53393613d4b3e06d30fc8b3eb",
                "4679b799eed502b2842b4383bd6d5f82660461a78ab92ec5d6384cd9f50bb248",
                "396cee1e0a77eab2e36ede3ccc2f5a8748a7165050cea07d6e701733dbca35a3",
                "ca7d037bff37300a940f928521b63e3477678d6da6cb1efc105ceb8788187b35",
                "66f67ba07e3dd17387aa076f378e3198323a418ddcfa997e087d111fff269647",
                "aaf69b54bc97767d268f54a98a1d026025292a686c53074923123c9f09ad1b9b"
            ],
            "type": "XHR",
            "firstPartyCookies": {},
            "firstPartyCookiesSent": {
                "_ga": 0.001483994064023744,
                "_hjTLDTest": 0.00010599957600169599,
                "utm_source_coax": 0.00021199915200339198,
                "utm_medium_coax": 0.00021199915200339198
            },
            "exampleSites": [
                "agedcareonline.com.au",
                "ainsliebullion.com.au",
                "legalvision.com.au",
                "www.applianceswarehouse.com.au",
                "www.doorsplus.com.au",
                "www.extac.com.au",
                "www.maid2match.com.au",
                "www.sheds.com.au",
                "www.slatergordon.com.au",
                "www.sparkydirect.com.au",
                "www.stroudhomes.com.au"
            ]
        },
        {
            "rule": "trkcall\\.com\\/v3\\/p\\/94545\\/930316011\\.1747387067\\/611800835750",
            "cookies": 0,
            "fingerprinting": 0,
            "subdomains": [
                "s"
            ],
            "apis": {},
            "sites": 2,
            "prevalence": 0.000212,
            "cnames": [],
            "responseHashes": [],
            "type": "XHR",
            "firstPartyCookies": {},
            "firstPartyCookiesSent": {},
            "exampleSites": [
                "doorsplus.com.au",
                "www.doorsplus.com.au"
            ]
        },
        {
            "rule": "trkcall\\.com\\/v3\\/p\\/98828\\/638517763\\.1747386087\\/61754383625",
            "cookies": 0,
            "fingerprinting": 0,
            "subdomains": [
                "s"
            ],
            "apis": {},
            "sites": 2,
            "prevalence": 0.000212,
            "cnames": [],
            "responseHashes": [
                "665c6381f268e5021308415f22337d82eaf643da0073de844016be564d7dd714"
            ],
            "type": "XHR",
            "firstPartyCookies": {},
            "firstPartyCookiesSent": {
                "_ga": 0.00021199915200339198
            },
            "exampleSites": [
                "sparkydirect.com.au",
                "www.sparkydirect.com.au"
            ]
        },
        {
            "rule": "trkcall\\.com\\/v4\\/962413758773357\\/user2",
            "cookies": 0,
            "fingerprinting": 0,
            "subdomains": [
                "s"
            ],
            "apis": {},
            "sites": 2,
            "prevalence": 0.000212,
            "cnames": [],
            "responseHashes": [
                "e48aa83b7be615ccced18d4810aa620508c1feefd72ebfabba35ba1119f34218"
            ],
            "type": "XHR",
            "firstPartyCookies": {},
            "firstPartyCookiesSent": {},
            "exampleSites": [
                "stroudhomes.com.au",
                "www.stroudhomes.com.au"
            ]
        }
    ],
    "categories": [],
    "performance": {},
    "cookies": 0.000954,
    "topInitiators": [
        {
            "domain": "googletagmanager.com",
            "prevalence": 0.4090909090909091
        },
        {
            "domain": "first party",
            "prevalence": 0.36363636363636365
        },
        {
            "domain": "datadoghq-browser-agent.com",
            "prevalence": 0.09090909090909091
        },
        {
            "domain": "infusionsoft.com",
            "prevalence": 0.09090909090909091
        },
        {
            "domain": "adobedtm.com",
            "prevalence": 0.045454545454545456
        }
    ],
    "types": {
        "XHR": 17
    },
    "nameservers": [
        "ns-1671.awsdns-16.co.uk",
        "ns-35.awsdns-04.com",
        "ns-898.awsdns-48.net",
        "ns-1293.awsdns-33.org"
    ]
}