{
    "domain": "widgetinstall.com",
    "owner": {},
    "source": [
        "DuckDuckGo-AU"
    ],
    "prevalence": 0.000848,
    "sites": 8,
    "subdomains": [
        "www"
    ],
    "cnames": [],
    "fingerprinting": 0,
    "resources": [
        {
            "rule": "widgetinstall\\.com\\/plugin\\/chat\\.js",
            "cookies": 0,
            "fingerprinting": 0,
            "subdomains": [
                "www"
            ],
            "apis": {},
            "sites": 8,
            "prevalence": 0.000848,
            "cnames": [],
            "responseHashes": [
                "0e4f5b2ea975178bde4f586920d5b70584ee1b29a0fbcfbe97addb645cdd5ab9",
                "b52a97af443f59d76b6e36a180af771e03230a0b4f9e7aeebe76c2d959f2ba3a"
            ],
            "type": "Script",
            "firstPartyCookies": {},
            "firstPartyCookiesSent": {},
            "exampleSites": [
                "coralhomes.com.au",
                "mgmotor.com.au",
                "www.gjgardner.com.au",
                "www.ldvautomotive.com.au",
                "www.ramtrucks.com.au",
                "www.solargain.com.au",
                "www.stroudhomes.com.au",
                "www.summithomes.com.au"
            ]
        },
        {
            "rule": "widgetinstall\\.com\\/get-script-token",
            "cookies": 0,
            "fingerprinting": 0,
            "subdomains": [
                "www"
            ],
            "apis": {},
            "sites": 8,
            "prevalence": 0.000848,
            "cnames": [],
            "responseHashes": [
                "8c0b5766f313156d1d51e14c321abe16069390c5986ad35d879caf493d693347",
                "cc55a2d471401495c1f2aa423b35a7aca1823fd8c2864e02308b97880d6e8042",
                "6f068246fd6f34293fae3e7edd9fbb093e295537f6bdb484e62c2d0f4654ca4d",
                "673b84063cf825711c221afddb773cb46d6322d607dee983522615dc9a56242d",
                "4b291b1c402cc8bdf442229ba755d903e27cb76d7c7e744c292d5c31d2405bd6",
                "b235fc747ec72c01440c013cb52857ea21cade9c1e06246c51b15893e28f50f6",
                "4e85a0229a70c7905fa2433ce37982d90ff41795895942ebf2af66e193d822fb"
            ],
            "type": "XHR",
            "firstPartyCookies": {},
            "firstPartyCookiesSent": {},
            "exampleSites": [
                "coralhomes.com.au",
                "mgmotor.com.au",
                "www.gjgardner.com.au",
                "www.ldvautomotive.com.au",
                "www.ramtrucks.com.au",
                "www.solargain.com.au",
                "www.stroudhomes.com.au",
                "www.summithomes.com.au"
            ]
        }
    ],
    "categories": [],
    "performance": {},
    "cookies": 0,
    "topInitiators": [
        {
            "domain": "googletagmanager.com",
            "prevalence": 0.6666666666666666
        },
        {
            "domain": "first party",
            "prevalence": 0.3333333333333333
        }
    ],
    "types": {
        "Script": 8,
        "XHR": 8
    },
    "nameservers": [
        "phoenix.ns.cloudflare.com",
        "jose.ns.cloudflare.com"
    ]
}