{
    "domain": "aditude.cloud",
    "owner": {},
    "source": [
        "DuckDuckGo-NL"
    ],
    "prevalence": 0.00163,
    "sites": 16,
    "subdomains": [
        "event-ingestor.judy.pnap"
    ],
    "cnames": [],
    "fingerprinting": 0,
    "resources": [
        {
            "rule": "aditude\\.cloud\\/v1\\/",
            "cookies": 0,
            "fingerprinting": 0,
            "subdomains": [
                "event-ingestor.judy.pnap"
            ],
            "apis": {},
            "sites": 16,
            "prevalence": 0.00163,
            "cnames": [],
            "responseHashes": [
                "a05f5bb5d1c25cbc676e6e74d6476988b451f6c2b9d6effaa98093fad967699b",
                "80c711587ca5f89bee8c8daabf0094fdf45c35b2b7e95f3b21e9609d9b840b5e",
                "493e72bbfbf5785b68ed9189733349b11b59c390779443d8b11b937540243f15",
                "60db442e22915988dd37b57695cb665d330c52f6d74498af6cfdef8b24b7b539",
                "81907a0041897f58ddf757d9684eaadd13d4c9d87747be3a96d2012db1bc8b72",
                "984f9685406f86f306b6a5967f12e3d02069139e73faf11732a4d24bdb065127",
                "3d4284dc075a00bcc53655a1218c2955c3e4397e24eb7bf7a9d70f58780d61aa",
                "dae8fd79078cee8087993e33b6bf82e55ff12a51a4dac77dd860b9391f0eaf1a"
            ],
            "type": "Fetch",
            "firstPartyCookies": {},
            "firstPartyCookiesSent": {},
            "exampleSites": [
                "bestlifeonline.com",
                "giphy.com",
                "mydramalist.com",
                "nameberry.com",
                "nl.pepper.com",
                "torchsearch.wordpress.com",
                "twinfinite.net",
                "wordfinder.yourdictionary.com",
                "www.avclub.com",
                "www.avforums.com",
                "www.dexerto.com",
                "www.eatthis.com",
                "www.flightradar24.com",
                "www.gamepur.com",
                "www.salon.com",
                "www.yourdictionary.com"
            ]
        }
    ],
    "categories": [],
    "performance": {},
    "cookies": 0,
    "topInitiators": [
        {
            "domain": "aditude.io",
            "prevalence": 0.7058823529411765
        },
        {
            "domain": "script.ac",
            "prevalence": 0.17647058823529413
        },
        {
            "domain": "first party",
            "prevalence": 0.11764705882352941
        }
    ],
    "types": {
        "Fetch": 16
    },
    "nameservers": [
        "david.ns.cloudflare.com",
        "raina.ns.cloudflare.com"
    ]
}