{
    "domain": "app-us1.com",
    "owner": {
        "name": "ActiveCampaign, Inc.",
        "displayName": "ActiveCampaign"
    },
    "source": [
        "DuckDuckGo-NL"
    ],
    "prevalence": 0.00674,
    "sites": 66,
    "subdomains": [
        "diffuser-cdn",
        "prism"
    ],
    "cnames": [],
    "fingerprinting": 1,
    "resources": [
        {
            "rule": "app-us1\\.com\\/diffuser\\/diffuser\\.js",
            "cookies": 0.00521,
            "fingerprinting": 1,
            "subdomains": [
                "diffuser-cdn"
            ],
            "apis": {
                "Navigator.prototype.userAgent": 57,
                "Document.cookie getter": 57,
                "Date.prototype.getTime": 53,
                "Document.cookie setter": 51
            },
            "sites": 65,
            "prevalence": 0.00664,
            "cnames": [],
            "responseHashes": [
                "26db36707844fa367f47c47b4b614db27a608286fe71d9ff8c3012dbe71c5499"
            ],
            "type": "Script",
            "firstPartyCookies": {
                "prism_649424205": {
                    "ttl": 2592004,
                    "length": 36,
                    "prevalence": 0.00010210332856851133,
                    "uniqueness": 1
                },
                "prism_476768897": {
                    "ttl": 2592003,
                    "length": 36,
                    "prevalence": 0.00010210332856851133,
                    "uniqueness": 1
                },
                "prism_223792303": {
                    "ttl": 2592004,
                    "length": 36,
                    "prevalence": 0.00010210332856851133,
                    "uniqueness": 1
                },
                "prism_478518417": {
                    "ttl": 2592005,
                    "length": 36,
                    "prevalence": 0.00010210332856851133,
                    "uniqueness": 1
                },
                "prism_224677043": {
                    "ttl": 2592002,
                    "length": 36,
                    "prevalence": 0.00010210332856851133,
                    "uniqueness": 1
                },
                "prism_612288176": {
                    "ttl": 2592003,
                    "length": 36,
                    "prevalence": 0.00010210332856851133,
                    "uniqueness": 1
                },
                "prism_91174134": {
                    "ttl": 2592003,
                    "length": 36,
                    "prevalence": 0.00010210332856851133,
                    "uniqueness": 1
                },
                "prism_801331591": {
                    "ttl": 2592003,
                    "length": 36,
                    "prevalence": 0.00010210332856851133,
                    "uniqueness": 1
                },
                "prism_91160084": {
                    "ttl": 2592005,
                    "length": 36,
                    "prevalence": 0.00010210332856851133,
                    "uniqueness": 1
                },
                "prism_612676876": {
                    "ttl": 2592005,
                    "length": 36,
                    "prevalence": 0.00010210332856851133,
                    "uniqueness": 1
                },
                "prism_475217357": {
                    "ttl": 2592013,
                    "length": 36,
                    "prevalence": 0.00010210332856851133,
                    "uniqueness": 1
                },
                "prism_92060354": {
                    "ttl": 2592004,
                    "length": 36,
                    "prevalence": 0.00010210332856851133,
                    "uniqueness": 1
                },
                "prism_649196995": {
                    "ttl": 2592004,
                    "length": 36,
                    "prevalence": 0.00010210332856851133,
                    "uniqueness": 1
                },
                "prism_801499191": {
                    "ttl": 2592007,
                    "length": 36,
                    "prevalence": 0.00010210332856851133,
                    "uniqueness": 1
                },
                "prism_1002898828": {
                    "ttl": 2592004,
                    "length": 36,
                    "prevalence": 0.00010210332856851133,
                    "uniqueness": 1
                },
                "prism_254250109": {
                    "ttl": 2592016,
                    "length": 36,
                    "prevalence": 0.00010210332856851133,
                    "uniqueness": 1
                },
                "prism_223717623": {
                    "ttl": 2592006,
                    "length": 36,
                    "prevalence": 0.00010210332856851133,
                    "uniqueness": 1
                },
                "prism_69561362": {
                    "ttl": 2592008,
                    "length": 36,
                    "prevalence": 0.00010210332856851133,
                    "uniqueness": 1
                },
                "prism_652518995": {
                    "ttl": 2592009,
                    "length": 36,
                    "prevalence": 0.00010210332856851133,
                    "uniqueness": 1
                },
                "prism_91030534": {
                    "ttl": 2592007,
                    "length": 36,
                    "prevalence": 0.00010210332856851133,
                    "uniqueness": 1
                },
                "prism_69376842": {
                    "ttl": 2592010,
                    "length": 36,
                    "prevalence": 0.00010210332856851133,
                    "uniqueness": 1
                },
                "prism_800252531": {
                    "ttl": 2592008,
                    "length": 36,
                    "prevalence": 0.00010210332856851133,
                    "uniqueness": 1
                },
                "prism_1000113498": {
                    "ttl": 2592004,
                    "length": 36,
                    "prevalence": 0.00010210332856851133,
                    "uniqueness": 1
                },
                "prism_89316834": {
                    "ttl": 2592014,
                    "length": 36,
                    "prevalence": 0.00010210332856851133,
                    "uniqueness": 1
                },
                "prism_1002638368": {
                    "ttl": 2592005,
                    "length": 36,
                    "prevalence": 0.00010210332856851133,
                    "uniqueness": 1
                },
                "prism_225600763": {
                    "ttl": 2592003,
                    "length": 36,
                    "prevalence": 0.00010210332856851133,
                    "uniqueness": 1
                },
                "prism_252592809": {
                    "ttl": 2592004,
                    "length": 36,
                    "prevalence": 0.00010210332856851133,
                    "uniqueness": 1
                },
                "prism_66978442": {
                    "ttl": 2592003,
                    "length": 36,
                    "prevalence": 0.00010210332856851133,
                    "uniqueness": 1
                },
                "prism_610609516": {
                    "ttl": 2592009,
                    "length": 36,
                    "prevalence": 0.00010210332856851133,
                    "uniqueness": 1
                },
                "prism_91135334": {
                    "ttl": 2592005,
                    "length": 36,
                    "prevalence": 0.00010210332856851133,
                    "uniqueness": 1
                },
                "prism_224817533": {
                    "ttl": 2592005,
                    "length": 36,
                    "prevalence": 0.00010210332856851133,
                    "uniqueness": 1
                },
                "prism_610542156": {
                    "ttl": 2592005,
                    "length": 36,