{
    "domain": "clerk.io",
    "owner": {},
    "source": [
        "DuckDuckGo-NL"
    ],
    "prevalence": 0.00102,
    "sites": 10,
    "subdomains": [
        "api",
        "cdn"
    ],
    "cnames": [],
    "fingerprinting": 2,
    "resources": [
        {
            "rule": "clerk\\.io\\/v2\\/config\\/load",
            "cookies": 0,
            "fingerprinting": 0,
            "subdomains": [
                "api"
            ],
            "apis": {},
            "sites": 9,
            "prevalence": 0.000919,
            "cnames": [],
            "responseHashes": [
                "11a567d49162a3011814da990f25a2ba9f79c8fb500b91ed99a83e694bdc3bee",
                "364539f0656ede018dc3f7abe595f4d213c19911b4dddd0560aee7fe07137fce",
                "6b377c6c7fdc0d78866577628713309597d7279b121d39599545f8bc0fdb2d65",
                "8b7b816e87a9578e301ad3fefda081c28a3a8add712e5bb6b6dd287d10207d78",
                "5900e164258c875d7e2b982686d3b2ff9743931d080231fbd6bfd8b5e7ddbdf1",
                "f6ac456d69a2a3aaf5321bc41d8b23e4e98915d1a6599745904cade4b9b5a998",
                "c922a65e1f8e9e2c47b0d3b583f9127961962ba396d37f5ecf89ee0edcfbca79",
                "ea256bd2e60269534771b4115cd55468ae50603f78b62a31e3de022838f3968c"
            ],
            "type": "Script",
            "firstPartyCookies": {},
            "firstPartyCookiesSent": {},
            "exampleSites": [
                "rvsland.nl",
                "sailspecials.nl",
                "www.24pharma.nl",
                "www.beeldhouwwinkel.nl",
                "www.groenehoedduurzaam.nl",
                "www.techniekwebshop.nl",
                "www.the-saleroom.com",
                "www.vitatheek.nl",
                "www.voetbalshop.nl"
            ]
        },
        {
            "rule": "clerk\\.io\\/v2\\/config\\/designs",
            "cookies": 0,
            "fingerprinting": 0,
            "subdomains": [
                "api"
            ],
            "apis": {},
            "sites": 6,
            "prevalence": 0.000613,
            "cnames": [],
            "responseHashes": [
                "1ae5b6d926e88105426283e112917778b0a99479db3aaa5266c7ee55d6028ce6",
                "b9f8aecdf462984783fd6c9b30c89253be47ef4e3a0d3af5bd8ede488e0bcf71",
                "225749baca9864d002c219916bdad97f79dd12311787fe68407341ddd628f35f",
                "fc2992ff92acfad46706b1156ebcf954c464a814678d417dad812ed073d0aae0",
                "e958040e20144b2ebe2a6ba2b406af855e75f77ee7e97555c04c4627c6508210"
            ],
            "type": "Script",
            "firstPartyCookies": {},
            "firstPartyCookiesSent": {},
            "exampleSites": [
                "rvsland.nl",
                "sailspecials.nl",
                "www.24pharma.nl",
                "www.beeldhouwwinkel.nl",
                "www.groenehoedduurzaam.nl",
                "www.voetbalshop.nl"
            ]
        },
        {
            "rule": "clerk\\.io\\/clerk\\.js",
            "cookies": 0,
            "fingerprinting": 2,
            "subdomains": [
                "cdn"
            ],
            "apis": {
                "Navigator.prototype.userAgent": 7,
                "window.innerWidth": 6,
                "window.innerHeight": 6,
                "window.sessionStorage": 6,
                "Navigator.prototype.language": 7,
                "window.localStorage": 6,
                "Date.prototype.getTime": 6
            },
            "sites": 7,
            "prevalence": 0.000715,
            "cnames": [],
            "responseHashes": [
                "1022e16b86b0cf1c83aa304c63dd75b34a0198a83fd1f3ce9f6529b9763bd5a0"
            ],
            "type": "Script",
            "firstPartyCookies": {},
            "firstPartyCookiesSent": {},
            "exampleSites": [
                "sailspecials.nl",
                "www.beeldhouwwinkel.nl",
                "www.groenehoedduurzaam.nl",
                "www.techniekwebshop.nl",
                "www.the-saleroom.com",
                "www.vitatheek.nl",
                "www.voetbalshop.nl"
            ]
        },
        {
            "rule": "clerk\\.io\\/arrows\\.png",
            "cookies": 0,
            "fingerprinting": 0,
            "subdomains": [
                "cdn"
            ],
            "apis": {},
            "sites": 2,
            "prevalence": 0.000204,
            "cnames": [],
            "responseHashes": [
                "a01a941a498b91980357af099ba97c3db093e74e5d131fa90839227a2d431a19"
            ],
            "type": "Image",
            "firstPartyCookies": {},
            "firstPartyCookiesSent": {},
            "exampleSites": [
                "sailspecials.nl",
                "www.beeldhouwwinkel.nl"
            ]
        },
        {
            "rule": "clerk\\.io\\/v2\\/log\\/pageview",
            "cookies": 0,
            "fingerprinting": 0,
            "subdomains": [
                "api"
            ],
            "apis": {},
            "sites": 3,
            "prevalence": 0.000306,
            "cnames": [],
            "responseHashes": [
                "e5f09434d09353e6ff7c4be00066b55648d8aa472aa6320d91067ce984dd7de2",
                "e933c29f74b659d49aec89d866ce1704d901199af0d0deb353447cae5c134505"
            ],
            "type": "Script",
            "firstPartyCookies": {},
            "firstPartyCookiesSent": {},
            "exampleSites": [
                "sailspecials.nl",
                "www.techniekwebshop.nl",
                "www.the-saleroom.com"
            ]
        },
        {
            "rule": "clerk\\.io\\/v2\\/recommendations\\/popular",
            "cookies": 0,
            "fingerprinting": 0,
            "subdomains": [
                "api"
            ],
            "apis": {},
            "sites": 2,
            "prevalence": 0.000204,
            "cnames": [],
            "responseHashes": [
                "a5347a2379f6d49394f1851d15ea3c31cfa22cbbd095e1da7dc0c591b33d80fc"
            ],
            "type": "Script",
            "firstPartyCookies": {},
            "firstPartyCookiesSent": {},
            "exampleSites": [
                "24pharma.nl",
                "www.beeldhouwwinkel.nl"
            ]
        },
        {
            "rule": "clerk\\.io\\/v2\\/recommendations\\/visitor\\/complementary",
            "cookies": 0,
            "fingerprinting": 0,
            "subdomains": [
                "api"
            ],
            "apis": {},
            "sites": 2,
            "prevalence": 0.000204,
            "cnames": [],
            "responseHashes": [
                "d04b3cc1662e7c9334183a00e8da0d7cf505ef8cd8aae1fb373d0ad29069f43a"
            ],
            "type": "Script",
            "firstPartyCookies": {},
            "firstPartyCookiesSent": {},
            "exampleSites": [
                "beeldhouwwinkel.nl",
                "www.voetbalshop.nl"
            ]
        },
        {
            "rule": "clerk\\.io\\/v2\\/recommendations\\/trending",
            "cookies": 0,
            "fingerprinting": 0,
            "subdomains": [
                "api"
            ],
            "apis": {},
            "sites": 2,
            "prevalence": 0.000204,
            "cnames": [],
            "responseHashes": [
                "ce88173b4dc9537974ef89cf172981bdc713770ce00d0376f2acb697db2b6054"
            ],
            "type": "Script",
            "firstPartyCookies": {},
            "firstPartyCookiesSent": {},
            "exampleSites": [
                "beeldhouwwinkel.nl",
                "www.voetbalshop.nl"
            ]
        }
    ],
    "categories": [],
    "performance": {},
    "cookies": 0,
    "topInitiators": [
        {
            "domain": "first party",
            "prevalence": 0.7058823529411765
        },
        {
            "domain": "omnisnippet1.com",
            "prevalence": 0.29411764705882354
        }
    ],
    "types": {
        "Script": 31,
        "Image": 2
    },