{
    "domain": "cookie-script.com",
    "owner": {},
    "source": [
        "DuckDuckGo-NL"
    ],
    "prevalence": 0.00725,
    "sites": 71,
    "subdomains": [
        "consent",
        "cdn",
        "crossdomain"
    ],
    "cnames": [],
    "fingerprinting": 1,
    "resources": [
        {
            "rule": "cookie-script\\.com\\/analytics",
            "cookies": 0,
            "fingerprinting": 0,
            "subdomains": [
                "consent"
            ],
            "apis": {},
            "sites": 31,
            "prevalence": 0.00317,
            "cnames": [],
            "responseHashes": [
                "ffea9c25d3a249649c791b0803fdd4669754f543cb01be92c4909691e8f14c38",
                "d22b77b177caaa4481a8047d5ac86b34861bbdf4c43a86f6a780ffead8ae587f",
                "7a1ffce04c1baadeeab04cfd3445b8d65a093398e7da7f1854abe5575e5c71f0",
                "6eb8eacfb6361544026bdf1ff84a8c6c2b749e6e89f25c2726e5bee9293072d3",
                "5a6ec6875d920f0b3956d80b6543b2e520b3c11c31814b633f1d6d6a78981322",
                "f4dd477ae5f8a2609285df15a70e5063f30131d94c50abee06a2e4b30a196ab5",
                "40c24b43671af0be44099d11f3ccadb2d3e6314652e0fa6ac2d90da0648c7d5d",
                "365f143110cd74ad9c3fc974f69dd0b03f0930098d02f482d30d1f51c3f66085",
                "3e40590f9a9d331f4e1852f703387b2a410bfd6403b788b6f20ae6e30f5040d6",
                "3a2e37c21647feb5aa098380dc3faf925f62f971476a3693cd312cef59971087",
                "b04ec4cf975245746b1e138ebac128ee0f7eeb5a64d9d98b1e3c3693e3e94f1a",
                "ab0a3ef14cf51f7368b0c97a338ed70c9ea49da103670b7dde2d88e4ff7dd85b",
                "fb9763f73f2ebcd262feb788c73d401b80d958bcc0d114b4e76b6fd8a61b6800",
                "1939426cdd038122d4949529fa6cbdd39f220d031fbf6e3db97afb194932144d",
                "73cdbb53cc85771ab49c99f7d3ca333ed187ebc1f1e1bd6ab52385e9c94bbd2b",
                "b3d785b4ebe1c0cd7f633d5a0e3b283bf79cd9a0fffdc3211f86e7d4e5995671",
                "637d4268926101fc7b3225d0f61a36697dedc59bab95056412561b978e1db849",
                "7c466e007090879cf5c4d5ba54dbdfb95a42877a9993919fa96a2a11d961a95b",
                "3bb0bc58ad18aeed280cb9c8db8a9f997af9d6f2c1befa9d40cd675e0804917f",
                "7931da306bf89b460d4e3b8b65cce448f9260eea87ff1c0708e717af42c3d8e4",
                "868c1e896c8bc1745e4448ecd2b0cca24f509ac1de85812638df0141bb013174",
                "a0379476263568757b5a3773e049db8a63dc630fe534e7abe4c2ea8be879edbe",
                "a0be2664d4b54b7035cb2df8af099e7ca338a073b094b7a75a97df29eb8ba8af",
                "93cc23d94ae0afafd02d9ad98309453f3fef6915e0dc7c874a57c9bf9b3aa029",
                "a9594072ab63d28f61c7244d594af90c026779f3fbff788a7ab2941d88e9098a",
                "45bb5d9c447a5568fa081b791f26dd6f7d96970cdc981364fbd7501b4cfcea82",
                "274d1c3997d8b867245610c2bfb7b65ed5eb16403dd461d7aacbd6575ccc797a",
                "b25f1b357c24b0e0010165bb20e897376f4a8252926fdaebe57c9f50e4f4b09d",
                "8fd42e46b5ebf4a58f92b90a40d7cd7e3bfed07c85a12045c330f49ef943bf06",
                "9582462b277624a885d21cfa71ca708e3c68d44cb17525d2273d3a372efd2740"
            ],
            "type": "XHR",
            "firstPartyCookies": {},
            "firstPartyCookiesSent": {},
            "exampleSites": [
                "ahaslides.com",
                "www.zorgvoorbeter.nl",
                "www.bungalowparkoverzicht.nl",
                "deonlinedrogist.nl",
                "onderdelenplanet.nl",
                "www.detelefoongids.nl",
                "www.goudwisselkantoor.nl",
                "www.nonpaints.com",
                "www.hulpmiddelenwijzer.nl",
                "www.spydeals.nl",
                "www.goudengids.nl",
                "www.eurocampings.nl",
                "nonpaints.com",
                "www.goudprijs.nl",
                "royalbrinkman.nl",
                "www.zilverprijs.nl",
                "www.campingcard.nl",
                "www.detuinmachineshop.nl",
                "www.juf-milou.nl",
                "www.013.nl"
            ]
        },
        {
            "rule": "cookie-script\\.com\\/s\\/f5af66884c3b06fe9a9247457ea69bab\\.js",
            "cookies": 0.000204,
            "fingerprinting": 2,
            "subdomains": [
                "cdn"
            ],
            "apis": {
                "Document.cookie getter": 2,
                "Date.prototype.getTime": 2,
                "Document.cookie setter": 2,
                "window.localStorage": 2,
                "window.sessionStorage": 2,
                "Navigator.prototype.userAgent": 2,
                "Navigator.prototype.webdriver": 2,
                "Navigator.prototype.languages": 2
            },
            "sites": 2,
            "prevalence": 0.000204,
            "cnames": [],
            "responseHashes": [
                "fefcc713a341c928d55c0c72155cfd490d519167c28e194f0cedade068fee3e9"
            ],
            "type": "Script",
            "firstPartyCookies": {
                "CookieScriptConsent": {
                    "ttl": 2592016,
                    "length": 274,
                    "prevalence": 0.00020420665713702266,
                    "uniqueness": 0.5
                }
            },
            "firstPartyCookiesSent": {},
            "exampleSites": [
                "deonlinedrogist.nl",
                "www.deonlinedrogist.nl"
            ]
        },
        {
            "rule": "cookie-script\\.com\\/iabtcf\\/2\\.2\\/sdk_cmp\\.js",
            "cookies": 0,
            "fingerprinting": 1,
            "subdomains": [
                "cdn"
            ],
            "apis": {
                "Date.prototype.getTime": 9
            },
            "sites": 9,
            "prevalence": 0.000919,
            "cnames": [],
            "responseHashes": [
                "2c0dd6393517e45d6a86628931927c4677f62ae2f8475a79b4a4e3b29cdfb00d"
            ],
            "type": "Script",
            "firstPartyCookies": {},
            "firstPartyCookiesSent": {},
            "exampleSites": [
                "jooble.org",
                "ra.co",
                "www.123test.com",
                "www.crypto-insiders.nl",
                "www.hierhebikpijn.nl",
                "www.juf-milou.nl",
                "www.moddb.com",
                "www.radioviainternet.nl",
                "www.resizepixel.com"
            ]
        },
        {
            "rule": "cookie-script\\.com\\/iabtcf\\/2\\.2\\/vendor-list\\.json",
            "cookies": 0,
            "fingerprinting": 0,
            "subdomains": [
                "cdn"
            ],
            "apis": {},
            "sites": 9,
            "prevalence": 0.000919,
            "cnames": [],
            "responseHashes": [
                "dc0026c9cd7be498bc430ca92d212a17f590bd123c62d0248ce854e5606ad630"
            ],
            "type": "XHR",
            "firstPartyCookies": {},
            "firstPartyCookiesSent": {},
            "exampleSites": [
                "jooble.org",
                "ra.co",
                "www.123test.com",
                "www.crypto-insiders.nl",
                "www.hierhebikpijn.nl",
                "www.juf-milou.nl",
                "www.moddb.com",
                "www.radioviainternet.nl",
                "www.resizepixel.com"
            ]
        },
        {
            "rule": "cookie-script\\.com\\/iabtcf\\/2\\.2\\/google-vendors\\.json",
            "cookies": 0,
            "fingerprinting": 0,
            "subdomains": [
                "cdn"
            ],
            "apis": {},
            "sites": 9,
            "prevalence": 0.000919,
            "cnames": [],
            "responseHashes": [
                "a60153f85720b221e4d5fb81b10239a6a65bc2a4d9f343849ecc2edd798ed673"
            ],
            "type": "Fetch",
            "firstPartyCookies": {},
            "firstPartyCookiesSent": {},