{
    "domain": "cq0.co",
    "owner": {},
    "source": [
        "DuckDuckGo-NL"
    ],
    "prevalence": 0.00174,
    "sites": 17,
    "subdomains": [
        "doh"
    ],
    "cnames": [],
    "fingerprinting": 0,
    "resources": [
        {
            "rule": "cq0\\.co\\/resolve",
            "cookies": 0,
            "fingerprinting": 0,
            "subdomains": [
                "doh"
            ],
            "apis": {},
            "sites": 17,
            "prevalence": 0.00174,
            "cnames": [],
            "responseHashes": [
                "b288b760f1018c5071e7de7e1b599abfbc5583f707fb277b3b02173f69db7dc0",
                "6a2dc2010eff421a1e9b8e98bd74553dc603de98d365417bf65335a4dd133dd7",
                "3d2b8fcf5bf43862b0486c528e827841d39ba1c22e59309fd123bec1497327ae",
                "847c9ec34831fd476fb83cd32bcf25fe19a5411bb073f269b5dc1f3136232bcc",
                "fa093d977de9bffe1b2b5571e47272cc3ff88decac35ebac15be73bd84f4b3f5",
                "2131919a1a009f991a5c72e0e45cfc749f8d5e85d81631849f9fb617255be80f",
                "a251b22d350d0f710bbca49f9a972b49b5e839dc1a662dc67289e14d77fddd07",
                "a84ff38ed13a9c796621f4712d5253abfef347036794aebb7e8ef1ba70f5a2ef",
                "e8816a3d8e67475396647bd7ebc90f075432ce10328f64b707da266253141d90",
                "ef283731160cbfe1fd9ee5f58f20943d100bdff456bf107dca585a1bbeba78f1",
                "cca9d093436b2c54ea95833634554650935ad3893294532d11b85d19c2bc70bf",
                "73a7f87278049d6d3329bcce00508a17070555ab0f5002e778a81c17e4f6a6df",
                "773d12c7b868a16ea78557268b2395c0d3b65b150faa3e470c58ed314e2314dc",
                "c48b8ac00bfbdc327988878b0e222f678d7098b17a76cdf86ac44ac0ed5b1871"
            ],
            "type": "Fetch",
            "firstPartyCookies": {},
            "firstPartyCookiesSent": {
                "dy_fs_page": 0.00010210332856851133
            },
            "exampleSites": [
                "abc.com",
                "abcnews.go.com",
                "moviesanywhere.com",
                "www.audi.nl",
                "www.bhphotovideo.com",
                "www.britishairways.com",
                "www.delta.com",
                "www.easyjet.com",
                "www.espn.nl",
                "www.espncricinfo.com",
                "www.espn.com",
                "www.johnlewis.com",
                "www.latimes.com",
                "www.marvel.com",
                "www.mayoclinic.org",
                "www.nationalgeographic.com",
                "www.travelodge.co.uk"
            ]
        }
    ],
    "categories": [],
    "performance": {},
    "cookies": 0,
    "topInitiators": [
        {
            "domain": "first party",
            "prevalence": 0.5555555555555556
        },
        {
            "domain": "espn.com",
            "prevalence": 0.2222222222222222
        },
        {
            "domain": "audi.com",
            "prevalence": 0.05555555555555555
        },
        {
            "domain": "bhphoto.com",
            "prevalence": 0.05555555555555555
        },
        {
            "domain": "californiatimes.com",
            "prevalence": 0.05555555555555555
        },
        {
            "domain": "ensighten.com",
            "prevalence": 0.05555555555555555
        }
    ],
    "types": {
        "Fetch": 17
    },
    "nameservers": [
        "ns-682.awsdns-21.net",
        "ns-488.awsdns-61.com",
        "ns-1240.awsdns-27.org",
        "ns-1857.awsdns-40.co.uk"
    ]
}