{
    "domain": "dpgmedia.nl",
    "owner": {
        "name": "Ringier AG",
        "displayName": "Ringier"
    },
    "source": [
        "DuckDuckGo-NL"
    ],
    "prevalence": 0.00398,
    "sites": 39,
    "subdomains": [
        "myprivacy",
        "pg"
    ],
    "cnames": [],
    "fingerprinting": 1,
    "resources": [
        {
            "rule": "dpgmedia\\.nl\\/consent",
            "cookies": 0.00337,
            "fingerprinting": 1,
            "subdomains": [
                "myprivacy"
            ],
            "apis": {
                "Date.prototype.getTime": 9
            },
            "sites": 33,
            "prevalence": 0.00337,
            "cnames": [],
            "responseHashes": [
                "5d4d6da8cc8b8a0ef82dd3c6eed30c2ebb1b53d8914f8eb519f5383e7d96a229",
                "633fc04bcd601db45e042b4bec9ccb9987d3ded7f249de9c7dce8644fd9fe0fc",
                "007bad52094a94aa667dfd17d20302a7a9a0df721600896f5145c823b525fbe1",
                "967292c5c8f2b366048f9e9eecc3d21459be66be30ed2043a99a3264d13e33f8",
                "5ad937d9ebd4449b89c4833e2fd74e21f18539496ea6f6020e693601976b3ac1",
                "6fc96caa6b474e18214fe80135067d2008f432f7fd39104d2a11a3fb9dc7b8c4",
                "582f4e275f679fb4a514aeacb46905b8c93e0bef4225436242be2366ba30488d",
                "80502c0071030ba9be7efd88bebd155b5645ab1ea92da702f4d68ac41f61ad4e",
                "547a3ed6017bed792f17270f7bd039bc82a2e218b3d04293609a7083a95d8a3d",
                "c1aa75ecabb8f6e22c243abd624013b3eb6bf4f6e6d2d954dc45cf056fb1c7a6",
                "098a4cdbfbe5d54d6b4ccf7a095a68c6124bdcd375762e0006dd090f2a054bba",
                "b451a4ae364ced8658f3cab2d7e1544bc11cfb192416ad6751a442ca54c19444",
                "9753881455da9738d40891f6e41d92d489f441f34e7224671b1e32c4f567c89b",
                "4b6d45da730e3ebce3b55c3a65de0b76711ab1f8f97f0bb2b09962cdf9496d30",
                "a2ef904e52cb30befe09c008d2eb9598f7acbbcd98cd616cb0735962c3d7c925",
                "a20762c750d88ccddbd02aa5c81b58838f19a11f5570a7926f9c9a532b039122",
                "586e5c614efb3752995a181caaee0eef6e88288180f7e22bcf943826364396d8",
                "06f5118cf9484439eb958352327ba1de81943d34bd255c8edd868ce4cf42e711",
                "75271c0c7fe14e951cc3d54bc71cb9ecc0b406564d973a69211cab55300916b1",
                "cbf4af4a5414fe3bfc916b9860a6fe786dd67296e132061727cd898753a60139",
                "de605bec0ce119d69e809ee252e7642b14c3174d618a8ae9af2f2d33e9ded92c",
                "9128b4504f08b5224a44e6a480ee09dfcb045d4907438035d38a5d4b4b0a67cd",
                "24925779b3859bcabe99a59794f2a43d4c832bccb84020c07eddc7b04de3e47b",
                "dc1ab018b5b5989c6c3d1fec576d27ee72c7b479192665dadfc2b6bca7bb2092",
                "0501dd2046a9444752b50cbbdca71dba2f3519c3a6fde353f5d612ad539ba395",
                "0a8c7767f74d5d391c3d90ab4d7a7b09c42ed21a544a52000607e97ed73d6b26",
                "f03f54ceeaabd4c9478746961148075b6d7e96219d92fadaacb0d03bdea82486",
                "df9cc1f51ce89847a325c918b48921e140eb2c4159c611119a3535c1e99fde8e",
                "b63e2192aa3de510470e646d69ec7fa21250588230ad3fa1a9cf8dd8ee4e6068",
                "f3ab1a65757998fe1d8d04f9ac0eff5dddc23da3bb047c682ff18d2f88312d11",
                "c55cca2bfd72133389c48776344c15407bcc4a416fc9dcb7ab9e6311561c3144",
                "c75970300d5d92f8c5c2fc494994c8171ddf8316a7040a1e4b43c55b1203ce52"
            ],
            "type": "Document",
            "firstPartyCookies": {},
            "firstPartyCookiesSent": {},
            "exampleSites": [
                "www.veronicasuperguide.nl",
                "www.flair.nl",
                "www.pzc.nl",
                "www.trouw.nl",
                "www.vtwonen.nl",
                "qmusic.nl",
                "gathering.tweakers.net",
                "www.margriet.nl",
                "joe.nl",
                "www.story.nl",
                "www.autowereld.nl",
                "www.gelderlander.nl",
                "www.intermediair.nl",
                "www.ad.nl",
                "www.parool.nl",
                "www.deondernemer.nl",
                "www.gaspedaal.nl",
                "www.reclamefolder.nl",
                "www.tubantia.nl",
                "www.autoweek.nl"
            ]
        },
        {
            "rule": "dpgmedia\\.nl\\/api\\/consent",
            "cookies": 0.00368,
            "fingerprinting": 0,
            "subdomains": [
                "pg"
            ],
            "apis": {},
            "sites": 36,
            "prevalence": 0.00368,
            "cnames": [],
            "responseHashes": [
                "f7129a353d91e840dc20c05727b971ed52ebae8f5345c11e5c62cfc215050294",
                "35d3f41f88e193e463369fc2631c05b66c3479b38e5e42c34b63e390b23f0440"
            ],
            "type": "Fetch",
            "firstPartyCookies": {},
            "firstPartyCookiesSent": {},
            "exampleSites": [
                "www.deondernemer.nl",
                "gathering.tweakers.net",
                "www.margriet.nl",
                "www.totaaltv.nl",
                "www.flair.nl",
                "www.tubantia.nl",
                "www.intermediair.nl",
                "www.autowereld.nl",
                "www.ed.nl",
                "www.libelle.nl",
                "alarmeringen.nl",
                "www.story.nl",
                "www.reclamefolder.nl",
                "www.bd.nl",
                "www.autoweek.nl",
                "www.oudersvannu.nl",
                "www.gelderlander.nl",
                "www.gaspedaal.nl",
                "indebuurt.nl",
                "www.ad.nl"
            ]
        },
        {
            "rule": "dpgmedia\\.nl\\/favicon\\.ico",
            "cookies": 0,
            "fingerprinting": 0,
            "subdomains": [
                "myprivacy"
            ],
            "apis": {},
            "sites": 36,
            "prevalence": 0.00368,
            "cnames": [],
            "responseHashes": [
                "e7fc9697876a85cf717602581e926f8ffc561d8c25a31f1b74c608d8e5a762f8"
            ],
            "type": "Other",
            "firstPartyCookies": {},
            "firstPartyCookiesSent": {},
            "exampleSites": [
                "indebuurt.nl",
                "www.gaspedaal.nl",
                "www.trouw.nl",
                "www.destentor.nl",
                "www.libelle.nl",
                "www.tubantia.nl",
                "www.bndestem.nl",
                "bynco.com",
                "www.veronicasuperguide.nl",
                "www.gelderlander.nl",
                "www.ad.nl",
                "www.intermediair.nl",
                "www.totaaltv.nl",
                "www.story.nl",
                "www.deondernemer.nl",
                "www.pzc.nl",
                "qmusic.nl",
                "www.nationalevacaturebank.nl",
                "www.parool.nl",
                "www.indebuurt.nl"
            ]
        },
        {
            "rule": "dpgmedia\\.nl\\/consent\\/",
            "cookies": 0.000306,
            "fingerprinting": 1,
            "subdomains": [
                "myprivacy"
            ],
            "apis": {
                "Date.prototype.getTime": 2
            },
            "sites": 3,
            "prevalence": 0.000306,
            "cnames": [],
            "responseHashes": [
                "a7f3140ee126baa469e32e57fb8f6d25ea1b13e369642bb93d11b5a62eaaf58e",
                "52461a4b98da9ecf564393b2c6e41d0b9b0e17216a4db55801b94f2aac566504"
            ],
            "type": "Document",
            "firstPartyCookies": {},
            "firstPartyCookiesSent": {},
            "exampleSites": [
                "indebuurt.nl",
                "www.indebuurt.nl",
                "www.totaaltv.nl"
            ]
        },
        {
            "rule": "dpgmedia\\.nl\\/network-id",
            "cookies": 0,
            "fingerprinting": 0,
            "subdomains": [
                "myprivacy"
            ],