{
    "domain": "featureassets.org",
    "owner": {},
    "source": [
        "DuckDuckGo-NL"
    ],
    "prevalence": 0.00184,
    "sites": 18,
    "subdomains": [],
    "cnames": [],
    "fingerprinting": 0,
    "resources": [
        {
            "rule": "featureassets\\.org\\/v1\\/initialize",
            "cookies": 0.00184,
            "fingerprinting": 0,
            "subdomains": [],
            "apis": {},
            "sites": 18,
            "prevalence": 0.00184,
            "cnames": [],
            "responseHashes": [
                "dd270fbd08b6291e786a5b1c0be5b21e049186db52530cac283090476df52d31",
                "273b56b8d2fdc2cf9ec5200e513b9e5abcfe85b7418ae146ef4686f0a53269fe",
                "63083a60d6d22bb0b139ddc4bc99a10cc1c61b1ff089316110c31ae8c2bb3c93",
                "d42e73fb30712ff9304c621a4587d40df219f1b28b6050d1f0f9312ff39e16c1",
                "17adbf6aaebc585feaddf67d4a8a1c1326c73a896dc5039d3e2f6f788a24271b",
                "3570dd32d5bc6a5224c003ec2ae91d5f4fadf5dd9bd110734772dd1ea277180c",
                "b89468ea6fd29a56dbb91e01c9bce58f4bbb12e083c284fcc4a81f7e0115f275",
                "53285c2d5236bc1e9ffe988edee939219ef37e0c75d8a54c774f27c2804e3b81",
                "6407e0b5fd3026eb599e68e739eacceb969228e0aef64f236ee20eb6b9963f36",
                "9297b2cb0e7f70791ab19bad9c897706d89fc5e5fd7744e74702c6e8fd76796f",
                "181bb21f903328464215ba5172aa2ea99df1957dc07fae7ea5957490befc25a8",
                "3c09753d6beed80a94257442c635ef0276c4e6d217f6f1a798c57db64570dbf1",
                "323155ebaaf36f59a0362e3f3cd70d9ad4205503b621b27b1f6821b817da0ba0",
                "cc50a1615d005cbff622becb11601a0f69410d75221e946484ca185e0158d201",
                "1f2c1c43512a8e0fcdde774ee5ef9908a2665464b22254488f7c6a48dc101362"
            ],
            "type": "Fetch",
            "firstPartyCookies": {},
            "firstPartyCookiesSent": {},
            "exampleSites": [
                "grok.com",
                "linktr.ee",
                "n26.com",
                "notino.nl",
                "openai.com",
                "platform.openai.com",
                "soundcloud.com",
                "webflow.com",
                "www.abc.net.au",
                "www.bloomberg.com",
                "www.cdkeys.com",
                "www.figma.com",
                "www.jeanscentre.nl",
                "www.notino.nl",
                "www.scribd.com",
                "www.slideshare.net",
                "www.vondy.com",
                "www.zoominfo.com"
            ]
        },
        {
            "rule": "featureassets\\.org\\/v1\\/initialize",
            "cookies": 0.000306,
            "fingerprinting": 0,
            "subdomains": [],
            "apis": {},
            "sites": 3,
            "prevalence": 0.000306,
            "cnames": [],
            "responseHashes": [],
            "type": "Preflight",
            "firstPartyCookies": {},
            "firstPartyCookiesSent": {},
            "exampleSites": [
                "openai.com",
                "www.cdkeys.com",
                "www.jeanscentre.nl"
            ]
        }
    ],
    "categories": [],
    "performance": {},
    "cookies": 0.00184,
    "topInitiators": [
        {
            "domain": "first party",
            "prevalence": 0.7083333333333334
        },
        {
            "domain": "jsdelivr.net",
            "prevalence": 0.16666666666666666
        },
        {
            "domain": "slidesharecdn.com",
            "prevalence": 0.08333333333333333
        },
        {
            "domain": "scribdassets.com",
            "prevalence": 0.041666666666666664
        }
    ],
    "types": {
        "Fetch": 18,
        "Preflight": 3
    },
    "nameservers": [
        "ns-1178.awsdns-19.org",
        "ns-1952.awsdns-52.co.uk",
        "ns-387.awsdns-48.com",
        "ns-940.awsdns-53.net"
    ]
}