{
    "domain": "futurehybrid.tech",
    "owner": {},
    "source": [
        "DuckDuckGo-NL"
    ],
    "prevalence": 0.00276,
    "sites": 27,
    "subdomains": [
        "sommelier"
    ],
    "cnames": [],
    "fingerprinting": 0,
    "resources": [
        {
            "rule": "futurehybrid\\.tech\\/config\\/",
            "cookies": 0,
            "fingerprinting": 0,
            "subdomains": [
                "sommelier"
            ],
            "apis": {},
            "sites": 27,
            "prevalence": 0.00276,
            "cnames": [],
            "responseHashes": [
                "6a92a6ef14d9ecc3181c75b5c12597d9fd3641e306aa3ace7022b67e70f60666",
                "928ff02a3b8d3331f6949235abae0694d42f0734c30743a218857e8b1488239a",
                "2ceb4ef6da0262cd4ae21effdffbe7753599186adc1d4405cd8d58adb0ab7400",
                "7c5fe71089b63d35a99f9b9a85c1233eefa5be82bd82159cfed9fe92b5d5982e",
                "35082eb341772d63115463752efaa309484c10df5f3438b3ec755e136708f553",
                "39c077ec69a8e0617bd8440bc30469423a90a5c0f41255dfc00c1cbfdfd8c12c",
                "8bcc6528f0d49f432cb33fe91f111cd62891accbb7d54d27bb2864fddfb4e1ea",
                "46cbb9d6b988ee1f60cc75157353acbbf7009a27b121d93f295860b6e551e1b7",
                "5641774009e70a32b522af02ba398f783192cad3cf21a694a49ba8cbb2a9baf2",
                "3f28999696200a74350ebd7c284aa61810941ebb49fe9ccef8bdfd1ff2b9d17c",
                "f16590d151ec25df241de4739a5e193ced012668018f5389da99e510b2faed83",
                "84aabf066ce26bf5c0628f09e8c14bcc7e256a67467eff6309964ac75f83fe16",
                "ecda9567765568423407548042588df46b4c5f2ace473d6c696d7be9340f0525",
                "fac708037a1bfc6170fe1142524b4502e14644dc3d18a41f525a1250d2707b5a",
                "fd889d4fd691aa9922e2070ca60dc230b341c77c59d8f28d9ed1b40761bfda96",
                "44d4bb9ef0103cbb17614a89dcff0aab818df01ce69c29ab98a7ef4d93d42f65",
                "0d7027602ae79932fcf6b6f7c4b170f4d4b0a0acf98b5d8f6fb0a107e53ed6cc",
                "6d0402353c2c86a0cee444dc1fa2850d389e3ec7e577bb0554be7f3864c5fd82",
                "4b632f0b9c80350274bfa0cbc6afcea5af8820e9a015be1ed9ce19fecb07c654",
                "f715f9041b20daa59799153564443d2138c76348ed957703d2ecf72cce60ed63",
                "4728e63cc35e5975f15cbbbb6215b09f3f3ffcc182b9e3b879b509ca4d840baf",
                "c0d880664f67b833a510242a96b038349681515a0b30e57dce1f208630673f35",
                "673c57ffc4f8e847a828ee15ef8742e8d7dbe530852818a2165d467d21c1c9a0",
                "d04c544442f3a51c0a07c0fb5a006ae937e391ca388192dcc79c309fc0539c68",
                "581c3ac8f8b2cb9ff0d903ac166a3cd57a5aab231d5926f9f9dfd0396f2cc98f",
                "5d16ebfc0361522b4882bf8370807f9ea016fb64d2a5edbce2a4627a2c47f140"
            ],
            "type": "Fetch",
            "firstPartyCookies": {},
            "firstPartyCookiesSent": {},
            "exampleSites": [
                "www.techradar.com",
                "www.tomsguide.com",
                "www.tomshardware.com",
                "www.cinemablend.com",
                "www.cyclingnews.com",
                "www.cyclingweekly.com",
                "www.windowscentral.com",
                "www.creativebloq.com",
                "www.guitarworld.com",
                "www.gamesradar.com",
                "whathifi.com",
                "www.whattowatch.com",
                "www.pcgamer.com",
                "global.techradar.com",
                "www.sciencealert.com",
                "www.techspot.com",
                "www.livescience.com",
                "forums.tomshardware.com",
                "www.space.com",
                "www.marieclaire.com"
            ]
        }
    ],
    "categories": [],
    "performance": {},
    "cookies": 0,
    "topInitiators": [
        {
            "domain": "futurecdn.net",
            "prevalence": 1
        }
    ],
    "types": {
        "Fetch": 27
    },
    "nameservers": [
        "ns-55.awsdns-06.com",
        "ns-786.awsdns-34.net",
        "ns-1705.awsdns-21.co.uk",
        "ns-1419.awsdns-49.org"
    ]
}