{
    "domain": "kameleoon.io",
    "owner": {},
    "source": [
        "DuckDuckGo-NL"
    ],
    "prevalence": 0.00102,
    "sites": 10,
    "subdomains": [
        "txiiznaqu7",
        "58l74mo6cs",
        "6nmplxkfsc",
        "c3fy9hoeb7",
        "sinj1b3cqm",
        "xih9lsprjt",
        "l3n0djpu9w",
        "y53sxvyp2y",
        "fekkuw1pbp",
        "1bkfbphn10",
        "data",
        "na-data"
    ],
    "cnames": [],
    "fingerprinting": 2,
    "resources": [
        {
            "rule": "kameleoon\\.io\\/kameleoon\\.js",
            "cookies": 0.000613,
            "fingerprinting": 2,
            "subdomains": [
                "txiiznaqu7",
                "58l74mo6cs",
                "6nmplxkfsc",
                "c3fy9hoeb7",
                "sinj1b3cqm",
                "xih9lsprjt",
                "l3n0djpu9w",
                "y53sxvyp2y",
                "fekkuw1pbp",
                "1bkfbphn10"
            ],
            "apis": {
                "Date.prototype.getTime": 9,
                "window.sessionStorage": 9,
                "window.localStorage": 8,
                "Navigator.prototype.userAgent": 8,
                "Document.cookie getter": 7,
                "Document.cookie setter": 6,
                "Screen.prototype.height": 8,
                "Screen.prototype.width": 8,
                "Intl.DateTimeFormat.prototype.resolvedOptions": 7,
                "window.innerHeight": 8,
                "window.innerWidth": 8,
                "Navigator.prototype.language": 8
            },
            "sites": 10,
            "prevalence": 0.00102,
            "cnames": [],
            "responseHashes": [
                "36c7812ecca73d23b54545ca7927cc8c21056f7c84e944740a13f5dfab3d9d5d",
                "0578719a78816de150d9a519432394151ffa218ca3223ad41a30047fc0730158",
                "b9af69975f56f6d4945164c40c7825b17c6b822a0f6249dcc7f5007b59a987a6",
                "a1dd2b549d9aada0fa071ea7b08fdb2a9ad87d3df648a819df37b8d6d0ed7948",
                "5f628f7a0f276da0bfa97a10303782d37c6d67c7e2190d5be64ba2084c84911a",
                "2c4f1d7e8724840d83a83a48d9ab97b195935c1d4f6919e6f55cf9a829ea60fa",
                "24eea562de1112deecdaca310da08095b2a2266d709ed58e2d71893e24437a3a"
            ],
            "type": "Script",
            "firstPartyCookies": {
                "kameleoonVisitorCode": {
                    "ttl": 31536003,
                    "length": 16,
                    "prevalence": 0.000612619971411068,
                    "uniqueness": 1
                }
            },
            "firstPartyCookiesSent": {},
            "exampleSites": [
                "consumentenproductrapport.nl",
                "www.centerparcs.nl",
                "www.douglas.nl",
                "www.efteling.com",
                "www.kaspersky.nl",
                "www.mayoclinic.org",
                "www.native-instruments.com",
                "www.the-saleroom.com",
                "www.vakantiediscounter.nl",
                "www.vgz.nl"
            ]
        },
        {
            "rule": "kameleoon\\.io\\/ip",
            "cookies": 0,
            "fingerprinting": 0,
            "subdomains": [
                "data"
            ],
            "apis": {},
            "sites": 3,
            "prevalence": 0.000306,
            "cnames": [],
            "responseHashes": [
                "e3b0c44298fc1c149afbf4c8996fb92427ae41e4649b934ca495991b7852b855"
            ],
            "type": "XHR",
            "firstPartyCookies": {},
            "firstPartyCookiesSent": {},
            "exampleSites": [
                "consumentenproductrapport.nl",
                "www.centerparcs.nl",
                "www.efteling.com"
            ]
        },
        {
            "rule": "kameleoon\\.io\\/visit\\/events",
            "cookies": 0,
            "fingerprinting": 0,
            "subdomains": [
                "data",
                "na-data"
            ],
            "apis": {},
            "sites": 6,
            "prevalence": 0.000613,
            "cnames": [],
            "responseHashes": [
                "e3b0c44298fc1c149afbf4c8996fb92427ae41e4649b934ca495991b7852b855"
            ],
            "type": "XHR",
            "firstPartyCookies": {},
            "firstPartyCookiesSent": {
                "kameleoonVisitorCode": 0.000612619971411068
            },
            "exampleSites": [
                "consumentenproductrapport.nl",
                "www.centerparcs.nl",
                "www.efteling.com",
                "www.kaspersky.nl",
                "www.mayoclinic.org",
                "www.vgz.nl"
            ]
        },
        {
            "rule": "kameleoon\\.io\\/visit\\/visitor",
            "cookies": 0,
            "fingerprinting": 0,
            "subdomains": [
                "data",
                "na-data"
            ],
            "apis": {},
            "sites": 3,
            "prevalence": 0.000306,
            "cnames": [],
            "responseHashes": [
                "e1aff7d0b82afc3da592b1c024b9066e8fd2d8871ee9723beeeb9b54ddf194dc"
            ],
            "type": "XHR",
            "firstPartyCookies": {},
            "firstPartyCookiesSent": {
                "kameleoonVisitorCode": 0.000306309985705534
            },
            "exampleSites": [
                "efteling.com",
                "www.kaspersky.nl",
                "www.mayoclinic.org"
            ]
        }
    ],
    "categories": [],
    "performance": {},
    "cookies": 0.000613,
    "topInitiators": [
        {
            "domain": "first party",
            "prevalence": 0.7692307692307693
        },
        {
            "domain": "googletagmanager.com",
            "prevalence": 0.15384615384615385
        },
        {
            "domain": "centerparcs.com",
            "prevalence": 0.07692307692307693
        }
    ],
    "types": {
        "Script": 10,
        "XHR": 12
    },
    "nameservers": [
        "pete.ns.cloudflare.com",
        "lady.ns.cloudflare.com"
    ]
}