{
    "domain": "mailplus.nl",
    "owner": {},
    "source": [
        "DuckDuckGo-NL"
    ],
    "prevalence": 0.00296,
    "sites": 29,
    "subdomains": [
        "static",
        "m16",
        "m19",
        "m15",
        "m8",
        "m9",
        "m5",
        "m12",
        "m3",
        "m11",
        "m17",
        "m2"
    ],
    "cnames": [],
    "fingerprinting": 1,
    "resources": [
        {
            "rule": "mailplus\\.nl\\/jq\\/jquery\\.validate\\.min\\.js",
            "cookies": 0,
            "fingerprinting": 0,
            "subdomains": [
                "static"
            ],
            "apis": {},
            "sites": 3,
            "prevalence": 0.000306,
            "cnames": [],
            "responseHashes": [
                "a931d758e10b5f646f42e4b1100ee31b7ce4cdf5a86d59133424b65c8802788b"
            ],
            "type": "Script",
            "firstPartyCookies": {},
            "firstPartyCookiesSent": {},
            "exampleSites": [
                "gezondnu.nl",
                "sro.nl",
                "www.prowise.com"
            ]
        },
        {
            "rule": "mailplus\\.nl\\/genericservice\\/code\\/servlet\\/React",
            "cookies": 0,
            "fingerprinting": 0,
            "subdomains": [
                "m16",
                "m19",
                "m15",
                "m8",
                "m9",
                "m5",
                "m12",
                "m3",
                "m11",
                "m17",
                "m2"
            ],
            "apis": {},
            "sites": 19,
            "prevalence": 0.00194,
            "cnames": [],
            "responseHashes": [
                "018361dc436f40b4466d203da1351ae31fc80e8e9cb0e7bce840e1fcfc51c5b8",
                "d9520e128d6f0667d8adf6d23c4c21b7339a00bb1ef23aeaf57559e04e5963be",
                "641c4e1306a480810e80cecd74289b6a591c1ddc2492312dc4c7e2f171598aea",
                "47980cdc75ffaae6d1d4f40dfb33351f62ced44c4da1d98b5c7eae26fcd834b8",
                "83c9992d5618f439b63bdf20e48885a2e85412fdbe84f8851f208241879adf13",
                "7d590cad6e47f2cb526dbf8c848c36e18731dddfeef8e35a80fe28ad06814b0c",
                "00ab7151ba7c95e429ec0b55021da632fd3f478651433e5d6c8883319d7ffa6e",
                "5a6a7563505847a5127f4b3bf751cc71c66b7ad68580fea3bd854c1bc538e90d",
                "35f53f1549760999dfe1dd6d5c7da3f24393dd63df36b8f9c6ea6868e9304e42",
                "7bbd287ca283a9e1e8b114ac808436bb78eb82c78f463d0d3292541429eeb0f3",
                "cd4a47ae64c256a2b6f09d9e671a05d5af89522184c7a684a99ccc61723df2dd",
                "3af425739cf128bd37cb1c507d55c0f7ab048bdb46ba4039c40eca986955aaeb",
                "da25b4dcf6b8b50d16c30c92fa8bde41628634515f191483eacc7633b34d5a36",
                "35fd8ba6417116d8724cf29a7674e4c368c0d82442fdb03f6eacccac0765e296",
                "a775bd207a0d7d6f147a7cf02cd8ae6a64ebca8dd3f19d92e281720515a81dc6",
                "7568e120af456cab4963c5374f8e0d13c36847b9be919b5be52d72222ec25b7e",
                "bc98e428342b879d690803974138640f7bb88b28db4d1f8c40438c06c1c149a9"
            ],
            "type": "Script",
            "firstPartyCookies": {},
            "firstPartyCookiesSent": {},
            "exampleSites": [
                "gezondnu.nl",
                "haarlemmermeergemeente.nl",
                "nipv.nl",
                "npuls.nl",
                "sro.nl",
                "www.alzheimer-nederland.nl",
                "www.dementie.nl",
                "www.dr-jetskeultee.nl",
                "www.museummore.nl",
                "www.oppad.nl",
                "www.provinciegroningen.nl",
                "www.prowise.com",
                "www.sante.nl",
                "www.surf.nl",
                "www.tergooi.nl",
                "www.vandale.be",
                "www.vandale.nl",
                "www.visitmaastricht.com",
                "www.vriendin.nl"
            ]
        },
        {
            "rule": "mailplus\\.nl\\/jq\\/jquery\\.validate\\.1\\.19\\.3\\.min\\.js",
            "cookies": 0,
            "fingerprinting": 0,
            "subdomains": [
                "static"
            ],
            "apis": {},
            "sites": 6,
            "prevalence": 0.000613,
            "cnames": [],
            "responseHashes": [
                "4c0cc637858d6503cba9262f8be75740c29e853605a153a7bde46a6e2e367eb0"
            ],
            "type": "Script",
            "firstPartyCookies": {},
            "firstPartyCookiesSent": {},
            "exampleSites": [
                "haarlemmermeergemeente.nl",
                "npuls.nl",
                "www.dr-jetskeultee.nl",
                "www.surf.nl",
                "www.vandale.be",
                "www.vandale.nl"
            ]
        },
        {
            "rule": "mailplus\\.nl\\/jq\\/ui\\/jquery-ui-1\\.13\\.2\\.custom\\.min\\.css",
            "cookies": 0,
            "fingerprinting": 0,
            "subdomains": [
                "static"
            ],
            "apis": {},
            "sites": 5,
            "prevalence": 0.000511,
            "cnames": [],
            "responseHashes": [
                "8e53617dee5cc358d3df351ce35605ed5d68cb41fc03ffddceba08e505265c7e"
            ],
            "type": "Stylesheet",
            "firstPartyCookies": {},
            "firstPartyCookiesSent": {},
            "exampleSites": [
                "nipv.nl",
                "npuls.nl",
                "www.alzheimer-nederland.nl",
                "www.dementie.nl",
                "www.rossholidays.nl"
            ]
        },
        {
            "rule": "mailplus\\.nl\\/jq\\/jquery\\.validate\\.1\\.19\\.5\\.min\\.js",
            "cookies": 0,
            "fingerprinting": 0,
            "subdomains": [
                "static"
            ],
            "apis": {},
            "sites": 5,
            "prevalence": 0.000511,
            "cnames": [],
            "responseHashes": [
                "270524b0d27afd1d3b6622d1a176c678daed94564c143297e217a63e21ce9820"
            ],
            "type": "Script",
            "firstPartyCookies": {},
            "firstPartyCookiesSent": {},
            "exampleSites": [
                "nipv.nl",
                "www.alzheimer-nederland.nl",
                "www.dementie.nl",
                "www.tergooi.nl",
                "www.visitmaastricht.com"
            ]
        },
        {
            "rule": "mailplus\\.nl\\/jq\\/jquery-3\\.6\\.0\\.min\\.js",
            "cookies": 0,
            "fingerprinting": 1,
            "subdomains": [
                "static"
            ],
            "apis": {
                "Event.prototype.timeStamp": 6,
                "window.localStorage": 1
            },
            "sites": 7,
            "prevalence": 0.000715,
            "cnames": [],
            "responseHashes": [
                "6c5553217c782b518e313cb40a8de37438437a417df3f61e0cf020eadfd64f15"
            ],
            "type": "Script",
            "firstPartyCookies": {},
            "firstPartyCookiesSent": {},
            "exampleSites": [
                "npuls.nl",
                "www.alzheimer-nederland.nl",
                "www.dementie.nl",
                "www.dr-jetskeultee.nl",
                "www.vandale.be",
                "www.vandale.nl",
                "www.visitmaastricht.com"
            ]
        },
        {
            "rule": "mailplus\\.nl\\/jq\\/ui\\/jquery-ui-1\\.13\\.2\\.custom\\.min\\.js",
            "cookies": 0,
            "fingerprinting": 1,
            "subdomains": [
                "static"
            ],
            "apis": {
                "Navigator.prototype.userAgent": 6,
                "Date.prototype.getTime": 6
            },
            "sites": 6,
            "prevalence": 0.000613,
            "cnames": [],
            "responseHashes": [
                "8cf319b1abc44633b41416caa1e927dd1dd4b853834bfb12641144222508c551"
            ],
            "type": "Script",