{
    "domain": "minutemedia-prebid.com",
    "owner": {},
    "source": [
        "DuckDuckGo-NL"
    ],
    "prevalence": 0.00163,
    "sites": 16,
    "subdomains": [
        "hb"
    ],
    "cnames": [],
    "fingerprinting": 0,
    "resources": [
        {
            "rule": "minutemedia-prebid\\.com\\/hb-mm-multi",
            "cookies": 0,
            "fingerprinting": 0,
            "subdomains": [
                "hb"
            ],
            "apis": {},
            "sites": 15,
            "prevalence": 0.00153,
            "cnames": [],
            "responseHashes": [
                "a22745bea4d576249a9c2d6cd1d0d0dc0d96677550d79985f790acfe8ff5dee5",
                "487010a17e683ae68b3d25bc2dc80618775e1bc939a5ecbcdb2c21ff3a1c3cdd",
                "523bfab06131a35323130b026730bb0dbea261f4c37345e62af31d3a832b2461",
                "4c96040d1b95936731a53512fc9ced4b56d34f1161f62765a256c09f291fcf3c",
                "d73fc0133a62e4f207b3cd76892514c23c0e382c74477330436e1ea2fc83c448",
                "c09825b4bcceada6d14e8251f1b428eaa27cc0f0db79c21a9d3f4452ff6d724f",
                "ff114ec31957a4e2c6aed02f17ce853ba051a2538e41966f743c02b99401ad73",
                "9ffd0bf26ab4ed91bbf7f23e39de867585f44f7036f90ad3314aa6549ff3d1c7",
                "1f184b495825413c1ae6f2e9337d94af92dd988b2682de184dfbda94b089f034",
                "0c73335ec23cdf2317dcf7eabf464d564f24311e0a40b1efb06d6b73fd6d4e91",
                "78df5a353b0eab8f4104f2cdd7e188df3078ee6d10684cec0e102c30214ee1c5",
                "7ac3421757e6a0e43a7975671ec39439aaf49f218c38f24e5d5fc0f12ed0771c",
                "baf4e59a162285fb582efe07fea242f53c7344b927150af1132f2f9f7b802595",
                "daaa97153129880613f4bc759d991c579018d9b3a0eb6c3ae8e066eaefb56d1f"
            ],
            "type": "Fetch",
            "firstPartyCookies": {},
            "firstPartyCookiesSent": {},
            "exampleSites": [
                "robots.net",
                "ultimateclassicrock.com",
                "www.atlasobscura.com",
                "www.gamepix.com",
                "www.gbmb.org",
                "www.jpost.com",
                "www.kookfans.nl",
                "www.mapquest.com",
                "www.metatft.com",
                "www.mysqltutorial.org",
                "www.politico.com",
                "www.pythontutorial.net",
                "www.snbforums.com",
                "www.whatfontis.com",
                "www.zerohedge.com"
            ]
        }
    ],
    "categories": [],
    "performance": {},
    "cookies": 0,
    "topInitiators": [
        {
            "domain": "first party",
            "prevalence": 0.21052631578947367
        },
        {
            "domain": "townsquareblogs.com",
            "prevalence": 0.15789473684210525
        },
        {
            "domain": "adapex.io",
            "prevalence": 0.15789473684210525
        },
        {
            "domain": "increaserev.com",
            "prevalence": 0.10526315789473684
        },
        {
            "domain": "hb-targa.s3.us-east-2.amazonaws.com",
            "prevalence": 0.05263157894736842
        },
        {
            "domain": "blogcluster.nl",
            "prevalence": 0.05263157894736842
        },
        {
            "domain": "ay.delivery",
            "prevalence": 0.05263157894736842
        },
        {
            "domain": "rev.iq",
            "prevalence": 0.05263157894736842
        },
        {
            "domain": "asadcdn.com",
            "prevalence": 0.05263157894736842
        },
        {
            "domain": "relevant-digital.com",
            "prevalence": 0.05263157894736842
        }
    ],
    "types": {
        "Fetch": 15
    },
    "nameservers": [
        "ns-1044.awsdns-02.org",
        "ns-129.awsdns-16.com",
        "ns-555.awsdns-05.net",
        "ns-1681.awsdns-18.co.uk"
    ]
}