{
    "domain": "mrf.io",
    "owner": {
        "name": "Marfeel Solutions, S.L.",
        "displayName": "Marfeel"
    },
    "source": [
        "DuckDuckGo-NL"
    ],
    "prevalence": 0.00296,
    "sites": 29,
    "subdomains": [
        "sdk",
        "marfeelexperimentsexperienceengine",
        "flowcards"
    ],
    "cnames": [],
    "fingerprinting": 1,
    "resources": [
        {
            "rule": "mrf\\.io\\/statics\\/marfeel-sdk\\.js",
            "cookies": 0.00296,
            "fingerprinting": 1,
            "subdomains": [
                "sdk"
            ],
            "apis": {
                "window.localStorage": 29,
                "Navigator.prototype.userAgent": 28,
                "window.sessionStorage": 29,
                "Date.prototype.getTime": 29,
                "Document.cookie setter": 29,
                "Document.cookie getter": 29,
                "window.innerHeight": 1,
                "window.innerWidth": 1
            },
            "sites": 29,
            "prevalence": 0.00296,
            "cnames": [],
            "responseHashes": [
                "157ff5b2aee99142f7db923d9772daef0ef80585c4cd33af6bb61fb502a8c118",
                "6f3bc62080461d2e973f1bfbb9d1d01b066d1b092be654ac34ec3a1961b89eb1",
                "a5d59156d5322e415ac6fc6afaf327be260d54cff68d45a31b501581e607b208",
                "736c52194ef3373a235e3e8193788b2dcaad51dddb39e37cb4edbb9cd939c0b6",
                "677c9e3f93aece4c4b89de345acb5b935be1c67c1863eeea2acefdffe15e63b5",
                "916a1627d7d3cf4bba000b495ec645ba49ea87bfaf934faec0b6ca3f396ba1d0",
                "1a112148b892ea5aeca2bb703b6b8bc9dfd65f152e56687596bcfe157add12b1",
                "3f5c23fa1c8fb79d19de4bf75f1db8bac0cdd1cbe3963af17873d86603664b31",
                "fd2577e37bbb20660f5508ccda9217f1c2ae8feb6ebe1f7fcc69effd85ccbada",
                "a6bb85a62af35088b374d6f8fd83b5db445b7fd5125595066424c98f447a29c4",
                "54bf6ed7b6948efde65c9c1c560e45a7a1287ba6e6d85155827cd260712d6716",
                "7f5dab449f0f24ff5daa060f1457e00b253dac6cea2d5faeef509e0e648bcb28",
                "ca34d30009321f851a2e34a9141fcbf72a2b501baa16ca93710135628575d0b0"
            ],
            "type": "Script",
            "firstPartyCookies": {
                "___nrbic": {
                    "ttl": 15552003,
                    "length": 393,
                    "prevalence": 0.0008168266285480906,
                    "uniqueness": 1
                },
                "___nrbi": {
                    "ttl": 15552003,
                    "length": 209,
                    "prevalence": 0.0008168266285480906,
                    "uniqueness": 1
                },
                "compass_uid": {
                    "ttl": 15552003,
                    "length": 36,
                    "prevalence": 0.0008168266285480906,
                    "uniqueness": 1
                }
            },
            "firstPartyCookiesSent": {},
            "exampleSites": [
                "elpais.com",
                "gizmodo.com",
                "www.thegatewaypundit.com",
                "www.looper.com",
                "www.lesnumeriques.com",
                "www.01net.com",
                "www.marmiton.org",
                "www.engadget.com",
                "www.soccernews.nl",
                "www.slashgear.com",
                "www.ajaxshowtime.com",
                "www.out.com",
                "www.grunge.com",
                "www.indeleiderstrui.nl",
                "www.timesofisrael.com",
                "insanelygoodrecipes.com",
                "www.f1maximaal.nl",
                "www.hellomagazine.com",
                "www.sciencing.com",
                "www.nickiswift.com"
            ]
        },
        {
            "rule": "mrf\\.io\\/experimentsexperience\\/render",
            "cookies": 0,
            "fingerprinting": 0,
            "subdomains": [
                "marfeelexperimentsexperienceengine"
            ],
            "apis": {},
            "sites": 4,
            "prevalence": 0.000408,
            "cnames": [],
            "responseHashes": [
                "0f8d6ca57f8a3a474d985e259006a7fa5c73e7b1f91d42d87c6634154948d226"
            ],
            "type": "Script",
            "firstPartyCookies": {},
            "firstPartyCookiesSent": {},
            "exampleSites": [
                "elpais.com",
                "www.engadget.com",
                "www.hellomagazine.com",
                "www.marca.com"
            ]
        },
        {
            "rule": "mrf\\.io\\/statics\\/compass-multimedia-sdk\\.js",
            "cookies": 0,
            "fingerprinting": 0,
            "subdomains": [
                "sdk"
            ],
            "apis": {},
            "sites": 3,
            "prevalence": 0.000306,
            "cnames": [],
            "responseHashes": [
                "3bbbdec489d03a436953c9ac0d16cc02ee2b53397683db74173225ec288aefd7"
            ],
            "type": "Script",
            "firstPartyCookies": {},
            "firstPartyCookiesSent": {},
            "exampleSites": [
                "01net.com",
                "www.lefigaro.fr",
                "www.marca.com"
            ]
        },
        {
            "rule": "mrf\\.io\\/json\\/experiences",
            "cookies": 0,
            "fingerprinting": 0,
            "subdomains": [
                "flowcards"
            ],
            "apis": {},
            "sites": 4,
            "prevalence": 0.000408,
            "cnames": [],
            "responseHashes": [
                "ff7b3bf71a2b61a5798e7077759ff9a59b787c2536940a7996fe5ae92bd61d06",
                "c3aceb275a0eb6be17f1fa5a926c8bd4d544d87371a4ea066b733b61e0308d01",
                "4771b6e6d80480ff9d9ca116255b55e6a618fe445961840333b32a1315255e50"
            ],
            "type": "Fetch",
            "firstPartyCookies": {},
            "firstPartyCookiesSent": {
                "compass_uid": 0.00010210332856851133,
                "hubspotutk": 0.00010210332856851133
            },
            "exampleSites": [
                "01net.com",
                "www.engadget.com",
                "www.out.com",
                "www.soccernews.nl"
            ]
        },
        {
            "rule": "mrf\\.io\\/json\\/experiences",
            "cookies": 0,
            "fingerprinting": 0,
            "subdomains": [
                "flowcards"
            ],
            "apis": {},
            "sites": 4,
            "prevalence": 0.000408,
            "cnames": [],
            "responseHashes": [],
            "type": "Preflight",
            "firstPartyCookies": {},
            "firstPartyCookiesSent": {
                "compass_uid": 0.00010210332856851133,
                "hubspotutk": 0.00010210332856851133
            },
            "exampleSites": [
                "01net.com",
                "www.engadget.com",
                "www.out.com",
                "www.soccernews.nl"
            ]
        },
        {
            "rule": "mrf\\.io\\/statics\\/468882eb0f1089d251bf\\.js",
            "cookies": 0,
            "fingerprinting": 1,
            "subdomains": [
                "sdk"
            ],
            "apis": {
                "Navigator.prototype.userAgent": 2
            },
            "sites": 2,
            "prevalence": 0.000204,
            "cnames": [],
            "responseHashes": [
                "96231af84ba28436c248b39cf07657890f3d1b52d92d8b96bf344c2db84023ac"
            ],
            "type": "Script",
            "firstPartyCookies": {},
            "firstPartyCookiesSent": {},
            "exampleSites": [
                "lefigaro.fr",
                "www.marca.com"
            ]
        }
    ],
    "categories": [],
    "performance": {},
    "cookies": 0.00296,
    "topInitiators": [
        {
            "domain": "first party",