{
    "domain": "p7cloud.net",
    "owner": {},
    "source": [
        "DuckDuckGo-NL"
    ],
    "prevalence": 0.00102,
    "sites": 10,
    "subdomains": [
        "silo48",
        "silo52",
        "silo29",
        "silo43",
        "silo27",
        "ua",
        "location"
    ],
    "cnames": [],
    "fingerprinting": 1,
    "resources": [
        {
            "rule": "p7cloud\\.net\\/as1\\.js",
            "cookies": 0.000204,
            "fingerprinting": 1,
            "subdomains": [
                "silo48",
                "silo52",
                "silo29",
                "silo43",
                "silo27"
            ],
            "apis": {
                "window.localStorage": 9,
                "Date.prototype.getTime": 2,
                "Navigator.prototype.userAgent": 1,
                "Document.cookie getter": 2,
                "Document.cookie setter": 2
            },
            "sites": 10,
            "prevalence": 0.00102,
            "cnames": [],
            "responseHashes": [
                "09b13720eacfb9d2f17e2f0cf58f0833def3d7c52a73378444a2a3c80602200c",
                "626f6502d3e200f38cd2ddd7ecd102b184eca305eea62af4009275f125e1c820",
                "1dfd0c20365a637cfb79e7184b3cde14568b66bc1a546b4c55701eb529a0d627",
                "de3f82cca11d569204937bd1b7df882e45698223989776bbe42aab84aed11bac",
                "bafc4ee715248e4cde573b54182c7c0dcd54f17c04830029c909f4aa18a9afa0",
                "74ae36c71168ba687c982285b1a5967052841637653ae8ee678b6d0a0c20345e",
                "45a4370d93740a8af3913e53e22d5b700d008fe8dbfdca06869b5b348065d64d",
                "164f43445b61a89bc6703e6cbbdd875e1d515962360f5fcfe3b763f5c2057da1"
            ],
            "type": "Script",
            "firstPartyCookies": {
                "aspan_s": {
                    "ttl": 1827,
                    "length": 22,
                    "prevalence": 0.00020420665713702266,
                    "uniqueness": 1
                }
            },
            "firstPartyCookiesSent": {
                "_li_dcdm_c": 0.00020420665713702266
            },
            "exampleSites": [
                "dotesports.com",
                "primagames.com",
                "progameguides.com",
                "twinfinite.net",
                "www.dexerto.com",
                "www.gamepur.com",
                "www.gameskinny.com",
                "www.mindbodygreen.com",
                "www.newsweek.com",
                "www.usmagazine.com"
            ]
        },
        {
            "rule": "p7cloud\\.net\\/if\\.html",
            "cookies": 0.000102,
            "fingerprinting": 1,
            "subdomains": [
                "silo48",
                "silo52",
                "silo43",
                "silo27"
            ],
            "apis": {
                "Date.prototype.getTime": 2,
                "Document.cookie setter": 1,
                "window.localStorage": 1
            },
            "sites": 9,
            "prevalence": 0.000919,
            "cnames": [],
            "responseHashes": [
                "f10b55fc648ebc29d5188fd4314d67c6afc38eca17e1c04ba2eb22bc1a7e5069"
            ],
            "type": "Document",
            "firstPartyCookies": {
                "arcid": {
                    "ttl": 7776026,
                    "length": 36,
                    "prevalence": 0.00010210332856851133,
                    "uniqueness": 1
                },
                "cohorts": {
                    "ttl": 7776026,
                    "length": 76,
                    "prevalence": 0.00010210332856851133,
                    "uniqueness": 1
                }
            },
            "firstPartyCookiesSent": {},
            "exampleSites": [
                "dotesports.com",
                "primagames.com",
                "progameguides.com",
                "twinfinite.net",
                "www.dexerto.com",
                "www.gamepur.com",
                "www.gameskinny.com",
                "www.newsweek.com",
                "www.usmagazine.com"
            ]
        },
        {
            "rule": "p7cloud\\.net\\/cpm\\.js",
            "cookies": 0,
            "fingerprinting": 0,
            "subdomains": [
                "silo48"
            ],
            "apis": {},
            "sites": 6,
            "prevalence": 0.000613,
            "cnames": [],
            "responseHashes": [
                "6558b4c93e7c2366a12f5213091cf6c0b5484653ca553f86a8a087f24e1c9fbb"
            ],
            "type": "Script",
            "firstPartyCookies": {},
            "firstPartyCookiesSent": {},
            "exampleSites": [
                "dotesports.com",
                "primagames.com",
                "progameguides.com",
                "twinfinite.net",
                "www.gamepur.com",
                "www.gameskinny.com"
            ]
        },
        {
            "rule": "p7cloud\\.net\\/pipeline_rfr3\\.onnx",
            "cookies": 0,
            "fingerprinting": 0,
            "subdomains": [
                "silo48"
            ],
            "apis": {},
            "sites": 5,
            "prevalence": 0.000511,
            "cnames": [],
            "responseHashes": [
                "c58ed99334ac9e54e5f7cbee9ddc181f6ff5019a3205fdacb37db5a681bec1d6"
            ],
            "type": "Fetch",
            "firstPartyCookies": {},
            "firstPartyCookiesSent": {},
            "exampleSites": [
                "primagames.com",
                "progameguides.com",
                "twinfinite.net",
                "www.gamepur.com",
                "www.gameskinny.com"
            ]
        },
        {
            "rule": "p7cloud\\.net\\/asp",
            "cookies": 0,
            "fingerprinting": 0,
            "subdomains": [
                "ua"
            ],
            "apis": {},
            "sites": 3,
            "prevalence": 0.000306,
            "cnames": [],
            "responseHashes": [
                "c5ab5f8a37cdc312ebb05404fe6c193baf2fd064a9ade46f8c6d5b09bd258433"
            ],
            "type": "Script",
            "firstPartyCookies": {},
            "firstPartyCookiesSent": {},
            "exampleSites": [
                "dexerto.com",
                "www.newsweek.com",
                "www.usmagazine.com"
            ]
        },
        {
            "rule": "p7cloud\\.net\\/locdot",
            "cookies": 0,
            "fingerprinting": 0,
            "subdomains": [
                "location"
            ],
            "apis": {},
            "sites": 3,
            "prevalence": 0.000306,
            "cnames": [],
            "responseHashes": [
                "4f3076e23132435e3c4d68803fc2a82f5d6b2a32613e700a1f92164ae4cdaf28"
            ],
            "type": "Script",
            "firstPartyCookies": {},
            "firstPartyCookiesSent": {},
            "exampleSites": [
                "dexerto.com",
                "www.newsweek.com",
                "www.usmagazine.com"
            ]
        },
        {
            "rule": "p7cloud\\.net\\/p\\.png",
            "cookies": 0,
            "fingerprinting": 0,
            "subdomains": [
                "silo52",
                "silo43",
                "silo27"
            ],
            "apis": {},
            "sites": 3,
            "prevalence": 0.000306,
            "cnames": [],
            "responseHashes": [
                "8d2a86129fbb237c7e1d13bd864237c920b537499a377b21d6889752a33710d3"
            ],
            "type": "Image",
            "firstPartyCookies": {},
            "firstPartyCookiesSent": {
                "aspan_s": 0.00010210332856851133,
                "arcid": 0.00010210332856851133
            },
            "exampleSites": [
                "dexerto.com",
                "www.newsweek.com",
                "www.usmagazine.com"
            ]
        }
    ],
    "categories": [],
    "performance": {},
    "cookies": 0.000204,