{
    "domain": "pbxai.com",
    "owner": {},
    "source": [
        "DuckDuckGo-NL"
    ],
    "prevalence": 0.00255,
    "sites": 25,
    "subdomains": [
        "floor",
        "cdn",
        "api"
    ],
    "cnames": [],
    "fingerprinting": 1,
    "resources": [
        {
            "rule": "pbxai\\.com\\/",
            "cookies": 0,
            "fingerprinting": 0,
            "subdomains": [
                "floor"
            ],
            "apis": {},
            "sites": 19,
            "prevalence": 0.00194,
            "cnames": [],
            "responseHashes": [
                "b8b9f6b1302b2648e551d8d8ef60ad17afd6e25f6ba65beaa282ab20555bf2ee",
                "26d6fc7876e170376eadea13aa483f9540862e5700cce2af24316463081748cc",
                "f9d2ee0c4f94fb5a15f65d92490f8f14d6afe7c8f2270bbfd69bd0dcfc7aec16",
                "c453df0ed49101e7be7cf33ffff79d73b22bd1215be98940ec31316dcbb9a0a9",
                "276b9970741f2ee1af638b75bd8c83d6f2097955857fb36ae7c80f3eb70dc619",
                "4715069f81b20b096ba8efb4b2eac6784625affd00f247562d4dca5f26b0aa67",
                "9ca29561edbe16f5f714c7277df1d0e3dad83ba9d2141b618b25671cfcafb396",
                "41885c7b943f3ef335c264c57af88fe29e818e6c136652813ac58ecee13c5b64",
                "668273b982c79655e2dc0f0e99ba40f27cf7fb30a8043a5330448a7ce51bf823",
                "79b3177a4bc8e92638f8c2121310024e85a601b47161115317482d2e6e28841d",
                "1812c07bf82710056352d98f9ff68f935d18ef2bab82b76d9896d8162877d94a",
                "929dd44f01603765af9e10489af65e77728db2c45e229e2b856fcc53ae2f210f",
                "746b70c9b9d3d2d368b95b27c5f07c7b899405ec3113900eab0b27dee2780722",
                "f05c25333c607b45f234186eb556c2f555f6603ca79b9350f91c0128fcc50d44",
                "172ed4cbbc5f0428a475f865d08150e298e73ab938c5cf91e83e634857125df9",
                "561716f8956c7a4158fbef458d8cade2d5a98fa26949511307b83d148749ced9",
                "a839c86777a1c236eb95cea9320ebcfa2bec1ef658cabf03e3d4954309ff28c7",
                "7cb2b1a59e737e06e7f97879ac12e852bc367259c7cb8830b9628808852aa1d4"
            ],
            "type": "Fetch",
            "firstPartyCookies": {},
            "firstPartyCookiesSent": {},
            "exampleSites": [
                "windfinder.com",
                "teslamotorsclub.com",
                "www.bbcgoodfood.com",
                "www.editpad.org",
                "www.fmscout.com",
                "www.geoguessr.com",
                "www.isitdownrightnow.com",
                "www.linguee.de",
                "www.linguee.fr",
                "www.linguee.nl",
                "www.linguee.com",
                "www.notebookcheck.net",
                "www.puppyplaats.nl",
                "www.radiotimes.com",
                "www.thewordfinder.com",
                "www.timeout.com",
                "www.ultimatespecs.com",
                "www.windfinder.com",
                "www.wordhippo.com"
            ]
        },
        {
            "rule": "pbxai\\.com\\/5f4a4498-4f1f-48c2-94fc-26ecfea898d8\\.js",
            "cookies": 0,
            "fingerprinting": 1,
            "subdomains": [
                "cdn"
            ],
            "apis": {
                "window.localStorage": 2,
                "window.sessionStorage": 2,
                "Date.prototype.getTime": 2
            },
            "sites": 3,
            "prevalence": 0.000306,
            "cnames": [],
            "responseHashes": [
                "2637ec392e42bd765aab1ed5d1b1ff74712d8fb09a8bf98c8148cb9a7a703ce4",
                "382f43a1e7d4992603dd1493e7a08e989d60d99bef24bc2650eb2ea9d0dc1ee8"
            ],
            "type": "Script",
            "firstPartyCookies": {},
            "firstPartyCookiesSent": {},
            "exampleSites": [
                "on4t.com",
                "www.linuxfordevices.com",
                "www.lowcarbchef.nl"
            ]
        },
        {
            "rule": "pbxai\\.com\\/analytics\\/auction",
            "cookies": 0,
            "fingerprinting": 0,
            "subdomains": [
                "api"
            ],
            "apis": {},
            "sites": 3,
            "prevalence": 0.000306,
            "cnames": [],
            "responseHashes": [],
            "type": "Fetch",
            "firstPartyCookies": {},
            "firstPartyCookiesSent": {},
            "exampleSites": [
                "on4t.com",
                "www.digitalcameraworld.com",
                "www.linuxfordevices.com"
            ]
        },
        {
            "rule": "pbxai\\.com\\/663ac230-2e1d-489d-a6bb-d0fcbfbc8759\\.js",
            "cookies": 0,
            "fingerprinting": 1,
            "subdomains": [
                "cdn"
            ],
            "apis": {
                "window.localStorage": 2,
                "window.sessionStorage": 2,
                "Date.prototype.getTime": 2
            },
            "sites": 2,
            "prevalence": 0.000204,
            "cnames": [],
            "responseHashes": [
                "d33d7f78245ed5e8bc9de9146c5d4330f8d50f8c0fbaaeb22c7ba3f54e66ac64"
            ],
            "type": "Script",
            "firstPartyCookies": {},
            "firstPartyCookiesSent": {},
            "exampleSites": [
                "bbcgoodfood.com",
                "www.radiotimes.com"
            ]
        }
    ],
    "categories": [],
    "performance": {},
    "cookies": 0,
    "topInitiators": [
        {
            "domain": "snigelweb.com",
            "prevalence": 0.45454545454545453
        },
        {
            "domain": "adpushup.com",
            "prevalence": 0.15151515151515152
        },
        {
            "domain": "rubiconproject.com",
            "prevalence": 0.12121212121212122
        },
        {
            "domain": "fuseplatform.net",
            "prevalence": 0.06060606060606061
        },
        {
            "domain": "futurecdn.net",
            "prevalence": 0.06060606060606061
        },
        {
            "domain": "lwadm.com",
            "prevalence": 0.06060606060606061
        },
        {
            "domain": "first party",
            "prevalence": 0.06060606060606061
        },
        {
            "domain": "htlbid.com",
            "prevalence": 0.030303030303030304
        }
    ],
    "types": {
        "Fetch": 22,
        "Script": 5
    },
    "nameservers": [
        "ns-1067.awsdns-05.org",
        "ns-1593.awsdns-07.co.uk",
        "ns-234.awsdns-29.com",
        "ns-847.awsdns-41.net"
    ]
}