{
    "domain": "puabvo.com",
    "owner": {},
    "source": [
        "DuckDuckGo-NL"
    ],
    "prevalence": 0.000919,
    "sites": 9,
    "subdomains": [],
    "cnames": [],
    "fingerprinting": 1,
    "resources": [
        {
            "rule": "puabvo\\.com\\/code\\/native\\.js",
            "cookies": 0,
            "fingerprinting": 1,
            "subdomains": [],
            "apis": {
                "Document.cookie getter": 9
            },
            "sites": 9,
            "prevalence": 0.000919,
            "cnames": [],
            "responseHashes": [
                "4c1b0114fe901dd021027ecbd206aa164c80a1a834fad737e83c1cc0f069d100",
                "b070f14058a50d5bd23a90f97e05f4e59477f73c0450ebb299894f62567fcc74",
                "18a0695b7de4b0897afa1a86c4abc3bd98ed960415f76f1a3cd874d1f5c9b7e8",
                "ad4c2edc4d9c133c37417f24a30f411a3ce4f3bb7e0404f749e39890bafded1c",
                "108644cb118e157df624e0f8b5f3173991986386c4177942efaae213588e6d43",
                "14ae9ecdaf5a2acffb057f3e97f28f3c340473cc82de1d24b3b782c95f59ebdd",
                "5e106bf8a3128fa3e5690ffbc38c586927a2b2d33619070268ba93c41942cba2",
                "becef7e018ca81311b4709b304f29da086f9389e92fe3789a3523f6b70194cfd"
            ],
            "type": "Script",
            "firstPartyCookies": {},
            "firstPartyCookiesSent": {},
            "exampleSites": [
                "pornzoovideos.com",
                "xxxsexzoo.com",
                "xxxvideoszoo.com",
                "zoo-xnxx.com",
                "zoo-xvideos.com",
                "zoopornmd.com",
                "zoosex.cc",
                "zootube1.com",
                "zoozhamster.com"
            ]
        }
    ],
    "categories": [],
    "performance": {},
    "cookies": 0,
    "topInitiators": [
        {
            "domain": "first party",
            "prevalence": 1
        }
    ],
    "types": {
        "Script": 9
    },
    "nameservers": [
        "ns1.ipbery.com",
        "ns2.ipbery.com",
        "ns1.rybatr.com",
        "ns2.rybatr.com"
    ]
}