{
    "domain": "pubble.nl",
    "owner": {},
    "source": [
        "DuckDuckGo-NL"
    ],
    "prevalence": 0.00153,
    "sites": 15,
    "subdomains": [
        "storage",
        "ws"
    ],
    "cnames": [],
    "fingerprinting": 1,
    "resources": [
        {
            "rule": "pubble\\.nl\\/assets\\/web\\/alpine-intersect-3-10-5\\.cdn\\.min\\.js",
            "cookies": 0,
            "fingerprinting": 0,
            "subdomains": [
                "storage"
            ],
            "apis": {},
            "sites": 15,
            "prevalence": 0.00153,
            "cnames": [],
            "responseHashes": [
                "563b5c75f96ea1229d99be32ebf801fbf760acceba0617f86ce9db0d3e4d43e0"
            ],
            "type": "Script",
            "firstPartyCookies": {},
            "firstPartyCookiesSent": {},
            "exampleSites": [
                "allesoverkatwijk.nl",
                "www.barneveldsekrant.nl",
                "www.bredavandaag.nl",
                "www.dehavenloods.nl",
                "www.delftopzondag.nl",
                "www.denieuwsbode.nl",
                "www.destadamersfoort.nl",
                "www.edestad.nl",
                "www.grootsneek.nl",
                "www.hcnieuws.nl",
                "www.hetkontakt.nl",
                "www.internetbode.nl",
                "www.nd.nl",
                "www.rodi.nl",
                "www.telstar-online.nl"
            ]
        },
        {
            "rule": "pubble\\.nl\\/Content\\.svc\\/getAdCollection",
            "cookies": 0.00153,
            "fingerprinting": 0,
            "subdomains": [
                "ws"
            ],
            "apis": {},
            "sites": 15,
            "prevalence": 0.00153,
            "cnames": [],
            "responseHashes": [
                "ae562c5c4fb7a5ce304d963f74bd1bb9e765533a0eca0a76b70f98b03cb6babf",
                "95834c38ec78d39c09958ee0b8690c578e8a2bb16ff623d40329b96e26aa63bc",
                "067e8c7cbc9b16ec54c30b7886f39856ec93f2a4ddb204096b1804db87eb2c7b",
                "55a69e707e21d2db3341f6431d29b68a50f7aa75440e1dd0e7de217f022f5e90",
                "46c994e6f62a9ac22c797186c96ea31e3f5728c94f707f213c81cba3877ce29b",
                "1f2c22b315c54c365caeab47d382de2756a7a8936875601f9e9cdea26104a53e",
                "70bc39699ad76c9383ce59c3df46a24093599c2598e8765ed2a81530408b4641",
                "604fa50fa79ea25d229d8ec0ac15fd444ad134f1d78b03de950f658599a5b832",
                "ded1b5ed0e76c860b03f7f27106d8d679174a1e38a9bb7a12293183563d40c46",
                "3b06fdd6e896b6f29a83acc4e2f33ab488d5d35eb034f6fe9a9a07e1808f7774",
                "8eb06206bf79b8ef22108fe2b0b30373894295e07c29fd58322ad64cef958baf",
                "ba716210b63ef8fd7531eeb2a61dfe07893bb663a834014ff2d197286fd5e6b1",
                "e0891450530f0b7584049b00cc6b938e21eb3269b45a6e5d58f3b7c231eabddc"
            ],
            "type": "Script",
            "firstPartyCookies": {},
            "firstPartyCookiesSent": {},
            "exampleSites": [
                "allesoverkatwijk.nl",
                "www.barneveldsekrant.nl",
                "www.bredavandaag.nl",
                "www.dehavenloods.nl",
                "www.delftopzondag.nl",
                "www.denieuwsbode.nl",
                "www.destadamersfoort.nl",
                "www.edestad.nl",
                "www.grootsneek.nl",
                "www.hcnieuws.nl",
                "www.hetkontakt.nl",
                "www.internetbode.nl",
                "www.nd.nl",
                "www.rodi.nl",
                "www.telstar-online.nl"
            ]
        },
        {
            "rule": "pubble\\.nl\\/96897487\\/content\\/web\\/banner-regiotreffers-300x250\\.gif",
            "cookies": 0,
            "fingerprinting": 0,
            "subdomains": [
                "storage"
            ],
            "apis": {},
            "sites": 4,
            "prevalence": 0.000408,
            "cnames": [],
            "responseHashes": [
                "f78891a9401cbc46d2f98fac647221ecfb8636da820fbd1a3e1bcdee14ede3b5"
            ],
            "type": "Image",
            "firstPartyCookies": {},
            "firstPartyCookiesSent": {},
            "exampleSites": [
                "barneveldsekrant.nl",
                "www.denieuwsbode.nl",
                "www.destadamersfoort.nl",
                "www.edestad.nl"
            ]
        },
        {
            "rule": "pubble\\.nl\\/67c86d35\\/content\\/web\\/vriend-van-bode\\.svg",
            "cookies": 0,
            "fingerprinting": 0,
            "subdomains": [
                "storage"
            ],
            "apis": {},
            "sites": 2,
            "prevalence": 0.000204,
            "cnames": [],
            "responseHashes": [
                "a8b277298cbfd7eb782d758f2d2f54126621b2a33c497803579a6947e631e256"
            ],
            "type": "Image",
            "firstPartyCookies": {},
            "firstPartyCookiesSent": {},
            "exampleSites": [
                "bredavandaag.nl",
                "www.internetbode.nl"
            ]
        },
        {
            "rule": "pubble\\.nl\\/assets\\/web\\/app\\/smartbanner\\.min\\.css",
            "cookies": 0,
            "fingerprinting": 0,
            "subdomains": [
                "storage"
            ],
            "apis": {},
            "sites": 7,
            "prevalence": 0.000715,
            "cnames": [],
            "responseHashes": [
                "8b2d8e658f5f855f5b8b235fe15253720d307be35ac6a1e017fecbb57244318c"
            ],
            "type": "Stylesheet",
            "firstPartyCookies": {},
            "firstPartyCookiesSent": {},
            "exampleSites": [
                "dehavenloods.nl",
                "www.destadamersfoort.nl",
                "www.edestad.nl",
                "www.hcnieuws.nl",
                "www.hetkontakt.nl",
                "www.nd.nl",
                "www.telstar-online.nl"
            ]
        },
        {
            "rule": "pubble\\.nl\\/assets\\/web\\/app\\/smartbanner\\.min\\.js",
            "cookies": 0,
            "fingerprinting": 1,
            "subdomains": [
                "storage"
            ],
            "apis": {
                "Navigator.prototype.maxTouchPoints": 7,
                "Document.cookie getter": 7,
                "Navigator.prototype.userAgent": 1
            },
            "sites": 7,
            "prevalence": 0.000715,
            "cnames": [],
            "responseHashes": [
                "7feda579b8f73a1b0187ef1bf34b49029872d57f02c0a6c31f23c27b6f4a3d5a"
            ],
            "type": "Script",
            "firstPartyCookies": {},
            "firstPartyCookiesSent": {},
            "exampleSites": [
                "dehavenloods.nl",
                "www.destadamersfoort.nl",
                "www.edestad.nl",
                "www.hcnieuws.nl",
                "www.hetkontakt.nl",
                "www.nd.nl",
                "www.telstar-online.nl"
            ]
        },
        {
            "rule": "pubble\\.nl\\/assets\\/favicons\\/www\\/dehavenloods\\/favicon\\.ico",
            "cookies": 0,
            "fingerprinting": 0,
            "subdomains": [
                "storage"
            ],
            "apis": {},
            "sites": 2,
            "prevalence": 0.000204,
            "cnames": [],
            "responseHashes": [
                "ed72d8e753dc69a10f0b60f0fae820be8b028cc765a4256eb268092356912cbc"
            ],
            "type": "Other",
            "firstPartyCookies": {},
            "firstPartyCookiesSent": {},
            "exampleSites": [
                "dehavenloods.nl",
                "www.dehavenloods.nl"
            ]
        },
        {
            "rule": "pubble\\.nl\\/assets\\/images\\/Pubble-w-logo\\.svg",
            "cookies": 0,
            "fingerprinting": 0,
            "subdomains": [
                "storage"
            ],
            "apis": {},