{
    "domain": "pzz.io",
    "owner": {
        "name": "Kizitos Holding B.V.",
        "displayName": "Kizitos Holding"
    },
    "source": [
        "DuckDuckGo-NL"
    ],
    "prevalence": 0.00163,
    "sites": 16,
    "subdomains": [],
    "cnames": [],
    "fingerprinting": 1,
    "resources": [
        {
            "rule": "pzz\\.io\\/pzz\\.js",
            "cookies": 0.00153,
            "fingerprinting": 1,
            "subdomains": [],
            "apis": {
                "Document.cookie getter": 15,
                "window.localStorage": 15,
                "Document.cookie setter": 15
            },
            "sites": 16,
            "prevalence": 0.00163,
            "cnames": [],
            "responseHashes": [
                "81bf201d707bf8bd2c628f33ac0b76573fae6b56e27d3a949baba904ce4edc44",
                "fecc0055b8c923e970c78601c6124b302a8fe6c3a8a90f0888ce7e04ba49ed3d",
                "373e49ef6f9c58b4ba1607464fbba8e0cb9658fe1b71acfad568ee69c33c020b",
                "861694bd862aca62c22695f1789b865521c9f33111216d5c8578a909c86dc408",
                "8c9dcaacb7a16c04bbe4d65570ca2469ae0e561de0b9e2d03e70944a09b29ba4",
                "109a99988b91d1f792724c7fc36bba949f6a7bdc48118387b249b270e4122293",
                "5ec80c8fd63dff2e3e768e932d9b0dcffbd2868f3d9aa25797fff97dba524fd5",
                "9bf1526594399ea3596926a988536958150ff93c470497de5480aebcedaabaf0",
                "563d2d9469ea31679cb8e6b04d93693c78add673d410fdc70f76509fba9f329c",
                "5909d355a634b49f204cf82911b2dfdb97a490d797cb419b383377cf037521f5",
                "dc774625e213745d105c14b048c6aace399096bfbe72bda777791f0629c517bb",
                "ff0c31c5bdf6ced06e942a4efc531b0372fa12b95c3059d1d7fa356cff84d916",
                "8171dc41a13dca32c2373164a4db0d8e02ca7d95a4d06b97f4df7b2795058e9a",
                "cbdbdcf3a21921d048d208b9d38348b3bbba08af700d884ccc37acea215e094b",
                "2bc6ce3c6048cd0d98e1699b9f894eefc1c0172bedf03d4b7a5884cca99a8a16"
            ],
            "type": "Script",
            "firstPartyCookies": {
                "pzz_session_id": {
                    "ttl": 31536000,
                    "length": 36,
                    "prevalence": 0.00153154992852767,
                    "uniqueness": 1
                }
            },
            "firstPartyCookiesSent": {},
            "exampleSites": [
                "culinea.nl",
                "defietssite.nl",
                "girlswhomagazine.nl",
                "stoerleesvoer.nl",
                "superdudes.nl",
                "www.deluiemoeder.nl",
                "www.hetrechtenstudentje.nl",
                "www.huisvlijt.com",
                "www.kinderliedjes.info",
                "www.mamaliefde.nl",
                "www.mamsatwork.nl",
                "www.modekoninginmaxima.nl",
                "www.nederlandinbedrijf.nl",
                "www.thegreenlist.nl",
                "www.timdehoog.nl",
                "www.vakervrolijk.nl"
            ]
        }
    ],
    "categories": [],
    "performance": {},
    "cookies": 0.00153,
    "topInitiators": [
        {
            "domain": "first party",
            "prevalence": 1
        }
    ],
    "types": {
        "Script": 16
    },
    "nameservers": [
        "ns-cloud-d2.googledomains.com",
        "ns-cloud-d1.googledomains.com",
        "ns-cloud-d3.googledomains.com",
        "ns-cloud-d4.googledomains.com"
    ]
}