{
    "domain": "salesforce-scrt.com",
    "owner": {},
    "source": [
        "DuckDuckGo-NL"
    ],
    "prevalence": 0.00133,
    "sites": 13,
    "subdomains": [
        "wwce-eait.my",
        "orgcs.my",
        "qlfbrands.my",
        "canonamericas.my",
        "corendon.my",
        "dysoncrm.my",
        "henkpencampersencaravansbv.my",
        "invaluable.my",
        "nikeconsumerservices.my",
        "specialized.my",
        "vivino.my",
        "which-group.my"
    ],
    "cnames": [],
    "fingerprinting": 0,
    "resources": [
        {
            "rule": "salesforce-scrt\\.com\\/embeddedservice\\/v1\\/embedded-service-config",
            "cookies": 0,
            "fingerprinting": 0,
            "subdomains": [
                "wwce-eait.my",
                "orgcs.my",
                "qlfbrands.my",
                "canonamericas.my",
                "corendon.my",
                "dysoncrm.my",
                "henkpencampersencaravansbv.my",
                "invaluable.my",
                "nikeconsumerservices.my",
                "specialized.my",
                "vivino.my",
                "which-group.my"
            ],
            "apis": {},
            "sites": 13,
            "prevalence": 0.00133,
            "cnames": [],
            "responseHashes": [
                "df2aeb06c75df6bd336b6bf68c95242aa06c8e84e4c4187ac46d4a5de0e4e402",
                "63e61d4da55d653e232ab86ac402f7e06ddf467663614abab5277b15d3b4548e",
                "248d536dcb2969f588a0861d9acdaaaeee46bb48f7a0dfb3d40e293ba14b5969",
                "885f406b27f918074260fd1a7f6ffb3108a99f739170745f227b49ccb2dfc108",
                "5d3d9899b7ae161d9b6846758ad74ee45ad91eb3d378952a4db0e49499996abd",
                "bab0a969b98789660fcb3064bb63532fbf729d8be59a42e4a2cd8e36641666a0",
                "e7b48bb333636dc0e4193593af4cc7c445b81052f033bf66f0e546e73c7ddefc",
                "02b4c627eb9068aa0bc6f966aacdcca8ecabd93413809b55bce0ebb9d40d44c1",
                "8101e3b1b3b4cd03186b8776d0bc1de2b1a3578f4271faa96982fc3c2eb08964",
                "4a14d0ad3841f6903a15ad6af82aab63adb44bbfb3383f31e60865c2e6866fd4",
                "3d9d3103a8c881f3d2cfe23ce3c82b56f61b8fae389c094bdafe6dd856631ba4"
            ],
            "type": "XHR",
            "firstPartyCookies": {},
            "firstPartyCookiesSent": {},
            "exampleSites": [
                "ea.com",
                "help.salesforce.com",
                "lampenlicht.nl",
                "support.usa.canon.com",
                "www.corendon.nl",
                "www.dyson.nl",
                "www.henkpen.nl",
                "www.invaluable.com",
                "www.lampenlicht.nl",
                "www.nike.com",
                "www.specialized.com",
                "www.vivino.com",
                "www.which.co.uk"
            ]
        },
        {
            "rule": "salesforce-scrt\\.com\\/embeddedservice\\/v1\\/businesshours",
            "cookies": 0,
            "fingerprinting": 0,
            "subdomains": [
                "wwce-eait.my",
                "orgcs.my",
                "qlfbrands.my",
                "canonamericas.my",
                "corendon.my",
                "dysoncrm.my",
                "henkpencampersencaravansbv.my",
                "invaluable.my",
                "nikeconsumerservices.my",
                "specialized.my",
                "vivino.my",
                "which-group.my"
            ],
            "apis": {},
            "sites": 13,
            "prevalence": 0.00133,
            "cnames": [],
            "responseHashes": [
                "e3b0c44298fc1c149afbf4c8996fb92427ae41e4649b934ca495991b7852b855",
                "5d3d9899b7ae161d9b6846758ad74ee45ad91eb3d378952a4db0e49499996abd",
                "6256f38d6e1314ec81919f724c55bab9f10c7d439bafd3c90956d26150ca0b66"
            ],
            "type": "XHR",
            "firstPartyCookies": {},
            "firstPartyCookiesSent": {},
            "exampleSites": [
                "ea.com",
                "help.salesforce.com",
                "lampenlicht.nl",
                "support.usa.canon.com",
                "www.corendon.nl",
                "www.dyson.nl",
                "www.henkpen.nl",
                "www.invaluable.com",
                "www.lampenlicht.nl",
                "www.nike.com",
                "www.specialized.com",
                "www.vivino.com",
                "www.which.co.uk"
            ]
        }
    ],
    "categories": [],
    "performance": {},
    "cookies": 0,
    "topInitiators": [
        {
            "domain": "first party",
            "prevalence": 0.6428571428571429
        },
        {
            "domain": "site.com",
            "prevalence": 0.2857142857142857
        },
        {
            "domain": "datadoghq-browser-agent.com",
            "prevalence": 0.07142857142857142
        }
    ],
    "types": {
        "XHR": 26
    },
    "nameservers": [
        "dns1.p03.nsone.net",
        "dns2.p03.nsone.net",
        "dns3.p03.nsone.net",
        "dns4.p03.nsone.net",
        "ns02.salesforce-dns.com",
        "ns01.salesforce-dns.com",
        "ns03.salesforce-dns.com",
        "ns04.salesforce-dns.com"
    ]
}