{
    "domain": "sensic.net",
    "owner": {},
    "source": [
        "DuckDuckGo-NL"
    ],
    "prevalence": 0.000511,
    "sites": 5,
    "subdomains": [
        "es-config",
        "174739326283585743fac45f2319ffb34f3ccd781daabd723cac17aa.trk",
        "1747392506550b5f132650a499f96ffdcc0d1602c3760c6619e1feb9.trk",
        "1747392952353cbd95e91bf87aed2a3e3eff47d63921e270acc87019.trk",
        "17473931802853e53f323255e7cc4ad7b1b8a4a511a79eebf91a5887.trk",
        "1747392502434f6fa6316405c83aadf78d4f97c7764d8aa8e3a12c56.trk",
        "de-config",
        "es1-s2s",
        "localhost",
        "de1-s2s"
    ],
    "cnames": [],
    "fingerprinting": 2,
    "resources": [
        {
            "rule": "sensic\\.net\\/s2s-web\\.js",
            "cookies": 0,
            "fingerprinting": 2,
            "subdomains": [
                "es-config"
            ],
            "apis": {
                "window.localStorage": 3,
                "Date.prototype.getTime": 3,
                "Navigator.prototype.userAgent": 3,
                "Navigator.prototype.platform": 3,
                "Navigator.prototype.language": 3,
                "Notification.permission": 2,
                "Navigator.prototype.plugins": 2
            },
            "sites": 3,
            "prevalence": 0.000306,
            "cnames": [],
            "responseHashes": [
                "673417662bb37bc9e2d10dafb369582779ef1163a7dc115e2af97402f21ed417"
            ],
            "type": "Script",
            "firstPartyCookies": {},
            "firstPartyCookiesSent": {},
            "exampleSites": [
                "elpais.com",
                "www.marca.com",
                "www.tameteo.nl"
            ]
        },
        {
            "rule": "sensic\\.net\\/tp\\.gif",
            "cookies": 0,
            "fingerprinting": 0,
            "subdomains": [
                "174739326283585743fac45f2319ffb34f3ccd781daabd723cac17aa.trk",
                "1747392506550b5f132650a499f96ffdcc0d1602c3760c6619e1feb9.trk",
                "1747392952353cbd95e91bf87aed2a3e3eff47d63921e270acc87019.trk",
                "17473931802853e53f323255e7cc4ad7b1b8a4a511a79eebf91a5887.trk",
                "1747392502434f6fa6316405c83aadf78d4f97c7764d8aa8e3a12c56.trk"
            ],
            "apis": {},
            "sites": 5,
            "prevalence": 0.000511,
            "cnames": [],
            "responseHashes": [
                "e3b0c44298fc1c149afbf4c8996fb92427ae41e4649b934ca495991b7852b855"
            ],
            "type": "XHR",
            "firstPartyCookies": {},
            "firstPartyCookiesSent": {},
            "exampleSites": [
                "elpais.com",
                "www.arte.tv",
                "www.daserste.de",
                "www.marca.com",
                "www.tameteo.nl"
            ]
        },
        {
            "rule": "sensic\\.net\\/3pc\\.html",
            "cookies": 0,
            "fingerprinting": 0,
            "subdomains": [
                "es-config",
                "de-config"
            ],
            "apis": {},
            "sites": 4,
            "prevalence": 0.000408,
            "cnames": [],
            "responseHashes": [
                "568ac6a9a523149d3865ab62f1020e2ec42de1005db3d69afaae6a82eff12f27"
            ],
            "type": "Document",
            "firstPartyCookies": {},
            "firstPartyCookiesSent": {},
            "exampleSites": [
                "elpais.com",
                "www.arte.tv",
                "www.marca.com",
                "www.tameteo.nl"
            ]
        },
        {
            "rule": "sensic\\.net\\/",
            "cookies": 0,
            "fingerprinting": 0,
            "subdomains": [
                "es1-s2s",
                "localhost"
            ],
            "apis": {},
            "sites": 4,
            "prevalence": 0.000408,
            "cnames": [],
            "responseHashes": [
                "e3b0c44298fc1c149afbf4c8996fb92427ae41e4649b934ca495991b7852b855"
            ],
            "type": "XHR",
            "firstPartyCookies": {},
            "firstPartyCookiesSent": {},
            "exampleSites": [
                "elpais.com",
                "www.daserste.de",
                "www.marca.com",
                "www.tameteo.nl"
            ]
        },
        {
            "rule": "sensic\\.net\\/sui-connector\\.js",
            "cookies": 0,
            "fingerprinting": 1,
            "subdomains": [
                "de-config"
            ],
            "apis": {
                "window.localStorage": 1
            },
            "sites": 2,
            "prevalence": 0.000204,
            "cnames": [],
            "responseHashes": [
                "f281a0e307dae5e66d5b044bc2901b365f7e075dbeb755bcde053f7778af24a7"
            ],
            "type": "Script",
            "firstPartyCookies": {},
            "firstPartyCookiesSent": {},
            "exampleSites": [
                "arte.tv",
                "www.daserste.de"
            ]
        },
        {
            "rule": "sensic\\.net\\/id",
            "cookies": 0,
            "fingerprinting": 0,
            "subdomains": [
                "de1-s2s",
                "es1-s2s"
            ],
            "apis": {},
            "sites": 3,
            "prevalence": 0.000306,
            "cnames": [],
            "responseHashes": [
                "e3b0c44298fc1c149afbf4c8996fb92427ae41e4649b934ca495991b7852b855"
            ],
            "type": "XHR",
            "firstPartyCookies": {},
            "firstPartyCookiesSent": {},
            "exampleSites": [
                "daserste.de",
                "www.marca.com",
                "www.tameteo.nl"
            ]
        }
    ],
    "categories": [],
    "performance": {},
    "cookies": 0,
    "topInitiators": [
        {
            "domain": "first party",
            "prevalence": 0.6
        },
        {
            "domain": "adobedtm.com",
            "prevalence": 0.2
        },
        {
            "domain": "tagcommander.com",
            "prevalence": 0.2
        }
    ],
    "types": {
        "Script": 5,
        "XHR": 12,
        "Document": 4
    },
    "nameservers": [
        "ns-192.awsdns-24.com",
        "ns-1003.awsdns-61.net",
        "ns-1081.awsdns-07.org",
        "ns-1850.awsdns-39.co.uk"
    ]
}