{
    "domain": "unless.com",
    "owner": {},
    "source": [
        "DuckDuckGo-NL"
    ],
    "prevalence": 0.000817,
    "sites": 8,
    "subdomains": [
        "e65f5aca-72b9-4ba6-9974-049f63104ecc",
        "5d347243-25ba-42c4-b444-0250e1e292b4",
        "c9c1ada6-0ebb-479c-9698-1070e971ffed",
        "5afe143b-5113-4dbc-ba23-76682b17668d",
        "1372d7bd-a024-4b06-a4d6-f2dd73186b39",
        "e173bd23-f69a-4719-bfd2-d4efc6143a84",
        "efe12526-ec24-4d2f-b914-7511c0db3d3a"
    ],
    "cnames": [],
    "fingerprinting": 1,
    "resources": [
        {
            "rule": "unless\\.com\\/js\\/v5\\/latest\\/txt\\.min\\.js",
            "cookies": 0,
            "fingerprinting": 1,
            "subdomains": [
                "e65f5aca-72b9-4ba6-9974-049f63104ecc",
                "5d347243-25ba-42c4-b444-0250e1e292b4",
                "c9c1ada6-0ebb-479c-9698-1070e971ffed",
                "5afe143b-5113-4dbc-ba23-76682b17668d",
                "1372d7bd-a024-4b06-a4d6-f2dd73186b39",
                "e173bd23-f69a-4719-bfd2-d4efc6143a84"
            ],
            "apis": {
                "Document.cookie getter": 5,
                "window.sessionStorage": 5,
                "window.localStorage": 5,
                "window.innerWidth": 4,
                "Navigator.prototype.language": 4
            },
            "sites": 7,
            "prevalence": 0.000715,
            "cnames": [],
            "responseHashes": [
                "d9ec83321db3a7207e174159e17bb9a1283fa52e93d93b0b4ffa3e3b7235829a",
                "95909ff1922c727aa960188541fb87cee66c4e71d26bc0e4f5440ad8c4ff0c28",
                "1e0483a2253be1769a4f8346432f1b48f6df8a2679e7bdec740f0fca0812d4db",
                "3240271b7b24adc9e7c992d8a3e9973ee64ee3f698c29b2509ed5b6de6499592",
                "1bafcddf17462b182f5789f88919ecc060fe665f329ee396bb7233bbcd98ec62"
            ],
            "type": "Script",
            "firstPartyCookies": {},
            "firstPartyCookiesSent": {},
            "exampleSites": [
                "housinganywhere.com",
                "kamernet.nl",
                "kruidvat.nl",
                "www.kruidvat.be",
                "www.kruidvat.nl",
                "www.trekpleister.nl",
                "zorgdomein.com"
            ]
        },
        {
            "rule": "unless\\.com\\/api\\/v1\\/txt-api\\/get-experiences",
            "cookies": 0,
            "fingerprinting": 0,
            "subdomains": [
                "c9c1ada6-0ebb-479c-9698-1070e971ffed",
                "5afe143b-5113-4dbc-ba23-76682b17668d",
                "efe12526-ec24-4d2f-b914-7511c0db3d3a",
                "1372d7bd-a024-4b06-a4d6-f2dd73186b39"
            ],
            "apis": {},
            "sites": 5,
            "prevalence": 0.000511,
            "cnames": [],
            "responseHashes": [
                "e6c58e94573452ba20ac531f273baa01c57f2c82613b7b1165768e5cc5b9d06c",
                "f8635f804d7fd4928730788786e2d763b09665093d8c37f03943d5e57a8cf820",
                "5de93cb108b09c1194d3b54c0d25c0dbacbb1065820ec8332a66c31a130f3432",
                "a89e71edf3055a9d9fe9ea077f0b5024f6c4fb997a61f982d20790cf54c9ea6e"
            ],
            "type": "XHR",
            "firstPartyCookies": {},
            "firstPartyCookiesSent": {},
            "exampleSites": [
                "kruidvat.nl",
                "www.kruidvat.be",
                "www.kruidvat.nl",
                "www.ouwehand.nl",
                "www.trekpleister.nl"
            ]
        }
    ],
    "categories": [],
    "performance": {},
    "cookies": 0,
    "topInitiators": [
        {
            "domain": "first party",
            "prevalence": 0.7692307692307693
        },
        {
            "domain": "convious.net",
            "prevalence": 0.23076923076923078
        }
    ],
    "types": {
        "Script": 7,
        "XHR": 5
    },
    "nameservers": [
        "ns-521.awsdns-01.net",
        "ns-410.awsdns-51.com",
        "ns-1843.awsdns-38.co.uk",
        "ns-1497.awsdns-59.org"
    ]
}