{
    "domain": "webwinkelkeur.nl",
    "owner": {},
    "source": [
        "DuckDuckGo-NL"
    ],
    "prevalence": 0.00449,
    "sites": 44,
    "subdomains": [
        "dashboard",
        "www"
    ],
    "cnames": [],
    "fingerprinting": 1,
    "resources": [
        {
            "rule": "webwinkelkeur\\.nl\\/sidebar\\.js",
            "cookies": 0,
            "fingerprinting": 2,
            "subdomains": [
                "dashboard"
            ],
            "apis": {
                "Navigator.prototype.language": 18,
                "window.innerWidth": 18,
                "window.innerHeight": 18,
                "Notification.permission": 10,
                "Navigator.prototype.plugins": 10,
                "window.sessionStorage": 5
            },
            "sites": 23,
            "prevalence": 0.00235,
            "cnames": [],
            "responseHashes": [
                "45becc53f27e6142caa3be514aa55baa05a07abc5c0d3175cc325d9c5dd1e310",
                "3dba7018b8785f3d35d2c6e0da0f05b57c03f969e9a375e7ffe2ea5f573758bf",
                "e2bbf076a6d453e1bef2bbb36e02a6b4e99f945cabae5d227f07ef9e8f176f4b",
                "aa445d5590605144326918df5425ce846ce9aa9ed6f905a05e4e9b6b1576d1b8",
                "6ad4258a03f3fcd6ad0bfd31dac924a657026bc9f2749416668a74b1caedc4f2",
                "f0519b9547671087916b4870f188835a119a66b5a8bde464ebf38fc6a96cb6e7",
                "17307a8536a8564ffdba2a336f71699eb5bba1569cc3503486e00a461423f546",
                "18e34741bbbfe9e6e2d66195a8b2127fab1db01c56bfce4d32d4ca0ffe093c48",
                "f9c868551cccadc5a5a883057c272a5b7198fdcc708198899491035ecbfce58e",
                "2717aa7fca95faa886a763403ec38bb9f77eed104f19bab8b0de7e77653e6064",
                "d0054efa2f812ecd92537bb0dde21642b50d38d0976f89a474f9b269f76be6ee",
                "59a6d0460d3fa21a78b5538db3796a7ddc02871b4fc5fe57ece773e7a33b2439",
                "8b93c17076cb5b08715be21d982b7d1cefaf4df4540bda85d4f5d0d1313df5e3",
                "c2d6ba87140af8c962efaa0e0f54940a54b7adc29e49d0d1c2220f60d00455e6",
                "fec28ce51ee0af521f046eb430267024a664599dd7008210901af1c939bbb21f",
                "9fdc8a9fca7fa077596bdb50a9cfdff27b1b0d9e8c8e800e4eb38d742c0ab3a9",
                "bb74bd06206a830376ef3022567309dfe960d89b39ece3a4f07e03090ff76a10",
                "185f57516498b87252c5d032e70d3f627658c04b1b2ab846d78fa075085930fd",
                "6a15572e2dbec05690a5ccf96b3a2c24adf3a7ea9cbdc44acd0b1c146b38cfdd",
                "425e0c3f2f8c329ad1c1998d614a1ba0d5987bc38630cfb9abd9e95317a06bd0",
                "bb96495ab022e37ba919ad9d23c23d11937ff077935cf5813594b18bf08f138b"
            ],
            "type": "Script",
            "firstPartyCookies": {},
            "firstPartyCookiesSent": {},
            "exampleSites": [
                "www.demolenwinkel.nl",
                "123sticker.nl",
                "www.offgridcentrum.nl",
                "www.jasicamp.nl",
                "offgridpowerstation.nl",
                "www.kampeerhalroden.nl",
                "www.schaduwdoeken.nl",
                "www.fietsonderdelenoutlet.nl",
                "www.fietsaccuwinkel.nl",
                "tuinadvies.nl",
                "zonnepanelensuper.nl",
                "irritech.nl",
                "www.gps.nl",
                "www.adr-dakwinkel.nl",
                "www.noodzaken.nl",
                "www.hopmansfietsgigant.nl",
                "www.ecoflow.nl",
                "wijzeroverdebasisschool.nl",
                "moestuinland.nl",
                "bootplus.nl"
            ]
        },
        {
            "rule": "webwinkelkeur\\.nl\\/js\\/sidebar\\.js",
            "cookies": 0,
            "fingerprinting": 0,
            "subdomains": [
                "www"
            ],
            "apis": {},
            "sites": 8,
            "prevalence": 0.000817,
            "cnames": [],
            "responseHashes": [
                "75e01ddc3f4696053f205764259d702068ff48724857e8dc7b6cc8e5470406fb"
            ],
            "type": "Script",
            "firstPartyCookies": {},
            "firstPartyCookiesSent": {},
            "exampleSites": [
                "bootplus.nl",
                "tuinadvies.nl",
                "www.ecoflow.nl",
                "www.gps.nl",
                "www.hopmansfietsgigant.nl",
                "www.jasicamp.nl",
                "www.noodzaken.nl",
                "www.prepshop.nl"
            ]
        },
        {
            "rule": "webwinkelkeur\\.nl\\/webshops\\/widget_html",
            "cookies": 0,
            "fingerprinting": 0,
            "subdomains": [
                "dashboard"
            ],
            "apis": {},
            "sites": 23,
            "prevalence": 0.00235,
            "cnames": [],
            "responseHashes": [
                "9bf8f91df5419ec3e2d237001bd60e75aec40019abb5112d75c9a102857a71f5",
                "a4b8ee577c458bcf8808db18e6c4dc7df0ae4b84dd7c1af7c85ef4ec897dce9f",
                "3f8443a83bff9005b04f2980a4d52612adca56ce513432b472007eb76002fe68",
                "c82e2d4789ccb2d8ef6d2c94c05c05713071e0eb7d9aab21c0095080aaaadb52",
                "573bd045ee4f3da1d7f05dba85711b00ed878a61fd45f5bae78a5ad2a3b0921c",
                "b7c57b58fd4cc988ebd1fca4bb32cc693d22fcb714d381ef55c593624e0d4e56",
                "3b275ee104a0dbf70da53724854d494366feed5b7a6634be3b2ab5bec75e173b",
                "e3b0c44298fc1c149afbf4c8996fb92427ae41e4649b934ca495991b7852b855",
                "1597f2e06a3912e52cbc4a9b373ac4d67d2f2a92484ca88ebe6c91a948cfeae5",
                "511aa027da2508d1bab0e463c48e8fd93f3da2ce6c7487cb71946493e773d04f",
                "f3f9e3211445124bb138847379268505e4b3fa96347a734b28b2e8f31d6484fd",
                "ecfadb641d6231038d0d087ae6801fb0c6a9a4c08aaf5726e50f8cea47bf8b07",
                "e07cb3931deb0a4e573981406d3215b2f909cf3458bb4caa00b6c5fcf40ce63f",
                "a171ccc3fb1b315d4e7aaec6294caac2bbed5fd46f881675b87536ea0de4fc2f",
                "4016c2745d803e4b26c09df6948f7d4a40793c3ec2f3d7fe94a8f0771acb9f81",
                "e3a2738a5df8931a6b71801744a51ecfdf02a016d38096397ce500c5a552dfb4"
            ],
            "type": "Document",
            "firstPartyCookies": {},
            "firstPartyCookiesSent": {},
            "exampleSites": [
                "kleurrijker.nl",
                "www.dakdragerwinkel.nl",
                "www.noodzaken.nl",
                "www.acculaders.nl",
                "www.meubelbeslagonline.nl",
                "www.druppellader.com",
                "rvsland.nl",
                "www.groenebouwmaterialen.nl",
                "www.houtvakman.nl",
                "www.jasicamp.nl",
                "www.budgetstoffen.nl",
                "www.adr-dakwinkel.nl",
                "www.modelspoorgigant.nl",
                "www.detuinmachineshop.nl",
                "moestuinland.nl",
                "www.schaduwdoeken.nl",
                "www.vogelhuisjes.nl",
                "wijzeroverdebasisschool.nl",
                "irritech.nl",
                "www.fietstas.com"
            ]
        },
        {
            "rule": "webwinkelkeur\\.nl\\/edge\\/sidebar_chunks\\/8baa092001e776f03b5a\\.js",
            "cookies": 0,
            "fingerprinting": 0,
            "subdomains": [
                "dashboard"
            ],
            "apis": {},
            "sites": 9,
            "prevalence": 0.000919,
            "cnames": [],
            "responseHashes": [
                "60dc5f8d9f78b841ea1703a1afe4a7ac5480142436682244e1e4cc95679b626f"
            ],
            "type": "Script",
            "firstPartyCookies": {},
            "firstPartyCookiesSent": {},