{
    "domain": "wisepops.net",
    "owner": {},
    "source": [
        "DuckDuckGo-NL"
    ],
    "prevalence": 0.00112,
    "sites": 11,
    "subdomains": [],
    "cnames": [],
    "fingerprinting": 1,
    "resources": [
        {
            "rule": "wisepops\\.net\\/loader\\.js",
            "cookies": 0.000408,
            "fingerprinting": 2,
            "subdomains": [],
            "apis": {
                "window.sessionStorage": 4,
                "window.localStorage": 4,
                "Document.cookie getter": 4,
                "Document.cookie setter": 4,
                "Date.prototype.getTime": 4,
                "window.innerHeight": 4,
                "window.innerWidth": 4,
                "Navigator.prototype.cookieEnabled": 4,
                "Intl.DateTimeFormat.prototype.resolvedOptions": 4
            },
            "sites": 11,
            "prevalence": 0.00112,
            "cnames": [],
            "responseHashes": [
                "ef98d3bbdbb59f24630938a2fb70f079512f0938464a3803d07f1ec5902f72e8",
                "6b80232a5e023ee28aade1b52ec8321466bfc719c025bda067fc6245a414a8ad",
                "03cd9f7f9501ec0078e1be448f24d1015c21d3c4ed811f672c452c3a39c20144",
                "9b6a9420cc14f4daaf0fa25f3897285f30e9ca9e2e11599a909ef56e705af572",
                "b84e63bcc1150812007bab7e723b9893ab642e08dbbf6e54c9fe8c7140df9aca",
                "e3b0c44298fc1c149afbf4c8996fb92427ae41e4649b934ca495991b7852b855",
                "44d18ab1914b2a1c0439fdcc9ef4768d550cb66197f877593f43668d0a86efec"
            ],
            "type": "Script",
            "firstPartyCookies": {
                "__tld__": {
                    "ttl": 11,
                    "length": 1,
                    "prevalence": 0.000306309985705534,
                    "uniqueness": 0.3333333333333333
                },
                "wisepops": {
                    "ttl": 63072000,
                    "length": 164,
                    "prevalence": 0.000306309985705534,
                    "uniqueness": 1
                },
                "wisepops_session": {
                    "ttl": null,
                    "length": 303,
                    "prevalence": 0.000306309985705534,
                    "uniqueness": 1
                },
                "wisepops_visitor": {
                    "ttl": 63072000,
                    "length": 67,
                    "prevalence": 0.000306309985705534,
                    "uniqueness": 1
                },
                "wisepops_visits": {
                    "ttl": 63072000,
                    "length": 40,
                    "prevalence": 0.000306309985705534,
                    "uniqueness": 1
                }
            },
            "firstPartyCookiesSent": {},
            "exampleSites": [
                "buycycle.com",
                "petrus.protestantsekerk.nl",
                "protestantsekerk.nl",
                "www.businessinsider.nl",
                "www.businessinsider.com",
                "www.frankwatching.com",
                "www.hoogvliet.com",
                "www.khn.nl",
                "www.shoeby.nl",
                "www.siebeljuweliers.nl",
                "www.zamnesia.nl"
            ]
        },
        {
            "rule": "wisepops\\.net\\/id",
            "cookies": 0,
            "fingerprinting": 0,
            "subdomains": [],
            "apis": {},
            "sites": 8,
            "prevalence": 0.000817,
            "cnames": [],
            "responseHashes": [
                "bfb3f0fc4390c9e6dd78b605d9bac47b154d5773c0ce7cabcaceee604258cc08",
                "9600a59a98d1b62c26a24aedb8212523b6a191a0d0c4026760d8040d116de36b",
                "1012e782b8cabdf5eacb7fe309a16b1aeed3aaccabcf5472750071951cea9970",
                "a998090c42cab41671a55e76558c7227dd2fc5c5208c69b61ef368b85d385e89",
                "817ebffbd2c965c4c621093d3c9ff50afe262beb3468295abb39fa19eacee657",
                "928fa47cacd5cb931a802988243d1c12bda7241b121e2d48ae667d576719d291",
                "8924be2bddc3e62cc4edb2b40bbe4ded068867dc09add3cd70620d851e6f77cc"
            ],
            "type": "Fetch",
            "firstPartyCookies": {},
            "firstPartyCookiesSent": {},
            "exampleSites": [
                "buycycle.com",
                "petrus.protestantsekerk.nl",
                "protestantsekerk.nl",
                "www.businessinsider.com",
                "www.businessinsider.nl",
                "www.hoogvliet.com",
                "www.khn.nl",
                "www.zamnesia.nl"
            ]
        },
        {
            "rule": "wisepops\\.net\\/my-wisepop",
            "cookies": 0,
            "fingerprinting": 0,
            "subdomains": [],
            "apis": {},
            "sites": 8,
            "prevalence": 0.000817,
            "cnames": [],
            "responseHashes": [
                "65347e4d9b50c631495eda9db14b3cd0a5c9715ad0d301f1f295b2f9652cfbee",
                "31a7fcb9d2e78dbf92dd6c9ee5db258f6f705000275d87606e86df8750b6da4b",
                "19a71d3ab72e507494360356b75b5f017ba29bcef31e0a59b647146bc117b6ca",
                "d935c089b64cc3d3808cb66d21f786691ec6ad30da1b66d27246ee83044c8978",
                "3683dea8a7469091b715dd0db16d5afda5b25eb5f91a5c140c986f0a0bfef740",
                "0c0deb5758826fc4530ae8f6ee502d6fd39f983dc4285a823b246a043701d5a9"
            ],
            "type": "XHR",
            "firstPartyCookies": {},
            "firstPartyCookiesSent": {},
            "exampleSites": [
                "buycycle.com",
                "petrus.protestantsekerk.nl",
                "protestantsekerk.nl",
                "www.businessinsider.com",
                "www.businessinsider.nl",
                "www.hoogvliet.com",
                "www.khn.nl",
                "www.zamnesia.nl"
            ]
        }
    ],
    "categories": [],
    "performance": {},
    "cookies": 0.000408,
    "topInitiators": [
        {
            "domain": "googletagmanager.com",
            "prevalence": 0.47368421052631576
        },
        {
            "domain": "wisepops.com",
            "prevalence": 0.42105263157894735
        },
        {
            "domain": "first party",
            "prevalence": 0.10526315789473684
        }
    ],
    "types": {
        "Script": 11,
        "Fetch": 8,
        "XHR": 8
    },
    "nameservers": [
        "marek.ns.cloudflare.com",
        "wally.ns.cloudflare.com"
    ]
}