{
    "domain": "youshouldask.ai",
    "owner": {},
    "source": [
        "DuckDuckGo-NL"
    ],
    "prevalence": 0.000817,
    "sites": 8,
    "subdomains": [
        "app"
    ],
    "cnames": [],
    "fingerprinting": 2,
    "resources": [
        {
            "rule": "youshouldask\\.ai\\/chat\\/popup-styles\\.css\\.php",
            "cookies": 0.000817,
            "fingerprinting": 0,
            "subdomains": [
                "app"
            ],
            "apis": {},
            "sites": 8,
            "prevalence": 0.000817,
            "cnames": [],
            "responseHashes": [
                "42fe6cb20771b6f62a66eef3a78d884b101878dbf27141844bc0a3cfffa7e253",
                "de10be6672f0c38ff3f33f599a931ad00a2bd9e0bcd92da9d606e2949d8c1dfb",
                "3bf95971788d6a4f98da7bff55564e11413c22e18b658e7861378c4c9a40606d",
                "788d472fb3170465f290f43dd9ffb92a8e36365952f81894162e4f413dc6a835",
                "ca412c54af42634dad792e42e68a69096f7497e35584cf8efc93135d4fe5e415",
                "145e371aaf1b5c45eeadce49ac113a1f42d21537b5421340541998ed3c151f3e",
                "b851bd916e6ae97745dca1ad8c953a1bf0c948bedee9d5a9d44f09243bda8d55"
            ],
            "type": "Stylesheet",
            "firstPartyCookies": {},
            "firstPartyCookiesSent": {},
            "exampleSites": [
                "polyestershoppen.nl",
                "www.carpetright.nl",
                "www.dutch-headshop.nl",
                "www.haarshop.nl",
                "www.halfords.nl",
                "www.orientalwebshop.nl",
                "www.prontowonen.nl",
                "www.vanbeekumspecerijen.nl"
            ]
        },
        {
            "rule": "youshouldask\\.ai\\/chat\\/popup-custom\\.css\\.php",
            "cookies": 0.000613,
            "fingerprinting": 0,
            "subdomains": [
                "app"
            ],
            "apis": {},
            "sites": 6,
            "prevalence": 0.000613,
            "cnames": [],
            "responseHashes": [
                "5aafa408b822abad23897b2b82214cdfdc745e75d25c38e5cb4ea9c49cc50fda",
                "e3b0c44298fc1c149afbf4c8996fb92427ae41e4649b934ca495991b7852b855",
                "93463037e7bdaa2a9912346f830bf1484b3e0c9960540f92c82f535e890b9a98",
                "1dddfa31ee179fe40bd0005c91815e50d013bdbd08e20583aef4b7a3ff23df4b"
            ],
            "type": "Stylesheet",
            "firstPartyCookies": {},
            "firstPartyCookiesSent": {},
            "exampleSites": [
                "polyestershoppen.nl",
                "www.carpetright.nl",
                "www.dutch-headshop.nl",
                "www.halfords.nl",
                "www.orientalwebshop.nl",
                "www.prontowonen.nl"
            ]
        },
        {
            "rule": "youshouldask\\.ai\\/api\\/store_page_visit\\.php",
            "cookies": 0.000817,
            "fingerprinting": 0,
            "subdomains": [
                "app"
            ],
            "apis": {},
            "sites": 8,
            "prevalence": 0.000817,
            "cnames": [],
            "responseHashes": [],
            "type": "Preflight",
            "firstPartyCookies": {},
            "firstPartyCookiesSent": {},
            "exampleSites": [
                "polyestershoppen.nl",
                "www.carpetright.nl",
                "www.dutch-headshop.nl",
                "www.haarshop.nl",
                "www.halfords.nl",
                "www.orientalwebshop.nl",
                "www.prontowonen.nl",
                "www.vanbeekumspecerijen.nl"
            ]
        },
        {
            "rule": "youshouldask\\.ai\\/api\\/store_page_visit\\.php",
            "cookies": 0.000817,
            "fingerprinting": 0,
            "subdomains": [
                "app"
            ],
            "apis": {},
            "sites": 8,
            "prevalence": 0.000817,
            "cnames": [],
            "responseHashes": [
                "e3b0c44298fc1c149afbf4c8996fb92427ae41e4649b934ca495991b7852b855"
            ],
            "type": "XHR",
            "firstPartyCookies": {},
            "firstPartyCookiesSent": {},
            "exampleSites": [
                "polyestershoppen.nl",
                "www.carpetright.nl",
                "www.dutch-headshop.nl",
                "www.haarshop.nl",
                "www.halfords.nl",
                "www.orientalwebshop.nl",
                "www.prontowonen.nl",
                "www.vanbeekumspecerijen.nl"
            ]
        },
        {
            "rule": "youshouldask\\.ai\\/img\\/chat_icon\\.webp",
            "cookies": 0,
            "fingerprinting": 0,
            "subdomains": [
                "app"
            ],
            "apis": {},
            "sites": 8,
            "prevalence": 0.000817,
            "cnames": [],
            "responseHashes": [
                "9661f4e2010c9a8166499aeef3983ff65c13ddff74b544def6f7a31aa3139b4d"
            ],
            "type": "Image",
            "firstPartyCookies": {},
            "firstPartyCookiesSent": {},
            "exampleSites": [
                "polyestershoppen.nl",
                "www.carpetright.nl",
                "www.dutch-headshop.nl",
                "www.haarshop.nl",
                "www.halfords.nl",
                "www.orientalwebshop.nl",
                "www.prontowonen.nl",
                "www.vanbeekumspecerijen.nl"
            ]
        },
        {
            "rule": "youshouldask\\.ai\\/img\\/close-circle\\.svg",
            "cookies": 0,
            "fingerprinting": 0,
            "subdomains": [
                "app"
            ],
            "apis": {},
            "sites": 6,
            "prevalence": 0.000613,
            "cnames": [],
            "responseHashes": [
                "13cc00030c3f4d7103c73506de2d602f108f2d91a1889be499d287390e5951e4"
            ],
            "type": "Image",
            "firstPartyCookies": {},
            "firstPartyCookiesSent": {},
            "exampleSites": [
                "polyestershoppen.nl",
                "www.carpetright.nl",
                "www.dutch-headshop.nl",
                "www.halfords.nl",
                "www.orientalwebshop.nl",
                "www.prontowonen.nl"
            ]
        },
        {
            "rule": "youshouldask\\.ai\\/uploads\\/avatar_files\\/13_f3033dd7666807dfe76e4d61d6a5d9b9\\.png",
            "cookies": 0,
            "fingerprinting": 0,
            "subdomains": [
                "app"
            ],
            "apis": {},
            "sites": 2,
            "prevalence": 0.000204,
            "cnames": [],
            "responseHashes": [
                "b1650acdaf9a6de3437a11ed1ce24b6714935c8f2bbba770b0ccabf7194685af"
            ],
            "type": "Image",
            "firstPartyCookies": {},
            "firstPartyCookiesSent": {},
            "exampleSites": [
                "haarshop.nl",
                "www.prontowonen.nl"
            ]
        }
    ],
    "categories": [],
    "performance": {},
    "cookies": 0.000817,
    "topInitiators": [
        {
            "domain": "first party",
            "prevalence": 0.8947368421052632
        },
        {
            "domain": "googletagmanager.com",
            "prevalence": 0.10526315789473684
        }
    ],
    "types": {
        "Stylesheet": 14,
        "Preflight": 8,
        "XHR": 8,
        "Image": 16
    },
    "nameservers": [
        "ns2.cloudsrvr.nl",
        "ns1.cloudsrvr.nl"
    ]
}