{
    "domain": "18.210.229.244",
    "owner": {},
    "source": [
        "DuckDuckGo-US"
    ],
    "prevalence": 0.00123,
    "sites": 174,
    "subdomains": [],
    "cnames": [],
    "fingerprinting": 0,
    "resources": [
        {
            "rule": "18\\.210\\.229\\.244\\/is",
            "cookies": 0,
            "fingerprinting": 0,
            "subdomains": [],
            "apis": {},
            "sites": 164,
            "prevalence": 0.00116,
            "cnames": [],
            "responseHashes": [
                "49b9d07e20926728e98070157fb497ea08bba026e2fa494106638a1147af41a2",
                "2ec62a98510c92df4a72a2dcaa78c6dbf3f7b5acae7e154946813822a57df415",
                "5675f896759a5d1cf1a4a71bb4d1608a78a5e0fb5df90eac90b37121410b9e48",
                "cf9e19ae92c05d825c36940e6fe7612babc73586206254387473c38d9f01659a",
                "9514e221fd788e2af24693ea0f8fe3ce563c76017c2f5c8ddb8086696da02e1a",
                "f822b31f0b3680713648f2f807cba4a574d71571218ab7e719d20e333ed83c5c",
                "2c5f7c38871676abfcfacb6f4cc56d6661308e989f0ef0057e387aee8177ff68",
                "eadf75564baf11ed62c84642a420530db6ed264f7d121971b66269c469c4574f",
                "e50fd54e06dfbe0dc64ffa8cd1864044a6d3b771de2cca8e0d9e4796de2f26b9",
                "1db471df9dcc9f7d0483a43f12ee4f6345c7a40094a2b2c1499016ace537d1fd",
                "692c2dbb9a5e47bc658a7f21cc36983386a9c44236d973a0d717ae61330eb7ba",
                "11cbf39eb28b89e250ad30864fd821bfcb655711c9d5f5b472496022b4fcb72d",
                "cee1dfa28f02494f41a70348fe8c7fcbec3129934ec29392b489b82261c10e3f",
                "c42de894bdf95aee0ffc3ec2e3b3343d1e2349c6434051fa191cbf5e9dda548b",
                "31a1c7ded5f07ea710d92e6386d05e1eb82634657d23ad5b2648e81d4b01585f",
                "e39b90582f5fd20743fe18b89dda9ad4065e35d5f319429a487993e2e55daecb",
                "0a92122172e00923b22a9dfec7403d8d4e479f11bcb5c67bde75e21fe45223db",
                "5647050aee33e48768ff95db056809a34a410ac11cd2f4e9050ee2f4f7ae290c",
                "d3549b6006b771852fa8d00b37daeb6618140cf8fc40934e54db631eae255059",
                "44cc17d16971826d98ed5b3ad2456b95f3b9ebac6ea92acf8a5861dbf7422c66",
                "70790b705b88f0fad9e1204c264df0ba03caac6fc167c9f79caad520063e4b6a",
                "1a5d7ca1c8fe56855495b5c1c33d84ab0ab53afc9b650ac8d3226bac1f9bd84c",
                "080f3389cfc403412c13d151ab35604fa292080c9600164d3728f84e5ac07a67",
                "239307367a3cb26226ad354e9aedd9d539113025eeafdbe4832e50c3edadf2ad",
                "6a1a4a8bd0721ce0457d96e8652670a854763208a4f7411c253d3bb7cfb09166",
                "b5e1949c76220cc9846ed09901d57c7874c722f3e83bff04014b43dbe2599641",
                "e2fbeeb7737c1e5a70d0adba94e1bdfe819fd6e34abcc54be8ddeedfa6d4d6b5",
                "d32b46042bcca630c9f06b93207efd47fa23ebe150c829a687bc05d9af1eb02b",
                "98fe2542010c39b0b18084a46fb73e8d212f5c462379f3df0e03d6cbb948fd4c",
                "c1a99725f44f9a19beea290940a6c8cdebb200fa5c51db3b06f13779709f2207",
                "456d8b78b76fb23c68ec9ee9bba55c263eb9af6ffc2209394b76a7ced8c430b2",
                "a46186c1ef8bb0321e61c663715b98d4f3b4495a24639b5c4ed23653430d77a7",
                "2f29883550dadc8d420cf7e58694b1333970ac545ba1bd1be73ee3e0fdc41cc6",
                "ee35046fbf657fcdb6e6ba6cd28f71878c20a736a10a50a1e6937c87e763c992",
                "13e60d8a05a16672999ffc8264d28617a1f366ca9f2bde4f74ec129a9a93cb17",
                "15e26c70fe3cafdc2f594460ca73028c94f4ec64cd14087c18f3101a63d3997d",
                "0039596c06b2218368b45b2b0c4b3b81e460ca4cbcbf1675d5ebf012eda1114e",
                "59196d9e82e2ee559b721f7024059ae819ce399e8ada3b2d6365fb115436bca4",
                "64b48c25e0d6a8a6b18251de2d5bfe69dab3cd828c0d2aa9a08252b6e6c52a41",
                "0c422e1da340e36e1e263b964d287e1a43a6a23872279f40d651eb10aa657d22",
                "e95981c6b492b3457f9852b4a4d8f7fb158800a2f8ffa7dcc7d122977b41aa38",
                "861332475e3b62e7853cba8a590a53af6977f975f2e130043a22bb2751d51924",
                "8ec84c432914911daa876de2d0f4961afcf9eaa6c32e3486baca187680666e9a",
                "7ef7a2a28d03d1805185621a057e382df5d3ade73253d83ec4ff6a99416bae0c",
                "7bd9cf0f3a1d4d1407babe4516c3aa6782892cb8d180178641003e17f7d4f347",
                "bc7401d779b45f8a3aa5f20aeddd2810d3a464a9caa0da5c3b04070c2ed9e4f9",
                "ad18773e222d0818642cd1d45133d2ef247ce43a1aced7eb7c8d7376103d97ec",
                "6384d2da0f9905bcf3a0f6ddf228e06e1e64dddb6970a7260e9010a0e1a8c7d5",
                "642135118e8f350b4f2c4236edee52aaa5ea3710a2ddf779c37acec32b982748",
                "68747fec6b6952a08d1b147f90fd0f1b6d07d91365ee90d3d5d721246cc1011d",
                "ad2a2f1921e4c1f6aa68da83bb10e2501250adb4bc9666a24b7bf66932a51e8a",
                "994a085b69b72095207491c6bc64b554d4fe90674f5cc80a95add20644098000",
                "12d57c527c026bd2a3dd81bbc34f0db824ae876a7008eb805876e96211ac9034",
                "0d94fe432c9f3498b105b441eb25079ccfe13cf5eaa4b37716138d30190c014d",
                "8d56826e1f07579ade17cd25babafc45bdad3ce0131b56b9009aefd54ea19011",
                "e024604f4f24684ea77c4a7c0a8060400e0b9b561239219ee6602ba8c550de9f",
                "615a37162785004131faff0722db8279ce0ac9d5215a626b63bed03258014067",
                "63f7608c3c6fb59e25bb0cd51b24b0abaa559fc725ef7a04bc9deba18ce2b947",
                "6bc12759fecabfdea4d860ddbe80a1dd156d74906c3aff30ff49fdb1cf2c02c2",
                "4a34ff667e58b6feffd112ae90306339e68cdfe8ff713cf2e1b1fe14f4250073",
                "48e73d059b7507f2714551d9d752fef2eb5fd5c08ce42e27fb654b8fc01237aa",
                "701a21dbaaf10f66dcb7d9546a1dfa69366ae0d35c0857b9e84ff6bc2cc62fd0",
                "c30962dba1846df56b9390b7eeb155d0743b7afc371c235bf96296e47d94a65c",
                "7911c2ce813618b535253bd31fa654b8e8455727e770bfce5566da4dc93f126f",
                "feb6fb5003e23c4ed1e4c7656bb6a6eb05ac419f47980fe8fe0d23ce38d1520a",
                "927bc628b0c927b1536e5c7dab5801a1d22351d03bc9927b6eca4cfc03341f31",
                "b3fcc28f343024d5e29abfcb7a8321c96eeb3c39ecb4904bebd169bf45997fc9",
                "1647852950fbb42d3096ef16ef326e762697f69c2cc9507ab6a6c3d8439a0d7f",
                "7bf5be57613c61578ca1515b3a8bfa8b8ebff06e3d1b64e4a07ec789008320c4",
                "2c0242c7b3a7b3336fdbe67574fbb2d83045c47749313da8cb460d2b3bc1e756",
                "4c5424c35128678a1ab04eaebb9a2ba3157c3765eef5f04fe1adb478cd21ad59",
                "99c36e4a8a98eeee66e98faf372555bbbfb86fac56473eb306feacae6a202c8d",
                "0623fdcf86dcb2c7371d63cb189cdfae50dcf9db97fca29567644902c3602b09",
                "7823e3398472a73633c3c234f722781b74fc0fc21b645f23659b754e35fedcbf",
                "8aaca5bcfa783e16ce9a0f581e2daf54ec6af362569e1a810bd9d2fc5a304206",
                "2eebd7b9fc330283f378e00bc01d63a20c41d23d7d0f6a42b095c7448fee31bc",
                "4a20b0dd94d4c7093d8a45fd3bb5ec5e7831f5ae03e161656c450be3415efdcd",
                "53acca90f67110f33e988db7a5a05e88b5bee51d5c7e5b3f1030612451797922",
                "81c6db2d233d3a9e84773197678e1a1c081c47ab734d03b96bfc25ef96416764",
                "79a440f830acb837eaafa627d84c0a5f8d29a8964385a61c49c350b435ce0b1d",
                "01690f7307c9ffb0a72f824a4dfdd0b07bed7ec24e618710dc55651c9b03d61a",
                "b9f2643a2742edaa6102212eb04fd6de084fbcd9f6999f8cd4fff55b5033df74",
                "e8a7ad74691d5a4cc23a64d662dae04c39526153f47be3d05153c3c4c9286839",
                "b08b2baff2ec7df5e940b02dd4d4aed9a06242dc980774fc88adfa1e4cca8e42",
                "dbbc17935d0e42d61eb10b47d0dd97e1a3a142973bc838593bebbd5100749ade",
                "48c62bc5e8236c4313a748dd274f941e59c433f66fad5ad8df7a7825b0be7546",
                "970337d8faf3f65c8517c3173572ee8c95e3d696a0175517c636a2817b18a38b",
                "4ad771eb4c7fb8554135eabd0d44dfd8a84edde9d7a1f4d0451abe99889ec89b",
                "683bedfdc0ce8f833717f95e66c32990cf8ea4a1daf734cfd9fdd2c41a261b10",
