{
    "domain": "1pdata.app",
    "owner": {},
    "source": [
        "DuckDuckGo-US"
    ],
    "prevalence": 0.000325,
    "sites": 46,
    "subdomains": [
        "build"
    ],
    "cnames": [],
    "fingerprinting": 2,
    "resources": [
        {
            "rule": "1pdata\\.app\\/hhtransmute\\.js",
            "cookies": 0.000191,
            "fingerprinting": 2,
            "subdomains": [
                "build"
            ],
            "apis": {
                "Document.cookie getter": 19,
                "Date.prototype.getTime": 20,
                "Document.cookie setter": 20,
                "Navigator.prototype.userAgent": 20,
                "Navigator.prototype.language": 20,
                "Date.prototype.getTimezoneOffset": 20,
                "window.sessionStorage": 13,
                "Notification.permission": 5,
                "Navigator.prototype.plugins": 5
            },
            "sites": 33,
            "prevalence": 0.000233,
            "cnames": [],
            "responseHashes": [
                "25041d0af78cf2a7ab0a5ea1707c73db079bdbbc464b271f9423f7f789a32a90",
                "bccd58355aeb516fe77a87553e74fb1ef31fb7be5a7f40c1c3b7a85c7ef4da77",
                "b36013236cdfc6f976db5ee4e756d73733cd8bd2e5dca0e0436e13f796d2f36c",
                "d90fd596194c60588487a6da735258692d8cef352c31f79a05f3ffcf5e345c08",
                "9d54511f50b6e30ceffa144804f666e99585e8659ceb7fedd7fb47f6d6ec57dd",
                "af83254900bb302860215e884d453fe0139f60ec5cfa4f19df03ec8ef23d0634",
                "f7436b857493faa8bb9173b7cba25212c1e1fb83545d02681d9389370eca85e2",
                "63a07eec4a6fadac294ef4721b957ad568dc6c51cfbcc683dbb9fe839787918d",
                "47215836b2c71ac5b745b9f23a6ebefa884c5650458120c6b5423acc5372e1cd",
                "c444ea133cdec2ba08fbc7526c91c40957c85b9d14b785308cbb5b5301cde5ab",
                "c3eeba9dbe2287b8e26cf346c63fb94b8fbd2842a23c6cfae5bdac296376d8c2",
                "f1fc55e628347b016a60b5e81622592b240c2bef90d8a974cd5751bd1229bbc3",
                "5daf22874f4b77ed18dfb3a5120de6e969b06d65828eba71ecf1e954d88337aa",
                "bb8992ee6fcaa97c4bed298e22353915b280341f20e739a4ee407081823c3882",
                "ce57cfa0680d6efc36b24647c49418c5f35c63b96ac99c9a3956ece0eb19bf45",
                "01c9b392db86ee6f41c11df67005a4da737c4fc7fdeb95d555ff97897df3ef8f",
                "f17bd30b1f6a706c2b369f2da8509bae8e6f0860310e2e018ec6421dc69faa16",
                "c95954aba3d3a4ca1abaee04eeb6f8fd672d49d8782b8085a3aab73e3da11153",
                "4798f300a8e4649ce011ac12ddbfbade61ba54521292532405ad15de2911b166",
                "403d243db01ec20689e50fff7ea82cd4a54e86d12458394c99c5c0d4958cd063",
                "3c91d2fa2e6ba4eb87ccb2165332ce0ec5ddf77c65fe5d684b292c11eb8b1aa5",
                "35326b63cdc536a06d2153bf0d0e2d834f2ed22d2de7280a48a5f3bfecfdde99",
                "f51e353e45a82812ccbfc29043a885b417d56877bf0c46b8b44bc1d885781008",
                "3494570902f0272e809c1e3f7577c5f522269afa22556a94034b9a535d638d83"
            ],
            "type": "Script",
            "firstPartyCookies": {
                "fullthrottlelims_t2": {
                    "ttl": 630720005,
                    "length": 10,
                    "prevalence": 0.00013439339067451334,
                    "uniqueness": 1
                },
                "r": {
                    "ttl": 7205,
                    "length": 1,
                    "prevalence": 0.00013439339067451334,
                    "uniqueness": 0.05263157894736842
                },
                "acs": {
                    "ttl": 7208,
                    "length": 1,
                    "prevalence": 0.0001273200543232232,
                    "uniqueness": 0.05555555555555555
                },
                "lat": {
                    "ttl": 86408,
                    "length": 10,
                    "prevalence": 0.0001273200543232232,
                    "uniqueness": 0.05555555555555555
                },
                "lon": {
                    "ttl": 86408,
                    "length": 11,
                    "prevalence": 0.0001273200543232232,
                    "uniqueness": 0.05555555555555555
                },
                "acc": {
                    "ttl": 86408,
                    "length": 18,
                    "prevalence": 0.0001273200543232232,
                    "uniqueness": 0.05555555555555555
                },
                "src": {
                    "ttl": 86408,
                    "length": 1,
                    "prevalence": 0.0001273200543232232,
                    "uniqueness": 0.05555555555555555
                }
            },
            "firstPartyCookiesSent": {},
            "exampleSites": [
                "compare.lithia.com",
                "www.aisd.net",
                "westshorehome.com",
                "www.airliftcompany.com",
                "www.sharonview.org",
                "byrna.com",
                "www.kaaltv.com",
                "www.etsu.edu",
                "bluecompassrv.com",
                "www.coronacigar.com",
                "www.geneva.edu",
                "www.bluecompassrv.com",
                "gosunward.org",
                "www.bigtextrailers.com",
                "www.arborcompany.com",
                "www.visitpensacola.com",
                "www.clopaydoor.com",
                "www.lithia.com",
                "www.ramtrucks.com",
                "www.pimafederal.org"
            ]
        }
    ],
    "categories": [],
    "performance": {},
    "cookies": 0.000269,
    "topInitiators": [
        {
            "domain": "ftlaunchpad.ai",
            "prevalence": 0.8043478260869565
        },
        {
            "domain": "googletagmanager.com",
            "prevalence": 0.13043478260869565
        },
        {
            "domain": "first party",
            "prevalence": 0.06521739130434782
        }
    ],
    "types": {
        "Script": 33
    },
    "nameservers": [
        "ns-818.awsdns-38.net",
        "ns-204.awsdns-25.com",
        "ns-1277.awsdns-31.org",
        "ns-1744.awsdns-26.co.uk"
    ]
}