{
    "domain": "4dsply.com",
    "owner": {
        "name": "AdSupply, Inc.",
        "displayName": "AdSupply"
    },
    "source": [
        "DuckDuckGo-US"
    ],
    "prevalence": 0.00046,
    "sites": 65,
    "subdomains": [
        "cdn.engine",
        "engine"
    ],
    "cnames": [],
    "fingerprinting": 2,
    "resources": [
        {
            "rule": "4dsply\\.com\\/Scripts\\/infinity\\.js\\.aspx",
            "cookies": 0.00012,
            "fingerprinting": 3,
            "subdomains": [
                "cdn.engine"
            ],
            "apis": {
                "Navigator.prototype.userAgent": 26,
                "Navigator.prototype.platform": 26,
                "window.localStorage": 37,
                "Date.prototype.getTimezoneOffset": 27,
                "Screen.prototype.width": 32,
                "Screen.prototype.height": 32,
                "Navigator.prototype.mimeTypes": 33,
                "Document.cookie getter": 29,
                "Document.cookie setter": 17,
                "window.screenLeft": 17,
                "window.innerWidth": 35,
                "window.screenTop": 17,
                "window.innerHeight": 34,
                "window.sessionStorage": 21,
                "Date.prototype.getTime": 12
            },
            "sites": 41,
            "prevalence": 0.00029,
            "cnames": [],
            "responseHashes": [
                "4e0305a5e44aa6060c8b2c7c74465faa0824ca8f72a5421a84afa260c5af1c14",
                "231dc8dd16361e845a471792184a89b6909355a031341063e1108edf641f243f",
                "0981a6c13e156e1a31c31269b8b14a4ba7d4e668009db8c049c5c011ef596441",
                "04fd2d8218aca02613ebc0317644069b96d7d81eb961a1a0d43aed6617361712",
                "b1a0d01036f15c733e3ee4383a60afb6a56c07be75d86fa2d1085ac5311faa93",
                "25cd7270341451ed5abad8b0910b40e7e0a8c49b925e93ec0eb2bc623f47fd68",
                "745186b61e6ea07e1e2aacefd956cc3257895be0205ab7785e4e749cf5a6cb94",
                "094b80b21a75b045daaa253655c78b5a8f41a21efc5ff45011915c786e1af99d",
                "17c85fedaf500b9cf20c3baddde22099e8b1432cd30e20464cfe0beb5ec9d0a8",
                "751a3e1969a308b6478ba0e0de8e60f1ddc7e43416ad05aecab83d1a7b29b6b8",
                "3e8d004756317ae8c014dc8e6c323ddd044ccf44b243fd6c695c2165c63b1a7a",
                "38e55d73cf0c5fd70f0f48960703623444833cd52f2e29ebbc345aaaa202aad8",
                "e2692740c80079416748bf69da7d090449935131e1962e35d923d7ac2ae2f7e6",
                "533ea4003b84f3fcfd02a053c5c23dd5538160c0c932d82e313b9bcd28ecea37",
                "57d2256fac385b55c88bb51552fdc7968daebed0a60d7d1dbbb16a3d9377589c",
                "b57863bd2dbb8d3c93716ed6ad6cbf1b7389e0f99d1b5ad4a2555289252fd3f6",
                "e529f212a5999efdaf63b5a1f28c1067032ecc5b5262f01532957e529d98e519",
                "f61754f88edba5b31313ff3519bd07003fb58f4e5b981223eb7552a3958aff64",
                "ca1fcea8010924818a1cd18d73e8c3b0813ce567325c477470cb721c72e39338",
                "e2130c0bc278e54d6819b482ffb166fda8157da0306844cc0949874f6b3d43be",
                "dcaf875e54f9b1642b03f51d85eed374e4076cbf9b6a532cebbb1b1356f896f8",
                "a4c6312cd1ccd83807269e10153348adee50afc36bdf32171e109070edaad413",
                "1dbeea23c8a938b3e742dc21419d062245129a564d2bb49685b2e31321bda57a",
                "33547c1bed9ee101a09ddce0314f91fcf090c473a95b778bdee8481dacf58741",
                "f478f47928d5b617d7a813993ac3b101f81df3ae81bf2d4e8389b02a327a0833",
                "8d13f68610eb68e0b6db76b2a23938a48764f8c424e5d7e1f7450ee51201ee18",
                "1dad475b57f2cde4a7a6489d1e05fa762d0274c23f5bf68a2c29eedc99508239",
                "95f9ef71d6fc5ff75e8aafd1ffa5ed709017c79dd1cca34392a527f450148270",
                "8048e1e64a0dc1ae6566fafbcf830f66e82c0771e736d16ca382209131f841fb",
                "1620010b4d6684be98e4623cc3a777ea45a6c59fb125a5d271388626f887e9ee",
                "70d9e61a77b6e5cd2885058c1a441667d84a30e22aeca9195f35f0cedd755976",
                "f633a31fd3939af4bc8a3280b5448ba23ce5b60344ebb09705b87c6c703bad0b",
                "c18787709251658920d33acf4ed6bde230e32ec3af26fbcc3c86d69d1b6a4c0d",
                "8d4560ced2ff9f48efa59507c47ab4875f36129e0427ce621f4067aca36c2100",
                "086c89c9cb4f78cd91420773feca4bd3b39a400097c7cd3058c40cf001b7b34d",
                "e526cd9a6302c555fd46f723f9b699bb5439d7ec66763bfabf63865b3f72660e",
                "6f01f6a988d86ef38c3c9843ce21e582bf7d780a04426f5e37183627f397eb81",
                "3509ebc669cb19d61ee8d84adbec273e8162db1373e03ca7c6878380ef7fe7a5",
                "86343a881ff0757d13f67c10d222e5e5fcb6220ce30be64cb68b8b57e5980968"
            ],
            "type": "Script",
            "firstPartyCookies": {
                "g36FastPopSessionRequestNumber": {
                    "ttl": null,
                    "length": 1,
                    "prevalence": 0.000120246717971933,
                    "uniqueness": 0.058823529411764705
                }
            },
            "firstPartyCookiesSent": {},
            "exampleSites": [
                "theconservativetreehouse.com",
                "www.breitbart.com",
                "www.thegatewaypundit.com",
                "am870theanswer.com",
                "charismanews.com",
                "www.independentsentinel.com",
                "mikeonline.com",
                "wltreport.com",
                "ricksfreeautorepairadvice.com",
                "metaxastalk.com",
                "vidmax.com",
                "therightscoop.com",
                "mycharisma.com",
                "gunanalyst.com",
                "660amtheanswer.com",
                "operationdisclosureofficial.com",
                "www.wikifeet.com",
                "www.whatfinger.com",
                "iotwreport.com",
                "www.biasly.com"
            ]
        },
        {
            "rule": "4dsply\\.com\\/Tag\\.vrfy",
            "cookies": 0.0000212,
            "fingerprinting": 0,
            "subdomains": [
                "engine"
            ],
            "apis": {},
            "sites": 17,
            "prevalence": 0.00012,
            "cnames": [],
            "responseHashes": [
                "e3b0c44298fc1c149afbf4c8996fb92427ae41e4649b934ca495991b7852b855",
                "70fd0df13d98b86fe834a568d0ff94c3ee11af7c4b6430a11d062b0e8fa6723e",
                "e688634be18ca8e07e9edc18c8b8e2d607d3d9d7aa10c506bf29d32e5fe0b03d"
            ],
            "type": "Script",
            "firstPartyCookies": {},
            "firstPartyCookiesSent": {
                "token_QlJAAAAAAAAArRMIRsGBk-hpXXMDyS9EWV8qBEI": 0.00007073336351290176
            },
            "exampleSites": [
                "canadafreepress.com",
                "capitalisminstitute.org",
                "drunkenstepfather.com",
                "metaxastalk.com",
                "mikeonline.com",
                "mycharisma.com",
                "protrumpnews.com",
                "selfreliancecentral.com",
                "silverloch.com",
                "slaynews.com",
                "vidmax.com",
                "www.biasly.com",
                "www.independentsentinel.com",
                "www.theburningplatform.com",
                "www.thegatewaypundit.com",
                "www.whatfinger.com",
                "www.wikifeet.com"
            ]
        },
        {
            "rule": "4dsply\\.com\\/verify",
            "cookies": 0,
            "fingerprinting": 0,
            "subdomains": [
                "engine"
            ],
            "apis": {},
            "sites": 14,
            "prevalence": 0.000099,
            "cnames": [],
            "responseHashes": [
                "39ca3c85734717cf31f55ab2e7d04d8ad2438a3bd9f6f46fae350d12506b4699"
            ],
            "type": "XHR",
            "firstPartyCookies": {},