{
    "domain": "54.156.2.105",
    "owner": {},
    "source": [
        "DuckDuckGo-US"
    ],
    "prevalence": 0.00117,
    "sites": 165,
    "subdomains": [],
    "cnames": [],
    "fingerprinting": 0,
    "resources": [
        {
            "rule": "54\\.156\\.2\\.105\\/is",
            "cookies": 0,
            "fingerprinting": 0,
            "subdomains": [],
            "apis": {},
            "sites": 158,
            "prevalence": 0.00112,
            "cnames": [],
            "responseHashes": [
                "cf120b4fd218cd7d4b9981d0d8767c10ac6c9d01f8541257ae955f96febb049a",
                "6b5af1965aa1388618702812d3e21a9a70d8a36de985e056f661aff4b4a8004b",
                "a92e24ab18f853f7d25ac29debba23fc677163c5ba598c7a23774b801ca8cb14",
                "6a9a50f3072586b83c2bb787049777910059f0c2ef5909f338c845acdd4a894e",
                "76e96decc3472e0b4f1d05c09cf907f6963e5f6b4b080cb94ed47095b65a72cc",
                "e96eb056d5849c588bedb522dab498d89bfc416726207206c9d143a539e9e252",
                "651833af8b8ccd9e1918883e00cd20befb679b61e521534fce1e5e0d3f042df3",
                "48e09ae2bc0f858dd7a4365800d541bd1ac6c25e70ec20801841bef1e60d52fe",
                "8fad3535d69a9b5464f923e489ebcf0ea74ce5107f5bbb4390e1303184f1714d",
                "53c4b57aac8b45d3396d7fb20fa87c7b696449b889ac61a09a6389bc609cd7b5",
                "749311392c81d8861383f3060a4209f78599fe7c3fe3a283c69a402095a43312",
                "2b6d9cb984d8db4626dd9e7d230ef79a52a25cc60884cc5cb3d95f734e5b2529",
                "cbf698370111fe2feb51dab07f34be87009221e19a339c0be58b9de69bdfe1ae",
                "169503bd3cbc61b5ae9f9494c277029840e431bff24c9affbb5a563d3f09a451",
                "6625a4a2c774c57ebea9254519220b3854a4821151e983ad93b2df844f216c5b",
                "37444eb430f4100cb055b68aa7fa63944bb6c627e0a01a6520926c5c3b9a77bb",
                "7fa52d0f4b74fa693635efd3a5b6b4768d870d1672591afccbaaee4424f21375",
                "98c3d33d4e1b5d9a834c489338dd1cbad4056a3051ce923994bb95b6a559dd70",
                "a5476bd74c7b5f6d3d80ff68eff8873ebb0f986605f610cca467f1b8f772f9f8",
                "784a69b3eb0aea10bb6573c5ccd6da518983b3ff5a404aec59b3067c8f4bc978",
                "65b6bcd9040b5bf4bdf0091046e6cc638ac0c0c5738d96c7276034e513eb58c5",
                "2ee9bbe24bc9f6d8804e8049af580c3c56cd1ad87b9ce5a53d14683a77745810",
                "bb1beeb2e12e85e3044faa3da064af5142c637110b6576d0b2f75ce83f7610f9",
                "ff40857fc38af8922bcc051d17d7f3d0cfd033af4892500f76853f8e5567a6f5",
                "43d173b19e463cfd2769282c50eee8f6e6034f4a0b1a86fc1ff18d3497ca2588",
                "1cc4fae129c29526d9a00bd8a3311c4b68188cbb7f7671e7a49ef9f1dae01ced",
                "82055d17bef01938190640a1b3095c8c616810992422867dcf67401c70450ef5",
                "4b4fcbe9035a905bcef76b0eb3603d60abd0e1012732c41a6d143a9ecfcbaf4f",
                "9534e2889980b519971b7e83be5a620a7b952b1c43d152d1af0481809fa48332",
                "fa0960c99445e446e4d0de395591be0fba1f501d8024144008c44b51b98c7a27",
                "096844a27e26186966771aa8b0478a3d4a713bfee62160b9847eac75fa611e40",
                "b32835252f5f79f75f1e9d13b6726a0b77970308ce2ac483fe10d38f94ebe0c6",
                "19b6bdeb364f205b61a1c39873ea01b453c4caa1674bb9513a04391235b56124",
                "0b2ac28df1e50c2ee94a010c9ebb588c39fb1d1e09d136266daeb541a9a1b22c",
                "59129c91d3df2be663201e125d085d62b758f4bc2ccc92edc6ea46cda7691de4",
                "5c729d89c0a03420257f1237b93f4a8548d5869014d3ee554b6a19c466165f9b",
                "58ab463d04c882d95728bfacdc9fd8ed0d692d9dcee955804cb8e1ca767e3a94",
                "95040f0a72248209b1ecb3687a6103ac0f02da33fb25cfa9f55676f4afe82e92",
                "e0540b3a7dcaa87bda9ecc0721494317c7b7ba00f45db21711a1b821f75cb4ea",
                "f604ea6839a85465cff1b22a5a91e551d956f35be7091618a7a8c02130cbefa4",
                "85d7634f391366c1db8e0f9af73958733c39dfa7d142b3061e0c24735c189711",
                "926b8f37be76cc0e2402a61774ab30c53ae45dfd82df69b51dc03f7a0ac71d8f",
                "3e9e25a6b24b6ac5e9843202b9799b91b5282965a3afb27557a928a0d364d6cb",
                "068adadf78bebd18b092583f56f7ee0cf8b8a0d4fcac573e1e7f575e447a4727",
                "ecbffda4a758a6d574dce2476c737bdac28118f36634b2952c9e45f23da0cd8a",
                "18d581d6fba90260d329e45c790ca6dd666ad93cc3d99cfa7ebf12671ea895b2",
                "e6e62d9566f3cdaa04f72eeca4d88c9ccbc995ff41d107216c324c5c00a6383f",
                "5b31d9eb009c95241f2d4ff5d8470709a07c479e16e9c41bcaefff4b3c89f0fc",
                "1df86ac71ef31a9598dc786525f0aa79208d8450d682a28ed5ffe95b201a6882",
                "512a1459798919fcaec6b494f5a4136b1975d0316cf83e9162d92e0e20df0561",
                "a3a8fcb2226c9ed867b45485209e8c1fca7a83cb46cc3f96acf6b84146cfbb8b",
                "9db0f41bb2a053dcbf09ec95e5c04ce40089062fb6ee531256f3f130ec95d2c5",
                "7ce9098f56621c13be7f795194a88fe4c891bd630ff0b36c881776902ba217a4",
                "e1d5472c6291accf73047db1a199fddc65dd81fff2e59ad343f23777393f0df7",
                "7360e7f4c3d14754eab542c96e11462a0d0106095b5000f39eb9d060288a3896",
                "9b78061d9b02109e5bc7c0bf069161de56969e90b58569f9b80ff3d547301202",
                "aeaf02c1660962c62c148de6d74b5aadb13d761c90104ff8280174f9faee80de",
                "42c0eb90375412978d702a89e76d2ad33037320e4a14583f0a5f44481cba1c3d",
                "a09351759550a2693d1540e84574fd8b8224de171ee93bbe3f508da60920e5b0",
                "0b2e5fe473bc3c00caa71e5c6e8815fed2adb67b479088fef611563998c59097",
                "7e31a47ef7f4dafdae1ec551aa567693579f47dc806ede5eb4d90dfb07ca06a3",
                "a385e1fa5bb35f40da250bce318a4be4ea04c459225164aad28f11074ba9ac30",
                "0899915cadfe706e9fb57e5c092182e66793457aba7100aeba97efb3f7460336",
                "5f07fc457aebf5f7fcb8fe5f5e33c2ff8cb4a0898a37929065df4247e8dbbc3d",
                "722914508692fb483ef60d19bbc7083bd09d18fad93cc1d5d2b001dc72b8705a",
                "6567c9769efcf6fecc4c3fb30d31522cfa1cf382a35d73e12491cf24b38ee119",
                "846e3b4790b719aec18aeba09100f2bb862e5f8b8253b57e28a89bac0ee84401",
                "05205cf790291515cd5fe6c661784f02d4b8734518f8b19aa4a6636eb6704001",
                "1d4a3ef92b27ab577efc32f406dce426472e550e430fa0384eb1bc275b3c2aed",
                "4254cc7222a6e816acc7595054c31129fb629c949d52ba0ae518137e3d6a8fc6",
                "3f517c212aa74038e2e2d3c12d05ad2160c72cfba9a4587ef2fb0f395e2f639b",
                "43d20fece42807eacc0a8db00c25e5678f2f397fc47b3c525113f8ebbbe6cb3a",
                "c92f751ff832ebf6953870950dd169b1b6ac03a4e961c9a7a17be15868bec7cd",
                "93d13b7c4200c89c049245267d1f2dfa78cfd566750c6570c3ce38b16a8bafd8",
                "ae5893cd200170feb10f9ce204abc6588460078866dd11c0f00a4d2d8042f7f4",
                "907fb8457af25f84780edebb9de93eb8ccb7ff2851e58d459be9ea2a3a55b67b",
                "1539fb538bcfa0a400284086080a0435bea67070d9c8fc755467b1650860d60a",
                "73a90c3603f5e452529a10ecfcd44580df1e3a364eae5674b6f6ae89a51e6ba1",
                "a9bb042ce013ade6eee3f59a90984b783760e564f9a45b7e8465e59bff411a35",
                "7c995f1dad36c0fbfc0595448f0d765915b1ca29b210f6d377662dfccd3c951d",
                "f0ef2465f20cc5fb2059ffdbb954e5db00352b6a3e56fd9b59f221dbf0060245",
                "55a943542d7183d40f521f1dd4adc46141f78c7c900c9fe59839d4f850d70d5d",
                "3fad109f5d6bc6a689dbfb8436c5b522629eda30131f468e34e91c69dfa52b11",
                "93e6df4d951921fffb8063eea769f84b8143634b075aad1068d6bfe26615ec60",
                "a6f610d62d1963f42deb87532079aee2f37f893b75b69496a0fe254441a15404",
                "39aad247f077d6f2ecf9ccb9dc7bcf065c441edcef576941299687515d92430f",
                "4f88c62e144e6fa923153df19fb9f3305244e2d6a861d1512652dae63c708719",
                "898b9d8ed4a1a3e98d8c324aba343f085b8c5802dfcf9c8a1b7eac5f1ecba926",
                "4bdbc1695ba6f8eee3a8e5b700f0cd82455ee4036e3b4749d4738e46f676114a",
