{
    "domain": "a3cloud.net",
    "owner": {},
    "source": [
        "DuckDuckGo-US"
    ],
    "prevalence": 0.000212,
    "sites": 30,
    "subdomains": [
        "t",
        "segment"
    ],
    "cnames": [],
    "fingerprinting": 1,
    "resources": [
        {
            "rule": "a3cloud\\.net\\/AM-141096\\/tag\\.js",
            "cookies": 0.0000141,
            "fingerprinting": 1,
            "subdomains": [
                "t"
            ],
            "apis": {
                "Document.cookie getter": 2,
                "Date.prototype.getTime": 2,
                "Document.cookie setter": 2
            },
            "sites": 2,
            "prevalence": 0.0000141,
            "cnames": [],
            "responseHashes": [
                "e1720400748670f08b0252d4bde926feb8733169c20b9a8761c161fc995e70c0"
            ],
            "type": "Script",
            "firstPartyCookies": {
                "ats-cid-AM-141096-sid": {
                    "ttl": null,
                    "length": 8,
                    "prevalence": 0.000014146672702580353,
                    "uniqueness": 1
                }
            },
            "firstPartyCookiesSent": {},
            "exampleSites": [
                "sonos.com",
                "en.community.sonos.com"
            ]
        },
        {
            "rule": "a3cloud\\.net\\/px\\.png",
            "cookies": 0,
            "fingerprinting": 0,
            "subdomains": [
                "segment"
            ],
            "apis": {},
            "sites": 18,
            "prevalence": 0.000127,
            "cnames": [],
            "responseHashes": [
                "e558424ac245701349259101ac073e9259faa3331e7f1b8a1f1242703096cdfa"
            ],
            "type": "Image",
            "firstPartyCookies": {},
            "firstPartyCookiesSent": {
                "ats-cid-AM-141096-sid": 0.000014146672702580353,
                "ats-cid-AM-141086-sid": 0.000028293345405160706,
                "ats-cid-AM-141101-sid": 0.00002122000905387053,
                "ats-cid-AM-141624-sid": 0.0000070733363512901765,
                "ats-cid-AM-141628-sid": 0.0000070733363512901765,
                "ats-cid-AM-141554-sid": 0.0000070733363512901765,
                "ats-cid-AM-141124-sid": 0.0000070733363512901765,
                "ats-cid-AM-141528-sid": 0.0000070733363512901765
            },
            "exampleSites": [
                "sonos.com",
                "en.community.sonos.com",
                "gaco.com",
                "help.fox.com",
                "locations.massageenvy.com",
                "massageenvy.com",
                "nation.foxnews.com",
                "shop.hersheys.com",
                "stores.pandora.net",
                "try.nation.foxnews.com",
                "www.aarons.com",
                "www.atkins.com",
                "www.citizensbank.com",
                "www.equifax.com",
                "www.fox.com",
                "www.journeys.com",
                "www.massageenvy.com",
                "www.sfmoma.org"
            ]
        },
        {
            "rule": "a3cloud\\.net\\/AM-141086\\/tag\\.js",
            "cookies": 0.0000354,
            "fingerprinting": 1,
            "subdomains": [
                "t"
            ],
            "apis": {
                "Document.cookie getter": 5,
                "Document.cookie setter": 5,
                "Date.prototype.getTime": 4
            },
            "sites": 5,
            "prevalence": 0.0000354,
            "cnames": [],
            "responseHashes": [
                "53f7cfc0adee020743823a46a44255fca4a61457c685d62eeafaa5fa33fd9bf0"
            ],
            "type": "Script",
            "firstPartyCookies": {
                "ats-cid-AM-141086-sid": {
                    "ttl": null,
                    "length": 8,
                    "prevalence": 0.00003536668175645088,
                    "uniqueness": 1
                }
            },
            "firstPartyCookiesSent": {},
            "exampleSites": [
                "fox.com",
                "help.fox.com",
                "nation.foxnews.com",
                "try.nation.foxnews.com",
                "www.fox.com"
            ]
        },
        {
            "rule": "a3cloud\\.net\\/AM-141101\\/tag\\.js",
            "cookies": 0.0000212,
            "fingerprinting": 1,
            "subdomains": [
                "t"
            ],
            "apis": {
                "Document.cookie getter": 3,
                "Document.cookie setter": 3,
                "Navigator.prototype.plugins": 3,
                "Date.prototype.getTime": 2,
                "Notification.permission": 2
            },
            "sites": 3,
            "prevalence": 0.0000212,
            "cnames": [],
            "responseHashes": [
                "0bc62905fe2d89aefbfb2c56ff9aa988980e744a9b4a7e02ccc1d3d23ae45290"
            ],
            "type": "Script",
            "firstPartyCookies": {
                "ats-cid-AM-141101-sid": {
                    "ttl": null,
                    "length": 8,
                    "prevalence": 0.00002122000905387053,
                    "uniqueness": 1
                }
            },
            "firstPartyCookiesSent": {},
            "exampleSites": [
                "massageenvy.com",
                "locations.massageenvy.com",
                "www.massageenvy.com"
            ]
        },
        {
            "rule": "a3cloud\\.net\\/AM-141591\\/tag\\.js",
            "cookies": 0.00000707,
            "fingerprinting": 1,
            "subdomains": [
                "t"
            ],
            "apis": {
                "Document.cookie getter": 1,
                "Date.prototype.getTime": 1,
                "Document.cookie setter": 1
            },
            "sites": 2,
            "prevalence": 0.0000141,
            "cnames": [],
            "responseHashes": [
                "ac7f32178aeab340f2e101ce14c1f9125b6fcd2ca9b5d00cc90c0599235ee7d5"
            ],
            "type": "Script",
            "firstPartyCookies": {
                "ats-cid-AM-141591-sid": {
                    "ttl": null,
                    "length": 8,
                    "prevalence": 0.0000070733363512901765,
                    "uniqueness": 1
                }
            },
            "firstPartyCookiesSent": {},
            "exampleSites": [
                "hersheys.com",
                "shop.hersheys.com"
            ]
        },
        {
            "rule": "a3cloud\\.net\\/AM-141550\\/tag\\.js",
            "cookies": 0,
            "fingerprinting": 0,
            "subdomains": [
                "t"
            ],
            "apis": {},
            "sites": 2,
            "prevalence": 0.0000141,
            "cnames": [],
            "responseHashes": [
                "44136fa355b3678a1146ad16f7e8649e94fb4fc21fe77e8310c060f61caaff8a"
            ],
            "type": "Script",
            "firstPartyCookies": {},
            "firstPartyCookiesSent": {},
            "exampleSites": [
                "airnewzealand.com",
                "www.airnewzealand.com"
            ]
        },
        {
            "rule": "a3cloud\\.net\\/AM-141628\\/tag\\.js",
            "cookies": 0.0000141,
            "fingerprinting": 1,
            "subdomains": [
                "t"
            ],
            "apis": {
                "Document.cookie getter": 2,
                "Date.prototype.getTime": 2,
                "Document.cookie setter": 2
            },
            "sites": 2,
            "prevalence": 0.0000141,
            "cnames": [],
            "responseHashes": [
                "89c57a853c7e653ddbbb2a737db079a0a0a5cf0a07e6e34081859d1ed17138e0"
            ],
            "type": "Script",
            "firstPartyCookies": {
                "ats-cid-AM-141628-sid": {
                    "ttl": null,
                    "length": 8,
                    "prevalence": 0.000014146672702580353,