{
    "domain": "ad-nex.com",
    "owner": {},
    "source": [
        "DuckDuckGo-US"
    ],
    "prevalence": 0.000205,
    "sites": 29,
    "subdomains": [
        "img"
    ],
    "cnames": [],
    "fingerprinting": 1,
    "resources": [
        {
            "rule": "ad-nex\\.com\\/data\\.php",
            "cookies": 0,
            "fingerprinting": 0,
            "subdomains": [],
            "apis": {},
            "sites": 21,
            "prevalence": 0.000149,
            "cnames": [],
            "responseHashes": [
                "e3b0c44298fc1c149afbf4c8996fb92427ae41e4649b934ca495991b7852b855",
                "dba50901e369792ed9f9a01e3be369f60b556e92eb35019120bfe889ca89a5a1",
                "aa7f1c686fb7c0d2b93f7991ec591a61ba70c0a1dd871fb797f79e471320368c",
                "6515257ffd7b347663b6e59c86a047179648af9bad485c0fd302877f499e1596",
                "c7dfc61f0feeddda28fef621ed0d5a9f35a05332308ab0077f6786ddf0354a8b",
                "51aa71a6c50f10456cfb4685be50c65a71eb00ff70dc68a6f47833a15a9724cc",
                "777ff57a7d59b82a9b9f0bfc862d61ddd0bd38ab1d0e963c29591897b4afdef6",
                "ac6bfbd774f673ead2d70ac4df7931a098dbfa3a206fad677165f3346972e6a8",
                "f919903997efbbff8c19abc4498bfb7ca1e1f0398ef948e37031c321069bc99f",
                "e7acd4ee65e25cb8fd6f5823333bdd41de861b3ccaace4cb7a24c157251b3b97",
                "cfc5f5a1d9b7859dd682b4417242a0ef729b8a3d099851cc969db83e00013276",
                "93798265bbfc885e39a08d425b8d0f0df664c6254a9b0770de93df34b3a0e7df",
                "2d9abd887d1a0747096ff8ad298c4cf2f7ad9b69b5d57ab1d07be730e5ab00e7",
                "98685adc193c265fec689e309ed29611f432a661ae5b933ef569d58c83876704"
            ],
            "type": "Script",
            "firstPartyCookies": {},
            "firstPartyCookiesSent": {},
            "exampleSites": [
                "eropasture.com",
                "puni-puni.com",
                "pashalism.com",
                "lolistyle.work",
                "panchirach.com",
                "bi-girl.net",
                "nuki-dokoro.com",
                "hvideos.net",
                "4545.to",
                "adultgle.com",
                "erogazou-choice.com",
                "panchira109.com",
                "geinou-nude.com",
                "geinoujin-gazou.mixh.jp",
                "ita-do.com",
                "jav.direct",
                "openloadpro.com",
                "lolidouga.click",
                "chiralism.net",
                "javfan.one"
            ]
        },
        {
            "rule": "ad-nex\\.com\\/file\\/universal_tag\\/mggxalx3gxsz\\/uggxaq0mwz64\\.js",
            "cookies": 0,
            "fingerprinting": 0,
            "subdomains": [
                "img"
            ],
            "apis": {},
            "sites": 2,
            "prevalence": 0.0000141,
            "cnames": [],
            "responseHashes": [
                "9e01ee8e8bf85cee154677e54d9fd8a1efd87b25a533bf57ff0a5bdf4cc5d861"
            ],
            "type": "Script",
            "firstPartyCookies": {},
            "firstPartyCookiesSent": {},
            "exampleSites": [
                "lolidouga.click",
                "lolistyle.work"
            ]
        }
    ],
    "categories": [],
    "performance": {},
    "cookies": 0,
    "topInitiators": [
        {
            "domain": "first party",
            "prevalence": 0.5793650793650794
        },
        {
            "domain": "ajax.googleapis.com",
            "prevalence": 0.42063492063492064
        }
    ],
    "types": {
        "Script": 23
    },
    "nameservers": [
        "ns1.dns.ne.jp",
        "ns2.dns.ne.jp"
    ]
}