{
    "domain": "ad-tech.ru",
    "owner": {},
    "source": [
        "DuckDuckGo-US"
    ],
    "prevalence": 0.000099,
    "sites": 14,
    "subdomains": [
        "img02",
        "cls",
        "profile"
    ],
    "cnames": [],
    "fingerprinting": 0,
    "resources": [
        {
            "rule": "ad-tech\\.ru\\/file\\.jsp",
            "cookies": 0,
            "fingerprinting": 0,
            "subdomains": [
                "img02"
            ],
            "apis": {},
            "sites": 12,
            "prevalence": 0.0000849,
            "cnames": [],
            "responseHashes": [
                "c3d8f06ed8102c27d3e1d991c3734d649e101cc72af7ae00af95f419621ff455",
                "71b126c44082c0883b1bcb87b203357ef9a54f9ea543bfdf48fca00fd7bb6702",
                "0122b44c427e2cbb74d6068edaf8ba6c3c105b1d2b7cca80cbd1173a39298594",
                "54e8a4e70341b32919b905d116c470d10b4680453a43fefb8521931f0fe177b9",
                "b7abdf50103023c7fc90702296c395bf358dfbcd16abb4d37aa879bd28edf26b",
                "a344a68e4ba833a12f62ae3ba240783f9ea34df5efa5ef3c6fab599ccbd6e89d",
                "90a15a0e82415612e9b44673ffc740a557b5f8ed23e82406cfb8fd5231154069",
                "eb816c37e98d48cdb9861b1eb2b4f2849902d2a8889a0857d73507a57e69bb10",
                "88c7fd5e2cec1370d8a500b7ed2377f95ad00e9860bd934d2d88cb37a225128b",
                "1cbdd51cad45f3ebe04417a97d7987f6a7bd0f8fb99865ea5d5ff0b2a4d017d3",
                "3033a85368ab4811180761870d7c4edcd93ca2a513fa2880b7cb3738c5cc9e35"
            ],
            "type": "XHR",
            "firstPartyCookies": {},
            "firstPartyCookiesSent": {},
            "exampleSites": [
                "eda.ru",
                "finance.rambler.ru",
                "horoscopes.rambler.ru",
                "lenta.ru",
                "m.gazeta.ru",
                "m.lenta.ru",
                "news.rambler.ru",
                "ohnotheydidnt.livejournal.com",
                "woman.rambler.ru",
                "www.championat.com",
                "www.gazeta.ru",
                "www.rambler.ru"
            ]
        },
        {
            "rule": "ad-tech\\.ru\\/api\\/v1\\/events",
            "cookies": 0,
            "fingerprinting": 0,
            "subdomains": [
                "cls"
            ],
            "apis": {},
            "sites": 13,
            "prevalence": 0.000092,
            "cnames": [],
            "responseHashes": [],
            "type": "Preflight",
            "firstPartyCookies": {},
            "firstPartyCookiesSent": {},
            "exampleSites": [
                "eda.ru",
                "finance.rambler.ru",
                "horoscopes.rambler.ru",
                "lenta.ru",
                "m.gazeta.ru",
                "m.lenta.ru",
                "news.rambler.ru",
                "ohnotheydidnt.livejournal.com",
                "woman.rambler.ru",
                "www.afisha.ru",
                "www.championat.com",
                "www.gazeta.ru",
                "www.rambler.ru"
            ]
        },
        {
            "rule": "ad-tech\\.ru\\/api\\/v1\\/events",
            "cookies": 0,
            "fingerprinting": 0,
            "subdomains": [
                "cls"
            ],
            "apis": {},
            "sites": 13,
            "prevalence": 0.000092,
            "cnames": [],
            "responseHashes": [
                "327b6cb40beeaf42303a1e4eb441ae46eb67876e3f550212d676c9556028383c",
                "260c68d9fad14af94dd97b5f166d5761916a312cef0b8d20ea58a4030b4cd885",
                "6573b89432910006a27d71d057f037925920776d0a655ccf588b335b7ab7bdf9",
                "0afec3fcb0f7c17a819c85f50f7b29ad7a98876ab0b64bd1cbe3efe7572f496f",
                "f8068e9b0c277fab39da766abd3cb31c472e2774af6848585b06a8dcf55edf37",
                "5ee1647fb13d2ef5173834f1b3d165fd36e3c33433c7273fe0efe0222fcc0604",
                "75158ce36e7ead69d13b8f69e32046fca72bc469938b98ae42958ace14e0d15d",
                "b6efed88c0ecf5d424eba087f44bddcde088264ee2c3fcc81a37573269ca8544",
                "f81c497ad3d90219be109503b4cd723a8be68950f8a3516da374ae25927105ae",
                "4cccafdf1516fe3351db5f1fa478b55865ce495baf4a0185b346997fd8f7e833",
                "d9ce11f69a67a7c587b66bb887617d07238e4ef719152afb799499b8bd31fd39",
                "1397e6f3828545d94263c022aa59aa9c1d1a9efe0a90706c96ebde45dca6e30e"
            ],
            "type": "Fetch",
            "firstPartyCookies": {},
            "firstPartyCookiesSent": {},
            "exampleSites": [
                "eda.ru",
                "finance.rambler.ru",
                "horoscopes.rambler.ru",
                "lenta.ru",
                "m.gazeta.ru",
                "m.lenta.ru",
                "news.rambler.ru",
                "ohnotheydidnt.livejournal.com",
                "woman.rambler.ru",
                "www.afisha.ru",
                "www.championat.com",
                "www.gazeta.ru",
                "www.rambler.ru"
            ]
        },
        {
            "rule": "ad-tech\\.ru\\/sandbox",
            "cookies": 0.000092,
            "fingerprinting": 0,
            "subdomains": [
                "profile"
            ],
            "apis": {},
            "sites": 13,
            "prevalence": 0.000092,
            "cnames": [],
            "responseHashes": [
                "2a8306e6157b49357a7be12b90fb6526005aa23d89a42005ee4d56dbdb82ccb7",
                "44338c42aeff97fc359fae3f2b5714515a1bc87bda1263f863924daaf9ca20a6",
                "a416a9ba0b18e384cb3bab723f621ea160c199cee3588e7cf3087035a9ba35e5",
                "3c79d0889184369eb3302f09ba38a8bdc621a1cf76e120c19754506884ac0fa3",
                "9fe6c0a9ab159b7fb77491b8e6bf2d87133d3a188a875f34fcb4899189663b44",
                "02841449fc8b22d146d86ee8ddf0106e35a13249a779a3ede9fbb781f01bb106"
            ],
            "type": "Document",
            "firstPartyCookies": {},
            "firstPartyCookiesSent": {},
            "exampleSites": [
                "eda.ru",
                "finance.rambler.ru",
                "horoscopes.rambler.ru",
                "lenta.ru",
                "m.gazeta.ru",
                "m.lenta.ru",
                "news.rambler.ru",
                "ohnotheydidnt.livejournal.com",
                "woman.rambler.ru",
                "www.afisha.ru",
                "www.championat.com",
                "www.gazeta.ru",
                "www.rambler.ru"
            ]
        },
        {
            "rule": "ad-tech\\.ru\\/file\\.jsp",
            "cookies": 0,
            "fingerprinting": 0,
            "subdomains": [
                "img02"
            ],
            "apis": {},
            "sites": 7,
            "prevalence": 0.0000495,
            "cnames": [],
            "responseHashes": [],
            "type": "Document",
            "firstPartyCookies": {},
            "firstPartyCookiesSent": {},
            "exampleSites": [
                "rambler.ru",
                "finance.rambler.ru",
                "m.gazeta.ru",
                "news.rambler.ru",
                "woman.rambler.ru",
                "www.championat.com",
                "www.gazeta.ru"
            ]
        },
        {
            "rule": "ad-tech\\.ru\\/file\\.jsp",
            "cookies": 0,
            "fingerprinting": 0,
            "subdomains": [
                "img02"
            ],
            "apis": {},
            "sites": 8,
            "prevalence": 0.0000566,
            "cnames": [],
            "responseHashes": [
                "e3b0c44298fc1c149afbf4c8996fb92427ae41e4649b934ca495991b7852b855"
            ],
            "type": "Image",
            "firstPartyCookies": {},
            "firstPartyCookiesSent": {},