{
    "domain": "adfixus.com",
    "owner": {},
    "source": [
        "DuckDuckGo-US"
    ],
    "prevalence": 0.000163,
    "sites": 23,
    "subdomains": [
        "afx"
    ],
    "cnames": [],
    "fingerprinting": 0,
    "resources": [
        {
            "rule": "adfixus\\.com\\/afx_prid\\/2025\\.5\\.14\\.1\\/auth\\/prexgtpc\\/",
            "cookies": 0.000127,
            "fingerprinting": 0,
            "subdomains": [
                "afx"
            ],
            "apis": {},
            "sites": 18,
            "prevalence": 0.000127,
            "cnames": [],
            "responseHashes": [
                "e2f79e5b60330bba4c289962231b6ba2957d0b14e7deb3110417003c79dea635"
            ],
            "type": "XHR",
            "firstPartyCookies": {},
            "firstPartyCookiesSent": {},
            "exampleSites": [
                "7plus.com.au",
                "7news.com.au",
                "9now.nine.com.au",
                "news.com.au",
                "view.com.au",
                "www.autotrader.com.au",
                "www.boatsales.com.au",
                "www.brisbanetimes.com.au",
                "www.canberratimes.com.au",
                "www.carsguide.com.au",
                "www.drive.com.au",
                "www.newcastleherald.com.au",
                "www.news.com.au",
                "www.smh.com.au",
                "www.taste.com.au",
                "www.theage.com.au",
                "www.watoday.com.au",
                "www.yourtv.com.au"
            ]
        },
        {
            "rule": "adfixus\\.com\\/afx_prid\\/2025\\.5\\.14\\.1\\/auth\\/prnwgtpc\\/",
            "cookies": 0.000127,
            "fingerprinting": 0,
            "subdomains": [
                "afx"
            ],
            "apis": {},
            "sites": 18,
            "prevalence": 0.000127,
            "cnames": [],
            "responseHashes": [
                "249a19b83ed08881d89648ec28b2e5df5e1c6ecf087d4e2f33977ae449831aab",
                "a08968466b8f3629a4b276a4812805311b8351059cf1a36ad360d04b8b3c065c",
                "4bb501aba534f479bdb89f25e66a95cf6393423a68830831e84e319802748a8c",
                "148f895d191d623fe559e288a85d5a5249d3c26ee6868b575b91668d9e2a0024",
                "eb1abeb9b6b0ea2f125db818d8f5c974e879f0d086a327989ff80176d21d8387",
                "d1d096f2c81c19b72d8981140adf9784cf04ac117a07768da3478fdb5886ecd4",
                "f58fcf97e7815cd1da44ec6bb0134a630555f1b5f528aa170cc71c1403f714c7",
                "31f0ec402fc69a48b22abc11307e3c392b5323ad2cfa30de42121aca30746685",
                "86f641c60f518b50b31299ee5dea287319097260eda2f25de68e04b924842fb7",
                "3383fd85138af73ba42cd0a2d6b885e75b7198509324b24e31fa17b86081b979",
                "753b1b021054238148476a081f0d9956a133acdb5adfd5f1061234e531c5fa16",
                "42a7e02afd4aa856273f5af363e220160d37f4539b4b48740db39172a288cf8e",
                "8b38c1251b590d8370a1fe31e8549922d647eb4d0d29cda980163be5d7cc6ccc",
                "e9eaa9d1a1153d31f8d54a6653f2bc794d472f106ebed108eabaf111abae5d19",
                "323dd3fbf18ab2f57a80905b05aac3c9ba6a9ea93ee689910df0bf612845bb0b",
                "a2784a5edcec254b015a8694631eb0f7a5b5d494f1c851d95ecac728393db3c6"
            ],
            "type": "XHR",
            "firstPartyCookies": {},
            "firstPartyCookiesSent": {},
            "exampleSites": [
                "7news.com.au",
                "7plus.com.au",
                "9now.nine.com.au",
                "news.com.au",
                "view.com.au",
                "www.autotrader.com.au",
                "www.boatsales.com.au",
                "www.brisbanetimes.com.au",
                "www.canberratimes.com.au",
                "www.carsguide.com.au",
                "www.drive.com.au",
                "www.newcastleherald.com.au",
                "www.news.com.au",
                "www.smh.com.au",
                "www.taste.com.au",
                "www.theage.com.au",
                "www.watoday.com.au",
                "www.yourtv.com.au"
            ]
        }
    ],
    "categories": [],
    "performance": {},
    "cookies": 0.000163,
    "topInitiators": [
        {
            "domain": "first party",
            "prevalence": 0.8775510204081632
        },
        {
            "domain": "csnstatic.com",
            "prevalence": 0.08163265306122448
        },
        {
            "domain": "sentry-cdn.com",
            "prevalence": 0.04081632653061224
        }
    ],
    "types": {
        "XHR": 36
    },
    "nameservers": [
        "dom.ns.cloudflare.com",
        "kia.ns.cloudflare.com"
    ]
}