{
    "domain": "aditude.cloud",
    "owner": {},
    "source": [
        "DuckDuckGo-US"
    ],
    "prevalence": 0.000587,
    "sites": 83,
    "subdomains": [
        "event-ingestor.judy.pnap"
    ],
    "cnames": [],
    "fingerprinting": 0,
    "resources": [
        {
            "rule": "aditude\\.cloud\\/v1\\/",
            "cookies": 0,
            "fingerprinting": 0,
            "subdomains": [
                "event-ingestor.judy.pnap"
            ],
            "apis": {},
            "sites": 65,
            "prevalence": 0.00046,
            "cnames": [],
            "responseHashes": [
                "986f336b03fe903e110878d681b8870c3890d34ed476da21a456a868733bc378",
                "15ac4ea4f3ede0cd3e784efdc49b63d400d25e945624b75cd158b69d57daaf26",
                "5a09dbe7ed5cf15cc874a19687a8d5be749ec351e21d689b9a1cd6ca15f47786",
                "2d90a7fa982d848d1f915eb44ac0f1b9a3a9a2947e16fdd57389db012ab264ed",
                "ccfd7c9e5ec2d7ce5a5225e478e69e47384654919f6a89031f010ce7755d63a6",
                "c9e7f8ed10b9b57af1e0fa0d92ad4c26bc2d813468bc048eddc3b94e0c739cb5",
                "22fe258e4865cbb5c8b78459545903cb9d050c0584aa89986f9b3ff0605c8529",
                "e762b1396644e34aa65cf559e828cc03b39900d63a79c640ff338fe14acfa9f7",
                "8ff8e6eea45ec7f61f421649534f6fa2a8005f87f84f2e7187dd83f33856864c",
                "e0c7ee396ea1edf91a7ec5fad33afe8686318d2653585e4bb16e9969298430c6",
                "6a6b14b2729daa71d0cc6b4d38a175bc016d7d623ecae6f63a056610ab4980d3",
                "6245d2998c89439bb671ed549fcadd6fe58e0430559f8b618b16211d34bbb804",
                "c4e93ab7b30a084c549f75b2097e2473d614483af5809c078aeb2bd6bbc5bc7f",
                "121a38ad8801039f27b825076730fb3f8547bdcc18788562733f0015d6f9fae0",
                "1e8f95403883c9860bf3ea9ca824cbd53209245962892df88184c9a6bd51e879",
                "6571af1723e3853644401d6a05a300d4c8955792ad10c3d74bd43974481b8c97",
                "7c898c0fe81afda5d5a2f0cb59d38f2a765d5a7b7be66648bb4aaedb251316a6",
                "1af0a2d57d3f896bcf6ac567361bfa105c08a82c30e17cc8bf25efb8d6a383c9",
                "7d346c27dcf402366d5f9ecb3498aac9efa06ec9aad2ddece066482f5ba98429",
                "ad89e472e827584ad167575454f98aa8efcefe3620e28be49b3e6291a45c19ce",
                "d67308dccfcbbb181d1e03f17f3f3d4704a7d552ee026382c7e10bd837df7970",
                "a4fee515d18c50792d7780048800291de96822fac213c570edcb30e65e05889f",
                "65f246b43bfff092206d5910dc777da5ed5e0988567b2a861c805f056909a6e3",
                "1805bbc83a68225bb683a0684cb471a219c747d31706704a8df7dc2eda0c519f",
                "35e9ea862713249b23f68df9f6f7f6e830b70984b3a7c011aac02bf8f7e764dd",
                "23055451ed3f4162ad47daff28ef5e454d0fd3fd07d44ab5755769768f66b830",
                "155bd87827fbffcf001962b72bfd465256d4f1445ec74e4a28671f25c998f30c",
                "5427484aadce769442375f010d83288ea84469123d873c641a5732327c106f19",
                "dd1b0ca038da0ba506f0ded6a34b84d338623acf3640716024ad314e01ae534e",
                "1e1e9cce7226170a6b1b85ae7b5d07e2a453a7ee777741086860fe97c1046f3d",
                "23199ffd1fc2dcc93680c8bb4c3f7fddad2e7497779ca01ef499b2382909e8ae",
                "4b567341e4bcf5bd3d0277ebb26f609a3e6cce35bbd9d4d1207bfe37037b2e05",
                "bef736c92ce1feee9f8e70ef7d722ea1342485cee870e44247ed2ff0d8cc2834",
                "be243e5245e68e9b50a80243231b288a3cb665a3ffc16998c53f68dddc8b81f1",
                "175c7ac7b04d374a944de22812f356484d87a08eba948f452ca6313f2ae26f9b",
                "d99565e792310caed3415fb19ead9655dd3bcb1fd73ed2e2b6675dec9f69373c",
                "e4e85e379c6a78de95fcc593f0e83f3c389da68a55fdc018b10a5f8d8ae11795",
                "b70d2a5a8efd1d8d93a2c34aad512b02e2a7e5fb3cb92dc88f2cda691e6872d1",
                "4aeddb2d66d2a5a3ab125be3dcc06dad61f715fc3f8f84a650e19ff13e1f6b0d",
                "93cad7d2ed0f78b82ab22da5ca440f58c93f5ce427b0f5e6f67f363710987958",
                "8bcfee5c18dfb576ddb40e4869e72f918a21d87fbecc7e80dbba3533352bf184",
                "e72fecb040fa3a38aad28dbeb8c546f63a4c14695ebea87b23e4ae0bbd622299"
            ],
            "type": "Fetch",
            "firstPartyCookies": {},
            "firstPartyCookiesSent": {},
            "exampleSites": [
                "giphy.com",
                "patch.com",
                "www.pepper.pl",
                "now.gg",
                "www.myjewishlearning.com",
                "seattletimes.com",
                "bceagles.com",
                "www.the-crossword-solver.com",
                "www.jambase.com",
                "torchsearch.wordpress.com",
                "www.charlieintel.com",
                "briefly.co.za",
                "smittenkitchen.com",
                "www.jetphotos.com",
                "sentence.yourdictionary.com",
                "theonion.com",
                "uproxx.com",
                "instinctmagazine.com",
                "wordclues.com",
                "www.hodinkee.com"
            ]
        }
    ],
    "categories": [],
    "performance": {},
    "cookies": 0,
    "topInitiators": [
        {
            "domain": "aditude.io",
            "prevalence": 0.6481481481481481
        },
        {
            "domain": "first party",
            "prevalence": 0.17592592592592593
        },
        {
            "domain": "script.ac",
            "prevalence": 0.14814814814814814
        },
        {
            "domain": "d3ftvadho2wdpu.cloudfront.net",
            "prevalence": 0.018518518518518517
        },
        {
            "domain": "rollbar.com",
            "prevalence": 0.009259259259259259
        }
    ],
    "types": {
        "Fetch": 65
    },
    "nameservers": [
        "david.ns.cloudflare.com",
        "raina.ns.cloudflare.com"
    ]
}