{
    "domain": "admantx.com",
    "owner": {
        "name": "SSL Corporation",
        "displayName": "SSL"
    },
    "source": [
        "DuckDuckGo-US"
    ],
    "prevalence": 0.000226,
    "sites": 32,
    "subdomains": [
        "async01",
        "euasync01",
        "usasync01"
    ],
    "cnames": [],
    "fingerprinting": 0,
    "resources": [
        {
            "rule": "admantx\\.com\\/admantx\\/service",
            "cookies": 0,
            "fingerprinting": 0,
            "subdomains": [
                "async01",
                "euasync01",
                "usasync01"
            ],
            "apis": {},
            "sites": 17,
            "prevalence": 0.00012,
            "cnames": [],
            "responseHashes": [
                "d30d14efbd47d7ea523f6bd9dc0fb78bcc508de1dad057cfad4f1b81aef54a50",
                "0544f98f6b659150f351db99f90ad4da234b03ba8bca58b0c71089ad696751ce",
                "435b7f595741442d3c9ffe4d7b79fbc775b7f0fc0cf253769fd2cd02dce9a688",
                "669a834c539d40e591cf52d9d242a0fcb8e22444b5c858ba4df0ab37934477b9",
                "54ca9683203db4eda642d983c0a65207077c478518a8dab58e689238f63388eb",
                "3017c61dcef695cf86df1dd3337dfb9ad12004db52a4ff4f49b06865ac6bb7ea",
                "0e643a160f5d20f632e089c15a9035fcb834d2609a9ebb3d81d9a55600542b6a",
                "c79b17e7a52ff68a1fa8d089b96b49be8ce390d3b5ec5172d61540fb11399621",
                "ac0d2eae94236a475ed48b2bd42e62fd610d99e39c9431fad431922fbea0e7a6",
                "dc407b345f397f1fa1a7325dd0b06fe35353f6ac8e7ad0b559951ba0bbc68425",
                "7b1f6f518a1408fa19c44d68a9e17fe3918c4ed164d5d453815fa2d7b17a754a",
                "80b616049739715b7f0772e6eaf79ba439651a20307ca24fc5ea1a0ca52db0c0",
                "d8c61bd571150b6c852e2506cbbc9e05ba304ccd0ea73c913938e7bcbedeacd9",
                "c36b49d71d3bf485162463ad35b34baa3144061dc370b0bd68b774db24af2443"
            ],
            "type": "Fetch",
            "firstPartyCookies": {},
            "firstPartyCookiesSent": {
                "_li_dcdm_c": 0.00004244001810774106,
                "_td_domain_allthetests.com": 0.0000070733363512901765,
                "_td_domain_astronomy.com": 0.0000070733363512901765,
                "_td_domain_lovepanky.com": 0.0000070733363512901765,
                "_td_domain_marriage.com": 0.0000070733363512901765,
                "_td_domain_trains.com": 0.0000070733363512901765,
                "_td_domain_women.com": 0.0000070733363512901765
            },
            "exampleSites": [
                "babynames.com",
                "basenotes.com",
                "evoke.ie",
                "extra.ie",
                "goodpods.com",
                "likewise.com",
                "metro.co.uk",
                "mom.com",
                "www.allthetests.com",
                "www.astronomy.com",
                "www.lecho.be",
                "www.lovepanky.com",
                "www.marriage.com",
                "www.thecanadianpressnews.ca",
                "www.tijd.be",
                "www.trains.com",
                "www.women.com"
            ]
        },
        {
            "rule": "admantx\\.com\\/admantx\\/service",
            "cookies": 0,
            "fingerprinting": 0,
            "subdomains": [
                "usasync01",
                "euasync01"
            ],
            "apis": {},
            "sites": 4,
            "prevalence": 0.0000283,
            "cnames": [],
            "responseHashes": [
                "7c6ec1ad313d4945bdc664aa5321feab191a6fdc56e4a9d204c74c1dd27cc7af",
                "50cc06ebddb709010af7c25cbde9f308119c46c8ed35af32b4eea4ceff5a7357"
            ],
            "type": "Script",
            "firstPartyCookies": {},
            "firstPartyCookiesSent": {},
            "exampleSites": [
                "msnbc.com",
                "www.ilgiornale.it",
                "www.msnbc.com",
                "www.nbcnews.com"
            ]
        }
    ],
    "categories": [],
    "performance": {},
    "cookies": 0,
    "topInitiators": [
        {
            "domain": "blogherads.com",
            "prevalence": 0.53125
        },
        {
            "domain": "first party",
            "prevalence": 0.21875
        },
        {
            "domain": "nbcuni.com",
            "prevalence": 0.1875
        },
        {
            "domain": "anm.co.uk",
            "prevalence": 0.03125
        },
        {
            "domain": "tgamriker.s3.ca-central-1.amazonaws.com",
            "prevalence": 0.03125
        }
    ],
    "types": {
        "Fetch": 17,
        "Script": 4
    },
    "nameservers": [
        "dns1.p06.nsone.net",
        "dns2.p06.nsone.net",
        "dns3.p06.nsone.net",
        "dns4.p06.nsone.net"
    ]
}