{
    "domain": "adperfect.com",
    "owner": {},
    "source": [
        "DuckDuckGo-US"
    ],
    "prevalence": 0.000113,
    "sites": 16,
    "subdomains": [
        "casmp"
    ],
    "cnames": [],
    "fingerprinting": 0,
    "resources": [
        {
            "rule": "adperfect\\.com\\/widget\\/retailadvertiser",
            "cookies": 0.000092,
            "fingerprinting": 0,
            "subdomains": [
                "casmp"
            ],
            "apis": {},
            "sites": 13,
            "prevalence": 0.000092,
            "cnames": [],
            "responseHashes": [
                "df9397a935ff2c780dc2a231b534acc0d82b514589c201c0794535155a152740",
                "a0d304353e3cb5b67311f8a16d9a3b2da5a55145d4f3cb7126f3f14596f39a0e",
                "e906d22e02f9b9ec59005dc658e08b700d9b3d1ab9b3ca3579abb71c416c7adc",
                "09332767c3843a2baf0b85ac08ae13bdd6b581287338577f5e8565aab269dc61",
                "ed498755a7307fe56390f58f5811b23cef7d0aff0002227d92d18540ecf00126",
                "4331e74676f49de73507eadac63ed3b0089e5c0f8c27ada259480eea47b49f69",
                "4bf4d832651242f8f1785fca64e818bd0070efabd673932e406a4de3e0b1c223",
                "808d6830ebc1e9afe0ab30ff35478121b5c445d01dba2ee1b86497b92f3b4b0c",
                "da0a054b8d5fa5081f5a6418216102f160027e7c42421307cd017ec74cadddc1"
            ],
            "type": "Script",
            "firstPartyCookies": {},
            "firstPartyCookiesSent": {},
            "exampleSites": [
                "dailyindependent.com",
                "www.dailyitem.com",
                "www.eagletribune.com",
                "www.gloucestertimes.com",
                "www.mankatofreepress.com",
                "www.ncnewsonline.com",
                "www.newburyportnews.com",
                "www.niagara-gazette.com",
                "www.salemnews.com",
                "www.starbeacon.com",
                "www.thedailystar.com",
                "www.times-news.com",
                "www.tribdem.com"
            ]
        }
    ],
    "categories": [],
    "performance": {},
    "cookies": 0.000113,
    "topInitiators": [
        {
            "domain": "first party",
            "prevalence": 1
        }
    ],
    "types": {
        "Script": 13
    },
    "nameservers": [
        "ns-240.awsdns-30.com",
        "ns-934.awsdns-52.net",
        "ns-1893.awsdns-44.co.uk",
        "ns-1304.awsdns-35.org"
    ]
}