{
    "domain": "adpmbtj.com",
    "owner": {},
    "source": [
        "DuckDuckGo-US"
    ],
    "prevalence": 0.000092,
    "sites": 13,
    "subdomains": [
        "www"
    ],
    "cnames": [],
    "fingerprinting": 1,
    "resources": [
        {
            "rule": "adpmbtj\\.com\\/en\\/us\\/banner\\/url\\/zone",
            "cookies": 0.0000778,
            "fingerprinting": 0,
            "subdomains": [
                "www"
            ],
            "apis": {},
            "sites": 11,
            "prevalence": 0.0000778,
            "cnames": [],
            "responseHashes": [
                "e9066f54ca2125959598273a724fc3261fc8e235e43d2cb76ea0af4facdc382f",
                "6ef9f05c70d4264a6387a3f87b3aad62e8d1f3a9b560302394cf76c0212533cf",
                "389f5faba4c32041d9923362944fadc09c74cee42ed9e43c054dbb2cadb6432f",
                "6ed24fe13603d05895acfd07c8e1750da5b930609322eeb652fc4d23ecd462a4",
                "7a6c41da6e6b7bb80a6780fe22a87f8aa158d320b38afa129d4c64e53525ebc6",
                "4e3da8bd8bd4a061822cd0704c98f330aaa4822a6040a6ce1b521416db101e9a",
                "e207f802287eb876e361c684f7ba3b47cf11580190c79d8c9c8e065b495c00f7",
                "0361098cc864f218a63a0bba13c4a98f8c4f83cdad91049a821b8e8b7277269f",
                "f6df35b402b6d5f332360b9d8d2b625b24704259e07df98db8a4270681594180"
            ],
            "type": "Document",
            "firstPartyCookies": {},
            "firstPartyCookiesSent": {},
            "exampleSites": [
                "youporn.com",
                "de.youporn.com",
                "es.youporn.com",
                "fr.youporn.com",
                "it.youporn.com",
                "rt.youporn.com",
                "ww.pornhub.com",
                "www.pornhub.com",
                "www.tube8.com",
                "www.you-porn.com",
                "www.youporn.com"
            ]
        },
        {
            "rule": "adpmbtj\\.com\\/js\\/interactive2\\.js",
            "cookies": 0,
            "fingerprinting": 1,
            "subdomains": [
                "www"
            ],
            "apis": {
                "window.innerWidth": 2,
                "window.innerHeight": 2
            },
            "sites": 9,
            "prevalence": 0.0000637,
            "cnames": [],
            "responseHashes": [
                "94a16af23f5b8c309dc7fa05d0ea2de49f6da7de105159b46241a046e407e056"
            ],
            "type": "Script",
            "firstPartyCookies": {},
            "firstPartyCookiesSent": {},
            "exampleSites": [
                "youporn.com",
                "de.youporn.com",
                "es.youporn.com",
                "fr.youporn.com",
                "it.youporn.com",
                "rt.youporn.com",
                "ww.pornhub.com",
                "www.pornhub.com",
                "www.youporn.com"
            ]
        }
    ],
    "categories": [],
    "performance": {},
    "cookies": 0.000092,
    "types": {
        "Document": 11,
        "Script": 9
    },
    "nameservers": [
        "ns-983.awsdns-58.net",
        "ns-1722.awsdns-23.co.uk",
        "ns-1422.awsdns-49.org",
        "ns-380.awsdns-47.com"
    ]
}