{
    "domain": "adsquirrel.ai",
    "owner": {},
    "source": [
        "DuckDuckGo-US"
    ],
    "prevalence": 0.000092,
    "sites": 13,
    "subdomains": [
        "api"
    ],
    "cnames": [],
    "fingerprinting": 1,
    "resources": [
        {
            "rule": "adsquirrel\\.ai\\/ask",
            "cookies": 0,
            "fingerprinting": 0,
            "subdomains": [
                "api"
            ],
            "apis": {},
            "sites": 7,
            "prevalence": 0.0000495,
            "cnames": [],
            "responseHashes": [
                "f4f743eb19c7c9cd531c2b596e0aa72355f28efd5f4a86f348a0de7562f4bfbb",
                "fdcda2ab80ba435f2054be6e5b7a9bcb576766f42a1d6627830c1443290b871d",
                "31d68132831e1e75bcd04a3be057a7dbbd98f793d9580ad0494a86e83237081c",
                "07d785a1c9aef3a02985c32399a9039a531f7182804df34d22438d5e7c6a345d",
                "39d316ad50b41cf47e4a8200fae478f677cfaf18430ef7893b95082e123371d8"
            ],
            "type": "Fetch",
            "firstPartyCookies": {},
            "firstPartyCookiesSent": {
                "lotame_domain_check": 0.00002122000905387053
            },
            "exampleSites": [
                "eleftherostypos.gr",
                "siol.net",
                "www.enikos.gr",
                "www.gazzetta.gr",
                "www.ieidiseis.gr",
                "www.sdna.gr",
                "www.tlife.gr"
            ]
        },
        {
            "rule": "adsquirrel\\.ai\\/ask",
            "cookies": 0,
            "fingerprinting": 0,
            "subdomains": [
                "api"
            ],
            "apis": {},
            "sites": 6,
            "prevalence": 0.0000424,
            "cnames": [],
            "responseHashes": [
                "00624f852749cfcfdde36f233556475f19a08105a2534618c85ae0d39c2a44b9",
                "263f2c7b6436657fa0953921806d357e0433b6622668b58b604d89d57d54c049",
                "ef61872ff0bab9f9fb171c483f9af8660b064c1194e4bdf35f90a91872ee4227",
                "8008c6b7cbe9a8d7f42a0b1092349254d42126b4ee9437685649b3bbbed4a107",
                "fd5d0d3398c780a265d944ed8a315d52074125e07e13516309bb8fab06708689"
            ],
            "type": "XHR",
            "firstPartyCookies": {},
            "firstPartyCookiesSent": {
                "lotame_domain_check": 0.000014146672702580353
            },
            "exampleSites": [
                "cnn.gr",
                "www.gossip-tv.gr",
                "www.iefimerida.gr",
                "www.newsbomb.gr",
                "www.onmed.gr",
                "www.protothema.gr"
            ]
        }
    ],
    "categories": [],
    "performance": {},
    "cookies": 0,
    "topInitiators": [
        {
            "domain": "orangeclickmedia.com",
            "prevalence": 0.3684210526315789
        },
        {
            "domain": "first party",
            "prevalence": 0.3157894736842105
        },
        {
            "domain": "inmobi.com",
            "prevalence": 0.2631578947368421
        },
        {
            "domain": "openxcdn.net",
            "prevalence": 0.05263157894736842
        }
    ],
    "types": {
        "Fetch": 7,
        "XHR": 6
    },
    "nameservers": [
        "ashley.ns.cloudflare.com",
        "marek.ns.cloudflare.com"
    ]
}