{
    "domain": "advertnative.com",
    "owner": {},
    "source": [
        "DuckDuckGo-US"
    ],
    "prevalence": 0.000177,
    "sites": 25,
    "subdomains": [
        "click"
    ],
    "cnames": [],
    "fingerprinting": 1,
    "resources": [
        {
            "rule": "advertnative\\.com\\/loading\\/",
            "cookies": 0,
            "fingerprinting": 1,
            "subdomains": [
                "click"
            ],
            "apis": {
                "Navigator.prototype.userAgent": 7,
                "window.innerHeight": 1
            },
            "sites": 26,
            "prevalence": 0.000184,
            "cnames": [],
            "responseHashes": [
                "36a9e7f1c95b82ffb99743e0c5c4ce95d83c9a430aac59f84ef3cbfab6145068",
                "3f4c2aa0a75747c8ae3dcd17deb502c8e85e7c248cab5e5c8ed0a077f3017b95",
                "32343770f5c039fb006c1e7b8600bcea8df57908bc83f479d6f73ad37bf65c68",
                "7f0208f8a5f41f377b27f0d2bad926128d933e21d068ab6d1ba5fdc868459c37",
                "7b9dd9e72ecc4898d39748a64bd8488372cea8776b6d9416ac8c41699ddd2336",
                "c9fb1c5dfdd20c0e991f33ab91e900586b9decb7077cb64b21d6a4370dcac9a0",
                "2f064fee580c17ada094f2b19cbd798c834a28234f173610162fffc7717cc7c6",
                "4659fa803567740844abb544155b9a33ff8631c3211800f10558e3a428c657a0",
                "217973e0684eb0d608dbe08b3fcdd5f815acacaa1826873f248abbbc002fcbd7",
                "53794a97c30155b81b95aaf16dae95b7c16882f0aae8e70cf078346a62902158",
                "4aec5b0108a0e95f1fe3b7e7a17b925281de43ebdc70d1eda306d9fc62fbe335",
                "13aa8ad4248a30c99edb0bcf0c14d1edee9ebd6a36aa3d58b4321fccc28eb17e",
                "beac06289bc7c770abd98f83439d9761bd14693435a0e131cd699afcb182139a",
                "6b732b038cb6636773e775b18572453a6a4e8af4d0c9c13316c3129e650e06f5",
                "2a8379927205ea64180d57e7b2e0c9e98a213e5dd73f4c24def37c9f438a3999",
                "99589d399d22583e5d6398492d68d2cce7283a5ba23fdbacb5ffec060e1bc0b7",
                "3be4835b24404af2ce784a31915aed8d87c3bdf60a374422ecc8667b18913a6b",
                "f241aa7f2c02460790ede9a3af73da3dfe39006b2608e1349b51f1258cb5726d",
                "f08ce0293338d794d1df672277d7b95283ccf4d3e686f7659bdf266cc73eb4e8",
                "b5c3987c26d4a1bc7397acc6263b7df7fb5a52f96b6634fdcb4152d46fd99b47"
            ],
            "type": "Script",
            "firstPartyCookies": {},
            "firstPartyCookiesSent": {},
            "exampleSites": [
                "www.temanmain.com",
                "rakyatcirebon.disway.id",
                "www.viv.co.id",
                "www.kilat.com",
                "bogordaily.net",
                "www.dailysia.com",
                "mojok.co",
                "news.indozone.id",
                "radarpena.disway.id",
                "www.akurat.co",
                "viva.co.id",
                "disway.id",
                "www.titiktemu.co",
                "www.tvonenews.com",
                "fajar.co.id",
                "mindset.viva.co.id",
                "sulsel.herald.id",
                "bandung.viva.co.id",
                "www.suaramerdeka.com",
                "www.jatimnetwork.com"
            ]
        },
        {
            "rule": "advertnative\\.com\\/storage\\/logo\\/all_an_white_4\\.png",
            "cookies": 0,
            "fingerprinting": 0,
            "subdomains": [],
            "apis": {},
            "sites": 18,
            "prevalence": 0.000127,
            "cnames": [],
            "responseHashes": [
                "eb0d12d2937d2ddc431cae68c1b3133bf500a838940bf287acb620267e9c7d31"
            ],
            "type": "Image",
            "firstPartyCookies": {},
            "firstPartyCookiesSent": {},
            "exampleSites": [
                "bogordaily.net",
                "disway.id",
                "fajar.co.id",
                "mojok.co",
                "news.indozone.id",
                "radarpena.disway.id",
                "rakyatcirebon.disway.id",
                "sulsel.herald.id",
                "www.akurat.co",
                "www.ayobandung.com",
                "www.intipseleb.com",
                "www.kilat.com",
                "www.mengerti.id",
                "www.suaramerdeka.com",
                "www.temanmain.com",
                "www.titiktemu.co",
                "www.unews.id",
                "www.viv.co.id"
            ]
        }
    ],
    "categories": [],
    "performance": {},
    "cookies": 0,
    "topInitiators": [
        {
            "domain": "first party",
            "prevalence": 0.967741935483871
        },
        {
            "domain": "googletagmanager.com",
            "prevalence": 0.016129032258064516
        },
        {
            "domain": "doubleclick.net",
            "prevalence": 0.016129032258064516
        }
    ],
    "types": {
        "Script": 26,
        "Image": 18
    },
    "nameservers": [
        "ns29.domaincontrol.com",
        "ns30.domaincontrol.com"
    ]
}