{
    "domain": "ageverif.com",
    "owner": {},
    "source": [
        "DuckDuckGo-US"
    ],
    "prevalence": 0.0000849,
    "sites": 12,
    "subdomains": [
        "www",
        "wstats"
    ],
    "cnames": [],
    "fingerprinting": 1,
    "resources": [
        {
            "rule": "ageverif\\.com\\/checker\\.js",
            "cookies": 0,
            "fingerprinting": 1,
            "subdomains": [
                "www"
            ],
            "apis": {
                "window.localStorage": 10,
                "Document.cookie getter": 10,
                "Navigator.prototype.language": 10
            },
            "sites": 10,
            "prevalence": 0.0000707,
            "cnames": [],
            "responseHashes": [
                "57a543223008d206a8a53e07c506862f9b576be7cf12a9c1308fda8778520ae2",
                "991e9d90d80d460446bc67c591e427453c67ff8ffac7cdf2f5f991d585d2bbe3",
                "dccc633d6f6aac22e602bc902ae7faec9ce61249b37e801e8137daf54d1065e9",
                "df30056aa78cd384b0b89c943217249966ff07954e423d15fe057173ad1fc331",
                "afd03e6b8fd99cf18539bc5b37f693f4eb792fb2682b64ef50fa0e8a728b5e84",
                "7fff499f786ade42f933cae4338d4dda7178de58ece7f05a308cb57957d007c5",
                "0d1aff01f354e7aba2f9c29b9f1537e93d000ef244de323baf8e965295a95181",
                "d2748aabcf8919474579e18e4786c8a3e92e1ae032c0709b3d9735f507885f7a",
                "18fa34bb7ef138d67d6e9fa6e2524dae449fd1bcb8f3828b789e989b73bf7a28"
            ],
            "type": "Script",
            "firstPartyCookies": {},
            "firstPartyCookiesSent": {},
            "exampleSites": [
                "eispop.com",
                "pornes.xxx",
                "pornototale.com",
                "tukif.porn",
                "www.amateuretsexe.com",
                "www.boafoda.com",
                "www.bonporn.com",
                "www.goodporn.xxx",
                "www.porndig.com",
                "www.reference-sexe.com"
            ]
        },
        {
            "rule": "ageverif\\.com\\/api\\/add_stat",
            "cookies": 0,
            "fingerprinting": 0,
            "subdomains": [
                "wstats"
            ],
            "apis": {},
            "sites": 3,
            "prevalence": 0.0000212,
            "cnames": [],
            "responseHashes": [],
            "type": "Fetch",
            "firstPartyCookies": {},
            "firstPartyCookiesSent": {},
            "exampleSites": [
                "amateuretsexe.com",
                "www.amateuretsexe.com",
                "www.goodporn.xxx"
            ]
        }
    ],
    "categories": [],
    "performance": {},
    "cookies": 0,
    "topInitiators": [
        {
            "domain": "first party",
            "prevalence": 1
        }
    ],
    "types": {
        "Script": 10,
        "Fetch": 3
    },
    "nameservers": [
        "damon.ns.cloudflare.com",
        "nova.ns.cloudflare.com"
    ]
}