{
    "domain": "algoliaradar.com",
    "owner": {},
    "source": [
        "DuckDuckGo-US"
    ],
    "prevalence": 0.000163,
    "sites": 23,
    "subdomains": [
        "cdn-us",
        "cdn-eu"
    ],
    "cnames": [],
    "fingerprinting": 2,
    "resources": [
        {
            "rule": "algoliaradar\\.com\\/radar\\.js",
            "cookies": 0.0000212,
            "fingerprinting": 2,
            "subdomains": [
                "cdn-us",
                "cdn-eu"
            ],
            "apis": {
                "window.localStorage": 13,
                "Navigator.prototype.userAgent": 12,
                "Navigator.prototype.webdriver": 12,
                "window.sessionStorage": 2,
                "Document.cookie getter": 3,
                "Date.prototype.getTime": 3,
                "Document.cookie setter": 3
            },
            "sites": 16,
            "prevalence": 0.000113,
            "cnames": [],
            "responseHashes": [
                "4e5ed5a1453e0fb4dfe9dc9652f2ddbdec21feb728381403f8da5bb6c063e4bb",
                "3e368dbb1d0ab07de4588795c4b4818b7c9d58256e120b6d997f5a1b6c3dfc7d",
                "7b133e1f7a7703b0589b026a9690dc60dcc56189612ee74cafff6cc3e322559c",
                "ca4c760a48b22d89d7919a09084d4d2ac4bcfd1791a942ce4d6505daf8c935c7",
                "f54de4ba01e986fc3a150d7ca11f87f6eeacce7c5e42c134e4537f396544701b",
                "d7e84b78494b573197ef4159d803edaa8e989190af9a8b11f7042bd3ee87ec69",
                "dc52c7f7dab63ee70c67a37fd86fc58394725e31f4709ca9df8cb26842bcfa43",
                "bdfb4b5ae49c5eaaf36af9a56eeb9bc16beaed3b9baceef03dac6316d9d5a0d0",
                "b5cb59f4f9ad3e15c3d58ba21bcf3573632bef836f9ad87089e4f5196f67226f",
                "129c062857e8ff333662a32a399f02e5c260071183bb4b832277561f25f284c4",
                "d68bbb3f5c7a68f45572662cc22bf7fbf2931d4c261a10923321764283aa22ae",
                "c72ca9940dedc763751e869150d4f346162379acd9cdfa8f864b5a2a9634580a"
            ],
            "type": "Script",
            "firstPartyCookies": {
                "alg%3AanonmyousId": {
                    "ttl": 2592007,
                    "length": 36,
                    "prevalence": 0.00002122000905387053,
                    "uniqueness": 1
                },
                "alg%3AsequenceId": {
                    "ttl": 2592007,
                    "length": 1,
                    "prevalence": 0.00002122000905387053,
                    "uniqueness": 0.6666666666666666
                }
            },
            "firstPartyCookiesSent": {},
            "exampleSites": [
                "ruggable.com",
                "sportsmans.com",
                "talbots.com",
                "www.americanstandard-us.com",
                "www.chefstore.com",
                "www.coop.ch",
                "www.gamestop.com",
                "www.jtv.com",
                "www.kamera-express.nl",
                "www.loveshackfancy.com",
                "www.premieryarns.com",
                "www.ross-simons.com",
                "www.sportsmans.com",
                "www.talbots.com",
                "www.wolfandbadger.com",
                "www.zgonc.at"
            ]
        }
    ],
    "categories": [],
    "performance": {},
    "cookies": 0.0000212,
    "topInitiators": [
        {
            "domain": "googletagmanager.com",
            "prevalence": 0.4583333333333333
        },
        {
            "domain": "first party",
            "prevalence": 0.25
        },
        {
            "domain": "tiqcdn.com",
            "prevalence": 0.20833333333333334
        },
        {
            "domain": "yottaa.com",
            "prevalence": 0.08333333333333333
        }
    ],
    "types": {
        "Script": 16
    },
    "nameservers": [
        "aiden.ns.cloudflare.com",
        "jocelyn.ns.cloudflare.com"
    ]
}