{
    "domain": "altmetric.com",
    "owner": {},
    "source": [
        "DuckDuckGo-US"
    ],
    "prevalence": 0.000304,
    "sites": 43,
    "subdomains": [
        "badges",
        "api"
    ],
    "cnames": [],
    "fingerprinting": 0,
    "resources": [
        {
            "rule": "altmetric\\.com\\/",
            "cookies": 0,
            "fingerprinting": 0,
            "subdomains": [
                "badges"
            ],
            "apis": {},
            "sites": 26,
            "prevalence": 0.000184,
            "cnames": [],
            "responseHashes": [
                "06a60762e2a64aca295082bd21a1e19f01df623311c1574d5cdee0230777bbab",
                "74b89cdcbc97ae30ea9324c9e94306ff440f0cd389d1853fe02b6da4003f2787",
                "20af3d1f50f4c0fd9eabf3abc503534dd2a32e0d2bd51d6a7c6729d87208f049",
                "697eb5008cd225d92c4d4aed852a41cd4fe4eb5c98192a798968c6aac0dabccb",
                "c2ce2a19e4f6ad3a9c87b58f55033664dd3fd60c00c679c9d85f0d7e6a343671",
                "861c9462ece2b2eef66c1f4decca2265f3273f49b7d5bc31a0a07e6b468a32bf",
                "a5d5ec2d5bc43c523651fb3ec74b96518c060c9a6251126635150fe1b7345534",
                "8236afe5e82b335806aaffd47d63d0d9abfddce793d5af7ca7f8b360ff564c92",
                "f4de762a933879834d794e38d3a2b262f66fd0014c52657765f042fe68b477b7",
                "fd3c5128c16419a68f563aa3dc3670f764c8b24ffa8987735b5499d08b7be652",
                "f22ac7542c7c49020cc5d7d44373f400f061980fc2c745eabff65a96b0d44d18",
                "65f9bbb43b53fbb5a9d79d6ad285562da1ccbc48e613c68bdea8f7d1b063023a",
                "e9a05d8a148e0334305a193ea0afb44e7f28ce4430e930d4cc6df01c383d6418",
                "95d5f84eeb3a630dbc3bbe40011ce61dc86a28cb81d6759b9252933ca56fa5c1",
                "da23f3eb191db4cb896961e72703d9dfbd1c136e22788be0bf585d0a9e0ec7be",
                "ea1d10e970ffc1e17407be3dabf3d453c63ecf099750c1001e52474f637ee024",
                "5052d029419ee37f4b2b0fc9a106dbd89b00b3452535afe70a04ff848c8d3037",
                "2a1db45fea964671977f1910620d3cc81952d20193eeb0e704d5e4205377b97c",
                "934f424fbdb0e7e66d2835e53ad9675e788aa43b5dde7b9d7cb5b8b9e1aaa4ef",
                "c25f9b170951c4b13d1559ccce6c63aa9929c7985e222317df9beaf6905b66c3"
            ],
            "type": "Image",
            "firstPartyCookies": {},
            "firstPartyCookiesSent": {},
            "exampleSites": [
                "hal.science",
                "link.aps.org",
                "royalsocietypublishing.org",
                "academic.oup.com",
                "www.nejm.org",
                "journals.physiology.org",
                "www.pnas.org",
                "www.tandfonline.com",
                "researchprofiles.ku.dk",
                "www.ahajournals.org",
                "oup.com",
                "psychiatryonline.org",
                "www.bmj.com",
                "www.neurology.org",
                "www.healthaffairs.org",
                "avmajournals.avma.org",
                "read.dukeupress.edu",
                "australianprescriber.tg.org.au",
                "www.scielo.br",
                "www.psychiatryonline.org"
            ]
        },
        {
            "rule": "altmetric\\.com\\/v1\\/doi\\/10\\.1371\\/journal\\.pone\\.0309026",
            "cookies": 0,
            "fingerprinting": 0,
            "subdomains": [
                "api"
            ],
            "apis": {},
            "sites": 2,
            "prevalence": 0.0000141,
            "cnames": [],
            "responseHashes": [
                "f8f31889c3a5bc3bac9f77dde13aecf53d08309f1783dcbff88c4b585b4f557e"
            ],
            "type": "XHR",
            "firstPartyCookies": {},
            "firstPartyCookiesSent": {},
            "exampleSites": [
                "plos.org",
                "journals.plos.org"
            ]
        }
    ],
    "categories": [],
    "performance": {},
    "cookies": 0,
    "topInitiators": [
        {
            "domain": "d1bxh8uas1mnw7.cloudfront.net",
            "prevalence": 0.7536231884057971
        },
        {
            "domain": "first party",
            "prevalence": 0.2246376811594203
        },
        {
            "domain": "cookielaw.org",
            "prevalence": 0.014492753623188406
        },
        {
            "domain": "trustarc.com",
            "prevalence": 0.007246376811594203
        }
    ],
    "types": {
        "Image": 26,
        "XHR": 2
    },
    "nameservers": [
        "elaine.ns.cloudflare.com",
        "ruben.ns.cloudflare.com"
    ]
}