{
    "domain": "analytics-sm.com",
    "owner": {},
    "source": [
        "DuckDuckGo-US"
    ],
    "prevalence": 0.000396,
    "sites": 56,
    "subdomains": [],
    "cnames": [],
    "fingerprinting": 2,
    "resources": [
        {
            "rule": "analytics-sm\\.com\\/js\\/v1\\/beacon\\.js",
            "cookies": 0.000184,
            "fingerprinting": 1,
            "subdomains": [],
            "apis": {
                "Document.cookie getter": 26,
                "Date.prototype.getTime": 20,
                "Date.prototype.getTimezoneOffset": 20,
                "Document.cookie setter": 26
            },
            "sites": 37,
            "prevalence": 0.000262,
            "cnames": [],
            "responseHashes": [
                "133b0a1570d26f9e1beeecaeb4587a8f449c65bff8c87895cdd7e98879644ba6"
            ],
            "type": "Script",
            "firstPartyCookies": {
                "__t1747355693348": {
                    "ttl": -1747355690,
                    "length": 4,
                    "prevalence": 0.0000070733363512901765,
                    "uniqueness": 1
                },
                "sm_uuid": {
                    "ttl": 251654971577,
                    "length": 12,
                    "prevalence": 0.00018390674513354459,
                    "uniqueness": 0.9615384615384616
                },
                "__t1747351896842": {
                    "ttl": -1747351894,
                    "length": 4,
                    "prevalence": 0.0000070733363512901765,
                    "uniqueness": 1
                },
                "__t1747335420682": {
                    "ttl": -1747335419,
                    "length": 4,
                    "prevalence": 0.0000070733363512901765,
                    "uniqueness": 1
                },
                "__t1747328530834": {
                    "ttl": -1747328513,
                    "length": 4,
                    "prevalence": 0.0000070733363512901765,
                    "uniqueness": 1
                },
                "__t1747350185209": {
                    "ttl": -1747350182,
                    "length": 4,
                    "prevalence": 0.0000070733363512901765,
                    "uniqueness": 1
                },
                "__t1747345257444": {
                    "ttl": -1747345253,
                    "length": 4,
                    "prevalence": 0.0000070733363512901765,
                    "uniqueness": 1
                },
                "__t1747338771448": {
                    "ttl": -1747338768,
                    "length": 4,
                    "prevalence": 0.0000070733363512901765,
                    "uniqueness": 1
                },
                "__t1747329228373": {
                    "ttl": -1747329222,
                    "length": 4,
                    "prevalence": 0.0000070733363512901765,
                    "uniqueness": 1
                },
                "__t1747328685796": {
                    "ttl": -1747328682,
                    "length": 4,
                    "prevalence": 0.0000070733363512901765,
                    "uniqueness": 1
                },
                "__t1747338841343": {
                    "ttl": -1747338839,
                    "length": 4,
                    "prevalence": 0.0000070733363512901765,
                    "uniqueness": 1
                },
                "__t1747325158926": {
                    "ttl": -1747325156,
                    "length": 4,
                    "prevalence": 0.0000070733363512901765,
                    "uniqueness": 1
                },
                "__t1747301759487": {
                    "ttl": -1747301756,
                    "length": 4,
                    "prevalence": 0.0000070733363512901765,
                    "uniqueness": 1
                },
                "__t1747329647453": {
                    "ttl": -1747329632,
                    "length": 4,
                    "prevalence": 0.0000070733363512901765,
                    "uniqueness": 1
                },
                "__t1747330326480": {
                    "ttl": -1747330319,
                    "length": 4,
                    "prevalence": 0.0000070733363512901765,
                    "uniqueness": 1
                },
                "__t1747317521368": {
                    "ttl": -1747317516,
                    "length": 4,
                    "prevalence": 0.0000070733363512901765,
                    "uniqueness": 1
                },
                "__t1747333501539": {
                    "ttl": -1747333496,
                    "length": 4,
                    "prevalence": 0.0000070733363512901765,
                    "uniqueness": 1
                },
                "__t1747326274191": {
                    "ttl": -1747326269,
                    "length": 4,
                    "prevalence": 0.0000070733363512901765,
                    "uniqueness": 1
                },
                "__t1747310432620": {
                    "ttl": -1747310431,
                    "length": 4,
                    "prevalence": 0.0000070733363512901765,
                    "uniqueness": 1
                },
                "__t1747324053788": {
                    "ttl": -1747324051,
                    "length": 4,
                    "prevalence": 0.0000070733363512901765,
                    "uniqueness": 1
                },
                "__t1747322848191": {
                    "ttl": -1747322837,
                    "length": 4,
                    "prevalence": 0.0000070733363512901765,
                    "uniqueness": 1
                },
                "__t1747296459239": {
                    "ttl": -1747296446,
                    "length": 4,
                    "prevalence": 0.0000070733363512901765,
                    "uniqueness": 1
                },
                "__t1747297582917": {
                    "ttl": -1747297580,
                    "length": 4,
                    "prevalence": 0.0000070733363512901765,
                    "uniqueness": 1
                },
                "__t1747323681292": {
                    "ttl": -1747323679,
                    "length": 4,
                    "prevalence": 0.0000070733363512901765,
                    "uniqueness": 1
                },
                "__t1747313236520": {
                    "ttl": -1747313234,
                    "length": 4,
                    "prevalence": 0.0000070733363512901765,
                    "uniqueness": 1
                },
                "__t1747346755345": {
                    "ttl": -1747346738,
                    "length": 4,
                    "prevalence": 0.0000070733363512901765,
                    "uniqueness": 1
                },
                "__t1747335272911": {
                    "ttl": -1747335269,
                    "length": 4,
                    "prevalence": 0.0000070733363512901765,
                    "uniqueness": 1
                }
            },
            "firstPartyCookiesSent": {},
            "exampleSites": [
                "usps.com",
                "www.ediblearrangements.com",
                "drpower.com",
                "www.harryanddavid.com",
                "www.vetcoclinics.com",
                "www.tickpick.com",
                "stage-www.usps.com",
                "m.usps.com",
                "stores.petco.com",
                "www.getsunday.com",
                "www.philo.com",
                "www.pcf.org",
                "owner.frigidaire.com",
                "www.pods.com",
                "www.nellaspec.com",
                "chefiq.com",
                "www.drpower.com",
                "www.slumberland.com",
                "www.watchman.com",
                "www.paloaltonetworks.com"
            ]
        },
        {
            "rule": "analytics-sm\\.com\\/",
            "cookies": 0,
            "fingerprinting": 0,
            "subdomains": [],