{
    "domain": "ap3prod.com",
    "owner": {},
    "source": [
        "DuckDuckGo-US"
    ],
    "prevalence": 0.0000778,
    "sites": 11,
    "subdomains": [
        "capture-api"
    ],
    "cnames": [],
    "fingerprinting": 0,
    "resources": [
        {
            "rule": "ap3prod\\.com\\/-\\/events\\/page-event",
            "cookies": 0,
            "fingerprinting": 0,
            "subdomains": [
                "capture-api"
            ],
            "apis": {},
            "sites": 9,
            "prevalence": 0.0000637,
            "cnames": [],
            "responseHashes": [
                "1c88855c435483377490d7be98f96ea72e3b90c247e8125727c954f5a0c6554c",
                "2caa477568c0d61cc2224abc370ede8804432b0b5947986a358f71788f1aba00",
                "263b17ccc6ffee1e8533927221c13139936b9daa962f718130f91ce3f2b42dfb",
                "e759d4e0ab8a59601c307785273a1ba239b23b2d78470cef7897d6325bb61339",
                "35bbd879b2a8307a63376bd26dfbc60b78d8a0eda45b67bf4b05d564bd5dc8c2",
                "2ecbd85c8b3a9e6611a9e6aa6e1b778d6b8864bb919e9dc76f9c2328478f647d",
                "44136fa355b3678a1146ad16f7e8649e94fb4fc21fe77e8310c060f61caaff8a",
                "8565aff646feeedaeca104a80a1aae847ebb62acab41751cdf1b4ca4aa94c325"
            ],
            "type": "XHR",
            "firstPartyCookies": {},
            "firstPartyCookiesSent": {},
            "exampleSites": [
                "armstrongsteel.com",
                "bridemovement.com",
                "gatewaypeople.com",
                "www.nellisauction.com",
                "www.senior65.com",
                "www.slotstemple.com",
                "www.strongtowns.org",
                "www.toi-health.com",
                "www.walcottradio.com"
            ]
        },
        {
            "rule": "ap3prod\\.com\\/-\\/widgets\\/get",
            "cookies": 0,
            "fingerprinting": 0,
            "subdomains": [
                "capture-api"
            ],
            "apis": {},
            "sites": 9,
            "prevalence": 0.0000637,
            "cnames": [],
            "responseHashes": [
                "0535732a59fd56ee9623d61e588f37fef82748d7327f30857a85c74f30d4f02e",
                "b198eede38016cefeebf9db4e75e29e2d5fa11f6f67b44804842b315df3b234f",
                "003262e0357380a107659a2e6de46b8ac97051779d449db450a828a364990885",
                "5daa4539a41032c323263eb1d036dd864d9deeecc88e34abc4cde1bd07272f93",
                "4867eaee0bfcb38a71967ebca9b0cab0c11e613a6927e0de662453e19084a711",
                "2f75eaafe16cc1c747b39e406cd54af452f096555577b5ad2427616f4f78a4eb",
                "44136fa355b3678a1146ad16f7e8649e94fb4fc21fe77e8310c060f61caaff8a",
                "1b1cb83adfdb37af392e39c6c794138ed0fe925d23c979654286aec723b36f00"
            ],
            "type": "XHR",
            "firstPartyCookies": {},
            "firstPartyCookiesSent": {},
            "exampleSites": [
                "armstrongsteel.com",
                "bridemovement.com",
                "gatewaypeople.com",
                "www.nellisauction.com",
                "www.senior65.com",
                "www.slotstemple.com",
                "www.strongtowns.org",
                "www.toi-health.com",
                "www.walcottradio.com"
            ]
        },
        {
            "rule": "ap3prod\\.com\\/-\\/events\\/cw-event",
            "cookies": 0,
            "fingerprinting": 0,
            "subdomains": [
                "capture-api"
            ],
            "apis": {},
            "sites": 2,
            "prevalence": 0.0000141,
            "cnames": [],
            "responseHashes": [
                "6d671216b65430892096b56b674a68abfba1df4bf41d092c1f1471db7c6557c8"
            ],
            "type": "XHR",
            "firstPartyCookies": {},
            "firstPartyCookiesSent": {},
            "exampleSites": [
                "bridemovement.com",
                "www.strongtowns.org"
            ]
        }
    ],
    "categories": [],
    "performance": {},
    "cookies": 0,
    "topInitiators": [
        {
            "domain": "cdn3l.ink",
            "prevalence": 0.52
        },
        {
            "domain": "cdn2l.ink",
            "prevalence": 0.32
        },
        {
            "domain": "first party",
            "prevalence": 0.16
        }
    ],
    "types": {
        "XHR": 20
    },
    "nameservers": [
        "ns-679.awsdns-20.net",
        "ns-508.awsdns-63.com",
        "ns-1365.awsdns-42.org",
        "ns-1999.awsdns-57.co.uk"
    ]
}