{
    "domain": "ascendeummedia.com",
    "owner": {},
    "source": [
        "DuckDuckGo-US"
    ],
    "prevalence": 0.000382,
    "sites": 54,
    "subdomains": [
        "hb"
    ],
    "cnames": [],
    "fingerprinting": 0,
    "resources": [
        {
            "rule": "ascendeummedia\\.com\\/hb-multi",
            "cookies": 0,
            "fingerprinting": 0,
            "subdomains": [
                "hb"
            ],
            "apis": {},
            "sites": 38,
            "prevalence": 0.000269,
            "cnames": [],
            "responseHashes": [
                "349d7559388fface34d88cbcaf30a49564966a9dd21cb0cb20355c53b46a3c8c",
                "4e5fa6ecd473a3db7f50f82793ed24216ec83c41f0b0b621ee20d9cd906cf144",
                "6b9af3a734f78fbd62276918af093f1dfdc68488af56933117f92e17ff9f8c4c",
                "8b04ec4083412b46d70311824a9b0ce5ab556db54f632ac1a9e15ddbe31ce017",
                "8fe58e533438c64b3b136e342f64c810c6a2d0f7158e0d40843aab57de7b0a27",
                "76f7120a97b8101491fdfe17cdfae909fdbfd8d91787dbe76e309ff6eb8038d3",
                "866189f6e84ac29c0223d4dd58356cf5cbdfeef05a1a29984ef4af13e3f1bd76",
                "be381725ba4421f81c0f283a5babfe814244bd44ad0bd2d21cf29497033bfd63",
                "14d7570619370042f4d1056b6ef19c2bebac58c1d876b109f0c0ec2d0b5d4b8f",
                "f88ddb434f50d16f48e7be13063b02bf7d7cea827c80a4903047744687088e20",
                "5590b693ab0fa5e761ab337f7647f2719a3a6db69280b052641fdeea88e437f7",
                "418f5e67e22e902bea492bef3300165457288aaaddd97bf3fdb2989a5755c014",
                "4efde249d4ddfcf40977163078566b392dabbaeb210d4d4cb7362acf5169e925",
                "9338fb01efba2617bbe5c32ad08626021a8b87fb52005e66fb7330f9fce6d78d",
                "d41299096e4609e499b20dcc67bbce545af0f0082c7d51e364db5e4b5069e701",
                "e8f922c2b2aab49d3715dc9039a06aef93cc589b3fe536258e8bdd66bb2cff61",
                "4ebb99f562e25123a145309b84aa768bf5613cc4ef8d5050aaab25f8497efdb3",
                "522799179c629783273289f540d07c6d0ff7c19411daef549c3593b0fbdc032f"
            ],
            "type": "Fetch",
            "firstPartyCookies": {},
            "firstPartyCookiesSent": {},
            "exampleSites": [
                "estatesales.org",
                "singjupost.com",
                "www.mustang6g.com",
                "www.mustang7g.com",
                "www.macheforum.com",
                "www.broncosportforum.com",
                "www.freeconvert.com",
                "www.koreaboo.com",
                "frequentmiler.com",
                "www.bronco6g.com",
                "eyeoftheflyer.com",
                "viewfromthewing.com",
                "ohmyfacts.com",
                "www.taycanforum.com",
                "versus.com",
                "www.tndeer.com",
                "www.f150gen14.com",
                "liveandletsfly.com",
                "thebulkheadseat.com",
                "exceljet.net"
            ]
        }
    ],
    "categories": [],
    "performance": {},
    "cookies": 0,
    "topInitiators": [
        {
            "domain": "first party",
            "prevalence": 0.463768115942029
        },
        {
            "domain": "script.ac",
            "prevalence": 0.2898550724637681
        },
        {
            "domain": "hb-tutorialrepublic.s3.us-east-2.amazonaws.com",
            "prevalence": 0.057971014492753624
        },
        {
            "domain": "hb-targa.s3.us-east-2.amazonaws.com",
            "prevalence": 0.043478260869565216
        },
        {
            "domain": "hb-estatesales.s3.us-east-2.amazonaws.com",
            "prevalence": 0.028985507246376812
        },
        {
            "domain": "stocktwits-cdn.com",
            "prevalence": 0.028985507246376812
        },
        {
            "domain": "sentry-cdn.com",
            "prevalence": 0.028985507246376812
        },
        {
            "domain": "hb-exceljet.s3.us-east-2.amazonaws.com",
            "prevalence": 0.014492753623188406
        },
        {
            "domain": "hb-mitl.s3.us-east-2.amazonaws.com",
            "prevalence": 0.014492753623188406
        },
        {
            "domain": "versus.io",
            "prevalence": 0.014492753623188406
        }
    ],
    "types": {
        "Fetch": 38
    },
    "nameservers": [
        "ns-95.awsdns-11.com",
        "ns-914.awsdns-50.net",
        "ns-1036.awsdns-01.org",
        "ns-2000.awsdns-58.co.uk"
    ]
}