{
    "domain": "aserve1.net",
    "owner": {},
    "source": [
        "DuckDuckGo-US"
    ],
    "prevalence": 0.000255,
    "sites": 36,
    "subdomains": [
        "cpm"
    ],
    "cnames": [],
    "fingerprinting": 0,
    "resources": [
        {
            "rule": "aserve1\\.net\\/hb",
            "cookies": 0,
            "fingerprinting": 0,
            "subdomains": [
                "cpm"
            ],
            "apis": {},
            "sites": 25,
            "prevalence": 0.000177,
            "cnames": [],
            "responseHashes": [
                "c05feaa3f94f54718c37f6fdde600f1dc385b3ed8c16a332cfb7d7fc588bb3d5",
                "08582efe6f27baf2fb9359b5a92f258e1aa3a615195e06bac2bc2dac5123aa29",
                "2393f3e2d07e5a39dbe878567d29d04270ae113e84f896a0c3754657026c3da6",
                "fa182d91b4818b44f2759935b45fc1904ff0a0db73555a2492d886fe1370e78b",
                "38fca51d66b464bc3490c44e43a0a70c083a2dfdfdccc89ebbbbc22c37eb125a",
                "90f3b9980c1992a298547c3b54f5147887c0d0158f77d914543176a1100ee48b",
                "b04d0bace9fd0877f43473f72ff5c0f3434703a69f96123ead549a0a80a848a3",
                "98850686292b60c9eecb23446f5439497a30a65af2e5f09d59dea670abc8df58",
                "42add18fb5a515eb0c885d38032fd8b83fb5bf5142bc5e6af27f9d3394cb393b",
                "8fe89aaa7fe7f0ae59c43c9aa618216dad1a8f33022dcbef0d21b45fa72ca5a6",
                "7dceb7d3dedaaeed95a878182d78027c511c8f1cd46306f851188f192830ad9c",
                "2e53abaa2786b51c1dbf1bdd1fa429269fc33c8bdc060b973b9dfc624e4b37f3",
                "c2e65a45d4d2a4e05b0fe867ef8eda04d42d983789d2b459fc7ff7d5e5f5da10",
                "e3b0c44298fc1c149afbf4c8996fb92427ae41e4649b934ca495991b7852b855",
                "2563aa5049a63e48b7cd87f6ec4ee8ca8221ad98a758f411df4a9f3cc8c3aa3c",
                "5c1fcd654cf054c56e8b37698c50a7d52a84c735f83dbb0b6989521e7d06d561",
                "52de443dbaa3a459f3535c53800459155b033dd2741a83c53a5d1bc13cc510ef",
                "2965fb28cd24db8a9df9ab460b36a37df9112f5ed37455cda1b6fc4543b5f6e4",
                "0cb936ca821393a8fbc5be3963f20ee619a9055b6de49c436558b2e8d1f0d69f",
                "96ece9e87e6c7d5b95edbee0344dd22dda54793aaed09108044635980d4d0b28"
            ],
            "type": "Fetch",
            "firstPartyCookies": {},
            "firstPartyCookiesSent": {},
            "exampleSites": [
                "www.bangordailynews.com",
                "travle.earth",
                "www.supercoloring.com",
                "legalinsurrection.com",
                "asurascanslation.com",
                "chatarg.com",
                "helpdeskgeek.com",
                "getcomics.org",
                "www.isitdownrightnow.com",
                "www.sportskeeda.com",
                "www.editpad.org",
                "www.reviewjournal.com",
                "streamfare.info",
                "dailyhive.com",
                "manhuaread.com",
                "stories-blog.com",
                "plagiarismdetector.net",
                "pvtimes.com",
                "www.diynot.com",
                "www.wral.com"
            ]
        }
    ],
    "categories": [],
    "performance": {},
    "cookies": 0.0000141,
    "topInitiators": [
        {
            "domain": "snigelweb.com",
            "prevalence": 0.3269230769230769
        },
        {
            "domain": "cdnpf.com",
            "prevalence": 0.23076923076923078
        },
        {
            "domain": "first party",
            "prevalence": 0.1346153846153846
        },
        {
            "domain": "publir.com",
            "prevalence": 0.11538461538461539
        },
        {
            "domain": "pubmatic.com",
            "prevalence": 0.057692307692307696
        },
        {
            "domain": "d3plfjw9uod7ab.cloudfront.net",
            "prevalence": 0.057692307692307696
        },
        {
            "domain": "htlbid.com",
            "prevalence": 0.057692307692307696
        },
        {
            "domain": "reviewjournal.com",
            "prevalence": 0.019230769230769232
        }
    ],
    "types": {
        "Fetch": 25
    },
    "nameservers": [
        "kiki.ns.cloudflare.com",
        "toby.ns.cloudflare.com"
    ]
}