{
    "domain": "barilliance.net",
    "owner": {
        "name": "Barilliance Ltd",
        "displayName": "Barilliance"
    },
    "source": [
        "DuckDuckGo-US"
    ],
    "prevalence": 0.000106,
    "sites": 15,
    "subdomains": [
        "www"
    ],
    "cnames": [],
    "fingerprinting": 0,
    "resources": [
        {
            "rule": "barilliance\\.net\\/data\\.js\\.php",
            "cookies": 0.0000778,
            "fingerprinting": 0,
            "subdomains": [
                "www"
            ],
            "apis": {},
            "sites": 12,
            "prevalence": 0.0000849,
            "cnames": [],
            "responseHashes": [
                "d9fcf0797683b7a565f69f7aa4b11f68e09621cea249df2f864707e519e8ba47",
                "ef0c9f3c62b5292df2e046daee158d01d0b94b4c34ca2468c6a2d2d5eceae26b",
                "60bde38944b8cd98eb9d9dedef950e31f888027c077c30a08480395f97394700",
                "60dd0a0b255f3ab15eca1c34f2de5fecb16f1c850ffafc532d52c328f224f430",
                "f9f14c56552c4c48d5fee6459bc1e011ca9ec4f1785a6ee80162597b83086c2e",
                "2ed998ce5a4ef2d4d8895ce8c5fbdd92339f5b1940f1f9ed3ef8f757cc2eb481",
                "eb27252e30cff0fe515a39ec68ffa01ea7930d320cd4a00d22fa2daa248a80aa",
                "1e6ebf3ac651b54a35a3b05c81430fae022c9eebf77c40b2a67fe3cfad15a4fe",
                "b807f9509257afda49e7b9800284fdfc7fb94de9e3ac1ab219761948eec9ac18",
                "fb8bc66a83c9f7302f54a95523f0f97ca6446ec6237859ddd2e635ae48118ee3"
            ],
            "type": "XHR",
            "firstPartyCookies": {},
            "firstPartyCookiesSent": {
                "cbar_uid": 0.000014146672702580353,
                "cbar_lvt": 0.000014146672702580353,
                "ssViewedProducts": 0.0000070733363512901765
            },
            "exampleSites": [
                "autobodytoolmart.com",
                "www.autobodytoolmart.com",
                "www.bimmerworld.com",
                "www.blackwoods.com.au",
                "www.breadbeckers.com",
                "www.fasciablaster.com",
                "www.hinterlandoutfitters.com",
                "www.inyopools.com",
                "www.mcas.com.au",
                "www.mxstore.com.au",
                "www.paddypallin.com.au",
                "www.wildearth.com.au"
            ]
        },
        {
            "rule": "barilliance\\.net\\/api\\/click-monitor\\/collect\\/",
            "cookies": 0.0000424,
            "fingerprinting": 0,
            "subdomains": [
                "www"
            ],
            "apis": {},
            "sites": 6,
            "prevalence": 0.0000424,
            "cnames": [],
            "responseHashes": [
                "4f53cda18c2baa0c0354bb5f9a3ecbe5ed12ab4d8e11ba873c2f11161202b945"
            ],
            "type": "XHR",
            "firstPartyCookies": {},
            "firstPartyCookiesSent": {},
            "exampleSites": [
                "autobodytoolmart.com",
                "www.autobodytoolmart.com",
                "www.hinterlandoutfitters.com",
                "www.inyopools.com",
                "www.mxstore.com.au",
                "www.wildearth.com.au"
            ]
        },
        {
            "rule": "barilliance\\.net\\/api\\/report\\/stats",
            "cookies": 0.0000141,
            "fingerprinting": 0,
            "subdomains": [
                "www"
            ],
            "apis": {},
            "sites": 2,
            "prevalence": 0.0000141,
            "cnames": [],
            "responseHashes": [
                "e3b0c44298fc1c149afbf4c8996fb92427ae41e4649b934ca495991b7852b855"
            ],
            "type": "Ping",
            "firstPartyCookies": {},
            "firstPartyCookiesSent": {},
            "exampleSites": [
                "wildearth.com.au",
                "www.wildearth.com.au"
            ]
        }
    ],
    "categories": [],
    "performance": {},
    "cookies": 0.000099,
    "topInitiators": [
        {
            "domain": "barilliance.com",
            "prevalence": 0.7586206896551724
        },
        {
            "domain": "dn3y71tq7jf07.cloudfront.net",
            "prevalence": 0.13793103448275862
        },
        {
            "domain": "first party",
            "prevalence": 0.06896551724137931
        },
        {
            "domain": "go-mpulse.net",
            "prevalence": 0.034482758620689655
        }
    ],
    "types": {
        "XHR": 18,
        "Ping": 2
    },
    "nameservers": [
        "ns-57.awsdns-07.com",
        "ns-764.awsdns-31.net",
        "ns-1651.awsdns-14.co.uk",
        "ns-1385.awsdns-45.org"
    ]
}