{
    "domain": "bestcontentwork.top",
    "owner": {},
    "source": [
        "DuckDuckGo-US"
    ],
    "prevalence": 0.000347,
    "sites": 49,
    "subdomains": [
        "a",
        "cdn3"
    ],
    "cnames": [],
    "fingerprinting": 0,
    "resources": [
        {
            "rule": "bestcontentwork\\.top\\/loader",
            "cookies": 0,
            "fingerprinting": 0,
            "subdomains": [
                "a"
            ],
            "apis": {},
            "sites": 34,
            "prevalence": 0.00024,
            "cnames": [],
            "responseHashes": [
                "735690ce2917f002486589a89d71f547d14f74289dd53da83c80372f58296fb9",
                "4d5ca582b6444daf2fbe350424f76d4811b586ca68e80b8e1c1437a5139bff1c",
                "307d60a7a4c8b10c3c9f8e5081937357ae51981a86965b2e948bd099a42e6594",
                "1c22de50e94d2dc1fcb1a95b77665877eb18a66c7bb22692a35d6b7747fed83d",
                "2c41ca82b4a8462a808b11b380104d2a4d48015dc099651015c0225160c596d3",
                "efc130872717385831ab014517e0a786f048f0ef02f564b40e6b3b2e27f2d3a9",
                "d90e276870a336c05d8e7d11a10a7a8f82186e1960d15efe72eae4a2f90b7482",
                "1a133be53d885064cc2ab0f45c14af3a39a9e6a37b508cb61d0c45465d65fe83",
                "a7ccf0abfde9619e062bbe218940a552cad8d6357e74b297bb646f25c5ab2732",
                "cf61788cbcf6ba7758c9ed11c0118882e4cdf9849c29bbf24ebadaab32a6b905",
                "3d3074cac1de04ab8839f495624838b42cb595e3a72c6d5df6e2320588e03367",
                "0ee91db83fe240b11eeeab95fd432a819b84cc7e6c4e1c5bff320109c9c2819f",
                "d46ccccbc359e669e4cd07cce6e1894f28834268e2c2c451c9ea9362572d5e26",
                "ac736cf920cf7ec2a4e7f564ec44a240ec23547dfbf1c9322fff53e2d97f8c70",
                "d11c9f14007d68f1543656f3b3d7bd3ffc39e9cd225b6e827be010cd2a5572dd",
                "d196e33245be5aec2088fc8fdeca032e72755c94d9777fde3381988d38ea8e1c"
            ],
            "type": "Document",
            "firstPartyCookies": {},
            "firstPartyCookiesSent": {},
            "exampleSites": [
                "www.trannytube.net",
                "www.musclegayclips.com",
                "4kpornvideos.tv",
                "www.machogaytube.com",
                "www.ice-gay.com",
                "www.freegaytube.xxx",
                "www.trannytube.tv",
                "www.onlygaymen.com",
                "www.onlydudes.tv",
                "www.boy18tube.com",
                "www.gaypornarchive.com",
                "www.good-gay.tv",
                "www.gayporno.tv",
                "www.gayfuckporn.com",
                "www.machotube.tv",
                "www.go-gaytube.com",
                "www.xgaytube.tv",
                "tape.xxx",
                "goodpornvids.com",
                "www.gaypornplanet.com"
            ]
        },
        {
            "rule": "bestcontentwork\\.top\\/i",
            "cookies": 0,
            "fingerprinting": 0,
            "subdomains": [
                "a"
            ],
            "apis": {},
            "sites": 17,
            "prevalence": 0.00012,
            "cnames": [],
            "responseHashes": [
                "e3b0c44298fc1c149afbf4c8996fb92427ae41e4649b934ca495991b7852b855"
            ],
            "type": "Image",
            "firstPartyCookies": {},
            "firstPartyCookiesSent": {},
            "exampleSites": [
                "hqporn.xxx",
                "www.boy18tube.com",
                "www.boymoviedome.com",
                "www.freegaytube.xxx",
                "www.gaymenring.com",
                "www.gaymentubexxx.com",
                "www.gaypornarchive.com",
                "www.gaypornplanet.com",
                "www.gayporno.fm",
                "www.go-gaytube.com",
                "www.good-gay.tv",
                "www.machogaytube.com",
                "www.machotube.tv",
                "www.meatyhunks.com",
                "www.onlydudes.tv",
                "www.onlygaymen.com",
                "www.verygayboys.com"
            ]
        },
        {
            "rule": "bestcontentwork\\.top\\/55\\/72\\/309967\\/00005447602\\.png",
            "cookies": 0,
            "fingerprinting": 0,
            "subdomains": [
                "cdn3"
            ],
            "apis": {},
            "sites": 2,
            "prevalence": 0.0000141,
            "cnames": [],
            "responseHashes": [
                "51cae548cf67edfb3c21058d5e20dae4a471244f5f82c22133da24c5ce3f6e02"
            ],
            "type": "Image",
            "firstPartyCookies": {},
            "firstPartyCookiesSent": {},
            "exampleSites": [
                "freegaytube.xxx",
                "www.good-gay.tv"
            ]
        },
        {
            "rule": "bestcontentwork\\.top\\/9b\\/e1\\/304241\\/5430989\\.webp",
            "cookies": 0,
            "fingerprinting": 0,
            "subdomains": [
                "cdn3"
            ],
            "apis": {},
            "sites": 2,
            "prevalence": 0.0000141,
            "cnames": [],
            "responseHashes": [
                "a3e391d273d79e46184b94fb6c62a94d5271405c6769e7d6098062a35aacd3dc"
            ],
            "type": "Image",
            "firstPartyCookies": {},
            "firstPartyCookiesSent": {},
            "exampleSites": [
                "gaymentubexxx.com",
                "www.onlydudes.tv"
            ]
        },
        {
            "rule": "bestcontentwork\\.top\\/9b\\/e1\\/304241\\/5430991\\.webp",
            "cookies": 0,
            "fingerprinting": 0,
            "subdomains": [
                "cdn3"
            ],
            "apis": {},
            "sites": 2,
            "prevalence": 0.0000141,
            "cnames": [],
            "responseHashes": [
                "ded9d80e926786fa44cb60bb7805e617342d672aaceedcd0a4e6ef760f9407bf"
            ],
            "type": "Image",
            "firstPartyCookies": {},
            "firstPartyCookiesSent": {},
            "exampleSites": [
                "gaymentubexxx.com",
                "www.machogaytube.com"
            ]
        },
        {
            "rule": "bestcontentwork\\.top\\/55\\/72\\/309967\\/00005447605\\.webp",
            "cookies": 0,
            "fingerprinting": 0,
            "subdomains": [
                "cdn3"
            ],
            "apis": {},
            "sites": 2,
            "prevalence": 0.0000141,
            "cnames": [],
            "responseHashes": [
                "0467cdb22b6caa385f7d7bda44efefbce0e65727cbc64df0b9dd4abedc3c355f"
            ],
            "type": "Image",
            "firstPartyCookies": {},
            "firstPartyCookiesSent": {},
            "exampleSites": [
                "go-gaytube.com",
                "www.machogaytube.com"
            ]
        }
    ],
    "categories": [],
    "performance": {},
    "cookies": 0,
    "topInitiators": [
        {
            "domain": "bestcontentcost.top",
            "prevalence": 0.676056338028169
        },
        {
            "domain": "medfoodsafety.com",
            "prevalence": 0.18309859154929578
        },
        {
            "domain": "bestcontentsite.top",
            "prevalence": 0.14084507042253522
        }
    ],
    "types": {
        "Document": 34,
        "Image": 25
    },
    "nameservers": [
        "fred.ns.cloudflare.com",
        "olga.ns.cloudflare.com"
    ]
}