{
    "domain": "bloomerang.co",
    "owner": {},
    "source": [
        "DuckDuckGo-US"
    ],
    "prevalence": 0.000134,
    "sites": 19,
    "subdomains": [
        "api",
        "crm"
    ],
    "cnames": [],
    "fingerprinting": 1,
    "resources": [
        {
            "rule": "bloomerang\\.co\\/v1\\/WebsiteVisit",
            "cookies": 0.0000637,
            "fingerprinting": 1,
            "subdomains": [
                "api"
            ],
            "apis": {
                "Document.cookie setter": 9
            },
            "sites": 11,
            "prevalence": 0.0000778,
            "cnames": [],
            "responseHashes": [
                "3c0c95d13828ae9ba80d2b6158603402a1535a82968ea9e52a5688fc6b7f3693",
                "de278452fc5eaa2343873e9243d0507c649a69bee0508add6da96dee7b0d03e4",
                "85047e33a44c29e6cd40b4f7ded524e974b4def4e7da03dd37061a0b139c4212",
                "283287c962dc0b1155420912c8e3c60509350b4e2590502104b1dd7f43f374cf",
                "f932c0b7cfd1a2e0973a94bd9bbe228ea8e2ce3cc6fe004707aaab5b9c318a4d",
                "437b7855090e715e1ab064bcb5af7ff19c049339be995e9c8ed63b72f766471c",
                "c71f843bbcfee20686fc7151da1be255c89627063cf276d9a99834c95811c364",
                "e3b0c44298fc1c149afbf4c8996fb92427ae41e4649b934ca495991b7852b855",
                "8fbb6a84835df1cdc13cce73f7663df98cd85a367a816c70549e3add3ee476a3",
                "fd216cf7c64318abe5c503f5d2c20a0329205fb1ba4856ef0a258afff93295c9"
            ],
            "type": "Script",
            "firstPartyCookies": {
                "bloomerangConstituent": {
                    "ttl": 398576887,
                    "length": 36,
                    "prevalence": 0.0000636600271616116,
                    "uniqueness": 1
                }
            },
            "firstPartyCookiesSent": {},
            "exampleSites": [
                "aflegal.org",
                "buckslib.org",
                "capitalresearch.org",
                "electronicintifada.net",
                "nafc.org",
                "naturemed.org",
                "torah.org",
                "www.monroeinstitute.org",
                "www.strongtowns.org",
                "www.tabletmag.com",
                "www.thecity.nyc"
            ]
        },
        {
            "rule": "bloomerang\\.co\\/Content\\/Scripts\\/Api\\/Bloomerang-v2\\.js",
            "cookies": 0,
            "fingerprinting": 1,
            "subdomains": [
                "crm"
            ],
            "apis": {
                "Document.cookie getter": 10,
                "Navigator.prototype.userAgent": 11
            },
            "sites": 12,
            "prevalence": 0.0000849,
            "cnames": [],
            "responseHashes": [
                "d54d1952aa9711199eb53e21107caccaed27a15e08f5b2ef956703ffcbb5d9ff",
                "b701a9bd00d2785e575443d106319ed11618c616fc75c99f9552e45160dfabd0"
            ],
            "type": "Script",
            "firstPartyCookies": {},
            "firstPartyCookiesSent": {},
            "exampleSites": [
                "aflegal.org",
                "buckslib.org",
                "capitalresearch.org",
                "electronicintifada.net",
                "llli.org",
                "mountwashington.org",
                "nafc.org",
                "naturemed.org",
                "torah.org",
                "www.monroeinstitute.org",
                "www.tabletmag.com",
                "www.thecity.nyc"
            ]
        },
        {
            "rule": "bloomerang\\.co\\/Content\\/Scripts\\/Lib\\/accounting\\.min\\.js",
            "cookies": 0,
            "fingerprinting": 0,
            "subdomains": [
                "crm"
            ],
            "apis": {},
            "sites": 12,
            "prevalence": 0.0000849,
            "cnames": [],
            "responseHashes": [
                "ec8e2929277658d918b53d1d03853d33efa78dbd89f3e4f2e08d7dfe0d330555"
            ],
            "type": "Script",
            "firstPartyCookies": {},
            "firstPartyCookiesSent": {},
            "exampleSites": [
                "aflegal.org",
                "buckslib.org",
                "capitalresearch.org",
                "electronicintifada.net",
                "llli.org",
                "mountwashington.org",
                "nafc.org",
                "naturemed.org",
                "torah.org",
                "www.monroeinstitute.org",
                "www.tabletmag.com",
                "www.thecity.nyc"
            ]
        },
        {
            "rule": "bloomerang\\.co\\/v1\\/WebsiteVisit\\/",
            "cookies": 0,
            "fingerprinting": 0,
            "subdomains": [
                "api"
            ],
            "apis": {},
            "sites": 10,
            "prevalence": 0.0000707,
            "cnames": [],
            "responseHashes": [
                "4fff3cd2b7de4a0fe1b58a2de6d4251f644bb1e54f3b41f987fc641e6a044258",
                "efca0776a632228226be19774363c807311f5d234648d00cae11e1b1138a6f90",
                "61ca11be0aa572c114afd6b502a2f2b8caee3dad97f6d54999e521dab0f00032",
                "65da914523171972f64ab0dd9cc9309bfe67752ec084c2589417c3f8e4f9795f",
                "b3db3ac20464bf669d62b45908dde534bdfd44f6ed0e822c36e6248a7c493db4",
                "4c9c2896247c6bd36abebdb43a91d20f4015d57ee91ac578584c34265f1aecb2",
                "99ace7d9de583ead1a4a653fa174b2d58b456df8ebb667b21ced82b2363dd92e",
                "812f53d405d8d6b56a294368fcf1280486cc5a8aaba67c0e8880cca8aea22e63"
            ],
            "type": "XHR",
            "firstPartyCookies": {},
            "firstPartyCookiesSent": {},
            "exampleSites": [
                "aflegal.org",
                "buckslib.org",
                "capitalresearch.org",
                "electronicintifada.net",
                "nafc.org",
                "naturemed.org",
                "torah.org",
                "www.monroeinstitute.org",
                "www.tabletmag.com",
                "www.thecity.nyc"
            ]
        },
        {
            "rule": "bloomerang\\.co\\/v1\\/WebsiteVisit\\/",
            "cookies": 0,
            "fingerprinting": 0,
            "subdomains": [
                "api"
            ],
            "apis": {},
            "sites": 9,
            "prevalence": 0.0000637,
            "cnames": [],
            "responseHashes": [],
            "type": "Preflight",
            "firstPartyCookies": {},
            "firstPartyCookiesSent": {},
            "exampleSites": [
                "aflegal.org",
                "capitalresearch.org",
                "electronicintifada.net",
                "nafc.org",
                "naturemed.org",
                "torah.org",
                "www.monroeinstitute.org",
                "www.tabletmag.com",
                "www.thecity.nyc"
            ]
        }
    ],
    "categories": [],
    "performance": {},
    "cookies": 0.000106,
    "topInitiators": [
        {
            "domain": "first party",
            "prevalence": 0.9142857142857143
        },
        {
            "domain": "aspnetcdn.com",
            "prevalence": 0.05714285714285714
        },
        {
            "domain": "googletagmanager.com",
            "prevalence": 0.02857142857142857
        }
    ],
    "types": {
        "Script": 35,
        "XHR": 10,
        "Preflight": 9
    },
    "nameservers": [
        "dorthy.ns.cloudflare.com",
        "kanye.ns.cloudflare.com"
    ]
}