{
    "domain": "bngprm.com",
    "owner": {},
    "source": [
        "DuckDuckGo-US"
    ],
    "prevalence": 0.000375,
    "sites": 53,
    "subdomains": [
        "i"
    ],
    "cnames": [],
    "fingerprinting": 1,
    "resources": [
        {
            "rule": "bngprm\\.com\\/promo\\.php",
            "cookies": 0,
            "fingerprinting": 1,
            "subdomains": [],
            "apis": {
                "window.name": 6,
                "Navigator.prototype.userAgent": 8,
                "Document.cookie getter": 6,
                "Navigator.prototype.platform": 5,
                "window.indexedDB": 1,
                "Notification.permission": 1,
                "window.innerWidth": 1,
                "Navigator.prototype.maxTouchPoints": 1
            },
            "sites": 11,
            "prevalence": 0.0000778,
            "cnames": [],
            "responseHashes": [
                "a50483eb3341d5feeefac07d5d88941d110c3b5f451f0301337713cada7a7a22",
                "88901aeec3da86ebded236583eb25abd87a2283f67a9075557554dccded8254d",
                "6c018dd2dbb7c1955614786be6558f8e94c9ba33a99f7096eeb0953a2fabf968",
                "1ded41a71c89ebd91780a4f8be3c213805f65d85d631ccf881d1a1c16c85ee05",
                "1d8f0de5b432c3edc37f028ddca7e8365b2fb7c4c61c1539bef68d00ffe50899",
                "a8db68409a2318d6e5fdc147a84fb11f3a2afdba411a081394a3b49cc0887eb0",
                "3aaf4ccd75a31877dfa36635124f708a8e76257851425a39a820b71262eacd66",
                "9e104a3e7a5477d88a5d66c05ccd3b0990ca89dff65dfe864504de7699dbf941",
                "a31402c06ac0d1dc4ec435d5cf8199f75f2a4b56f544ca50e6eab725eba60b1a",
                "af22b85e115fe8429d69d2e19428951058fd4698fe2a9a69362961a7af303d5e"
            ],
            "type": "Script",
            "firstPartyCookies": {},
            "firstPartyCookiesSent": {},
            "exampleSites": [
                "minuporno.com",
                "de.minuporno.com",
                "lv.minuporno.com",
                "nl.minuporno.com",
                "ru.alohaporno.com",
                "shemaledream.tube",
                "tr.minuporno.com",
                "www.xozilla.com",
                "xcelebs.ru",
                "xnxxhd.tv",
                "xporn-gifs.com"
            ]
        },
        {
            "rule": "bngprm\\.com\\/wl\\/000\\/00a\\/08f\\/f3cb0e84ebf231f8781f63185ddeb42d\\.svg",
            "cookies": 0,
            "fingerprinting": 0,
            "subdomains": [
                "i"
            ],
            "apis": {},
            "sites": 5,
            "prevalence": 0.0000354,
            "cnames": [],
            "responseHashes": [
                "3e7a97cd8afa1176f4c97b5f4d0dd312ff4826482670a4ede78ce78792ff1ea0"
            ],
            "type": "Image",
            "firstPartyCookies": {},
            "firstPartyCookiesSent": {},
            "exampleSites": [
                "minuporno.com",
                "lv.minuporno.com",
                "nl.minuporno.com",
                "ru.alohaporno.com",
                "tr.minuporno.com"
            ]
        },
        {
            "rule": "bngprm\\.com\\/promo\\.php",
            "cookies": 0,
            "fingerprinting": 1,
            "subdomains": [],
            "apis": {
                "Navigator.prototype.userAgent": 1
            },
            "sites": 3,
            "prevalence": 0.0000212,
            "cnames": [],
            "responseHashes": [
                "f0d18bedca93303b2b33d3f8cf5071e85c0add5a444bc88688dcbf30136cb96e",
                "dbd6182de3bbf1677b847083000921fdb82d5c90b5f92186ffeb2254eaaa37ea"
            ],
            "type": "Document",
            "firstPartyCookies": {},
            "firstPartyCookiesSent": {},
            "exampleSites": [
                "onebackpage.com",
                "www.tnapics.com",
                "zasvetfoto.com"
            ]
        },
        {
            "rule": "bngprm\\.com\\/dynamic_banner\\/jquery\\.tools\\.min\\.js",
            "cookies": 0,
            "fingerprinting": 1,
            "subdomains": [
                "i"
            ],
            "apis": {
                "Navigator.prototype.userAgent": 3,
                "Navigator.prototype.plugins": 3,
                "Date.prototype.getTime": 3
            },
            "sites": 20,
            "prevalence": 0.000141,
            "cnames": [],
            "responseHashes": [
                "e666784dfb5c0770b088874d0217b90b7404d14bd6149843f3b5952b9a5f9197"
            ],
            "type": "Script",
            "firstPartyCookies": {},
            "firstPartyCookiesSent": {},
            "exampleSites": [
                "pornobomba.lol",
                "www.cambro.app",
                "www.cambro.chat",
                "www.cambro.company",
                "www.cambro.cool",
                "www.cambro.dating",
                "www.cambro.rip",
                "www.cambro.tube",
                "www.cambro.video",
                "www.cambro.wtf",
                "www.cambrotv.fans",
                "www.cambrotv.org",
                "www.cambrotv.tube",
                "www.cambrotv.tv",
                "www.dlouha-videa.cz",
                "www.erotischegeschichten.net",
                "www.privat-zapisi.tv",
                "www.xcambro.com",
                "www.xcambro.tv",
                "zasvetfoto.com"
            ]
        },
        {
            "rule": "bngprm\\.com\\/dynamic_banner\\/images\\/lang\\/american\\.png",
            "cookies": 0,
            "fingerprinting": 0,
            "subdomains": [
                "i"
            ],
            "apis": {},
            "sites": 3,
            "prevalence": 0.0000212,
            "cnames": [],
            "responseHashes": [
                "063ea0ba10468d6bcd7fd91ea6e70d7bc690f4651207efcbb0f373c8fe5669a4"
            ],
            "type": "Image",
            "firstPartyCookies": {},
            "firstPartyCookiesSent": {},
            "exampleSites": [
                "erotischegeschichten.net",
                "www.privat-zapisi.tv",
                "zasvetfoto.com"
            ]
        },
        {
            "rule": "bngprm\\.com\\/postitial\\/adult\\/lokagirls_2\\/stream_720\\.mp4",
            "cookies": 0,
            "fingerprinting": 0,
            "subdomains": [
                "i"
            ],
            "apis": {},
            "sites": 2,
            "prevalence": 0.0000141,
            "cnames": [],
            "responseHashes": [
                "2872ac4dcc374209adb4c367dd041a70ec31baf1dc125c70f0e6c2ba3e32401e"
            ],
            "type": "Media",
            "firstPartyCookies": {},
            "firstPartyCookiesSent": {},
            "exampleSites": [
                "privat-zapisi.tv",
                "www.privat-zapisi.tv"
            ]
        },
        {
            "rule": "bngprm\\.com\\/banners\\/300x250\\/bdsm\\/en\\.gif",
            "cookies": 0,
            "fingerprinting": 0,
            "subdomains": [
                "i"
            ],
            "apis": {},
            "sites": 2,
            "prevalence": 0.0000141,
            "cnames": [],
            "responseHashes": [
                "9b23f5b13e03c9db5e967c43ec06c28819b5f7e1b1a8395a73101e5bf625443f"
            ],
            "type": "Image",
            "firstPartyCookies": {},
            "firstPartyCookiesSent": {},
            "exampleSites": [
                "sexwebvideo.net",
                "www.sexwebvideo.net"
            ]
        },
        {
            "rule": "bngprm\\.com\\/animated_banners\\/js\\/jquery\\.tools\\.min\\.js",
            "cookies": 0,
            "fingerprinting": 1,
            "subdomains": [
                "i"
            ],
            "apis": {
                "Navigator.prototype.userAgent": 1,
                "Navigator.prototype.plugins": 1,
                "Date.prototype.getTime": 1
            },
            "sites": 2,