{
    "domain": "brainsland.com",
    "owner": {},
    "source": [
        "DuckDuckGo-US"
    ],
    "prevalence": 0.0000566,
    "sites": 8,
    "subdomains": [
        "b-cdn.do",
        "ingest.do"
    ],
    "cnames": [],
    "fingerprinting": 2,
    "resources": [
        {
            "rule": "brainsland\\.com\\/banalytics\\.js",
            "cookies": 0.0000495,
            "fingerprinting": 2,
            "subdomains": [
                "b-cdn.do"
            ],
            "apis": {
                "Document.cookie getter": 7,
                "Date.prototype.getTime": 8,
                "Document.cookie setter": 7,
                "window.localStorage": 8,
                "Navigator.prototype.userAgent": 8,
                "Navigator.prototype.languages": 8,
                "window.innerWidth": 8,
                "Screen.prototype.width": 7,
                "Screen.prototype.height": 7,
                "Date.prototype.getTimezoneOffset": 7
            },
            "sites": 8,
            "prevalence": 0.0000566,
            "cnames": [],
            "responseHashes": [
                "5e6ca3f163ccc35ccd2dfad7c84e5de7d32daeee84f9c8930be458753190474a",
                "1e6e6a456c30a0bce5e3097c1ca3be5f208e051eb20c50018572d60bc19c977a",
                "522fb118b3c728d95c2a6db5c986b77c92a0b25b8ef88d43b3748114b7fa56fd",
                "1f50fa766f4636b82114193d5ef3401f5951c9754c78512268e537173660fca6",
                "a5fe4757e0b66091bcb07e134b39a5624c48142c9d7025b9164598cc44eda4ce",
                "dc1f15a2780ef02677632cbf28a00ed116cd4a1eee6dc6d5fda577260a2beaf8",
                "482b6613085bba716469017517e93077681e857d502b48b9f2ff21b449ac40c8"
            ],
            "type": "Script",
            "firstPartyCookies": {
                "_sksid": {
                    "ttl": 1816,
                    "length": 32,
                    "prevalence": 0.00004951335445903124,
                    "uniqueness": 1
                },
                "_sksl": {
                    "ttl": 1816,
                    "length": 68,
                    "prevalence": 0.00004951335445903124,
                    "uniqueness": 0.14285714285714285
                },
                "_blsdc": {
                    "ttl": 51520,
                    "length": 1,
                    "prevalence": 0.00004951335445903124,
                    "uniqueness": 0.14285714285714285
                },
                "_blswc": {
                    "ttl": 310720,
                    "length": 1,
                    "prevalence": 0.00004951335445903124,
                    "uniqueness": 0.14285714285714285
                },
                "_blsmc": {
                    "ttl": 1433921,
                    "length": 1,
                    "prevalence": 0.00004951335445903124,
                    "uniqueness": 0.14285714285714285
                },
                "js_skinit_id": {
                    "ttl": 1816,
                    "length": 32,
                    "prevalence": 0.00004951335445903124,
                    "uniqueness": 1
                },
                "_skulp": {
                    "ttl": 2678405,
                    "length": 13,
                    "prevalence": 0.00004951335445903124,
                    "uniqueness": 0.14285714285714285
                },
                "_blvdc": {
                    "ttl": 51521,
                    "length": 1,
                    "prevalence": 0.00004951335445903124,
                    "uniqueness": 0.14285714285714285
                },
                "_blvwc": {
                    "ttl": 310721,
                    "length": 1,
                    "prevalence": 0.00004951335445903124,
                    "uniqueness": 0.14285714285714285
                },
                "_blvmc": {
                    "ttl": 1433921,
                    "length": 1,
                    "prevalence": 0.00004951335445903124,
                    "uniqueness": 0.14285714285714285
                },
                "_skou": {
                    "ttl": 1816,
                    "length": 6,
                    "prevalence": 0.00004951335445903124,
                    "uniqueness": 0.14285714285714285
                },
                "_skouu": {
                    "ttl": 1816,
                    "length": 98,
                    "prevalence": 0.00004951335445903124,
                    "uniqueness": 1
                },
                "_skrc": {
                    "ttl": 30758405,
                    "length": 32,
                    "prevalence": 0.00004951335445903124,
                    "uniqueness": 1
                },
                "_skbid": {
                    "ttl": 30758405,
                    "length": 32,
                    "prevalence": 0.00004951335445903124,
                    "uniqueness": 1
                },
                "_blpvdc": {
                    "ttl": 51520,
                    "length": 1,
                    "prevalence": 0.00004951335445903124,
                    "uniqueness": 0.14285714285714285
                },
                "_blpvwc": {
                    "ttl": 310720,
                    "length": 1,
                    "prevalence": 0.00004951335445903124,
                    "uniqueness": 0.14285714285714285
                },
                "_blpvmc": {
                    "ttl": 1433920,
                    "length": 1,
                    "prevalence": 0.00004951335445903124,
                    "uniqueness": 0.14285714285714285
                }
            },
            "firstPartyCookiesSent": {},
            "exampleSites": [
                "hurriyet.com.tr",
                "t24.com.tr",
                "www.cnnturk.com",
                "www.fanatik.com.tr",
                "www.hurriyetdailynews.com",
                "www.kanald.com.tr",
                "www.milliyet.com.tr",
                "www.sondakika.com"
            ]
        },
        {
            "rule": "brainsland\\.com\\/ingest",
            "cookies": 0,
            "fingerprinting": 0,
            "subdomains": [
                "ingest.do"
            ],
            "apis": {},
            "sites": 9,
            "prevalence": 0.0000637,
            "cnames": [],
            "responseHashes": [
                "6b86b273ff34fce19d6b804eff5a3f5747ada4eaa22f1d49c01e52ddb7875b4b"
            ],
            "type": "Fetch",
            "firstPartyCookies": {},
            "firstPartyCookiesSent": {},
            "exampleSites": [
                "hurriyet.com.tr",
                "bigpara.hurriyet.com.tr",
                "t24.com.tr",
                "www.cnnturk.com",
                "www.fanatik.com.tr",
                "www.hurriyetdailynews.com",
                "www.kanald.com.tr",
                "www.milliyet.com.tr",
                "www.sondakika.com"
            ]
        }
    ],
    "categories": [],
    "performance": {},
    "cookies": 0.0000495,
    "topInitiators": [
        {
            "domain": "first party",
            "prevalence": 1
        }
    ],
    "types": {
        "Script": 8,
        "Fetch": 9
    },
    "nameservers": [
        "ns-647.awsdns-16.net",
        "ns-467.awsdns-58.com",
        "ns-1713.awsdns-22.co.uk",
        "ns-1154.awsdns-16.org"
    ]
}