{
    "domain": "buzzfufighter.com",
    "owner": {},
    "source": [
        "DuckDuckGo-US"
    ],
    "prevalence": 0.0000707,
    "sites": 10,
    "subdomains": [
        "obs",
        "ob"
    ],
    "cnames": [],
    "fingerprinting": 3,
    "resources": [
        {
            "rule": "buzzfufighter\\.com\\/ct",
            "cookies": 0.0000424,
            "fingerprinting": 0,
            "subdomains": [
                "obs"
            ],
            "apis": {},
            "sites": 7,
            "prevalence": 0.0000495,
            "cnames": [],
            "responseHashes": [
                "e3b0c44298fc1c149afbf4c8996fb92427ae41e4649b934ca495991b7852b855",
                "91aa3887896236f0e18292f4f5b68e010a30ea45214052dba47bd825292c8074",
                "ad4025a79dd1fd05020b7a0de15df224f078883c812fbf01113b873002f8be8d",
                "4cabeae92a162f0f0dea03a0ff637a914f8c15dd481a87090e5059a650b245b9",
                "978adcdac674f3b4b956b351a5ebfc573f36024483241153c1177c3b651fa19c",
                "8d86c680fe197e802aaf0e51c1eb8ebb3fd444e2473f0cf2e700677f185ad084"
            ],
            "type": "Script",
            "firstPartyCookies": {},
            "firstPartyCookiesSent": {
                "_cq_duid": 0.00004244001810774106,
                "_cq_suid": 0.00004244001810774106,
                "_ga": 0.000028293345405160706,
                "ga4_client_id": 0.0000070733363512901765,
                "ga4_session_id": 0.0000070733363512901765
            },
            "exampleSites": [
                "electricmotorwarehouse.com",
                "futurhealth.com",
                "titancasket.com",
                "www.disability-benefits-help.org",
                "www.georgiagassavings.com",
                "www.realized1031.com",
                "www.spafinder.com"
            ]
        },
        {
            "rule": "buzzfufighter\\.com\\/tracker\\/tc_imp\\.gif",
            "cookies": 0,
            "fingerprinting": 0,
            "subdomains": [
                "obs"
            ],
            "apis": {},
            "sites": 7,
            "prevalence": 0.0000495,
            "cnames": [],
            "responseHashes": [
                "f4eef8263281c0b26486637831251059757bc3fdc4c3a48045a8ef8646b36e8f"
            ],
            "type": "Image",
            "firstPartyCookies": {},
            "firstPartyCookiesSent": {},
            "exampleSites": [
                "electricmotorwarehouse.com",
                "titancasket.com",
                "www.4feldco.com",
                "www.disability-benefits-help.org",
                "www.georgiagassavings.com",
                "www.realized1031.com",
                "www.spafinder.com"
            ]
        },
        {
            "rule": "buzzfufighter\\.com\\/mon",
            "cookies": 0,
            "fingerprinting": 0,
            "subdomains": [
                "obs"
            ],
            "apis": {},
            "sites": 6,
            "prevalence": 0.0000424,
            "cnames": [],
            "responseHashes": [
                "e3b0c44298fc1c149afbf4c8996fb92427ae41e4649b934ca495991b7852b855"
            ],
            "type": "XHR",
            "firstPartyCookies": {},
            "firstPartyCookiesSent": {},
            "exampleSites": [
                "electricmotorwarehouse.com",
                "www.4feldco.com",
                "www.disability-benefits-help.org",
                "www.georgiagassavings.com",
                "www.realized1031.com",
                "www.spafinder.com"
            ]
        },
        {
            "rule": "buzzfufighter\\.com\\/i\\/d1a3c7ef318fc4955b83c7874298c5b2\\.js",
            "cookies": 0.0000141,
            "fingerprinting": 3,
            "subdomains": [
                "ob"
            ],
            "apis": {
                "Navigator.prototype.userAgent": 2,
                "Document.cookie getter": 2,
                "Navigator.prototype.plugins": 2,
                "window.innerWidth": 2,
                "Screen.prototype.orientation": 2,
                "Navigator.prototype.onLine": 2,
                "Navigator.prototype.vendor": 2,
                "window.localStorage": 2,
                "window.indexedDB": 2,
                "Navigator.prototype.platform": 2,
                "Navigator.prototype.doNotTrack": 2,
                "window.screenY": 2,
                "window.screenX": 2,
                "window.screenTop": 2,
                "window.screenLeft": 2,
                "Screen.prototype.availTop": 2,
                "Screen.prototype.availLeft": 2,
                "window.devicePixelRatio": 2,
                "Screen.prototype.pixelDepth": 2,
                "Screen.prototype.colorDepth": 2,
                "Screen.prototype.availWidth": 2,
                "Screen.prototype.availHeight": 2,
                "Screen.prototype.width": 2,
                "Screen.prototype.height": 2,
                "window.outerWidth": 2,
                "window.outerHeight": 2,
                "window.innerHeight": 2,
                "Navigator.prototype.webdriver": 2,
                "Notification.permission": 2,
                "Navigator.prototype.hardwareConcurrency": 2,
                "Navigator.prototype.languages": 2,
                "Navigator.prototype.permissions": 2,
                "Date.prototype.getTime": 2,
                "Date.prototype.getTimezoneOffset": 2,
                "window.name": 2,
                "Navigator.prototype.mimeTypes": 2,
                "Navigator.prototype.maxTouchPoints": 2,
                "Navigator.prototype.connection": 2,
                "BarProp.prototype.visible": 2,
                "Performance.prototype.memory": 2,
                "PerformanceTiming.prototype.navigationStart": 2,
                "window.matchMedia(\"prefers-color-scheme\")": 2,
                "Navigator.prototype.productSub": 2,
                "Navigator.prototype.product": 2,
                "Navigator.prototype.appName": 2,
                "Navigator.prototype.appCodeName": 2,
                "Navigator.prototype.deviceMemory": 2,
                "Navigator.prototype.keyboard": 2,
                "Document.cookie setter": 2,
                "window.sessionStorage": 2,
                "Navigator.prototype.getBattery": 2,
                "Navigator.prototype.mediaDevices": 2,
                "MediaDevices.prototype.enumerateDevices": 2,
                "URL.createObjectURL": 2,
                "speechSynthesis.__proto__.getVoices": 2
            },
            "sites": 2,
            "prevalence": 0.0000141,
            "cnames": [],
            "responseHashes": [
                "0ade516dfba35fd809f19e34e41562b436d698fd5f7d983ca655b90004d7807e"
            ],
            "type": "Script",
            "firstPartyCookies": {
                "_cq_duid": {
                    "ttl": 7884016,
                    "length": 29,
                    "prevalence": 0.000014146672702580353,
                    "uniqueness": 1
                },
                "_cq_suid": {
                    "ttl": null,
                    "length": 29,
                    "prevalence": 0.000014146672702580353,
                    "uniqueness": 1
                },
                "_cq_pxg": {
                    "ttl": 86417,
                    "length": 32,
                    "prevalence": 0.000014146672702580353,
                    "uniqueness": 1
                }
            },
            "firstPartyCookiesSent": {},
            "exampleSites": [
                "realized1031.com",
                "www.realized1031.com"
            ]
        }
    ],
    "categories": [],
    "performance": {},
    "cookies": 0.0000637,
    "topInitiators": [
        {
            "domain": "bigcommerce.com",
            "prevalence": 0.5454545454545454
        },
        {
            "domain": "googletagmanager.com",