{
    "domain": "cbox.ws",
    "owner": {},
    "source": [
        "DuckDuckGo-US"
    ],
    "prevalence": 0.0000707,
    "sites": 10,
    "subdomains": [
        "www5",
        "www4",
        "www6",
        "static"
    ],
    "cnames": [],
    "fingerprinting": 1,
    "resources": [
        {
            "rule": "cbox\\.ws\\/box\\/",
            "cookies": 0,
            "fingerprinting": 0,
            "subdomains": [
                "www5",
                "www4",
                "www6"
            ],
            "apis": {},
            "sites": 8,
            "prevalence": 0.0000566,
            "cnames": [],
            "responseHashes": [
                "c892b53d42b19cbda7616d7ac598bc5b48598ac1d8fec073566a4b0df5c97e03",
                "38df71a70f52781fb13f9fde5bd223830275ba7f2c2fee8ab170beb5cfa82cad",
                "142f57fb78051fea51ae6f38c3f559393e87d931545924546b0d33d3e18e1683",
                "67b7087b838039611eb36d74e95336a5a315e486a51f3d6f157b88ed723ce173",
                "87f8a9cbfc16a9b3dee3f2ef5e9b99d574ee8f857b0ffe0b824bd567fe6bf4c8",
                "f9c71d6beac419605113f9c2e1088041a5e317b0b98c808ba53341c739e92e98"
            ],
            "type": "Document",
            "firstPartyCookies": {},
            "firstPartyCookiesSent": {},
            "exampleSites": [
                "imperia-of-hentai.net",
                "javfree.me",
                "kaitoani.org",
                "newothermusic.blogspot.com",
                "video-jav.net",
                "www.imperia-of-hentai.net",
                "www.itabohai.com",
                "xxxrape.net"
            ]
        },
        {
            "rule": "cbox\\.ws\\/box\\/",
            "cookies": 0,
            "fingerprinting": 0,
            "subdomains": [
                "www5",
                "www6",
                "www4"
            ],
            "apis": {},
            "sites": 6,
            "prevalence": 0.0000424,
            "cnames": [],
            "responseHashes": [
                "82c21ffcb7a34143c07d0bd0d90baaacea48123cfaf8109a0c3d4d2f5167703f",
                "624c875326ce44a2e580458d2f7c8e94cbf0c23d10ed0976a79a0a058e37cf20",
                "6beb72d4d22c5029709e6388754f25530682ca06d154ceae9de0c1c7f8400365",
                "3be661decf78c58aba3678473167a1af02bb391e4a31d2b42be1f0f8895493a0",
                "805abcc9aa45d741ff196868c90af978ed698806d889020c20af5c2b045b9e92"
            ],
            "type": "Stylesheet",
            "firstPartyCookies": {},
            "firstPartyCookiesSent": {},
            "exampleSites": [
                "imperia-of-hentai.net",
                "newothermusic.blogspot.com",
                "video-jav.net",
                "www.imperia-of-hentai.net",
                "www.itabohai.com",
                "xxxrape.net"
            ]
        },
        {
            "rule": "cbox\\.ws\\/gfx\\/snd2\\.png",
            "cookies": 0,
            "fingerprinting": 0,
            "subdomains": [
                "static"
            ],
            "apis": {},
            "sites": 3,
            "prevalence": 0.0000212,
            "cnames": [],
            "responseHashes": [
                "fe686a8c70eefe8c195edef9536c8bd34c567392eb8b315b00cad945a8cd1a69"
            ],
            "type": "Image",
            "firstPartyCookies": {},
            "firstPartyCookiesSent": {},
            "exampleSites": [
                "imperia-of-hentai.net",
                "javfree.me",
                "www.imperia-of-hentai.net"
            ]
        },
        {
            "rule": "cbox\\.ws\\/jsc\\/jsc_1593163307\\.js",
            "cookies": 0,
            "fingerprinting": 1,
            "subdomains": [
                "static"
            ],
            "apis": {
                "window.localStorage": 1,
                "window.name": 1,
                "Date.prototype.getTime": 2,
                "HTMLMediaElement.prototype.canPlayType": 1
            },
            "sites": 4,
            "prevalence": 0.0000283,
            "cnames": [],
            "responseHashes": [
                "4a0bfe840910b6f2622d2a9a11ff97a2e655facd7db8fa94633607fdc082a46a"
            ],
            "type": "Script",
            "firstPartyCookies": {},
            "firstPartyCookiesSent": {},
            "exampleSites": [
                "imperia-of-hentai.net",
                "javfree.me",
                "newothermusic.blogspot.com",
                "www.imperia-of-hentai.net"
            ]
        },
        {
            "rule": "cbox\\.ws\\/snd\\/blip1\\.ogg",
            "cookies": 0,
            "fingerprinting": 0,
            "subdomains": [
                "static"
            ],
            "apis": {},
            "sites": 3,
            "prevalence": 0.0000212,
            "cnames": [],
            "responseHashes": [
                "a3e07820b2c602bd7bee045591c8af601623ab4be778cbbe5a626b93a9065d9a"
            ],
            "type": "Media",
            "firstPartyCookies": {},
            "firstPartyCookiesSent": {},
            "exampleSites": [
                "imperia-of-hentai.net",
                "javfree.me",
                "www.imperia-of-hentai.net"
            ]
        },
        {
            "rule": "cbox\\.ws\\/jsc\\/jsc_10_1662968291\\.js",
            "cookies": 0,
            "fingerprinting": 1,
            "subdomains": [
                "static"
            ],
            "apis": {
                "window.localStorage": 2,
                "window.name": 2
            },
            "sites": 3,
            "prevalence": 0.0000212,
            "cnames": [],
            "responseHashes": [
                "ee9be91699ff4cf58c547b83514c18568a274bfa1a5e63726714798cf33fc4a0"
            ],
            "type": "Script",
            "firstPartyCookies": {},
            "firstPartyCookiesSent": {},
            "exampleSites": [
                "video-jav.net",
                "www.itabohai.com",
                "xxxrape.net"
            ]
        },
        {
            "rule": "cbox\\.ws\\/fonts\\/fontawesome-webfont\\.woff2",
            "cookies": 0,
            "fingerprinting": 0,
            "subdomains": [
                "static"
            ],
            "apis": {},
            "sites": 3,
            "prevalence": 0.0000212,
            "cnames": [],
            "responseHashes": [
                "9682aff0dfb2932f5273721abd9190df39eeb0f42c37a24566aa4ac5753219c1"
            ],
            "type": "Font",
            "firstPartyCookies": {},
            "firstPartyCookiesSent": {},
            "exampleSites": [
                "video-jav.net",
                "www.itabohai.com",
                "xxxrape.net"
            ]
        }
    ],
    "categories": [],
    "performance": {},
    "cookies": 0,
    "topInitiators": [
        {
            "domain": "first party",
            "prevalence": 1
        }
    ],
    "types": {
        "Document": 8,
        "Stylesheet": 6,
        "Image": 3,
        "Script": 7,
        "Media": 3,
        "Font": 3
    },
    "nameservers": [
        "dora.ns.cloudflare.com",
        "ed.ns.cloudflare.com"
    ]
}