{
    "domain": "cctm.xyz",
    "owner": {},
    "source": [
        "DuckDuckGo-US"
    ],
    "prevalence": 0.00034,
    "sites": 48,
    "subdomains": [
        "250958",
        "136829",
        "465473",
        "390653",
        "395957",
        "395537",
        "379706",
        "489458",
        "473027",
        "469616",
        "364508",
        "99194",
        "211091",
        "130064",
        "490388",
        "100643",
        "494255",
        "462689",
        "401450",
        "366635",
        "474911",
        "471884",
        "394583",
        "127832",
        "93971",
        "402218",
        "92102",
        "403802",
        "471518",
        "493514",
        "487505",
        "208169",
        "386834"
    ],
    "cnames": [],
    "fingerprinting": 1,
    "resources": [
        {
            "rule": "cctm\\.xyz\\/t\\.js",
            "cookies": 0.000226,
            "fingerprinting": 1,
            "subdomains": [
                "250958",
                "136829",
                "465473",
                "390653",
                "395957",
                "395537",
                "379706",
                "489458",
                "473027",
                "469616",
                "364508",
                "99194",
                "211091",
                "130064",
                "490388",
                "100643",
                "494255",
                "462689",
                "401450",
                "366635",
                "474911",
                "471884",
                "394583",
                "127832",
                "93971",
                "402218",
                "92102",
                "403802",
                "471518",
                "493514",
                "487505",
                "208169"
            ],
            "apis": {
                "window.localStorage": 24,
                "Document.cookie getter": 22,
                "Navigator.prototype.userAgent": 20,
                "Date.prototype.getTime": 14,
                "Document.cookie setter": 19,
                "window.innerWidth": 6,
                "window.innerHeight": 6
            },
            "sites": 32,
            "prevalence": 0.000226,
            "cnames": [],
            "responseHashes": [
                "5bcede105d2d5438a28b8cc191fcc6037eb9fcc999fd6c4253869777814f39e3",
                "11c4cc48c3bd62e41e801b7581aac4a2dc939db50339b4ca028b07f4d0f3aca1",
                "01ba4719c80b6fe911b091a7c05124b64eeece964e09c058ef8f9805daca546b",
                "5825613b7bba97c1bd61e5c6a68d4e1bda77dfc0c700757a82cd3bb972596d9b",
                "580e8ef715b58fc577138d89c144237fdadd06763ad5bf8565833ee7d3e99232",
                "81098787e7c9b702529a8c4b24e8f65f0c05c8b4021a6491ba89ae77ba810e40",
                "64ee9f88fc7a4cb1d01ea036c6e225f4906d6781ef7857762858ab221a6607bc",
                "c6fb4eb8350e6627fbf36cbd22021448fd5c64735f5e634c5d8566d72a25ba12",
                "fa043b7cbbe548451cccf23434ddc311fe010f6ffca0c6d9fb908214cfe470c6",
                "8a6de3f1dfecea161be05440269ec0eb9f78b4443a28af1e33ae75b64c3ffadc",
                "7743de83323cea895cc134e7d2bd2aaa28c94492e1928af3233c0b7d427f504d",
                "338c94163d9f1cc0031378d89ac6768e9e9ea1f94aea6a168d22367c5d0735d0",
                "29612a3a5c9abdc2542be07691621e96ccd80f551bd5fb7cb217698c32fc4d8a",
                "15eb56b0b1c4a791234b01d86cfe3f47bdf353abc43fe0db8116ef8c96916ff5",
                "5d609b961d9487a5f03fabe6b80b243677d8457de3c8d5063e55918a96ff9997",
                "d5d0c56a5c91c7b21abdbc5d4b00af0f2dfb01bdb1992331c6af09cb902a34eb",
                "a612644e21d965059b67ac6ae9b8598975da6755ddaa000c06a4bc45ee3aaa14",
                "8c9d38cacfb1a57b537ca1d36b1bc82b2d6f30e814adfd6f66ec738ed79cb75d",
                "b2499eadc189e643f187d1007e39a421039152b1329e75887b667d5f2855224e",
                "38aba6e29f513edd15c3f05c2002ca859ab390bf3e3095a4b72438b74396bf4a",
                "334f8c4c61431268b10c1e7118d0a7a71a835e8497e05cf4114f4bd22edaebfa",
                "a06493ed475ce625794170e58c3b882a90ac785daa56e78a320cf27bb4eb0a72",
                "6dcab913dc3571b39dd4def32efd2ef76869b9246f58691dd15f1e4031a3d615",
                "cecb3a579627916c422504e5deb1a49c878a4a9b4880777421d6eaed4bd6fd4b",
                "383b8cd1f2525975fa0249bce761c096a81e529173e3ff6822172b4a91f70bbe",
                "ba4572a32ec16ad645331cee8fc41a7d77f130037c8cf4b68f7c03b41d33c48d",
                "390b5122790dc0c9532a9a31a841738d48cd4ab2c2e5a247c4842c1047f9d293"
            ],
            "type": "Script",
            "firstPartyCookies": {
                "__ctmid": {
                    "ttl": 2592003,
                    "length": 24,
                    "prevalence": 0.00013439339067451334,
                    "uniqueness": 1
                },
                "_cl_540": {
                    "ttl": 46656002,
                    "length": 25,
                    "prevalence": 0.0000070733363512901765,
                    "uniqueness": 1
                }
            },
            "firstPartyCookiesSent": {},
            "exampleSites": [
                "shop.usaclean.com",
                "americanhearing.us",
                "www.greenbuildingsupply.com",
                "countrylifefoods.com",
                "www.towerfcu.org",
                "jointreplacementcenterscottsdale.com",
                "unitedlocksmith.net",
                "greenhouseemporium.com",
                "premiaspine.com",
                "www.streetsideclassics.com",
                "coloradosymphony.org",
                "www.veterinaryemergencygroup.com",
                "www.bostonmedicalgroup.com",
                "www.allied.com",
                "greenhealthdocs.com",
                "www.allergypartners.com",
                "www.sullivantire.com",
                "uswatersystems.com",
                "www.electricwheelchairsusa.com",
                "thetrailerpartsoutlet.com"
            ]
        },
        {
            "rule": "cctm\\.xyz\\/p\\.js",
            "cookies": 0.000092,
            "fingerprinting": 0,
            "subdomains": [
                "250958",
                "386834",
                "395537",
                "473027",
                "364508",
                "99194",
                "130064",
                "100643",
                "494255",
                "366635",
                "93971"
            ],
            "apis": {},
            "sites": 14,
            "prevalence": 0.000099,
            "cnames": [],
            "responseHashes": [
                "cbce3a6147469c97951412b561317ce00c2a302f69364b414719b0816230941b",
                "70ed4f63182ea6a2a495e0c73f28a3af8f2a32570857ff9ed41ad37e2d5d662b",
                "3b91e46c15fe2afda2a4e38370741fd3d3ada09bb19969c41e5cee91b02bc35e",
                "c86a8d8d507bccfa74ed72ba77b5c86e1d73369cdeeaf8664370f5356b508db0",
                "f1c15f0d88516ff4b05a08f99e8c9b2239b51e1fbdec94573bee95a860ca9b30",
                "35e65a76b56ddf22c5e2ee2bd108fcda474d624b30bcb3d8d51ba99c22f0d955",
                "86c468a13537196652c700d23c3dff8094df3840cf776d5b334f392adfbe7f32",
                "2eb1598d05449b1209579d265b36f3c411e8fbd507868871523717222ca4bcc4",
                "015ea5f42e6d7ddc67757f44f757b7e5c4c31f973dde6016ffa79e32edeebea2",
                "1c177837c3bcb8b1dea0286235b5cdc8d72bf2ed4af0351335587c46efaaae54",
                "8c1ab4a0c062f435c1b7a7d04205ef365656069af92e253085c4e4858f69484a",
                "9f6e99434d1a2911bc888ff6364469638b698e8d65d085d30b5e1af11d2b210d"
            ],
            "type": "Script",
            "firstPartyCookies": {},
            "firstPartyCookiesSent": {
                "__ctmid": 0.00005658669081032141
            },