{
    "domain": "citiservi.es",
    "owner": {},
    "source": [
        "DuckDuckGo-US"
    ],
    "prevalence": 0.0000495,
    "sites": 7,
    "subdomains": [
        "dmp",
        "a"
    ],
    "cnames": [],
    "fingerprinting": 1,
    "resources": [
        {
            "rule": "citiservi\\.es\\/pxtrack\\.js",
            "cookies": 0.0000495,
            "fingerprinting": 1,
            "subdomains": [
                "dmp"
            ],
            "apis": {
                "Document.cookie getter": 7,
                "Date.prototype.getTime": 7,
                "Document.cookie setter": 7,
                "window.localStorage": 7
            },
            "sites": 7,
            "prevalence": 0.0000495,
            "cnames": [],
            "responseHashes": [
                "94b01aa44cbfca3c2299088dba2c64f3cab52a5cd7e2c1f5ecfd892398435aa9",
                "63f966f04dceec6963c693767d9008adbcee9543d2f185ce4820e2918d2269a2",
                "64cd3c6ee3b1e9e7e79aefa8b35153c6bcaa8e6b560adc5ec0efe478c288648d",
                "cbe1f5acaffaf7a245de5f7e7bcee52c062ebd7a205ce19bf8b6c2511cfed5ae",
                "14c62fc607a5ec90027e7c81c1d48824d6a03276e5471e85df43cf069719135b",
                "0640ab30aca10ab44cf00aa506995f518739ddd172b7530e68c33d96a9168980"
            ],
            "type": "Script",
            "firstPartyCookies": {
                "_btrid": {
                    "ttl": 31536003,
                    "length": 36,
                    "prevalence": 0.00004951335445903124,
                    "uniqueness": 1
                },
                "btrseg": {
                    "ttl": 31556955,
                    "length": 37,
                    "prevalence": 0.00003536668175645088,
                    "uniqueness": 1
                }
            },
            "firstPartyCookiesSent": {
                "_btrid": 0.000014146672702580353,
                "lotame_domain_check": 0.0000070733363512901765
            },
            "exampleSites": [
                "bebesymas.com",
                "www.citiservi.com",
                "www.deia.eus",
                "www.eleconomista.es",
                "www.noticiasdenavarra.com",
                "www.noticiasdealava.eus",
                "www.noticiasdegipuzkoa.eus"
            ]
        },
        {
            "rule": "citiservi\\.es\\/uscheck\\.js",
            "cookies": 0,
            "fingerprinting": 0,
            "subdomains": [
                "dmp"
            ],
            "apis": {},
            "sites": 5,
            "prevalence": 0.0000354,
            "cnames": [],
            "responseHashes": [
                "9e619c84556989e71028ae6620a9a5ff930b6af1ac283feac9dfc8ca9fac61ce"
            ],
            "type": "XHR",
            "firstPartyCookies": {},
            "firstPartyCookiesSent": {
                "_btrid": 0.0000636600271616116
            },
            "exampleSites": [
                "deia.eus",
                "www.eleconomista.es",
                "www.noticiasdenavarra.com",
                "www.noticiasdealava.eus",
                "www.noticiasdegipuzkoa.eus"
            ]
        },
        {
            "rule": "citiservi\\.es\\/pns\\.gif",
            "cookies": 0,
            "fingerprinting": 0,
            "subdomains": [
                "dmp",
                "a"
            ],
            "apis": {},
            "sites": 6,
            "prevalence": 0.0000424,
            "cnames": [],
            "responseHashes": [
                "1866961a029c65376fefb7f2ba1e6187e09ff50ea58d97dedfd72c197947d002"
            ],
            "type": "Image",
            "firstPartyCookies": {},
            "firstPartyCookiesSent": {
                "_btrid": 0.00007780669986419194
            },
            "exampleSites": [
                "deia.eus",
                "www.deia.eus",
                "www.eleconomista.es",
                "www.noticiasdenavarra.com",
                "www.noticiasdealava.eus",
                "www.noticiasdegipuzkoa.eus"
            ]
        }
    ],
    "categories": [],
    "performance": {},
    "cookies": 0.0000495,
    "topInitiators": [
        {
            "domain": "googletagmanager.com",
            "prevalence": 0.5714285714285714
        },
        {
            "domain": "first party",
            "prevalence": 0.42857142857142855
        }
    ],
    "types": {
        "Script": 7,
        "XHR": 5,
        "Image": 6
    },
    "nameservers": [
        "ns-cloud-c1.googledomains.com",
        "ns-cloud-c2.googledomains.com",
        "ns-cloud-c3.googledomains.com",
        "ns-cloud-c4.googledomains.com"
    ]
}