{
    "domain": "cleanmediaads.com",
    "owner": {},
    "source": [
        "DuckDuckGo-US"
    ],
    "prevalence": 0.000304,
    "sites": 43,
    "subdomains": [
        "bidder"
    ],
    "cnames": [],
    "fingerprinting": 0,
    "resources": [
        {
            "rule": "cleanmediaads\\.com\\/bmd\\/bids\\/",
            "cookies": 0,
            "fingerprinting": 0,
            "subdomains": [],
            "apis": {},
            "sites": 24,
            "prevalence": 0.00017,
            "cnames": [],
            "responseHashes": [
                "46b21772dacbd12e2af9bdc13badb777e957224083c83864f541406988356faa",
                "41783a3835e711235177e83096b6646ff2379adc4b327977c40b3bd6c3987b6f",
                "c31e3b572b719b34b9307c03d7e96af746923817287382c1148cd9addab09bbd",
                "f147bb5815e7d644d2b71e23df5c020f3879aa78f0441d611255c19b184f242b",
                "73e8e3bab101fdac1485a141899ef29e0f2be7d5645b34ee26c506f2b8251a20",
                "ff0be86f80723f00ef4f1dbb14d90693470c5e4b09f20991f28063c21df4cd44",
                "745c89908d0d5a524d1e4ac1bb99b76b7f131c50eb607d1099ec0289b2431c80",
                "a30610899c29c744d193c1b24eb625026262b2ef32a784f6167ffebf1fd887e4",
                "493b7031ac71c9e237920350b77c0e360e2f172554e32c646a6e8e1cdae48c90",
                "7d002793cabd6ce0041f156eef5babb978926f4575c3ce3a914749bb076b64ef",
                "cd654c43afe72785debf477b7689523bbf55ba86c5fffe38b101df864e62b4b9",
                "c2f52022b03818ff45b1cbb6a3be5463365a26eada248dcdf0fbb3ce506cff92",
                "2ace7bd90e8016005cfeadf84d8c2add7adf43dde42f286a9e65a8d19330bc1b",
                "3247813cc6966623202e70678f814f1aa1ef2ccb49fe45b0872d39bd59ecf190",
                "7b729de1e9ead6da647df5ca35b8a9c87a64673dda006ec33f50f1c217d10691",
                "14ff8e6af16572397ed64305377fa6276d7a634365cef91bc1964ea69d415e16",
                "93bddb2051f3ca2e9c9b269cbad5a8d30e2695e50fa7581ab9793f9096e61626",
                "07cf8f4659bbc8223ffd33b25135f352173aadf06eb35a90a79eba0254a17649",
                "1d68b0c0582a0b69252adf8dbd428427b0b4216db5daabc7780e6f4e7791e42e",
                "db30500a5d734bff88239bd3250364f8f862520f80ea7f276614d7572dab9b87",
                "31faf27fa2f1b8ac97361e54abef8aec3324e04d2ba4c668e9841b5610946cf4",
                "15a7fc8ff9a45183660adea5b70aecbac84ba273ecc1747676ba0774552ab2df"
            ],
            "type": "Script",
            "firstPartyCookies": {},
            "firstPartyCookiesSent": {
                "lotame_domain_check": 0.0000070733363512901765,
                "__pid": 0.0000070733363512901765,
                "_li_dcdm_c": 0.0000070733363512901765
            },
            "exampleSites": [
                "www.catholicshare.com",
                "catholic-hierarchy.org",
                "www.catholicherald.com",
                "bible.org",
                "www.ourcatholicprayers.com",
                "www.churchpop.com",
                "acatholiclife.blogspot.com",
                "www.newadvent.org",
                "epicpew.com",
                "www.catholic365.com",
                "www.thebostonpilot.com",
                "catholicexchange.com",
                "rorate-caeli.blogspot.com",
                "www.spiritdaily.com",
                "www.catholicworldreport.com",
                "www.goodcatholic.com",
                "catholicvote.org",
                "www.americamagazine.org",
                "protestia.com",
                "catholicstand.com"
            ]
        },
        {
            "rule": "cleanmediaads\\.com\\/video\\/getplayer\\/",
            "cookies": 0,
            "fingerprinting": 0,
            "subdomains": [],
            "apis": {},
            "sites": 2,
            "prevalence": 0.0000141,
            "cnames": [],
            "responseHashes": [
                "e3b0c44298fc1c149afbf4c8996fb92427ae41e4649b934ca495991b7852b855"
            ],
            "type": "Script",
            "firstPartyCookies": {},
            "firstPartyCookiesSent": {},
            "exampleSites": [
                "catholic365.com",
                "www.catholic365.com"
            ]
        },
        {
            "rule": "cleanmediaads\\.com\\/r\\/23822\\/bidr",
            "cookies": 0,
            "fingerprinting": 0,
            "subdomains": [
                "bidder"
            ],
            "apis": {},
            "sites": 2,
            "prevalence": 0.0000141,
            "cnames": [],
            "responseHashes": [
                "e3b0c44298fc1c149afbf4c8996fb92427ae41e4649b934ca495991b7852b855"
            ],
            "type": "Fetch",
            "firstPartyCookies": {},
            "firstPartyCookiesSent": {},
            "exampleSites": [
                "christianity.com",
                "www.christianity.com"
            ]
        },
        {
            "rule": "cleanmediaads\\.com\\/r\\/23823\\/bidr",
            "cookies": 0,
            "fingerprinting": 0,
            "subdomains": [
                "bidder"
            ],
            "apis": {},
            "sites": 2,
            "prevalence": 0.0000141,
            "cnames": [],
            "responseHashes": [
                "e3b0c44298fc1c149afbf4c8996fb92427ae41e4649b934ca495991b7852b855"
            ],
            "type": "Fetch",
            "firstPartyCookies": {},
            "firstPartyCookiesSent": {},
            "exampleSites": [
                "crosswalk.com",
                "www.crosswalk.com"
            ]
        }
    ],
    "categories": [],
    "performance": {},
    "cookies": 0,
    "topInitiators": [
        {
            "domain": "dtyry4ejybx0.cloudfront.net",
            "prevalence": 0.7872340425531915
        },
        {
            "domain": "swncdn.com",
            "prevalence": 0.2127659574468085
        }
    ],
    "types": {
        "Script": 26,
        "Fetch": 4
    },
    "nameservers": [
        "ns25.domaincontrol.com",
        "ns26.domaincontrol.com"
    ]
}