{
    "domain": "cleanmediaadserver.com",
    "owner": {},
    "source": [
        "DuckDuckGo-US"
    ],
    "prevalence": 0.000149,
    "sites": 21,
    "subdomains": [],
    "cnames": [],
    "fingerprinting": 0,
    "resources": [
        {
            "rule": "cleanmediaadserver\\.com\\/get\\/au\\/",
            "cookies": 0,
            "fingerprinting": 0,
            "subdomains": [],
            "apis": {},
            "sites": 17,
            "prevalence": 0.00012,
            "cnames": [],
            "responseHashes": [
                "ca115eb212dfd95b59f3e620ec8e8e5dd677f20c08c58baa0247a7184c059ddd",
                "500e9717fe33ef0ed3ee414432bbb61ec677c16f5783672121db6b124a3f0884",
                "70f2e0822dcfaed8ac673a40414c77d4f1fb599d6c58286fb30c1dda4f708515",
                "8175984b89e743675befec10f8fe1a4a9b9ea9c227dcabb17cc46e9a22c29a2d",
                "e41b3b8162cc4bf00c0603ba76a3e6868d16972e35e37d83a3a059e067f321b9",
                "9c950cc6b5b878911f19c9427d7dcbcf8b3f16689baef16a2c3f91deb88eb18b",
                "0c7c8d458c6f2c06564b65b1af1c2fcc2f17fa1ab1f0722ab15ffdb9110f36b2",
                "1622f001be75e77577620979a22795879c63a03daeb194367687b3b4d5cb69a3",
                "603987f7a1027634bd2d152eb77e01d0133c50ae5efbe377e8a7c9bff591385f",
                "37d74e32200e9d3dfa97f7202205acc634aba572e40541935ea437f6fc6fb92d",
                "c150d279df531bee540b8c71e7a45788965489c147496e18511e0928d71e989b",
                "b46153e0e0b178789f0ef09b548fddbc420b90749e80fa3c6df7f9611b6ced46",
                "bf662d619ea3ab43d4d8b78e6de01afe6ab86decc82f5aa213a337dc0ab1807e",
                "cee5af7ef452bb3bc859c6f7c0d453de24701b512ea58e80338acb3e73929289",
                "afd8ee9a8148a1c4611875daa6af438b338bd2d7545ef578a022462f7ef4c1c6",
                "683174e4ac9a134790caf1e7b29ecac3dfe25a7466642312f81699399d538129"
            ],
            "type": "Script",
            "firstPartyCookies": {},
            "firstPartyCookiesSent": {
                "lotame_domain_check": 0.0000070733363512901765,
                "_li_dcdm_c": 0.0000070733363512901765
            },
            "exampleSites": [
                "acatholiclife.blogspot.com",
                "bigpulpit.com",
                "canon212.com",
                "catholicstand.com",
                "ec.aciprensa.com",
                "georgiabulletin.org",
                "mycatholic.life",
                "news.radio-online.com",
                "protestia.com",
                "the-american-catholic.com",
                "uscatholic.org",
                "www.aciprensa.com",
                "www.catholicdoors.com",
                "www.catholicworldreport.com",
                "www.catholicherald.com",
                "www.ourcatholicprayers.com",
                "www.verseoftheday.com"
            ]
        }
    ],
    "categories": [],
    "performance": {},
    "cookies": 0,
    "topInitiators": [
        {
            "domain": "dtyry4ejybx0.cloudfront.net",
            "prevalence": 1
        }
    ],
    "types": {
        "Script": 17
    },
    "nameservers": [
        "ns03.domaincontrol.com",
        "ns04.domaincontrol.com"
    ]
}