{
    "domain": "cloudlift.app",
    "owner": {},
    "source": [
        "DuckDuckGo-US"
    ],
    "prevalence": 0.0000849,
    "sites": 12,
    "subdomains": [
        "assets"
    ],
    "cnames": [],
    "fingerprinting": 0,
    "resources": [
        {
            "rule": "cloudlift\\.app\\/api\\/assets\\/options\\.js",
            "cookies": 0,
            "fingerprinting": 0,
            "subdomains": [
                "assets"
            ],
            "apis": {},
            "sites": 5,
            "prevalence": 0.0000354,
            "cnames": [],
            "responseHashes": [
                "34c1133847941eb0266bac0f537dc1f7b33286159a02eca703a570c01ab5dfaf",
                "33503aef9be43a48c5b8c2ea8cf439277563e51bc71d9f98d233161f1b5fd958",
                "53017183b0d6030b14a38fc7df984b7544ab24f3889789205a2cb24b76bfc5f3",
                "2bfc265f603d4f7b33ab872f6e98fb600a72983e5d14eb7f449d848e9c4d5108"
            ],
            "type": "Script",
            "firstPartyCookies": {},
            "firstPartyCookiesSent": {},
            "exampleSites": [
                "cross.com",
                "gemplers.com",
                "southeastsoftwash.com",
                "www.fashioneyewear.com",
                "www.saunaplace.com"
            ]
        },
        {
            "rule": "cloudlift\\.app\\/api\\/assets\\/upload\\.js",
            "cookies": 0,
            "fingerprinting": 0,
            "subdomains": [
                "assets"
            ],
            "apis": {},
            "sites": 6,
            "prevalence": 0.0000424,
            "cnames": [],
            "responseHashes": [
                "9b1274c03b116cdca445c7e81f5185b90f673d2c233ec89403dd95490cadd5b6",
                "f024024b88241386bc1431a07e9e9a931263b5b1605aac7c7cc81307687028bc",
                "8ec442e3c364e3f6e7562757e9b142072d75fe4b2f0566bb46cf06d1cd110394",
                "dd4b82a69ba9614b91820a57afccd73d0acd5b06fad76670b319c806218f0eee",
                "b5834b537cb9b7d10384dd84230ee3a124a16ba0d7f2b544dd458925fbc8c5b4"
            ],
            "type": "Script",
            "firstPartyCookies": {},
            "firstPartyCookiesSent": {},
            "exampleSites": [
                "libertypuzzles.com",
                "makerflo.com",
                "theparkwholesale.com",
                "windowhardwaredirect.com",
                "www.nationalguntrusts.com",
                "www.screenprinting.com"
            ]
        }
    ],
    "categories": [],
    "performance": {},
    "cookies": 0,
    "topInitiators": [
        {
            "domain": "first party",
            "prevalence": 1
        }
    ],
    "types": {
        "Script": 11
    },
    "nameservers": [
        "ns-cloud-d3.googledomains.com",
        "ns-cloud-d4.googledomains.com",
        "ns-cloud-d2.googledomains.com",
        "ns-cloud-d1.googledomains.com"
    ]
}