{
    "domain": "cmg.com",
    "owner": {},
    "source": [
        "DuckDuckGo-US"
    ],
    "prevalence": 0.000149,
    "sites": 21,
    "subdomains": [
        "membercenter-sdk",
        "member-center-api"
    ],
    "cnames": [],
    "fingerprinting": 1,
    "resources": [
        {
            "rule": "cmg\\.com\\/sdk\\/main\\.min\\.js",
            "cookies": 0,
            "fingerprinting": 1,
            "subdomains": [
                "membercenter-sdk"
            ],
            "apis": {
                "Navigator.prototype.appName": 13,
                "Navigator.prototype.userAgent": 13
            },
            "sites": 13,
            "prevalence": 0.000092,
            "cnames": [],
            "responseHashes": [
                "e293e3ad6a754f5b4117ac659f3238464f476d2826a46d6c0cf6fc6ed11b99c5"
            ],
            "type": "Script",
            "firstPartyCookies": {},
            "firstPartyCookiesSent": {},
            "exampleSites": [
                "actionnewsjax.com",
                "www.actionnewsjax.com",
                "www.boston25news.com",
                "www.kiro7.com",
                "www.krmg.com",
                "www.wdbo.com",
                "www.wftv.com",
                "www.whio.com",
                "www.wokv.com",
                "www.wpxi.com",
                "www.wsbradio.com",
                "www.wsbtv.com",
                "www.wsoctv.com"
            ]
        },
        {
            "rule": "cmg\\.com\\/api\\/v1\\/configs\\/",
            "cookies": 0,
            "fingerprinting": 0,
            "subdomains": [
                "member-center-api"
            ],
            "apis": {},
            "sites": 13,
            "prevalence": 0.000092,
            "cnames": [],
            "responseHashes": [
                "ee9e3e2dba82ece87213110120f772d1fa4afaba1ed098e0604dae6f8379c4db",
                "d4f98c44839a46f7c2e791110234341d54f03b037750537f104e93ef910a80b4",
                "b3216496d2181cee803e86a5196a80f4dadc1df6f0313834761372d7db3f8ce2",
                "299619ccd83c88938d8e6eaba3cdc763e58bbd7619e49b5d9849b119eabd051d",
                "3b56a1eb9832b26aa776e4d85c20353b1faba15b9a5efd7e388f6c7043a42a67",
                "0b1a609a573b066d25580c728bbb8b5bc9fb46733f98de32044acbf52997a221",
                "52af8e54ed2655ee99f0deef5ef477834b88daceb709b34dd2f272ad0a661c40",
                "d72716583d8755b7243987b39b2959dc9ef18742778a0816b6d7a4f876db248c",
                "c6be7a27ba71e559d65c02d413baf7207e1435bba151e19c6cc4b645fa1763de",
                "8c6336a0ce46018e3ab079880037a64fddc8961fabfe8679d8ab2698c3ea2043",
                "1a72fdabd29aaa0719ff798fdacc1b687d731c6256366389f9cd3943949f9d55",
                "96844df7bc648d1c5b7e606fd4c2acc55ee24a765fe38bfc39129d4f7542e3d6"
            ],
            "type": "Fetch",
            "firstPartyCookies": {},
            "firstPartyCookiesSent": {},
            "exampleSites": [
                "actionnewsjax.com",
                "www.actionnewsjax.com",
                "www.boston25news.com",
                "www.kiro7.com",
                "www.krmg.com",
                "www.wdbo.com",
                "www.wftv.com",
                "www.whio.com",
                "www.wokv.com",
                "www.wpxi.com",
                "www.wsbradio.com",
                "www.wsbtv.com",
                "www.wsoctv.com"
            ]
        },
        {
            "rule": "cmg\\.com\\/api\\/v1\\/configs\\/",
            "cookies": 0,
            "fingerprinting": 0,
            "subdomains": [
                "member-center-api"
            ],
            "apis": {},
            "sites": 13,
            "prevalence": 0.000092,
            "cnames": [],
            "responseHashes": [],
            "type": "Preflight",
            "firstPartyCookies": {},
            "firstPartyCookiesSent": {},
            "exampleSites": [
                "actionnewsjax.com",
                "www.actionnewsjax.com",
                "www.boston25news.com",
                "www.kiro7.com",
                "www.krmg.com",
                "www.wdbo.com",
                "www.wftv.com",
                "www.whio.com",
                "www.wokv.com",
                "www.wpxi.com",
                "www.wsbradio.com",
                "www.wsbtv.com",
                "www.wsoctv.com"
            ]
        }
    ],
    "categories": [],
    "performance": {},
    "cookies": 0,
    "topInitiators": [
        {
            "domain": "osano.com",
            "prevalence": 0.5
        },
        {
            "domain": "first party",
            "prevalence": 0.4523809523809524
        },
        {
            "domain": "d3plfjw9uod7ab.cloudfront.net",
            "prevalence": 0.047619047619047616
        }
    ],
    "types": {
        "Script": 13,
        "Fetch": 13,
        "Preflight": 13
    },
    "nameservers": [
        "ns1.cmgdns.com",
        "ns2.cmgdns.com",
        "ns3.cmgdns.com",
        "ns4.cmgdns.com"
    ]
}