{
    "domain": "cnnx.link",
    "owner": {},
    "source": [
        "DuckDuckGo-US"
    ],
    "prevalence": 0.00117,
    "sites": 166,
    "subdomains": [
        "js"
    ],
    "cnames": [],
    "fingerprinting": 1,
    "resources": [
        {
            "rule": "cnnx\\.link\\/roi\\/cnxtag-min\\.js",
            "cookies": 0,
            "fingerprinting": 1,
            "subdomains": [
                "js"
            ],
            "apis": {
                "Document.cookie getter": 63
            },
            "sites": 117,
            "prevalence": 0.000828,
            "cnames": [],
            "responseHashes": [
                "d5267085b5489f178aae1444e1367dbca2debc7c061d5ddd803a16711a19c93b",
                "265476c4604512085a7db5276f52db07a0cb3ab43437c996a2a5ada993c7cd98",
                "f1e10a726b234c87b239c48ccd73ab85d7324652c672147909fc71d6deeb5c33",
                "1ce67adf92304696fd0f3420d980e661a79b3a533b336ead9b18b4daed5a4905",
                "916c69aa9ef0655d563ff4acbfa32758e81bb967cfa8f14471632746920cacb6",
                "bac76963dc5f0e3f2769036a92a415cae200f763ea451833f514ccae004aca2f",
                "4069eec9b2d4fc86424b85d239a900f6505fe4fc4620981054aa1e311f560542",
                "bd1ceb4c8aafbae76ae581a75b78e84e31933f60f90dfae8727ada6b466c3664",
                "659c08f361d865c5d86f31aba10e07380027ef42b537fd09a7bdfac7de37d417",
                "e073138ad56c3ded4b2b624c71456f187eec10f9f595f64113adea8f963b5fc8",
                "ddfaf767d4f882c9ca73188e556d0c9530c1721a06da176053f12ebf431490ac",
                "078f9a14c160b190023f502c34df6d360bf5cf1e4f7fca6c34c2360943cdf7fb",
                "c7c8880048c6bde29f581b76ad6777c91420c6f9e1604cf880be8923e8e81e56",
                "20a8f997c23b1d9a7859f889b37790449b1b75e8fb3c2a3b44404897717a57e6",
                "97cade3880ff1be911d15a19a0e0d513ddf61e3b2464c5b63e792d4e9e6ed044",
                "dd44b12fe7928a4a2f7d5d8f4974459eca867e6edd2389cb55b000f56fa67697",
                "440d8bc8b5f135a033adca591f4637ddc58ab2c323a861eb697ae99f742fa631",
                "31f272ab142748a7e538050bed20750e229d9e8df0c6c1a51c27b2e6ea45146d",
                "20e50ed6870317bb28d22957efeb08dbe63755718740a21387e0ed9571727446",
                "9aef1ac8467647447d8b69d28c9f0c5231127777d5c300ec0468ec1b9a21e5e3",
                "bf1724ae578dbb0b2997adc105e5e920d9ca25904c02ad96e19de97a44a88295",
                "fcead68835b02a952d4e06cfbf7cf06d3503682762b336f8db150e8c9b2bacbc",
                "63b6700339a27e4a922a2ccde377048bb035b8aca61939b2c4972490f923f03a",
                "4ece67376c9db6a7828cc62099aaaf2f790f93e04b98724e22c2a3c765f358fc",
                "aef7797202f6e5c40fa84891d1b7d2b72756df29c43fe1c194b787b3f952bd87",
                "393f2423ee547f48887839225bd13ff20deba5b5178087d8cada173222d351f7"
            ],
            "type": "Script",
            "firstPartyCookies": {},
            "firstPartyCookiesSent": {},
            "exampleSites": [
                "bedbathandbeyond.com",
                "cabelas.com",
                "macys.com",
                "www.bedbathandbeyond.com",
                "www.macys.com",
                "www.wayfair.com",
                "poshmark.com",
                "www.aeropostale.com",
                "www.sylvane.com",
                "www.truckid.com",
                "www.keylessentryremotefob.com",
                "bombas.com",
                "epson.com",
                "tecovas.com",
                "www.westminsterteak.com",
                "www.thredup.com",
                "dickies.com",
                "www.midwayusa.com",
                "www.sweetwater.com",
                "www.partsgeek.com"
            ]
        }
    ],
    "categories": [],
    "performance": {},
    "cookies": 0,
    "topInitiators": [
        {
            "domain": "first party",
            "prevalence": 0.3072289156626506
        },
        {
            "domain": "googletagmanager.com",
            "prevalence": 0.25903614457831325
        },
        {
            "domain": "taboola.com",
            "prevalence": 0.23493975903614459
        },
        {
            "domain": "tiqcdn.com",
            "prevalence": 0.10240963855421686
        },
        {
            "domain": "yottaa.com",
            "prevalence": 0.06626506024096386
        },
        {
            "domain": "adobedtm.com",
            "prevalence": 0.024096385542168676
        },
        {
            "domain": "wfcdn.com",
            "prevalence": 0.006024096385542169
        }
    ],
    "types": {
        "Script": 117
    },
    "nameservers": [
        "ns-867.awsdns-44.net",
        "ns-1899.awsdns-45.co.uk",
        "ns-119.awsdns-14.com",
        "ns-1498.awsdns-59.org"
    ]
}