{
    "domain": "contentexchange.me",
    "owner": {},
    "source": [
        "DuckDuckGo-US"
    ],
    "prevalence": 0.000354,
    "sites": 50,
    "subdomains": [
        "bg",
        "ughr",
        "ug",
        "si",
        "gr",
        "analytics",
        "collector_sr",
        "collector",
        "tracker_ughr",
        "tracker",
        "images4"
    ],
    "cnames": [],
    "fingerprinting": 1,
    "resources": [
        {
            "rule": "contentexchange\\.me\\/static\\/tracker\\.js",
            "cookies": 0.0000424,
            "fingerprinting": 2,
            "subdomains": [
                "bg",
                "ughr",
                "ug",
                "si",
                "gr"
            ],
            "apis": {
                "window.localStorage": 9,
                "Document.cookie setter": 6,
                "Document.cookie getter": 6,
                "Date.prototype.getTimezoneOffset": 6,
                "Date.prototype.getTime": 6,
                "Screen.prototype.height": 6,
                "Screen.prototype.width": 6,
                "Screen.prototype.colorDepth": 6,
                "window.sessionStorage": 6
            },
            "sites": 13,
            "prevalence": 0.000092,
            "cnames": [],
            "responseHashes": [
                "3bf9b77c8e4d34e207c01c2f3a1c65512be094db3e13a7b0fb2a4f0cdb557d5f",
                "f7274ba28e3fe65b01389ddb125b0b9789cc2c91d030a333f79182a6e4e96799",
                "2d7c7ce0a5f4f6cc22650a0b6c0800db5a508507c58ec5366eaa910b2c48ecd8",
                "a78d3196e89015446416bb7373f872bedc26fdd5abab119bd27bdf80a1d12dc8",
                "09c552c22856bc575e3fe442364910774da6907313c99a497f2b85e021f2a079",
                "c209caaa0cb43ffe927f4071c65e2d83fa8c92031f57edd68e0c4f7d07fba604",
                "930834a6c15469b8de1076731932e94f7367eae31d377369d7c7cb8b9ce31ee7",
                "607400affd5f5345237a2ce2d265b05939bd769714437f05c750110460dc1f2a",
                "7def27ef88b8048aee14a06c61bc2e8f66b66080e27e3790433fabf17dffd189",
                "d756d51864513a94392bce82f7d069edf486cb118a5d9190fed85c90511f4de4",
                "c49de845c52ebccaf5598ae9122284d31237d4fd67a484795a029f8094c6bb84",
                "974074a887373ab64d2eac61566c2bd21d36710520202a6f537b40a5c204a98e"
            ],
            "type": "Script",
            "firstPartyCookies": {
                "cx_id": {
                    "ttl": 62208013,
                    "length": 24,
                    "prevalence": 0.00004244001810774106,
                    "uniqueness": 1
                },
                "cx_last_match": {
                    "ttl": 62208013,
                    "length": 13,
                    "prevalence": 0.00004244001810774106,
                    "uniqueness": 1
                }
            },
            "firstPartyCookiesSent": {},
            "exampleSites": [
                "dariknews.bg",
                "n1info.hr",
                "n1info.rs",
                "n1info.si",
                "nova.rs",
                "www.24chasa.bg",
                "www.alphatv.gr",
                "www.danas.rs",
                "www.halooglasi.com",
                "www.sportdog.gr",
                "www.star.gr",
                "www.vesti.bg",
                "www.vijesti.me"
            ]
        },
        {
            "rule": "contentexchange\\.me\\/bex\\/load\\/5f9ae8347f08c7237d8609f9",
            "cookies": 0.00000707,
            "fingerprinting": 2,
            "subdomains": [
                "analytics"
            ],
            "apis": {
                "window.localStorage": 1,
                "Document.cookie setter": 1,
                "Document.cookie getter": 1,
                "Date.prototype.getTimezoneOffset": 1,
                "Date.prototype.getTime": 1,
                "Screen.prototype.height": 1,
                "Screen.prototype.width": 1,
                "Screen.prototype.colorDepth": 1,
                "window.sessionStorage": 1
            },
            "sites": 2,
            "prevalence": 0.0000141,
            "cnames": [],
            "responseHashes": [
                "4ed396e6d35c1b045575adceb85623279dfcc630c93d0e10e1642eee0eca7da4"
            ],
            "type": "Script",
            "firstPartyCookies": {
                "cx_id": {
                    "ttl": 62208008,
                    "length": 24,
                    "prevalence": 0.0000070733363512901765,
                    "uniqueness": 1
                },
                "cx_last_match": {
                    "ttl": 62208008,
                    "length": 13,
                    "prevalence": 0.0000070733363512901765,
                    "uniqueness": 1
                }
            },
            "firstPartyCookiesSent": {},
            "exampleSites": [
                "dariknews.bg",
                "nova.bg"
            ]
        },
        {
            "rule": "contentexchange\\.me\\/bex\\/storage\\.html",
            "cookies": 0,
            "fingerprinting": 0,
            "subdomains": [
                "analytics"
            ],
            "apis": {},
            "sites": 8,
            "prevalence": 0.0000566,
            "cnames": [],
            "responseHashes": [
                "4f0682f07b1af0c9f848fba1669bdde1e0b16fe22eeaa1497db9a526a16d65e9",
                "4150435b1f756f75db4d65118b976678627d09e789a87248415c334f261bd20f",
                "31d7f5afa8efde9d3f7405cecce1f0f51a299245737a6ffe62b772e8ee9abd6a"
            ],
            "type": "Document",
            "firstPartyCookies": {},
            "firstPartyCookiesSent": {},
            "exampleSites": [
                "dariknews.bg",
                "krenizdravo.dnevnik.hr",
                "n1info.hr",
                "nova.bg",
                "www.24chasa.bg",
                "www.halooglasi.com",
                "www.vesti.bg",
                "www.vijesti.me"
            ]
        },
        {
            "rule": "contentexchange\\.me\\/bg\\/collect",
            "cookies": 0.0000283,
            "fingerprinting": 0,
            "subdomains": [
                "collector_sr",
                "collector"
            ],
            "apis": {},
            "sites": 4,
            "prevalence": 0.0000283,
            "cnames": [],
            "responseHashes": [
                "09a0c890af3d005cfbd79eb86ed85457ea6c400f116f7185e5caebc50a537c13"
            ],
            "type": "Image",
            "firstPartyCookies": {},
            "firstPartyCookiesSent": {
                "cx_id": 0.000028293345405160706
            },
            "exampleSites": [
                "dariknews.bg",
                "nova.bg",
                "www.24chasa.bg",
                "www.vesti.bg"
            ]
        },
        {
            "rule": "contentexchange\\.me\\/bex\\/load\\/5e5d3f3bf2f66476f179b0b8",
            "cookies": 0,
            "fingerprinting": 1,
            "subdomains": [
                "analytics"
            ],
            "apis": {
                "window.localStorage": 1
            },
            "sites": 2,
            "prevalence": 0.0000141,
            "cnames": [],
            "responseHashes": [
                "7888e33977940c35f5be90d7ff499c86a66d4f59a6cf33f586a97f159481a21f"
            ],
            "type": "Script",
            "firstPartyCookies": {},
            "firstPartyCookiesSent": {},
            "exampleSites": [
                "over.net",
                "www.zurnal24.si"
            ]
        },
        {
            "rule": "contentexchange\\.me\\/tracker\\.js",
            "cookies": 0.00000707,
            "fingerprinting": 2,
            "subdomains": [
                "tracker_ughr",
                "tracker"
            ],
            "apis": {
                "window.localStorage": 2,
                "Document.cookie setter": 1,
                "Document.cookie getter": 1,
                "Screen.prototype.height": 1,