{
    "domain": "contextly.com",
    "owner": {},
    "source": [
        "DuckDuckGo-US"
    ],
    "prevalence": 0.0000778,
    "sites": 11,
    "subdomains": [
        "rest",
        "experience"
    ],
    "cnames": [],
    "fingerprinting": 0,
    "resources": [
        {
            "rule": "contextly\\.com\\/pagewidgets\\/get\\/",
            "cookies": 0,
            "fingerprinting": 0,
            "subdomains": [
                "rest"
            ],
            "apis": {},
            "sites": 9,
            "prevalence": 0.0000637,
            "cnames": [],
            "responseHashes": [
                "85d87cfa6622a13d60f129126250a3d3e6e177d9d5af01a1d3e8f60ee1138865",
                "7269b4d2693a9069d91de9b457ffa8a74294de888034693a3b18e5fa072a656d",
                "6a2f31fa76596904a3fb8786d9e0f138e619035d4e3b1ca9386686c3ab83234d",
                "b9b36e6e8706a7fe52f48e0bf107cff8a7f7e5a2cb441734092d778fafb555f1",
                "ff0787f23d8695b0f41aaad65cb62c46989309136459faed34d54d3e5aef2e87",
                "74f0884cb831153fc5e7583732456649c5da7fd044e73e1612108d451a4b3da6",
                "53d41414c9c2640ab2723f84ae6e528914a6ab574621337b1404c36e094cd0ea",
                "14a3df213b52fda3d5eba964b349344777cdc8faa5fa8475b36fe016357f94f4"
            ],
            "type": "XHR",
            "firstPartyCookies": {},
            "firstPartyCookiesSent": {},
            "exampleSites": [
                "escapecollective.com",
                "itsfoss.com",
                "moguldom.com",
                "readsludge.com",
                "www.404media.co",
                "www.levernews.com",
                "www.pewpewtactical.com",
                "www.untappedcities.com",
                "www.wheresyoured.at"
            ]
        },
        {
            "rule": "contextly\\.com\\/postsimport\\/put\\/",
            "cookies": 0,
            "fingerprinting": 0,
            "subdomains": [
                "rest"
            ],
            "apis": {},
            "sites": 5,
            "prevalence": 0.0000354,
            "cnames": [],
            "responseHashes": [
                "0ccd3b7243d8ccde009c689a657851c1aa8b8de851de3b2b69308f3fab3405fd"
            ],
            "type": "XHR",
            "firstPartyCookies": {},
            "firstPartyCookiesSent": {},
            "exampleSites": [
                "escapecollective.com",
                "itsfoss.com",
                "readsludge.com",
                "www.levernews.com",
                "www.wheresyoured.at"
            ]
        },
        {
            "rule": "contextly\\.com\\/events\\/put\\/",
            "cookies": 0,
            "fingerprinting": 0,
            "subdomains": [
                "experience"
            ],
            "apis": {},
            "sites": 2,
            "prevalence": 0.0000141,
            "cnames": [],
            "responseHashes": [
                "69d9dcb216d80ad3e36b4b3d0005f52af24c1101a682a6967727c742e31d9eca"
            ],
            "type": "XHR",
            "firstPartyCookies": {},
            "firstPartyCookiesSent": {},
            "exampleSites": [
                "moguldom.com",
                "www.pewpewtactical.com"
            ]
        }
    ],
    "categories": [],
    "performance": {},
    "cookies": 0,
    "topInitiators": [
        {
            "domain": "context.ly",
            "prevalence": 1
        }
    ],
    "types": {
        "XHR": 16
    },
    "nameservers": [
        "ns-234.awsdns-29.com",
        "ns-916.awsdns-50.net",
        "ns-1613.awsdns-09.co.uk",
        "ns-1334.awsdns-38.org"
    ]
}