{
    "domain": "conversionbear.com",
    "owner": {},
    "source": [
        "DuckDuckGo-US"
    ],
    "prevalence": 0.000219,
    "sites": 31,
    "subdomains": [
        "salespop",
        "upsell",
        "announcement-bar",
        "bundle",
        "cookie-bar",
        "shipping-bar",
        "sticky",
        "trust"
    ],
    "cnames": [],
    "fingerprinting": 1,
    "resources": [
        {
            "rule": "conversionbear\\.com\\/settings",
            "cookies": 0.000113,
            "fingerprinting": 0,
            "subdomains": [
                "salespop",
                "upsell",
                "announcement-bar",
                "bundle",
                "cookie-bar",
                "shipping-bar"
            ],
            "apis": {},
            "sites": 16,
            "prevalence": 0.000113,
            "cnames": [],
            "responseHashes": [
                "9c9d2f153833b744b7a2c40ed7decfd052deb29a64d51ca4c1708b3e62e95496",
                "d7f8e4f2a390e7df64139a5857aa3f2a54ae244e273c3029509488ece9246051",
                "381a0658e9f15c7acd8602c535bd93b0b85ba496b688ee97a8788087917e6ea7",
                "ff05b634d2f4da92018485868372c06ac30469be8241f60c84cfd5e7e56d7738",
                "eaa3da473c574f7c192c1d7e0e5ec6f67be014471a2c2d7a44792d5bbd04b8f7",
                "8ee3cc7be955e74a4497c9daf1a67ec177d207f9e0f33cdfc69148fa7bff2a79",
                "f7fb4e05dec03ea6abdc5374ca8d3c4aead39ba1e0d2841aaa46d5b3015be9c1",
                "71d87a1b83756862b13e73ad5f22c817941187fdb7456bd5b56ea0665ae0081b",
                "55af0bd7108d5540b56f11deec789e6b9cb73788c96dd8348457a8567fbb79ca",
                "87ea421a0f997916ca706e75b435d3f6566730965e027a5cd107600ad821f391",
                "ac5db8506e5125310e528dbf31ef4957c1d979d547e5f9886d5704e34d3ce302",
                "a6774e99daa33aab24844207bf9b885171a6b44f61e63d5bd9771c2ef01ec982",
                "6c14eea5753cbb1539f9d2f61b16d3efbf632e4fccb7c82747abd1507821d6dd",
                "3393dbcecd894f00e54ba7c783032be1e00dffdc8182d4863ae0324e14a82adf"
            ],
            "type": "Fetch",
            "firstPartyCookies": {},
            "firstPartyCookiesSent": {},
            "exampleSites": [
                "forme.science",
                "goaxil.com",
                "plantmegreen.com",
                "ppepower.com",
                "sandbaggy.com",
                "spycentre.com",
                "www.badgerbalm.com",
                "www.bluesky.com",
                "www.childrens-ministry-deals.com",
                "www.epicwaterfilters.com",
                "www.skylighter.com",
                "www.sub-shop.com",
                "www.watches.com",
                "www.weaverleathersupply.com",
                "www.woolandcompany.com",
                "www.woolly.clothing"
            ]
        },
        {
            "rule": "conversionbear\\.com\\/get_orders",
            "cookies": 0.0000141,
            "fingerprinting": 0,
            "subdomains": [
                "salespop"
            ],
            "apis": {},
            "sites": 2,
            "prevalence": 0.0000141,
            "cnames": [],
            "responseHashes": [
                "63d7c6f2f3be27053ba0973df3652ef215ee7a4fd4a7b31f18f2ea7519518ef6"
            ],
            "type": "Fetch",
            "firstPartyCookies": {},
            "firstPartyCookiesSent": {},
            "exampleSites": [
                "forme.science",
                "sandbaggy.com"
            ]
        },
        {
            "rule": "conversionbear\\.com\\/language_locale",
            "cookies": 0.0000141,
            "fingerprinting": 0,
            "subdomains": [
                "salespop"
            ],
            "apis": {},
            "sites": 2,
            "prevalence": 0.0000141,
            "cnames": [],
            "responseHashes": [
                "589f8b4e26803955596e77eb509e0af70523bb409fe2208fe08fc891187ff6c9"
            ],
            "type": "Fetch",
            "firstPartyCookies": {},
            "firstPartyCookiesSent": {},
            "exampleSites": [
                "forme.science",
                "sandbaggy.com"
            ]
        },
        {
            "rule": "conversionbear\\.com\\/script",
            "cookies": 0.0000495,
            "fingerprinting": 1,
            "subdomains": [
                "sticky",
                "upsell",
                "trust",
                "announcement-bar",
                "bundle",
                "cookie-bar",
                "shipping-bar"
            ],
            "apis": {
                "Document.cookie getter": 2,
                "Notification.permission": 1,
                "Navigator.prototype.plugins": 1,
                "Navigator.prototype.userAgent": 2,
                "window.innerWidth": 1,
                "window.localStorage": 2,
                "window.sessionStorage": 1
            },
            "sites": 16,
            "prevalence": 0.000113,
            "cnames": [],
            "responseHashes": [
                "7dbbff7cde54f6cc0d5d906b1df418e4bd5ecb37cdf7de88641412df5daede86",
                "305819610eed70505c76e95aa3ad64b4a8301f342cebd4c6c24d94602824d15f",
                "0f25cbe557cb545151186f7b0f4511a0e1eea9744f3becbd042e37d6ba519acf"
            ],
            "type": "Script",
            "firstPartyCookies": {},
            "firstPartyCookiesSent": {},
            "exampleSites": [
                "freedomgorilla.com",
                "goaxil.com",
                "headsetadvisor.com",
                "kamerastore.com",
                "mantisx.com",
                "ppepower.com",
                "spycentre.com",
                "steelsupplements.com",
                "supremepaintsandcoatings.com",
                "theromancatholicstore.com",
                "www.badgerbalm.com",
                "www.childrens-ministry-deals.com",
                "www.epicwaterfilters.com",
                "www.microingredients.com",
                "www.skylighter.com",
                "www.sub-shop.com"
            ]
        },
        {
            "rule": "conversionbear\\.com\\/location",
            "cookies": 0.0000141,
            "fingerprinting": 0,
            "subdomains": [
                "announcement-bar",
                "shipping-bar"
            ],
            "apis": {},
            "sites": 2,
            "prevalence": 0.0000141,
            "cnames": [],
            "responseHashes": [
                "d138d05e6e88199a00d4c5782c453abcf429a9391bdd7f557449769d55bcfaff"
            ],
            "type": "Fetch",
            "firstPartyCookies": {},
            "firstPartyCookiesSent": {},
            "exampleSites": [
                "ppepower.com",
                "www.sub-shop.com"
            ]
        },
        {
            "rule": "conversionbear\\.com\\/widget",
            "cookies": 0.0000141,
            "fingerprinting": 0,
            "subdomains": [
                "bundle"
            ],
            "apis": {},
            "sites": 2,
            "prevalence": 0.0000141,
            "cnames": [],
            "responseHashes": [
                "e3b0c44298fc1c149afbf4c8996fb92427ae41e4649b934ca495991b7852b855"
            ],
            "type": "Fetch",
            "firstPartyCookies": {},
            "firstPartyCookiesSent": {},
            "exampleSites": [
                "badgerbalm.com",
                "www.woolly.clothing"
            ]
        },
        {
            "rule": "conversionbear\\.com\\/save-user-activity",
            "cookies": 0.0000141,
            "fingerprinting": 0,
            "subdomains": [
                "shipping-bar"
            ],
            "apis": {},
            "sites": 2,
            "prevalence": 0.0000141,
            "cnames": [],
            "responseHashes": [],
            "type": "Preflight",
            "firstPartyCookies": {},
            "firstPartyCookiesSent": {},