{
    "domain": "cq0.co",
    "owner": {},
    "source": [
        "DuckDuckGo-US"
    ],
    "prevalence": 0.00117,
    "sites": 165,
    "subdomains": [
        "doh"
    ],
    "cnames": [],
    "fingerprinting": 0,
    "resources": [
        {
            "rule": "cq0\\.co\\/resolve",
            "cookies": 0,
            "fingerprinting": 0,
            "subdomains": [
                "doh"
            ],
            "apis": {},
            "sites": 107,
            "prevalence": 0.000757,
            "cnames": [],
            "responseHashes": [
                "1af375e3bb5fd1554e70eea4a2ef1fb7fa74c6e511ce1aae096fd71d99daf151",
                "e747df613b2f1e5e7f84ea40cffb6ebc19758f7fea198ad6a4ff8754adb7e3f1",
                "f28828dedd00f591c7c504f367e799fa24bd88e4793ca6b7e588d1148bc2bd0b",
                "5164695bb3d8d33d3822ff8c55d05ff6fd2cada04c30d916d7d5bae0bc467dfa",
                "19f097777b7a37899f44dee135801149fc444e07fe42b9fc82c9e455ac347419",
                "2bedf00b870d0b7afb6a7d6565c4abcd2fc62e9821c0b636d1225dbc81a1d474",
                "79e73567b949e0292a3f86e4c9d601ba73e277b2787c638ffd0e857e877d86d1",
                "b288b760f1018c5071e7de7e1b599abfbc5583f707fb277b3b02173f69db7dc0",
                "96746b5c79f13b739df68c60ed7435e2a302dace694b45f6e3d583d7806fc553",
                "1e306fcd883cb7930ce26217481545a3f0a517acb2e93b81ced403065a618a7c",
                "e368c9c9818b24b0941d060f9a5d8d3625cbc6d13c4df5bd2247b462a4fea65e",
                "f438f1d76db289c9115ec0d2758fdb3bb2270ca61543db903e4b9ae29dd4239b",
                "b7a0db9eeedeb45f9183814ab66f2ba1c1cced2895c9fa59daa6f779b7cf43d9",
                "b24d460f3618dfa1cf0b4efd12f3abfd4ad3430833e8657aaa06b5b56ee93bec",
                "1613ddbce039cb8732301df35996e1b06b0836a634c79ace1ec3d3f720eac969",
                "6a616c633505a72c195854bc1fc193ae1d4287343335ad104f2f0d3606dc21b1",
                "28ff6cb8890f428c65692474060358f1e5604537c9c42cc1a56c996d42243642",
                "c5ce9cd85cd55ed5e5700d217a5d79237c4b8c0860248c2cf9241b6e2fd70d40",
                "d7681af715b17842ce7ddd1212ffe4ba3731fae4cf640d590735f98570b96401",
                "d35cdc00f48b032087dae91008b0f7deb782e2945ffa00e98d54b8b03e0357bf",
                "7ecee5a2f14c5c6dda7aa0e6743b05982d9b56a8b803f22cd300b0416d59f489",
                "baee06c4901eb78bcaa9ebce595ac55c082337bf73ed9c9296e8f261a79e35d3",
                "0600fca4a97458cc095a4bb83d8f3e0b7f82bbe1b6bbd9aabe184dbd6b690553",
                "af32983a24418d70ebf28fd08444ada34fbca877770fdb498802196de396c51d",
                "3778fcc0cb8844d8bd148c92d6d03c4d8703f5c28d4270cbe8361ee82f8d0eec",
                "44f6e28500896556208699212076a0668d9868f785cf7951421a9865060815a8",
                "2035f971bda2e5bac8e43eafc6830a46e676039db4f300e70dc6f3a052ada04a",
                "1392c431190791969b918bd953c6397e0b9bc1cfac81fa82e7bf24a630b5a98a",
                "28cbd98929fe77d15e6f61a956264604572fb744d33cd2f3bccd5356cf86b74d",
                "89f40d681129338a675a5502e7282d797cfb85d8df3d846caebf48bd58bdda47",
                "295905638b3aecb987a6afb1881b7e52bf898a8c972bef73bae0cc35174b5f56",
                "4c4f74cbf9471292d45e25d897cb8410b5d607683f6ff9cbb9a9c89c9233a2f6",
                "907acb37593aad244d12c8b776bdc9ba0dfae95f9ec39aca9db8e4ef3ccf4fa4",
                "0c67661ca330ad89e9a1f407a77110a8a7247cc2755f6c35779443159ea53f2c",
                "9bbe68f4d34aa84517d1f961b43dd099f94c5ff5f75530433ef283edc4e74592",
                "6b3c6d612739f6f53b0982ec8986d012a55602486e4dd2ee23e1b260e7fad927",
                "05506e893c610295edb6db870041da6804909f5ceb2156ed5a762355c99d549b",
                "06d1151bf5ccb344866420a30bbea6e0ebf5b4d4fe6663aa5b55185a0f0b0688",
                "04ed39b48682900d91b0f728360b5e37ad67b06e28a78c4102af553580f1b83f",
                "8fbe15446d6ec7cd9063816e4dcf34b2f61f15d6cc49d5bd10836a16fc9dc565",
                "f7b750155f38a783002d9a124527f13fb6d99d02aeb251c19c60b82461ce27d8",
                "e083b17c23ec32971e306b47a4be62f676345483f5b2ac33faf00deacd1e9e78",
                "f46ad9da11417421538963bde591af5a7d70ffa2fe8bb985620732cee77f48bf",
                "e8f76245b7d5d57071c966b503954cebf735c97bc9196beabf5cd671890cc7e3",
                "da4405e58373f97fd7d3d6286d42f0ea84bef9835d11cdb5a1966478f4a1c3e2",
                "3d2b8fcf5bf43862b0486c528e827841d39ba1c22e59309fd123bec1497327ae",
                "4af129a2fd77c4a22fa2cc83b60a0adee067c2895969c6c45493b31a118e5edb",
                "949f6a4f3c200a7d88551f816dd27fd3626ce8505a4ec832917cc4c53a716603",
                "fa093d977de9bffe1b2b5571e47272cc3ff88decac35ebac15be73bd84f4b3f5",
                "e2f8192471e50f38198bf386cf3e5a2d684906656796139c7420432183daf728",
                "f95a505789e295c2d28dcf1b4e1ddc8040138e4cc869b91d41de7cf02622e097",
                "463e22b53d3543fde375fd7b42defd620e78a721feaae9edb757e4b512152983",
                "1be781a0611f4ebaeffedcc18a8b77dc58a40d4139c5b56a9d625280fe20e2ac",
                "ecbdd404ba2acfbcf637089f4985f9975cf4912ebc7e82e0fd341d71007dea20",
                "2131919a1a009f991a5c72e0e45cfc749f8d5e85d81631849f9fb617255be80f",
                "f3902f4f3316da0e0c87eeecf84c9567da54ff990cd6b98f11a664c05cf078d9",
                "a4251add5d9c0f8b6adcaa3d03c494aa366340f01fe0259a7d64fe639c1e1ba6",
                "7a7cc7c1d8e548bb00ca02023037f53c118e3eaa711ffd5e46e66a3443a34dfc",
                "2c4a61a71eb123212b453764d18eb7edc4d6c2a1959421884336de1ef930722b",
                "310d9c4d5f4634255c46a11d0cf5b3a3d0a3c2ea3c53050438633ecaa1950ecb",
                "0643a9171be4adfaad14a5f693a711f687918b18cb36c3a95a1c6aab08f2f87d",
                "9ef3966251595b5be8609b60efc009345efdf13bc178dc4f12f8a8c70ffe3fcc",
                "35da4c6063b31794c5d53638c7568a0cb1b0096f8459167b41a5308ea3bcc0ed",
                "c791e224074523eeedc5c81e38c5792e1613313103de0f9653635ab6f9d01355",
                "7607bf81b992e734ef81a334856a16616e3eee67d5fe1e90b94df675d9756a49",
                "d674ee904fb8fb7675018389bbe634b9ac02b013eaef14e643e9005e581836cc",
                "38907cfe344b45c6585ea411ad978648f621870537e2a1abb055bdc50fa22d79",
                "491f355cbf30ad37ab8b1ce559fac76d20ec024edbe486e3b09d56d37c1d2525",
                "7896a508a736fd6825764ed22c17d3f49d6be1a8dc88992776a0b86c0e54bad9",
                "2d08ba1e25ba0d38f70337e04e5a8d682457143daac42e558423954a8e02f4c7",
                "10a82aa5692ecf1b3934163a3532af560e987173f8a350440f55465abee639d8",
                "517d95684ebdc4165c6bd301e1b8a1a9345bab5132b78124796419db6ea4085f",
                "383eb53f99cf0ce56197e4243624c5e94adad35e9d968ea25a919df4d851b8a5",
                "039e69de877d56642d0eae7a055fce80618892914449ecc981dfcc5690c503bb",
                "dfe29e71aa44433cc011bf21adde3718cda21285d5ddc6e1eeb2d5998508ae00",
                "f504a4682d160bf41e01b5d2ecd8664b814e0ba1ca795686e6f14cabd07f4435",
                "cf9587bd5d2763ebb22a06471a9486f75d55a82598dd2c6448d0235334652533",
                "328006ebf77fe4735baa7ce9f63bbc970bb10943f4785f13f3a3dcccfce459fc",
                "ab47299651ea8ba9d0764e2b611c5eee5065d0fc751826401f2033608c24ad66",
                "3747d07253cd8c824980f5b5497e8c0d5ee8ce3fe3dec3657f48414dc1c09bc2",
                "5c26f0045bf0ace61b0aab4b0e570d67ed523b884655d64650db31f224332000",
                "81add1cc8aa3cc5f048bd33c6ee27eb437b4fb1ad3c176156f44170939bf40c5",
                "895a79e492edc6776ee9d6517a3a76705be84256094c004c82409101a488cd7b",
                "15c45076642fa439ca1af9ce8ce67bed1cf38f043abc64e96c8689461c3d11d9",
                "5c5fda45a5ea466ec7b5aea4fcc3fcd92cb2d2c9febb846fcffd34f79b63f812",
                "f3998a625d266026806ca8145efb25ba0f4460a27839d6a6cbe3161694dd0e44",
                "676affeca4b1a3d258085d5adacdcf2f5380b9945642c64ba2ad14222f53401d",
                "01caa9d05ab4a6257b653f797661a25f9a14b2d53b909eaeb5523a19078b5908",
