{
    "domain": "creepy-frame.com",
    "owner": {},
    "source": [
        "DuckDuckGo-US"
    ],
    "prevalence": 0.000106,
    "sites": 15,
    "subdomains": [],
    "cnames": [],
    "fingerprinting": 3,
    "resources": [
        {
            "rule": "creepy-frame\\.com\\/chD\\.9K6rbX2Q5\\/l\\/SdWRQq9dNEjFAPwJNfzGcyyQMlyY0P2eMaD-AW3\\/NKzqIA0Y",
            "cookies": 0.0000566,
            "fingerprinting": 3,
            "subdomains": [],
            "apis": {
                "Date.prototype.getTime": 8,
                "Navigator.prototype.userAgent": 8,
                "Document.cookie setter": 8,
                "Document.cookie getter": 8,
                "window.localStorage": 8,
                "window.name": 2,
                "window.innerWidth": 2,
                "window.innerHeight": 2,
                "window.screenX": 2,
                "window.screenY": 2,
                "window.outerWidth": 2,
                "window.outerHeight": 2,
                "window.devicePixelRatio": 2,
                "window.screenLeft": 2,
                "window.screenTop": 2,
                "window.indexedDB": 2,
                "window.sessionStorage": 2,
                "Notification.permission": 1
            },
            "sites": 8,
            "prevalence": 0.0000566,
            "cnames": [],
            "responseHashes": [
                "fe54a13a51394d2b1f8f649361a3cd83aaab77cdd93601c7855ad096e5315698",
                "c3457c9ace41b9224d86c28a9cbc15ba18d98074389b74f4a5e5f26d43e023e2",
                "deccc6b77710e59d6aa3bf4b2737bd9ab9b8b135a28a4337da559b35e7168c09",
                "ce392683b3a0a504cd40610fe86e0594b312076a98d870bc54f87cb8027ff311",
                "49cbbe0da87593d95504511c5835008ba30eea57880e0d131e4df54808d67775",
                "9a6c1c342d8dacb005b125d779546966b0f99a3702ec00af3596dbd15f695e1b",
                "650ad4961e1fc019dd3050016799873ea124ab0d143bdaa6c71b9861162f119b"
            ],
            "type": "Script",
            "firstPartyCookies": {
                "cookietest": {
                    "ttl": -1747325226,
                    "length": 1,
                    "prevalence": 0.00005658669081032141,
                    "uniqueness": 0.125
                }
            },
            "firstPartyCookiesSent": {},
            "exampleSites": [
                "erofound.com",
                "erohive.com",
                "fapello-leaks.com",
                "only2leaked.com",
                "only4leaked.com",
                "pornez.tv",
                "thothub-leaked.com",
                "thotsfan.com"
            ]
        }
    ],
    "categories": [],
    "performance": {},
    "cookies": 0.000106,
    "topInitiators": [
        {
            "domain": "first party",
            "prevalence": 0.9333333333333333
        },
        {
            "domain": "pornohlam.net",
            "prevalence": 0.06666666666666667
        }
    ],
    "types": {
        "Script": 8
    },
    "nameservers": [
        "ns11.constellix.com",
        "ns51.constellix.net",
        "ns41.constellix.net",
        "ns21.constellix.com",
        "ns61.constellix.net",
        "ns31.constellix.com"
    ]
}