{
    "domain": "crocodail-dandy.com",
    "owner": {},
    "source": [
        "DuckDuckGo-US"
    ],
    "prevalence": 0.0000495,
    "sites": 7,
    "subdomains": [],
    "cnames": [],
    "fingerprinting": 1,
    "resources": [
        {
            "rule": "crocodail-dandy\\.com\\/F7QRVf",
            "cookies": 0.0000495,
            "fingerprinting": 1,
            "subdomains": [],
            "apis": {
                "window.localStorage": 6
            },
            "sites": 7,
            "prevalence": 0.0000495,
            "cnames": [],
            "responseHashes": [
                "2a1db16cb2543a7945b00c24c7ebeb9024b09edb390c5fc86e00b06c641bcd0d",
                "07a45540371eb6fe09f0987b43850a99f8594e0a9d30c381f9152b559a56d9a9",
                "08ba6c6574732dff3d84a682e64eff9046afa40211364c32218406f0afa6a21a",
                "da4f33b3a2b64569187e6bd40ed116c55d07c4b2f2d25f82145bcca446736727",
                "682361b13ef555f9dec39099fe036ae836ebecfc7697fa85e0e95c67f2ec719a",
                "76491b439404baaa5a86005853fa937da588eea2aec0df89524ae5d23823f29a"
            ],
            "type": "Script",
            "firstPartyCookies": {},
            "firstPartyCookiesSent": {
                "_li_dcdm_c": 0.000014146672702580353
            },
            "exampleSites": [
                "sbj.net",
                "wbai.org",
                "www.chronline.com",
                "www.eastbayri.com",
                "www.liherald.com",
                "www.powelltribune.com",
                "www.ptleader.com"
            ]
        }
    ],
    "categories": [],
    "performance": {},
    "cookies": 0.0000495,
    "topInitiators": [
        {
            "domain": "pluginlibery.com",
            "prevalence": 1
        }
    ],
    "types": {
        "Script": 7
    },
    "nameservers": [
        "dns1.bacloud.com",
        "dns2.laisvas.lt",
        "dns1.laisvas.lt",
        "dns2.bacloud.com"
    ]
}