{
    "domain": "cwi.re",
    "owner": {},
    "source": [
        "DuckDuckGo-US"
    ],
    "prevalence": 0.000092,
    "sites": 13,
    "subdomains": [
        "prebid"
    ],
    "cnames": [],
    "fingerprinting": 0,
    "resources": [
        {
            "rule": "cwi\\.re\\/v1\\/bid",
            "cookies": 0,
            "fingerprinting": 0,
            "subdomains": [
                "prebid"
            ],
            "apis": {},
            "sites": 13,
            "prevalence": 0.000092,
            "cnames": [],
            "responseHashes": [
                "ec9a8ada9114a246b12ee565f4b5749ddc4662fe85accd72db6cb203cd988d29",
                "8a668f96934dc96ab55e924f76ab76043a22ffa0d28dd1b6117a41f4d92ce7a9",
                "96f6de20f369c057fbcdff3274f9ba3147262c0ece087fd18bbac4ebc86fcf34",
                "836c40cf67485b8536eb9aa86e69291f3eae14986ba921f5f6a54394f1b96b68",
                "2933d0119968bb1d618de0466b175ae0629e60d116008d4b89d44580fce97acd",
                "dfd3e873ea87e78716b7759144ed041b6414d9ceb1dbcfdefa886ebe2161508f",
                "c53782d6bdbe0d3651ff2144ef4e912497a82e40e6796b04d577bf9a00c368fa",
                "5c01e5956fbb93d0cbf281a776612a9c0612b28c58bc8eb26605c4ab9a002543",
                "5c9163b506ebff8459637fa7a2f675e28ed75b56794e3c0d52349b9d1b867558",
                "b05ae56ea72d9c03ee40156b90f43f5d3d1985c1dd03fa14c560f01ab400fa5b"
            ],
            "type": "Fetch",
            "firstPartyCookies": {},
            "firstPartyCookiesSent": {},
            "exampleSites": [
                "20min.ch",
                "www.20min.ch",
                "www.bazonline.ch",
                "www.bernerzeitung.ch",
                "www.derbund.ch",
                "www.film.at",
                "www.immoscout24.ch",
                "www.lematin.ch",
                "www.radio.fr",
                "www.radio.net",
                "www.radio.de",
                "www.tagesanzeiger.ch",
                "www.tdg.ch"
            ]
        },
        {
            "rule": "cwi\\.re\\/v1\\/event",
            "cookies": 0,
            "fingerprinting": 0,
            "subdomains": [
                "prebid"
            ],
            "apis": {},
            "sites": 2,
            "prevalence": 0.0000141,
            "cnames": [],
            "responseHashes": [
                "e3b0c44298fc1c149afbf4c8996fb92427ae41e4649b934ca495991b7852b855"
            ],
            "type": "Ping",
            "firstPartyCookies": {},
            "firstPartyCookiesSent": {},
            "exampleSites": [
                "immoscout24.ch",
                "www.lematin.ch"
            ]
        },
        {
            "rule": "cwi\\.re\\/v1\\/cookiesync",
            "cookies": 0.0000141,
            "fingerprinting": 0,
            "subdomains": [
                "prebid"
            ],
            "apis": {},
            "sites": 2,
            "prevalence": 0.0000141,
            "cnames": [],
            "responseHashes": [
                "e3b0c44298fc1c149afbf4c8996fb92427ae41e4649b934ca495991b7852b855"
            ],
            "type": "Image",
            "firstPartyCookies": {},
            "firstPartyCookiesSent": {},
            "exampleSites": [
                "radio.fr",
                "www.radio.net"
            ]
        }
    ],
    "categories": [],
    "performance": {},
    "cookies": 0.0000212,
    "topInitiators": [
        {
            "domain": "first party",
            "prevalence": 0.5789473684210527
        },
        {
            "domain": "da-services.ch",
            "prevalence": 0.2631578947368421
        },
        {
            "domain": "relevant-digital.com",
            "prevalence": 0.10526315789473684
        },
        {
            "domain": "ay.delivery",
            "prevalence": 0.05263157894736842
        }
    ],
    "types": {
        "Fetch": 13,
        "Ping": 2,
        "Image": 2
    },
    "nameservers": [
        "ns-1478.awsdns-56.org",
        "ns-1911.awsdns-46.co.uk",
        "ns-368.awsdns-46.com",
        "ns-618.awsdns-13.net"
    ]
}