{
    "domain": "daniancrotarni.com",
    "owner": {},
    "source": [
        "DuckDuckGo-US"
    ],
    "prevalence": 0.0000707,
    "sites": 10,
    "subdomains": [
        "29122153-29121-sr",
        "29121693-29121-sr",
        "29121906-29121-sr",
        "29121788-29121-sr",
        "29122216-29121-sr",
        "29121554-29121-sr",
        "29121994-29121-sr",
        "29122254-29121-sr",
        "29121826-29121-sr",
        "29121570-29121-sr",
        "29121906-29121-1948",
        "29121826-29121-1948"
    ],
    "cnames": [],
    "fingerprinting": 0,
    "resources": [
        {
            "rule": "daniancrotarni\\.com\\/v2\\/a\\/ban\\/iframe",
            "cookies": 0,
            "fingerprinting": 0,
            "subdomains": [
                "29122153-29121-sr",
                "29121693-29121-sr",
                "29121906-29121-sr",
                "29121788-29121-sr",
                "29122216-29121-sr",
                "29121554-29121-sr",
                "29121994-29121-sr",
                "29122254-29121-sr",
                "29121826-29121-sr",
                "29121570-29121-sr"
            ],
            "apis": {},
            "sites": 10,
            "prevalence": 0.0000707,
            "cnames": [],
            "responseHashes": [
                "a8d7c768f2810052514a7c1a7aa707563026643e84a34e8791f33cdb13a630cf",
                "c506c75a2889d2ab64067912b144d9e1bc7bb326b25c965a5ec664c744e6d246"
            ],
            "type": "Document",
            "firstPartyCookies": {},
            "firstPartyCookiesSent": {},
            "exampleSites": [
                "blackporn24.com",
                "forcedgayporn.pro",
                "freexxxmovies.net",
                "gayrapefantasy.com",
                "lesbianporn8.net",
                "milfporn8.net",
                "raped.name",
                "realincestvideos.org",
                "xnxx-xxx.net",
                "xvedio.fun"
            ]
        },
        {
            "rule": "daniancrotarni\\.com\\/v2\\/a\\/na\\/image",
            "cookies": 0,
            "fingerprinting": 0,
            "subdomains": [
                "29121906-29121-1948",
                "29121826-29121-1948"
            ],
            "apis": {},
            "sites": 2,
            "prevalence": 0.0000141,
            "cnames": [],
            "responseHashes": [
                "64ce0742f529c5158ff1306088eba7d5c486669d9240a38abd8ae10647f942e1"
            ],
            "type": "Image",
            "firstPartyCookies": {},
            "firstPartyCookiesSent": {},
            "exampleSites": [
                "freexxxmovies.net",
                "xnxx-xxx.net"
            ]
        }
    ],
    "categories": [],
    "performance": {},
    "cookies": 0,
    "topInitiators": [
        {
            "domain": "showmeyouradsnow.com",
            "prevalence": 0.5
        },
        {
            "domain": "reklon.net",
            "prevalence": 0.21428571428571427
        },
        {
            "domain": "labadena.com",
            "prevalence": 0.14285714285714285
        },
        {
            "domain": "garlicice.store",
            "prevalence": 0.14285714285714285
        }
    ],
    "types": {
        "Document": 10,
        "Image": 2
    },
    "nameservers": [
        "stan.ns.cloudflare.com",
        "emma.ns.cloudflare.com"
    ]
}