{
    "domain": "delmovip.com",
    "owner": {},
    "source": [
        "DuckDuckGo-US"
    ],
    "prevalence": 0.00017,
    "sites": 24,
    "subdomains": [
        "go",
        "static"
    ],
    "cnames": [],
    "fingerprinting": 2,
    "resources": [
        {
            "rule": "delmovip\\.com\\/eactrl\\.go",
            "cookies": 0,
            "fingerprinting": 0,
            "subdomains": [
                "go"
            ],
            "apis": {},
            "sites": 24,
            "prevalence": 0.00017,
            "cnames": [],
            "responseHashes": [
                "066b9dffb622f9f587235ea9dfdf5898ea95cda5bcbde152ca474fb40ac3ce8c",
                "a0deadbe697e6d6d8ff6bf3c4aa6ba7b5245a647d984b621a8854b67dd1278c2",
                "bdeafda5c48725f7f2f4b08a6cbca0823347766fb9200c59f389539d28d5e951",
                "525552c40e710803eadafe8e62b61220a41e8b30c481bb85979f16da00402dc0",
                "39f39e32cfb65312ab56b4a511c3e9b08f0eabbe7cbf2487742947853dcf38df",
                "ac188e6308f868962b9708191ed46392c5b38c963ce0f3916b8d3889093f0b23",
                "e770a2a3e04a61c8cd0eabf58f4a8c33bcf0145db9c041f86bede9939002bb37",
                "80a47cc9368a963cf1886918ea0c54c8dd7f6a1276696e60548534f89dc1445b",
                "187394e95d0bccc25b793140d2be4554ef5b77137436a5b5ac24b27fc6663958",
                "11da79e8b4bccfc0633be5cd1655848345bd9277fc3a976f0166aacd8183c7ef",
                "ea20266efab723674c6686f9f0942f8cb19161676514b5bbc18efdbd8b108389",
                "c6ca234d08cc3ae6a2be0c11a5ef33cfcb40a019671da8503eaad73a1fe142f6",
                "beb16b1fe9d60bed03254bedbe01d6e128c86592478b11336eb5f71669136820",
                "f70b050bb135d985ba46c821f46c4c6b97ff47c5edb30e14b7ed21551feb572c",
                "e4ca821b9ad21acea2038a096c66aa4ddbee1fdbed48e4ae854277a70ac8a33d",
                "2cb229a100cffd7c75431b17a50a95476b7a9303a0ca013167e2bfeeda9476fb",
                "f6b9619a4fabab037bd99da5ba4649273c3754b528ae0aaa96716772abc02411",
                "7f6d16df923e59128ef4f93e0cc9f66358a956bf581c506054e479b6bbbf6297",
                "667dfc2a7a2a35a51c7902c2576b05e0942a1d82fc4ee7c89cdc869cebde5102",
                "6408d182efd33cc28d377fbdf678ddf3f623a4df79416b18bc633ef8c6b9b4b1",
                "f5968977b3170ed9c97329842ac7130b880bbf0153cfb7e604b9505e576fb434",
                "7bd493065ef4dc8262ea747fdc0bfa6dab8a00ec97d68bfc33a5f47b20e5d135",
                "874e66fd8bce2dca541595a735419e354269de4f7ea1a988b9c9a163adc64c9e"
            ],
            "type": "XHR",
            "firstPartyCookies": {},
            "firstPartyCookiesSent": {},
            "exampleSites": [
                "www.sexgeschichten.tv",
                "www.omasexpornos.com",
                "www.gratis-sex-videos.net",
                "www.lesbenpornos.net",
                "www.sexfilme24.org",
                "pornodeutsch.biz",
                "reifefrauenpornos.com",
                "www.deutschepornos.co",
                "www.bravopornos.com",
                "you-porn-deutsch.com",
                "www.deinemuschis.com",
                "www.erotikfilme24.net",
                "www.dickefrauen.info",
                "www.lesben-pornos.co",
                "www.german-porno-deutsch.org",
                "www.erotik-sexvideos.com",
                "deutschepornos-tube.org",
                "xnxxdeutsch.net",
                "sex-mit-oma.net",
                "grannypornos.net"
            ]
        },
        {
            "rule": "delmovip\\.com\\/data\\/creatives\\/32\\/172807\\.webp",
            "cookies": 0,
            "fingerprinting": 0,
            "subdomains": [
                "static"
            ],
            "apis": {},
            "sites": 3,
            "prevalence": 0.0000212,
            "cnames": [],
            "responseHashes": [
                "6337824680e4fcec324bca903ed733b757299a94a9195391527b894d9d819b9d"
            ],
            "type": "Image",
            "firstPartyCookies": {},
            "firstPartyCookiesSent": {},
            "exampleSites": [
                "deutschepornos-tube.org",
                "www.deinemuschis.com",
                "www.sexgeschichten.tv"
            ]
        },
        {
            "rule": "delmovip\\.com\\/data\\/creatives\\/546\\/244987\\.mp4",
            "cookies": 0,
            "fingerprinting": 0,
            "subdomains": [
                "static"
            ],
            "apis": {},
            "sites": 11,
            "prevalence": 0.0000778,
            "cnames": [],
            "responseHashes": [
                "b2f281fecbf6022bf5a2072e674dac410e81d6e7313aec4ad8fdd4441937df2d"
            ],
            "type": "Media",
            "firstPartyCookies": {},
            "firstPartyCookiesSent": {},
            "exampleSites": [
                "deutschepornos-tube.org",
                "grannypornos.net",
                "redtubedeutsch.com",
                "www.deinemuschis.com",
                "www.erotikfilme24.net",
                "www.german-porno-deutsch.org",
                "www.gratis-sex-videos.net",
                "www.omasexpornos.com",
                "www.sexfilme24.org",
                "www.sexgeschichten.tv",
                "you-porn-deutsch.com"
            ]
        },
        {
            "rule": "delmovip\\.com\\/data\\/creatives\\/546\\/244984\\.mp4",
            "cookies": 0,
            "fingerprinting": 0,
            "subdomains": [
                "static"
            ],
            "apis": {},
            "sites": 8,
            "prevalence": 0.0000566,
            "cnames": [],
            "responseHashes": [
                "a1b9e5990aa8c62413c3582be82bd6dad10276b27ed987370bccd7d8ccb8d85a"
            ],
            "type": "Media",
            "firstPartyCookies": {},
            "firstPartyCookiesSent": {},
            "exampleSites": [
                "deutschepornos-tube.org",
                "grannypornos.net",
                "www.bravopornos.com",
                "www.german-porno-deutsch.org",
                "www.lesbenpornos.net",
                "www.omasexpornos.com",
                "www.sexgeschichten.tv",
                "xnxxdeutsch.net"
            ]
        },
        {
            "rule": "delmovip\\.com\\/data\\/creatives\\/546\\/244960\\.mp4",
            "cookies": 0,
            "fingerprinting": 0,
            "subdomains": [
                "static"
            ],
            "apis": {},
            "sites": 10,
            "prevalence": 0.0000707,
            "cnames": [],
            "responseHashes": [
                "577a86a2f62294eaf183b2111d46f9935630b021845d603359246457effc0ba7"
            ],
            "type": "Media",
            "firstPartyCookies": {},
            "firstPartyCookiesSent": {},
            "exampleSites": [
                "grannypornos.net",
                "redtubedeutsch.com",
                "reifefrauenpornos.com",
                "www.bravopornos.com",
                "www.deinemuschis.com",
                "www.erotikfilme24.net",
                "www.german-porno-deutsch.org",
                "www.gratis-sex-videos.net",
                "www.lesbenpornos.net",
                "xnxxdeutsch.net"
            ]
        },
        {
            "rule": "delmovip\\.com\\/data\\/creatives\\/32\\/172772\\.webp",
            "cookies": 0,
            "fingerprinting": 0,
            "subdomains": [
                "static"
            ],
            "apis": {},
            "sites": 4,
            "prevalence": 0.0000283,
            "cnames": [],
            "responseHashes": [
                "0199546f79bccafaad7353a5d9155e96ef2fda61303cd63c5c3444041f5e8005"
            ],
            "type": "Image",
            "firstPartyCookies": {},
            "firstPartyCookiesSent": {},