{
    "domain": "demand.supply",
    "owner": {},
    "source": [
        "DuckDuckGo-US"
    ],
    "prevalence": 0.000262,
    "sites": 37,
    "subdomains": [
        "live"
    ],
    "cnames": [],
    "fingerprinting": 2,
    "resources": [
        {
            "rule": "demand\\.supply\\/up\\.js",
            "cookies": 0.000163,
            "fingerprinting": 0,
            "subdomains": [
                "live"
            ],
            "apis": {},
            "sites": 25,
            "prevalence": 0.000177,
            "cnames": [],
            "responseHashes": [
                "aa78fa12267966c35e89e26a27c90d389137067f2ad44586ea8335c1089cd707",
                "3184b9c3370e69b2ced8188e8e20011e86692e1154cd9f2f3232a8e7770708ad",
                "42df5ba5d9e35f7bfe6c3b5c995ceecf15ddab11529f8bbc3b099ca5f9fe2d98",
                "14141d0477726933c60971e9cf2a3c9e9c501ee1d1b8fad1a2dfc0718c1ac5d9",
                "e957b8a8a544af4cee8170882f14a5c56dcc5feeb07e7c9399d6bd5713ee4762",
                "877c589f54610140fa8af6158cdea766981d67ac71fb04c158222e335a6c48bc",
                "267354aa9c63c93a69529bf935cd50f5049632c25f171b5e5babc0c83e9f49e2",
                "ea18b351ea9f368b957d334c8d6578558ba980da419e8c9dbaeccdbf8a4e4657",
                "929f716fc0d1fa85f5087d2c5166d943347136c852e84c939c9610c6ec44901a",
                "4c8f19bbe568c101cae235b7f3b974f09e41a67a2a3415ee3de518e17a37e976",
                "00333a9d069df91fc1cb5e5ea5468b9dc4d9c135da107be6dd0cb719955407ed",
                "bd2efc67c4206f973892e0902fa15e2785d5bbbd7d485bde89a441b7b24e6c39",
                "ab4e31d6546c4336b5b2d5c9c52b8af6eb369281cee704e6783c49062a6ab7a5",
                "9bbb42d41f4d42f850de2d3b1069e042c9613148c14a3e52aa86500c75faab9e",
                "79a61c90c5963254de563b76aaef2f6070ed4cf37d4d80e9bab778a40bb314e1",
                "03c8927bd70aeca096385bcb857f146fd613019ec82ef551042c8a60405c76c3",
                "d4b013197e89019948e4f6c36ebc69fbad0de44647762ab103cb634ce957c8e7",
                "dce900742c1d1a771bbdf4ac0908cce9ed4cead537ea17c615e42a66593903b1",
                "b25575849bf5159102c6a2ecf67feab57e9fb4ed2c0659c2b5bc2f0303c3bd74",
                "dca995cacc63855c615603f9d94d8b925c7c99f87f23510444e0dea39386719e"
            ],
            "type": "Script",
            "firstPartyCookies": {},
            "firstPartyCookiesSent": {},
            "exampleSites": [
                "www.pinkvilla.com",
                "celebmafia.com",
                "www.locatefamily.com",
                "allnewspipeline.com",
                "www.weegy.com",
                "www.cotidianul.ro",
                "androidstandard.com",
                "www.bzi.ro",
                "oracioncristiana.org",
                "desilusion.com",
                "secinfinity.net",
                "www.siasat.com",
                "click.ro",
                "menszine.nl",
                "www.astrologyanswers.com",
                "www.cinemagia.ro",
                "www.50states.com",
                "school4seo.com",
                "astrology.tv",
                "organiclifetip.com"
            ]
        },
        {
            "rule": "demand\\.supply\\/impl\\.v17\\.39\\.1\\.js",
            "cookies": 0,
            "fingerprinting": 2,
            "subdomains": [
                "live"
            ],
            "apis": {
                "window.localStorage": 17,
                "Navigator.prototype.language": 12,
                "Navigator.prototype.userAgent": 17,
                "Navigator.prototype.connection": 15,
                "Screen.prototype.width": 15,
                "PerformanceTiming.prototype.navigationStart": 3,
                "window.innerHeight": 1
            },
            "sites": 23,
            "prevalence": 0.000163,
            "cnames": [],
            "responseHashes": [
                "a25301b5fd0c266741fa373fd114e875b90670174365c4e63df4bb100f9ec0b3"
            ],
            "type": "Script",
            "firstPartyCookies": {},
            "firstPartyCookiesSent": {},
            "exampleSites": [
                "imginn.com",
                "www.siasat.com",
                "oracioncristiana.org",
                "www.pinkvilla.com",
                "click.ro",
                "desilusion.com",
                "www.weegy.com",
                "www.bzi.ro",
                "astrology.tv",
                "secinfinity.net",
                "www.locatefamily.com",
                "www.astrologyanswers.com",
                "androidstandard.com",
                "organiclifetip.com",
                "www.cotidianul.ro",
                "www.pixwox.com",
                "menszine.nl",
                "www.cinemagia.ro",
                "10minutemail.com",
                "historia.ro"
            ]
        },
        {
            "rule": "demand\\.supply\\/e\\/e\\.js",
            "cookies": 0.000141,
            "fingerprinting": 0,
            "subdomains": [
                "live"
            ],
            "apis": {},
            "sites": 21,
            "prevalence": 0.000149,
            "cnames": [],
            "responseHashes": [
                "e3b0c44298fc1c149afbf4c8996fb92427ae41e4649b934ca495991b7852b855"
            ],
            "type": "XHR",
            "firstPartyCookies": {},
            "firstPartyCookiesSent": {},
            "exampleSites": [
                "www.pinkvilla.com",
                "androidstandard.com",
                "astrology.tv",
                "organiclifetip.com",
                "www.weegy.com",
                "oracioncristiana.org",
                "www.bzi.ro",
                "www.cinemagia.ro",
                "www.cotidianul.ro",
                "www.siasat.com",
                "www.pixwox.com",
                "desilusion.com",
                "www.locatefamily.com",
                "10minutemail.com",
                "imginn.com",
                "www.astrologyanswers.com",
                "www.medicinesfaq.com",
                "menszine.nl",
                "secinfinity.net",
                "school4seo.com"
            ]
        },
        {
            "rule": "demand\\.supply\\/ds\\.2\\.html",
            "cookies": 0.000141,
            "fingerprinting": 0,
            "subdomains": [
                "live"
            ],
            "apis": {},
            "sites": 21,
            "prevalence": 0.000149,
            "cnames": [],
            "responseHashes": [
                "3ecde44092098aa9617e8e67616c72aff2931727459c65a9096201e75ef83d6f"
            ],
            "type": "XHR",
            "firstPartyCookies": {},
            "firstPartyCookiesSent": {},
            "exampleSites": [
                "menszine.nl",
                "imginn.com",
                "androidstandard.com",
                "school4seo.com",
                "www.siasat.com",
                "www.pixwox.com",
                "www.cotidianul.ro",
                "www.weegy.com",
                "organiclifetip.com",
                "www.locatefamily.com",
                "secinfinity.net",
                "astrology.tv",
                "www.medicinesfaq.com",
                "www.pinkvilla.com",
                "www.astrologyanswers.com",
                "www.bzi.ro",
                "celebmafia.com",
                "10minutemail.com",
                "www.cinemagia.ro",
                "oracioncristiana.org"
            ]
        },
        {
            "rule": "demand\\.supply\\/topics\\/index\\.html",
            "cookies": 0,
            "fingerprinting": 0,
            "subdomains": [
                "live"
            ],
            "apis": {},
            "sites": 18,
            "prevalence": 0.000127,
            "cnames": [],
            "responseHashes": [
                "dc44db40fef110f9a1cde668df792c4ebb9119878faa76c2a8522825a22062a1"
            ],
            "type": "Document",
            "firstPartyCookies": {},
            "firstPartyCookiesSent": {},