{
    "domain": "dhs.gov",
    "owner": {
        "name": "Department of Homeland Security",
        "displayName": "Department of Homeland Security"
    },
    "source": [
        "DuckDuckGo-US"
    ],
    "prevalence": 0.00017,
    "sites": 24,
    "subdomains": [
        "www",
        "www.oig"
    ],
    "cnames": [],
    "fingerprinting": 1,
    "resources": [
        {
            "rule": "dhs\\.gov\\/ntas\\/",
            "cookies": 0.000099,
            "fingerprinting": 0,
            "subdomains": [
                "www"
            ],
            "apis": {},
            "sites": 14,
            "prevalence": 0.000099,
            "cnames": [],
            "responseHashes": [],
            "type": "Document",
            "firstPartyCookies": {},
            "firstPartyCookiesSent": {},
            "exampleSites": [
                "cbp.gov",
                "cgaux.org",
                "my.uscis.gov",
                "niccs.cisa.gov",
                "training.fema.gov",
                "wow.uscgaux.info",
                "www.cbp.gov",
                "www.cisa.gov",
                "www.disasterassistance.gov",
                "www.e-verify.gov",
                "www.fema.gov",
                "www.fletc.gov",
                "www.floodsmart.gov",
                "www.uscis.gov"
            ]
        },
        {
            "rule": "dhs\\.gov\\/ntas",
            "cookies": 0.000099,
            "fingerprinting": 1,
            "subdomains": [
                "www"
            ],
            "apis": {
                "Event.prototype.timeStamp": 1
            },
            "sites": 14,
            "prevalence": 0.000099,
            "cnames": [],
            "responseHashes": [
                "ccb734a66741c08ff1144c28ce579237b5d2aa6877f2c638561b709fe29fc889",
                "da3ea6dafc442f448de1607a6b64fa3fd55dcfce8668203bcd561d2ec44d2394",
                "47be4e156d7529ed8b3f5aa1aed2faacff84d8a5a8856c4505e89aca1dd1a38f",
                "ed903f45436059167428f3cf5c8e2d9f87ed303b52b7a378a0ed85bde60675e4",
                "482be2b391aac4649aa859df0ba710b16cc1624d09b9dc093c666e3743041a74",
                "cdc6f2c0bda74bd19f91760c4a73e0840721368b0a3eafd1c7d0911b41ac9585",
                "6b95717131a55f79fc1c128940fc605a1d5b2936dfcd5417fc4558820843a3f8",
                "193e2bec698874c581ff2677893d3a40f7ec9c549af86321a97d75972ce3591c",
                "9938e838f02b978d0a7d395c88d5ef2d4f70c76a68cde48d6f8b4880f34ddea0",
                "961d834d9badbe094f4f404b19fdad91b5e56e8019fedb645140a2e976821f1a"
            ],
            "type": "Document",
            "firstPartyCookies": {},
            "firstPartyCookiesSent": {},
            "exampleSites": [
                "cbp.gov",
                "cgaux.org",
                "my.uscis.gov",
                "niccs.cisa.gov",
                "training.fema.gov",
                "wow.uscgaux.info",
                "www.cbp.gov",
                "www.cisa.gov",
                "www.disasterassistance.gov",
                "www.e-verify.gov",
                "www.fema.gov",
                "www.fletc.gov",
                "www.floodsmart.gov",
                "www.uscis.gov"
            ]
        },
        {
            "rule": "dhs\\.gov\\/profiles\\/dhsd8_gov\\/modules\\/custom\\/dhs_ntas\\/css\\/dhs_ntas\\.ntas\\.css",
            "cookies": 0,
            "fingerprinting": 0,
            "subdomains": [
                "www"
            ],
            "apis": {},
            "sites": 12,
            "prevalence": 0.0000849,
            "cnames": [],
            "responseHashes": [
                "86b4cf45f6cec3f83cdff61268a291f5d763cc465d29c932ed28a359d28d4024"
            ],
            "type": "Stylesheet",
            "firstPartyCookies": {},
            "firstPartyCookiesSent": {},
            "exampleSites": [
                "cgaux.org",
                "my.uscis.gov",
                "niccs.cisa.gov",
                "training.fema.gov",
                "wow.uscgaux.info",
                "www.cbp.gov",
                "www.cisa.gov",
                "www.disasterassistance.gov",
                "www.e-verify.gov",
                "www.fema.gov",
                "www.fletc.gov",
                "www.uscis.gov"
            ]
        },
        {
            "rule": "dhs\\.gov\\/xlibrary\\/graphics\\/ntas_03_noadvisories\\.svg",
            "cookies": 0,
            "fingerprinting": 0,
            "subdomains": [
                "www"
            ],
            "apis": {},
            "sites": 12,
            "prevalence": 0.0000849,
            "cnames": [],
            "responseHashes": [
                "830182c179f9f2efd1b04a5d73b5f1eb9b318220b0861f0d5bddbcef52b1a78b"
            ],
            "type": "Image",
            "firstPartyCookies": {},
            "firstPartyCookiesSent": {},
            "exampleSites": [
                "cgaux.org",
                "my.uscis.gov",
                "niccs.cisa.gov",
                "training.fema.gov",
                "wow.uscgaux.info",
                "www.cbp.gov",
                "www.cisa.gov",
                "www.disasterassistance.gov",
                "www.e-verify.gov",
                "www.fema.gov",
                "www.fletc.gov",
                "www.uscis.gov"
            ]
        },
        {
            "rule": "dhs\\.gov\\/sites\\/default\\/files\\/img\\/oig-hotline\\.png",
            "cookies": 0,
            "fingerprinting": 0,
            "subdomains": [
                "www.oig"
            ],
            "apis": {},
            "sites": 2,
            "prevalence": 0.0000141,
            "cnames": [],
            "responseHashes": [
                "bdadca6d40d1939016e6d0f5f2fe2238170f0dccd929765928206761edb4f481"
            ],
            "type": "Image",
            "firstPartyCookies": {},
            "firstPartyCookiesSent": {},
            "exampleSites": [
                "fema.gov",
                "msc.fema.gov"
            ]
        },
        {
            "rule": "dhs\\.gov\\/sites\\/default\\/files\\/googleanalytics\\/analytics\\.js",
            "cookies": 0.0000141,
            "fingerprinting": 2,
            "subdomains": [
                "www"
            ],
            "apis": {
                "Screen.prototype.width": 2,
                "Screen.prototype.height": 2,
                "Screen.prototype.colorDepth": 2,
                "Navigator.prototype.plugins": 2,
                "Navigator.prototype.language": 2,
                "Document.cookie getter": 2,
                "Navigator.prototype.userAgent": 2,
                "Document.cookie setter": 2
            },
            "sites": 2,
            "prevalence": 0.0000141,
            "cnames": [],
            "responseHashes": [
                "a1925038db769477ab74b4df34350c35688a795bb718727b0f4292a4a78a6210"
            ],
            "type": "Script",
            "firstPartyCookies": {
                "_ga": {
                    "ttl": 63072001,
                    "length": 27,
                    "prevalence": 0.000014146672702580353,
                    "uniqueness": 1
                },
                "_gid": {
                    "ttl": 86401,
                    "length": 27,
                    "prevalence": 0.000014146672702580353,
                    "uniqueness": 1
                },
                "_gat": {
                    "ttl": 61,
                    "length": 1,
                    "prevalence": 0.000014146672702580353,
                    "uniqueness": 0.5
                },
                "_gat_newaggr": {
                    "ttl": 61,
                    "length": 1,
                    "prevalence": 0.000014146672702580353,
                    "uniqueness": 0.5
                },
                "_gat_gtag_UA_79798302_1": {
                    "ttl": 61,
                    "length": 1,
                    "prevalence": 0.0000070733363512901765,