{
    "domain": "driftapi.com",
    "owner": {},
    "source": [
        "DuckDuckGo-US"
    ],
    "prevalence": 0.000156,
    "sites": 22,
    "subdomains": [
        "bootstrap"
    ],
    "cnames": [],
    "fingerprinting": 0,
    "resources": [
        {
            "rule": "driftapi\\.com\\/widget_bootstrap\\/ping\\/v2",
            "cookies": 0,
            "fingerprinting": 0,
            "subdomains": [
                "bootstrap"
            ],
            "apis": {},
            "sites": 22,
            "prevalence": 0.000156,
            "cnames": [],
            "responseHashes": [
                "185ce18a98f599066fb9babf319093976a373c32801d0ca26a1c543d0a541dd3",
                "d8c31e1955b0a8d7f1c5660c717ea83c4ad37b33659be3a11815211096779e51",
                "132cbae515ac1b1ff3137dc74da59d11698f8fc0a22b5c98485463ead1796306",
                "6ccaa487bd0ea6ac49fffa322a7b58643fb78380771b4bbce99ff22b686f366e",
                "28e8ca25e54069677fcb16d85b2e90f0dff18e01b0e529aef56a051d9faaf5c9",
                "050379a8e9d06f0fc3e2acff6567823e12a82d18a6a2ac0f766a8e2304650edc",
                "50e7056e58ebe786e74c4f61328d77f1d548f9a6a5eef58c93b3ebaf8f8ff406",
                "4857b7687528b354c59e1bfa04ff5535a7d234fc40f4ca92e0aa2cf6e24debc7",
                "49093396ab9f0a8a4baec16825746ce23aa509a416649abe446db94868cb7aa2",
                "44cb03b95e5ac768cce52b77198ce525745d63003a97462e4223e73d0b86e225",
                "230e7e0512b1f2230f3a9de72429366ccc0caef444afc1f0c5aed3c51506c88d",
                "362b2736bacdaf23229fe339ce695de80fa102018032ddfd944fd2c0d5aedcc4",
                "4f4b243cb2956756263546e3f7ea63a855a433c17669fceaac1e3c5faec024c2",
                "46ddeda8c019cebc72b48731321dd844dccfafc0e468f7ca3d14caa05881a302"
            ],
            "type": "XHR",
            "firstPartyCookies": {},
            "firstPartyCookiesSent": {},
            "exampleSites": [
                "www.rubrik.com",
                "cranemarket.com",
                "gocardless.com",
                "www.ringcentral.com",
                "snyk.io",
                "www.spglobal.com",
                "scribemedia.com",
                "www.homebuilderdigest.com",
                "www.remind.com",
                "www.sketchup.com",
                "emoneyadvisor.com",
                "wealth.emaplan.com",
                "www.signnow.com",
                "docs.confluent.io",
                "www.allorings.com",
                "signnow.com",
                "softwareconnect.com",
                "www.greensky.com",
                "help.sketchup.com",
                "hpe.com"
            ]
        },
        {
            "rule": "driftapi\\.com\\/widget_bootstrap",
            "cookies": 0,
            "fingerprinting": 0,
            "subdomains": [
                "bootstrap"
            ],
            "apis": {},
            "sites": 22,
            "prevalence": 0.000156,
            "cnames": [],
            "responseHashes": [
                "866fba064848e2f0e0b50e4ad1084220ecb0599a6672f43f65523c08994a87d1",
                "3cc1040d071b9d65609edc965e5d6fded0999fde56b48d6541f5bcec2239fc27",
                "504aa9fd809ca665772d6a0d3a5da7cf78b0ae529c68b5a071e1047ea367dc58",
                "3dbf5559ef957715c515cba8f9788aa56267716ebfd9501145e8b6d178ef1964",
                "6c98f660ba46a7bda4cbdd3deedad74b182246d87618e6d1b2bd1ca467cdc711",
                "19da700ba46ce2bb6aa29d3eb9453a6a7fe9e75af75760dcc880e075b89b30f8",
                "6a85184666a435fb22daaf0e909ca449bd0a536ebd21ec1332e22a7daf38b0c5",
                "b289b960b4ebb10e1d5e45a4be9d844a64e8d1c9d0714ef143f28edddef866e3",
                "541c2aed313e1280bc0e29a2b62670ad122e8e42f2c2d68922a714aa1927b356",
                "61be3d7c83252c354bbbbe9c6e031971c1f24d6a91468a511f6b44d87a86c7f6",
                "3b0d4abdd6bec6106b66dab12cc811c41b6119160f84f4eed67a780b84d22e25",
                "b4dc80f9baddd0010d8e16f53c276eafb0a0e424633f78aee46127ce0489eefe"
            ],
            "type": "XHR",
            "firstPartyCookies": {},
            "firstPartyCookiesSent": {},
            "exampleSites": [
                "www.allorings.com",
                "gocardless.com",
                "www.spglobal.com",
                "help.sketchup.com",
                "wealth.emaplan.com",
                "snyk.io",
                "signnow.com",
                "www.sketchup.com",
                "buy.hpe.com",
                "www.remind.com",
                "hpe.com",
                "docs.confluent.io",
                "www.ringcentral.com",
                "scribemedia.com",
                "www.signnow.com",
                "cranemarket.com",
                "www.firma.de",
                "emoneyadvisor.com",
                "softwareconnect.com",
                "www.homebuilderdigest.com"
            ]
        }
    ],
    "categories": [],
    "performance": {},
    "cookies": 0,
    "topInitiators": [
        {
            "domain": "driftt.com",
            "prevalence": 1
        }
    ],
    "types": {
        "XHR": 44
    },
    "nameservers": [
        "ns-653.awsdns-17.net",
        "ns-28.awsdns-03.com",
        "ns-1366.awsdns-42.org",
        "ns-1970.awsdns-54.co.uk"
    ]
}