{
    "domain": "dy-api.eu",
    "owner": {},
    "source": [
        "DuckDuckGo-US"
    ],
    "prevalence": 0.000141,
    "sites": 20,
    "subdomains": [
        "direct",
        "direct-collect"
    ],
    "cnames": [],
    "fingerprinting": 0,
    "resources": [
        {
            "rule": "dy-api\\.eu\\/v2\\/serve\\/user\\/choose",
            "cookies": 0,
            "fingerprinting": 0,
            "subdomains": [
                "direct"
            ],
            "apis": {},
            "sites": 19,
            "prevalence": 0.000134,
            "cnames": [],
            "responseHashes": [],
            "type": "Preflight",
            "firstPartyCookies": {},
            "firstPartyCookiesSent": {},
            "exampleSites": [
                "cortefiel.com",
                "jysk.at",
                "jysk.ch",
                "jysk.dk",
                "jysk.es",
                "jysk.nl",
                "jysk.no",
                "jysk.se",
                "womensecret.com",
                "www.decathlon.in",
                "www.dm.hu",
                "www.dm.cz",
                "www.dm.hr",
                "www.dm.at",
                "www.dm.de",
                "www.mojadm.sk",
                "www.sklum.com",
                "www.sweatybetty.com",
                "www.thewhitecompany.com"
            ]
        },
        {
            "rule": "dy-api\\.eu\\/v2\\/serve\\/user\\/choose",
            "cookies": 0,
            "fingerprinting": 0,
            "subdomains": [
                "direct"
            ],
            "apis": {},
            "sites": 11,
            "prevalence": 0.0000778,
            "cnames": [],
            "responseHashes": [
                "e0af4d8c9c5a81b6b3b9ddaa7d3232ee0f370873ea7af12387f55280eebac728",
                "22c3721eba1503cdd10553300602807a45e356385e613d47c5ccab7a0a46e771",
                "0c29b7452ac3ff66c7733c3a9aaa7d169443e64adcf31fce0203f65aba16389a",
                "250c56c9190a54c3a4777b096f0a4ef4c02291ae41eee14f07f8288783747cad",
                "f13de700c3a8127a801b7fed2a92427c116b693103804996bc2b2514c57e09f7",
                "319a6d81316df349a7b9fb970b2585ad740e0013057f122ae03f62a0f17fce16",
                "60899fb26902663e713f5f4f227386abca686667bf181d438a99d64392bc420a",
                "69e69c1f8ca032ef6c813f5606a73ff0589846f6f8bab8c1f3a257f1acb446cd",
                "581d42522d7ee908a998841b220530e29414dc2fa0c4c9ea0ca44a1d5c969968",
                "a6de5aaea65a56a771f0465fb387c45dc04dcc6be70f5858adcaa8eb6284a783"
            ],
            "type": "Fetch",
            "firstPartyCookies": {},
            "firstPartyCookiesSent": {},
            "exampleSites": [
                "cortefiel.com",
                "jysk.at",
                "jysk.ch",
                "jysk.dk",
                "jysk.es",
                "jysk.nl",
                "jysk.no",
                "jysk.se",
                "womensecret.com",
                "www.sklum.com",
                "www.sweatybetty.com"
            ]
        },
        {
            "rule": "dy-api\\.eu\\/v2\\/collect\\/user\\/event",
            "cookies": 0,
            "fingerprinting": 0,
            "subdomains": [
                "direct-collect"
            ],
            "apis": {},
            "sites": 3,
            "prevalence": 0.0000212,
            "cnames": [],
            "responseHashes": [],
            "type": "Preflight",
            "firstPartyCookies": {},
            "firstPartyCookiesSent": {},
            "exampleSites": [
                "cortefiel.com",
                "home24.de",
                "womensecret.com"
            ]
        },
        {
            "rule": "dy-api\\.eu\\/v2\\/collect\\/user\\/event",
            "cookies": 0,
            "fingerprinting": 0,
            "subdomains": [
                "direct-collect"
            ],
            "apis": {},
            "sites": 2,
            "prevalence": 0.0000141,
            "cnames": [],
            "responseHashes": [],
            "type": "Fetch",
            "firstPartyCookies": {},
            "firstPartyCookiesSent": {},
            "exampleSites": [
                "cortefiel.com",
                "womensecret.com"
            ]
        },
        {
            "rule": "dy-api\\.eu\\/v2\\/serve\\/user\\/choose",
            "cookies": 0,
            "fingerprinting": 0,
            "subdomains": [
                "direct"
            ],
            "apis": {},
            "sites": 8,
            "prevalence": 0.0000566,
            "cnames": [],
            "responseHashes": [
                "444451016e727b91578a4b728b83b3b8918f6052b7d73e666744940d201a06d5",
                "963f2770c970db533c22993d62c4d1e9646bf8cc1174891ff9c20cfccaf3d7cf",
                "5bbb6d1173d462540f38f81770b271ffc817ea2691d41acd724f69d563b57202",
                "0ba65c37c5e08882a1b411236b4e777691ffbeb1059765b972ae1c6f20c07c7e",
                "07cfe2b0382c0f5a1019af205dda42e2549fe7b88b76663f5ec12624676f2f37",
                "765a5f19bcfce6a84ea87d4a2343488f281d272806197ef1b42f32502bc225c8",
                "adf38243a44ee481ce3b1b353394773c2704177673a88724ce513ac7780909ed"
            ],
            "type": "XHR",
            "firstPartyCookies": {},
            "firstPartyCookiesSent": {},
            "exampleSites": [
                "decathlon.in",
                "www.dm.hu",
                "www.dm.cz",
                "www.dm.hr",
                "www.dm.at",
                "www.dm.de",
                "www.mojadm.sk",
                "www.thewhitecompany.com"
            ]
        }
    ],
    "categories": [],
    "performance": {},
    "cookies": 0,
    "topInitiators": [
        {
            "domain": "first party",
            "prevalence": 0.625
        },
        {
            "domain": "dm.de",
            "prevalence": 0.20833333333333334
        },
        {
            "domain": "adobedtm.com",
            "prevalence": 0.16666666666666666
        }
    ],
    "types": {
        "Preflight": 22,
        "Fetch": 13,
        "XHR": 8
    },
    "nameservers": [
        "ns-204.awsdns-25.com",
        "ns-926.awsdns-51.net",
        "ns-1242.awsdns-27.org",
        "ns-1819.awsdns-35.co.uk"
    ]
}