{
    "domain": "ebis.ne.jp",
    "owner": {},
    "source": [
        "DuckDuckGo-US"
    ],
    "prevalence": 0.000255,
    "sites": 36,
    "subdomains": [
        "taj1",
        "rec"
    ],
    "cnames": [],
    "fingerprinting": 2,
    "resources": [
        {
            "rule": "ebis\\.ne\\.jp\\/uYnsk4N4\\/cmt\\.js",
            "cookies": 0.00000707,
            "fingerprinting": 1,
            "subdomains": [
                "taj1"
            ],
            "apis": {
                "Date.prototype.getTime": 1,
                "Navigator.prototype.userAgent": 1,
                "Document.cookie getter": 1,
                "window.localStorage": 1,
                "Document.cookie setter": 1,
                "NavigatorUAData.prototype.getHighEntropyValues": 1
            },
            "sites": 2,
            "prevalence": 0.0000141,
            "cnames": [],
            "responseHashes": [
                "47858d9fcb38b62aa999e7aa94cf3155d574f1550e52477dec985fdf0e2719fd"
            ],
            "type": "Script",
            "firstPartyCookies": {
                "_ebtd": {
                    "ttl": 63072023,
                    "length": 23,
                    "prevalence": 0.0000070733363512901765,
                    "uniqueness": 1
                }
            },
            "firstPartyCookiesSent": {},
            "exampleSites": [
                "aucfan.com",
                "aucview.aucfan.com"
            ]
        },
        {
            "rule": "ebis\\.ne\\.jp\\/rec\\.php",
            "cookies": 0.0000778,
            "fingerprinting": 0,
            "subdomains": [
                "rec"
            ],
            "apis": {},
            "sites": 11,
            "prevalence": 0.0000778,
            "cnames": [],
            "responseHashes": [
                "aa0f40d37e21198fa7db8420af4cc57d0dff976e700ae4910b257bfa9c90bd12",
                "16546b03151cba9d44b1b65b51393dd4a2a81b049d8c05cbdd7a4267ea1d5b5a",
                "89f1170c5c52dba7c0203b758faeaa5d1eb43f3d42684d3edd5d9f34abfd60c1",
                "4e51b1b6f55019d0ce6603783e041ad1c899449ccdbb51f2fb4a04cf48559195",
                "238e379cd1529c6c057881d035a514e2b2c045f3504a4a2db93e86861a743b59",
                "e2d0ddf24bebe2fca78d912ee068382164e6819ac4710020de00dd11d3e063f6",
                "a0106fa44d5868813ac7f93b0057781fa450a9f2bdb0d2870a603eea2fcfd579",
                "d4b43f19f70b3b15b99d94a00cf3bce1f5953764ee673f5af87b02c8114a9fb3",
                "54852a34abfb8db142d05556125f41d387de2d9c34ed5cf97d47361cf73bcf8a"
            ],
            "type": "Script",
            "firstPartyCookies": {},
            "firstPartyCookiesSent": {},
            "exampleSites": [
                "docomo.ne.jp",
                "jp.finalfantasyxiv.com",
                "mangaplaza.com",
                "network.mobile.rakuten.co.jp",
                "tv.rakuten.co.jp",
                "uridoki.net",
                "www.kracie.co.jp",
                "www.matsui.co.jp",
                "www.netbk.co.jp",
                "www.yayoi-kk.co.jp",
                "www.zurich.co.jp"
            ]
        },
        {
            "rule": "ebis\\.ne\\.jp\\/gjKLoIk2\\/cmt\\.js",
            "cookies": 0.0000141,
            "fingerprinting": 1,
            "subdomains": [
                "taj1"
            ],
            "apis": {
                "Date.prototype.getTime": 2,
                "Navigator.prototype.userAgent": 2,
                "Document.cookie getter": 2,
                "window.localStorage": 2,
                "Document.cookie setter": 2
            },
            "sites": 2,
            "prevalence": 0.0000141,
            "cnames": [],
            "responseHashes": [
                "965d7c26aa2dac3cdda59c1ae28baa8995f98a46d43d0f98c5f4a0fb0812dd6a"
            ],
            "type": "Script",
            "firstPartyCookies": {
                "_ebtd": {
                    "ttl": 63072005,
                    "length": 24,
                    "prevalence": 0.000014146672702580353,
                    "uniqueness": 1
                }
            },
            "firstPartyCookiesSent": {},
            "exampleSites": [
                "baitoru.com",
                "www.hatarako.net"
            ]
        },
        {
            "rule": "ebis\\.ne\\.jp\\/TxbYyHQU\\/cmt\\.js",
            "cookies": 0.0000141,
            "fingerprinting": 1,
            "subdomains": [
                "taj1"
            ],
            "apis": {
                "Date.prototype.getTime": 2,
                "Navigator.prototype.userAgent": 2,
                "Document.cookie getter": 2,
                "window.localStorage": 2,
                "Document.cookie setter": 2,
                "NavigatorUAData.prototype.getHighEntropyValues": 1
            },
            "sites": 2,
            "prevalence": 0.0000141,
            "cnames": [],
            "responseHashes": [
                "ba0dec8dc24d1d6cfc33b6f39477b4cd125c6666ea4fdade79aaf6157ec3eabc"
            ],
            "type": "Script",
            "firstPartyCookies": {
                "_ebtd": {
                    "ttl": 63072007,
                    "length": 24,
                    "prevalence": 0.000014146672702580353,
                    "uniqueness": 1
                }
            },
            "firstPartyCookiesSent": {},
            "exampleSites": [
                "cmoa.jp",
                "www.cmoa.jp"
            ]
        },
        {
            "rule": "ebis\\.ne\\.jp\\/LxLBy3d2\\/cmt\\.js",
            "cookies": 0.0000212,
            "fingerprinting": 1,
            "subdomains": [
                "taj1"
            ],
            "apis": {
                "Date.prototype.getTime": 3,
                "Navigator.prototype.userAgent": 3,
                "Document.cookie getter": 3,
                "window.localStorage": 3,
                "Document.cookie setter": 3,
                "NavigatorUAData.prototype.getHighEntropyValues": 2
            },
            "sites": 4,
            "prevalence": 0.0000283,
            "cnames": [],
            "responseHashes": [
                "87c81b321d902366489fde1a5cdeaf9caeaa7a33709f8f8969f194390bdb4b1a"
            ],
            "type": "Script",
            "firstPartyCookies": {
                "_ebtd": {
                    "ttl": 63072022,
                    "length": 24,
                    "prevalence": 0.00002122000905387053,
                    "uniqueness": 1
                }
            },
            "firstPartyCookiesSent": {},
            "exampleSites": [
                "hankyu-travel.com",
                "www.nta.co.jp",
                "www.princehotels.co.jp",
                "www.tabikobo.com"
            ]
        }
    ],
    "categories": [],
    "performance": {},
    "cookies": 0.000219,
    "topInitiators": [
        {
            "domain": "googletagmanager.com",
            "prevalence": 0.8235294117647058
        },
        {
            "domain": "first party",
            "prevalence": 0.16470588235294117
        },
        {
            "domain": "onetrust.com",
            "prevalence": 0.011764705882352941
        }
    ],
    "types": {
        "Script": 21
    },
    "nameservers": [
        "ns-1967.awsdns-53.co.uk",
        "ns-1447.awsdns-52.org",
        "ns-203.awsdns-25.com",
        "ns-902.awsdns-48.net"
    ]
}