{
    "domain": "elocallink.tv",
    "owner": {},
    "source": [
        "DuckDuckGo-US"
    ],
    "prevalence": 0.000233,
    "sites": 33,
    "subdomains": [
        "www"
    ],
    "cnames": [],
    "fingerprinting": 1,
    "resources": [
        {
            "rule": "elocallink\\.tv\\/mlink\\/mlink2\\/php\\/mlink2\\.php",
            "cookies": 0,
            "fingerprinting": 1,
            "subdomains": [
                "www"
            ],
            "apis": {
                "Navigator.prototype.userAgent": 17
            },
            "sites": 29,
            "prevalence": 0.000205,
            "cnames": [],
            "responseHashes": [
                "b340d9b06273a00f6a13c0ee35815b29fadfb99b43f9e4073e6fe42e246e9a16",
                "915450d52c769b7ddfa7439fc0e82dd29114dacb7b4b4d1e5c0096772706f5cd",
                "758c019bf4ba5d10d5fb5c2d8c8ef258ce961b582cf7e4ee19fbe7c34f688650",
                "7f25e55ac290029e800309f60d1bf76fd119c3183188dadddcd66a9c92700717",
                "bb4dcf89e7acd6566487310e48d048df8ac6f3ec944f20bdec6fd371326c1dac",
                "15e926059707eb52b38c9d5878712a6c6fdb6a09382d0d214230d8fe52dc147f",
                "ec91a131726b6d9797d1b38fae842a78ac840806c496b9a9b38fa3a9b7fd75af",
                "39ea6406e385b4652912ee5b9a9886fe60f0a1c52eff4e8aadb19f1fcb1bb3c4",
                "e380df092816fca83be842d4b331cc776e83b1b8a828288d3c728536cf57220e",
                "e160be815e69d15106c5d49b2a69b88f95d32547e69fef3ae5e6ba03b62ed529",
                "663d3369b9dd9cf7e0df17a5bd8a18f2f557802fd59569defe895ea18ded1642",
                "dddfad80c396d98ba4888e2765ca99fc56a69b635f1decc905af6120473fe21e",
                "bc72d7f9af645bd62447e6dc28233ceac68d7128d407d0b13e9eaca4a06aaa57",
                "47c3dc9122e808dfcca780a70f4fc5ed1cd87568ffb83a5b186a8a57e68ce5ee",
                "40caec10d422b906e6a88be66802d6c58c8ef821be8e8d34196b976b0252dc6a",
                "c8dad545819eacc2178f918964b334cc9044df7c5dfb1cdf9edaae645f98695f",
                "a4d627b71e5510e111cea9871ab64ba17f38d694c76ea2758ffb714c092292be",
                "37a5f010106df30cb259ba47fda1dad9e1b8546c00a81c24c65f9b153e8ca57a",
                "a4adf1c92bae7e8ed42bf1f699d1259a1be065c10b4f60b3d68e467142af2de6",
                "3af811a3e35d7dd6c2238aa299affbb5b553b34a9be43b070050928be433e0b1",
                "786d29733cedd241223c86dedf06690860d57d5e25f580456170e6eaadc1943d",
                "50d289d934510d5b0504827e40e4e4fd28ba35a6a469de06a544ecca61f5f252",
                "80ba0b8bfd4fb864f6776dee8f76a9c7e81749e21e9ade665af5a7b734a79bd7",
                "5bbd5fb3d58d5cf32a85e7544132d302d74781cebe99ed3062ecba6b1e5b2aae",
                "53259757cd06e6fa724824e70683f5b2818e258c01965494dd9a3dbecb489d77",
                "d4894562713590c6261aab86a2d13840bc764c7e4454b52b53204b6aac40db03",
                "f6b55a6507db8f91d793b6acec09dedc8c3138cc6178a541903ff59c4e37b3a1",
                "f285ca6ef274385d5587cf1d247c2eaf8cdeda77bee74a0dc553b8a6e26f7f53"
            ],
            "type": "Script",
            "firstPartyCookies": {},
            "firstPartyCookiesSent": {},
            "exampleSites": [
                "adcogov.org",
                "www.lehighcounty.org",
                "www.co.st-clair.il.us",
                "www.cityofcaldwell.org",
                "www.hidalgocounty.us",
                "apps.weld.gov",
                "www.clermontfl.gov",
                "www.lyco.org",
                "sumnercountytn.gov",
                "waynecountypa.gov",
                "www.kcgov.us",
                "www.douglascountynv.gov",
                "www.lackawannacounty.org",
                "www.kaufmancounty.net",
                "www.weld.gov",
                "www.co.grayson.tx.us",
                "www.orovalleyaz.gov",
                "www.rockislandcountyil.gov",
                "www.shastacounty.gov",
                "eriecountypa.gov"
            ]
        },
        {
            "rule": "elocallink\\.tv\\/mlink\\/mlink\\.php",
            "cookies": 0,
            "fingerprinting": 0,
            "subdomains": [],
            "apis": {},
            "sites": 2,
            "prevalence": 0.0000141,
            "cnames": [],
            "responseHashes": [],
            "type": "Script",
            "firstPartyCookies": {},
            "firstPartyCookiesSent": {},
            "exampleSites": [
                "graysharbor.us",
                "www.solanocounty.com"
            ]
        },
        {
            "rule": "elocallink\\.tv\\/e\\/",
            "cookies": 0,
            "fingerprinting": 0,
            "subdomains": [],
            "apis": {},
            "sites": 2,
            "prevalence": 0.0000141,
            "cnames": [],
            "responseHashes": [],
            "type": "Document",
            "firstPartyCookies": {},
            "firstPartyCookiesSent": {},
            "exampleSites": [
                "hgtc.edu",
                "www.hgtc.edu"
            ]
        }
    ],
    "categories": [],
    "performance": {},
    "cookies": 0,
    "topInitiators": [
        {
            "domain": "first party",
            "prevalence": 0.96
        },
        {
            "domain": "ajax.googleapis.com",
            "prevalence": 0.04
        }
    ],
    "types": {
        "Script": 31,
        "Document": 2
    },
    "nameservers": [
        "dns2.cscdns.net",
        "dns1.cscdns.net"
    ]
}