{
    "domain": "enrtx.com",
    "owner": {},
    "source": [
        "DuckDuckGo-US"
    ],
    "prevalence": 0.000672,
    "sites": 95,
    "subdomains": [],
    "cnames": [],
    "fingerprinting": 0,
    "resources": [
        {
            "rule": "enrtx\\.com\\/get\\/",
            "cookies": 0,
            "fingerprinting": 0,
            "subdomains": [],
            "apis": {},
            "sites": 64,
            "prevalence": 0.000453,
            "cnames": [],
            "responseHashes": [
                "804d3ede989f462dec9b0901e0c2c955863c57ddecc34c93d63f3fd253cbee46",
                "2e2dff6a14e1a55233e76854d2f59ef54bedc4e6746fd1bb07c8cf442040a484",
                "94c941e59a2e74fe049fd058303b0c51d4f7effef68b76cdf85197932a82e1b3",
                "38ff128004d7c11ec773534d380df523a8033819d7caf5aad48e38b4b61258d9",
                "249319806e2ef2bdb77d6692eb21ee7090b4e24caab689ad7624697089545d4b",
                "99761938ba46e36a68fde2f8e622b375e7d11fb7357abe5dd56c49c8bd2ceceb",
                "87040545364b1f6027827bbe1b17b7fbbea126ab4204cec42795fd2035cbea2b",
                "8e565c37d0a3a2e91b5e9d3f90264e1d8c2e093ec466366fee6b4c4a387ce2c5",
                "7aa17fb5d418ad6b01fde709e293ae6b0b072fa718e1a449e196d10666bcde5a",
                "36b0f520340e74856a233df2c6b7f5d425c31e55f1c29a867fd0b4f99b30497c",
                "1bceb0891d56714b2b7a1b7ab0f1523cc99f6e6cd4b4dcc0ca5da5d59f48988b",
                "f6ab89bdde0ef871909160067b8b3f6d5a0dd365d0d0e12de4cb972026bae7e9",
                "ae2456791a9fa3f2a2180576d6a17b5d05e93bb55281a949983627ea896f5efe",
                "4dbe295b1a813b9ab208f4e04e8a2d8c489621a5cab9dfb31f92212b24e677bf",
                "beec5e8cc57cca28df3769320b6b6f0e754dcd3ef957b0e619acda48943aca1c",
                "8f26a257d684e52b47dd90fc7172de299241c387424a1f1a18bc837e8e44420a",
                "8b5b85b93c569fc0166257785ffa701d0f33c8d7d5b2a9e07f9b62d97de40974",
                "4209496598c478df7ac239c478fbdce89b06efdac52c01df45a9020b9bb03afb",
                "6ad0f004039f74e38e0248b1700a172acf9b540c41b52657fff2ebe0e2a7e126",
                "0991467d5ef16357edf2a8594d0cb8c4c8c313eff766042d808da376d749253a",
                "654334de99d4f9840c1e6f7c202897d70be87f250a4d12a54dfd9fe273086b2f",
                "7a152c092e9166edb1fdc631a739ee897afae0ffeed28621fa6f5366eb608f8d",
                "611b234c67d795f7eed2f7f3bd51eb8aadc212c7706062cb3c871c5349a183d4",
                "25438f9812cb3c469191d426fcf2e0804655f11c51f7e6c9e15c00f8d665924b",
                "3616ee3281c0884faf137eda60b9e8341c2e64b7b44ddf6cf5aec74723d7654f",
                "1fdf09d92a215cf64579a012db0482672b1c36b3f854bdd8e2c9bc37a8590335",
                "0bfec094c2eeeabd1c9e1d30da1ffbe547ba3f74ec634ef4d0a506547844aadf",
                "fb3074cd55551720f27ec6cc41b9d7f8fcad9103f595f496980b543323778eb0",
                "a276aec86faa9e3adad342241432656834ab22b36ee74a7f269d921151309198",
                "ac237603bfc47f3e4278c27930d4cec452f13e303d5df0563dc9dea186ddfe57",
                "425670fdfb57f226c907147dec2646999f967c194251f84c57914e7d7aa1f79f",
                "e0d829f83efa61f542a0c82e14f60445e8bd1fd3ed1f996fe9178fb8590ac18a",
                "17de34ea3d8f280caaecf68158324a89112fbc78626a92a2f4a7089a28868f5f",
                "b931eb3cd5a49b49d3edd6e920beac62bc6177128d84b8e198bbfe747fc7525b",
                "3ff897bc29ca16f67c85b2cf18c07e0bd48a72c4135df13eb7d8feba669354dd",
                "b20c558e3c39947743a8eeda7d1b428b6897a79ddc5f2746bf14cec45ff5aa14",
                "c36ae7b70592c2625ac21b588d1b551743794a4216a80e907350c7c809d17b31",
                "da0af60b8766b6e43f1908ae5795c4bf54ba66030c548ab6d4475f5c2dc82fc3",
                "cc9c1664e730deeaecac1920e67d9ce07d4d5fd26f1cc331d7558284534b0c7f",
                "8be68754cb91d51a15f50f24c8b5287efb44002754eaef579151a0a10b3965bf",
                "94331b6ca3314d361f8d895998bd52ab5f5cda7b3a6e74c3f990842376fad7cf",
                "b3bb5683b5fe76c7fc8e829e46f901c4e10bd7f0aaef3370bcdc87519c476797",
                "7a1b64676359280cae2cf0eb2da2daa8b486a10255186e4014ff102db2146768",
                "0b66861f5b00c360f06087f6bf3a49063287ec01dce1b825ebfde5512566341d",
                "2ecf18954271aa8c6e0100a6cf58aa227ed1c4fe4e33fddf60aa47f98d1ff8db",
                "258b7afae4492c8912282e3e76cbae1bffad94f9e4be3a10d43065130a83c7cb",
                "39282be34beda18edc3d186aaf53330d6052b672bf359c03f3cebab753735a9d",
                "f4f4e7542c83aa0c1b9acee72792ea85afc7b797c90ca06f910879bed8812a9f",
                "a2fef857eb347dc4c629d68e6626071f215f4599a054a51b2cc3a5ca1b9cda98",
                "ed938d9c527763ea2555f6eec5baf091cdefca0d02c9c2ddab3071b28768e4eb",
                "be5e897b6a55f238d3998ef9479be37723e6cc82f2dd47c6059fe6b22cd278a2",
                "56606bd1fd76e532406c500f5b159c282e308ec5e71b9e5c832559a707e15fd8",
                "ca6805baeeb96f6de469cd50d4edf389356a6e33e809dd9c59038820548d94c9",
                "8135979275fb064101b42cc585eccdf2d9229e3ba21391972be07ea550ccd747",
                "9dc2cb485bed19e7ae4551f96dcaebf95a08e61a7c7f05964787dcd652a13d7b",
                "c6a69d81986092881bf45661fe87c408eb976cbfee1c3d0276cb43c83177f073",
                "5a70440eaa9295d95e4a31a3531908792451ea8d0d87e1f75e5c7a2fa6b2a116",
                "e1d04c60353367d629cae3212cde164218c9f07685d3d7db9f64ec6fcfa9e601",
                "26f87f49e8fecf9b92d8a40790de050d753296e8e1af4cafe56b3f06b514455c"
            ],
            "type": "Fetch",
            "firstPartyCookies": {},
            "firstPartyCookiesSent": {},
            "exampleSites": [
                "www.seksvideo.tv",
                "bokepindo.fun",
                "www.thothub.ch",
                "www.thethothub.com",
                "www.thothub.to",
                "x-x-x.video",
                "thothub.lol",
                "fre.3hentai.net",
                "footstockings.com",
                "www.thothub.lol",
                "trahkino.cc",
                "www.gig.sex",
                "celebdeepfakes.net",
                "bdsmup.net",
                "lovely-femdom.com",
                "fans-here.com",
                "thothub.to",
                "fullfamilyincest.com",
                "www.pornhits.com",
                "masalafun.com"
            ]
        }
    ],
    "categories": [],
    "performance": {},
    "cookies": 0,
    "topInitiators": [
        {
            "domain": "9a4f937e0f.com",
            "prevalence": 0.4895833333333333
        },
        {
            "domain": "capndr.com",
            "prevalence": 0.40625
        },
        {
            "domain": "first party",
            "prevalence": 0.09375
        },
        {
            "domain": "cdd53ec0c3.com",
            "prevalence": 0.010416666666666666
        }
    ],
    "types": {
        "Fetch": 64
    },
    "nameservers": [
        "ns3.digitalocean.com",
        "ns1.digitalocean.com",
        "ns2.digitalocean.com"
    ]
}