{
    "domain": "esm1.net",
    "owner": {
        "name": "Dealer Dot Com Inc",
        "displayName": "Dealer Dot Com"
    },
    "source": [
        "DuckDuckGo-US"
    ],
    "prevalence": 0.000163,
    "sites": 23,
    "subdomains": [
        "pixall",
        "cs"
    ],
    "cnames": [],
    "fingerprinting": 1,
    "resources": [
        {
            "rule": "esm1\\.net\\/cookie-first\\.js",
            "cookies": 0.000106,
            "fingerprinting": 1,
            "subdomains": [
                "pixall"
            ],
            "apis": {
                "Document.cookie setter": 13
            },
            "sites": 15,
            "prevalence": 0.000106,
            "cnames": [],
            "responseHashes": [
                "78b04f39b0958dae0b2a80b91ac3068b8f96d3bf41dba34c40feb658674dac02",
                "bf4515e83683c23b9d41c02771802329656158315cdb1fb7e2ba057f5c8f4b25",
                "ebc6627754abe9f5edee8b60ded894824d98d0cd683a109ed0e98d505baff908",
                "36ca143f759f043c3ab10ab929cc1a51841de1e4e7cc7bf9c5ad958179d9e11e",
                "6656d9d1cd708a51c3cec7be0211d4f99ddd30e55fc69828b9206580e589181f",
                "e86943b176ff5babbe4b268f9729d2c01115728d1df9e30b9cf5d8f7e699540b",
                "5f71eefab855418aa9869c288b49e759e7844597f8a1dd6836549010a31c5321",
                "533a6427a2394500754a4a9867ca82880c408a6fc72a7b1edbc9627075dbc255",
                "93a0e639ea27a702f3e237d4387f73bdaed8cd3abad48d5f9da295dc06327881",
                "f81e22e59386b1f7ed09b2d2cff2cef42f336239c62a1a2c3f5b4ea11291f1ff",
                "9fd32de1dcf30456e0721bd80e3828ed09090864ac4924f656be915bf8f02a8a",
                "fbe79d46420668ca453e0842946b2efcf9d69a7241ea827fcb931dfb708b07b3",
                "d9ed1e5e737b72b8613b6f903fdf1598fc4d18dea2dd76e864ef3b4c058780e4",
                "10adb11fbdebfbf61e0dd937c7b1e9869516328c44d924268b75020d68302da1"
            ],
            "type": "Script",
            "firstPartyCookies": {
                "abc": {
                    "ttl": 31536000,
                    "length": 24,
                    "prevalence": 0.00009195337256677229,
                    "uniqueness": 1
                },
                "pxa_ipv4": {
                    "ttl": 31536000,
                    "length": 12,
                    "prevalence": 0.00009195337256677229,
                    "uniqueness": 0.07692307692307693
                }
            },
            "firstPartyCookiesSent": {
                "abc": 0.00009902670891806247,
                "pxa_id": 0.0000070733363512901765
            },
            "exampleSites": [
                "autotrader.com",
                "kbb.com",
                "www.autotrader.com",
                "www.aviscarsales.com",
                "www.corvetteworlddallas.com",
                "www.fredbeans.com",
                "www.fredandersontoyota.com",
                "www.hendrickcars.com",
                "www.hertzcarsales.com",
                "www.kbb.com",
                "www.lithia.com",
                "www.mountainstatestoyota.com",
                "www.planetsubaru.com",
                "www.simmons-rockwell.com",
                "www.toyotaofgreenville.com"
            ]
        },
        {
            "rule": "esm1\\.net\\/v2\\/attribution\\/iframe",
            "cookies": 0.000134,
            "fingerprinting": 0,
            "subdomains": [
                "pixall"
            ],
            "apis": {},
            "sites": 19,
            "prevalence": 0.000134,
            "cnames": [],
            "responseHashes": [
                "2aeeefd9b771b4e29fe6157269d9aa4a3e3ae21968e487f06340ffb18bac49bd",
                "933b5312b42130f808d4c506f8d7e16ddc2f0277a72a6ad730815e2ba1512139",
                "a9fb684d5e52d1dc2826995e84e2545bf6b370e312dd718c07196b91ae7b59ac",
                "86d9d023e2db04cf281309586bbda7b87bf4f8b0f8bd32c590e6b970ab5ad0c3",
                "7326acaa45469fdd78d7ed6977bf5412125c88d70bcc4cdedad1004711d4dd16",
                "4d5c2cd62c204a9bcc4a2eafe75c9ab22b5763f914e01fa0a41f7e1d86a74b98"
            ],
            "type": "Document",
            "firstPartyCookies": {},
            "firstPartyCookiesSent": {
                "abc": 0.00009195337256677229,
                "pxa_id": 0.000014146672702580353
            },
            "exampleSites": [
                "autotrader.com",
                "classics.autotrader.com",
                "kbb.com",
                "kia.com",
                "motorcycles.autotrader.com",
                "www.autotrader.com",
                "www.aviscarsales.com",
                "www.corvetteworlddallas.com",
                "www.fredbeans.com",
                "www.fredandersontoyota.com",
                "www.hendrickcars.com",
                "www.hertzcarsales.com",
                "www.kbb.com",
                "www.kia.com",
                "www.lithia.com",
                "www.mountainstatestoyota.com",
                "www.planetsubaru.com",
                "www.simmons-rockwell.com",
                "www.toyotaofgreenville.com"
            ]
        },
        {
            "rule": "esm1\\.net\\/v2\\/event",
            "cookies": 0.0000283,
            "fingerprinting": 0,
            "subdomains": [
                "pixall"
            ],
            "apis": {},
            "sites": 4,
            "prevalence": 0.0000283,
            "cnames": [],
            "responseHashes": [
                "e3b0c44298fc1c149afbf4c8996fb92427ae41e4649b934ca495991b7852b855"
            ],
            "type": "XHR",
            "firstPartyCookies": {},
            "firstPartyCookiesSent": {},
            "exampleSites": [
                "autotrader.com",
                "kia.com",
                "motorcycles.autotrader.com",
                "www.kia.com"
            ]
        },
        {
            "rule": "esm1\\.net\\/v2\\/liveramp\\/callback",
            "cookies": 0.0000495,
            "fingerprinting": 0,
            "subdomains": [
                "pixall"
            ],
            "apis": {},
            "sites": 7,
            "prevalence": 0.0000495,
            "cnames": [],
            "responseHashes": [
                "e3b0c44298fc1c149afbf4c8996fb92427ae41e4649b934ca495991b7852b855"
            ],
            "type": "Image",
            "firstPartyCookies": {},
            "firstPartyCookiesSent": {},
            "exampleSites": [
                "autotrader.com",
                "www.aviscarsales.com",
                "www.corvetteworlddallas.com",
                "www.hertzcarsales.com",
                "www.lithia.com",
                "www.planetsubaru.com",
                "www.simmons-rockwell.com"
            ]
        },
        {
            "rule": "esm1\\.net\\/v2\\/iframe",
            "cookies": 0,
            "fingerprinting": 0,
            "subdomains": [
                "cs"
            ],
            "apis": {},
            "sites": 12,
            "prevalence": 0.0000849,
            "cnames": [],
            "responseHashes": [
                "2eb70049d05cfe2fc00c3d58ba0dcd20a4f564596f15ca4bfdae3d42d8b92b21",
                "43c0d55dce5f58361b6964db47dacc1d13851048e6b0949ef8f7e9c579d63898",
                "54c6c113aa596e78b9052877cb7a77be416fddc3d5bb1e4e4e2abfc60ae7476c",
                "78e7cff0669530555e34eda2e62b55be908d6f2e3f98e910d423887b9ce49e84"
            ],
            "type": "Document",
            "firstPartyCookies": {},
            "firstPartyCookiesSent": {
                "abc": 0.00007780669986419194,
                "pxa_id": 0.0000070733363512901765
            },