{
    "domain": "ezoicanalytics.com",
    "owner": {},
    "source": [
        "DuckDuckGo-US"
    ],
    "prevalence": 0.0000566,
    "sites": 8,
    "subdomains": [],
    "cnames": [],
    "fingerprinting": 1,
    "resources": [
        {
            "rule": "ezoicanalytics\\.com\\/analytics\\.js",
            "cookies": 0.0000354,
            "fingerprinting": 1,
            "subdomains": [],
            "apis": {
                "Document.cookie setter": 5,
                "Navigator.prototype.userAgent": 2,
                "Document.cookie getter": 2,
                "Date.prototype.getTime": 1
            },
            "sites": 6,
            "prevalence": 0.0000424,
            "cnames": [],
            "responseHashes": [
                "715c066881218f2f7985bdf64b4dd38bb2cf0af4e128121ef2b5726f90e844c9"
            ],
            "type": "Script",
            "firstPartyCookies": {
                "ezoab_118560": {
                    "ttl": 7201,
                    "length": 4,
                    "prevalence": 0.0000070733363512901765,
                    "uniqueness": 1
                },
                "lp_118560": {
                    "ttl": 1801,
                    "length": 28,
                    "prevalence": 0.0000070733363512901765,
                    "uniqueness": 1
                },
                "ezovuuidtime_118560": {
                    "ttl": 172801,
                    "length": 10,
                    "prevalence": 0.0000070733363512901765,
                    "uniqueness": 1
                },
                "ezovuuid_118560": {
                    "ttl": 1801,
                    "length": 36,
                    "prevalence": 0.0000070733363512901765,
                    "uniqueness": 1
                },
                "active_template::118560": {
                    "ttl": 172801,
                    "length": 19,
                    "prevalence": 0.0000070733363512901765,
                    "uniqueness": 1
                },
                "ezopvc_118560": {
                    "ttl": 1801,
                    "length": 1,
                    "prevalence": 0.0000070733363512901765,
                    "uniqueness": 1
                },
                "ezoab_94438": {
                    "ttl": 7202,
                    "length": 7,
                    "prevalence": 0.0000070733363512901765,
                    "uniqueness": 1
                },
                "lp_94438": {
                    "ttl": 1802,
                    "length": 25,
                    "prevalence": 0.0000070733363512901765,
                    "uniqueness": 1
                },
                "ezovuuidtime_94438": {
                    "ttl": 172802,
                    "length": 10,
                    "prevalence": 0.0000070733363512901765,
                    "uniqueness": 1
                },
                "ezovuuid_94438": {
                    "ttl": 1802,
                    "length": 36,
                    "prevalence": 0.0000070733363512901765,
                    "uniqueness": 1
                },
                "active_template::94438": {
                    "ttl": 172802,
                    "length": 19,
                    "prevalence": 0.0000070733363512901765,
                    "uniqueness": 1
                },
                "ezopvc_94438": {
                    "ttl": 1802,
                    "length": 1,
                    "prevalence": 0.0000070733363512901765,
                    "uniqueness": 1
                },
                "ezoab_671520": {
                    "ttl": 7202,
                    "length": 6,
                    "prevalence": 0.0000070733363512901765,
                    "uniqueness": 1
                },
                "lp_671520": {
                    "ttl": 1802,
                    "length": 60,
                    "prevalence": 0.0000070733363512901765,
                    "uniqueness": 1
                },
                "ezovuuidtime_671520": {
                    "ttl": 172802,
                    "length": 10,
                    "prevalence": 0.0000070733363512901765,
                    "uniqueness": 1
                },
                "ezovuuid_671520": {
                    "ttl": 1802,
                    "length": 36,
                    "prevalence": 0.0000070733363512901765,
                    "uniqueness": 1
                },
                "active_template::671520": {
                    "ttl": 172802,
                    "length": 19,
                    "prevalence": 0.0000070733363512901765,
                    "uniqueness": 1
                },
                "ezopvc_671520": {
                    "ttl": 1802,
                    "length": 1,
                    "prevalence": 0.0000070733363512901765,
                    "uniqueness": 1
                },
                "ezoab_340052": {
                    "ttl": 7203,
                    "length": 7,
                    "prevalence": 0.0000070733363512901765,
                    "uniqueness": 1
                },
                "lp_340052": {
                    "ttl": 1803,
                    "length": 32,
                    "prevalence": 0.0000070733363512901765,
                    "uniqueness": 1
                },
                "ezovuuidtime_340052": {
                    "ttl": 172803,
                    "length": 10,
                    "prevalence": 0.0000070733363512901765,
                    "uniqueness": 1
                },
                "ezovuuid_340052": {
                    "ttl": 1803,
                    "length": 36,
                    "prevalence": 0.0000070733363512901765,
                    "uniqueness": 1
                },
                "active_template::340052": {
                    "ttl": 172803,
                    "length": 19,
                    "prevalence": 0.0000070733363512901765,
                    "uniqueness": 1
                },
                "ezopvc_340052": {
                    "ttl": 1803,
                    "length": 1,
                    "prevalence": 0.0000070733363512901765,
                    "uniqueness": 1
                },
                "ezoab_696738": {
                    "ttl": 7221,
                    "length": 7,
                    "prevalence": 0.0000070733363512901765,
                    "uniqueness": 1
                },
                "lp_696738": {
                    "ttl": 1821,
                    "length": 119,
                    "prevalence": 0.0000070733363512901765,
                    "uniqueness": 1
                },
                "ezovuuidtime_696738": {
                    "ttl": 172821,
                    "length": 10,
                    "prevalence": 0.0000070733363512901765,
                    "uniqueness": 1
                },
                "ezovuuid_696738": {
                    "ttl": 1821,
                    "length": 36,
                    "prevalence": 0.0000070733363512901765,
                    "uniqueness": 1
                },
                "active_template::696738": {
                    "ttl": 172821,
                    "length": 19,
                    "prevalence": 0.0000070733363512901765,
                    "uniqueness": 1
                },
                "ezopvc_696738": {
                    "ttl": 1821,
                    "length": 1,
                    "prevalence": 0.0000070733363512901765,
                    "uniqueness": 1
                }
            },
            "firstPartyCookiesSent": {},
            "exampleSites": [
                "dotnettutorials.net",
                "michaelsaves.com",
                "www.epsontour.com",
                "www.lpga.com",
                "www.newportdispatch.com",
                "www.troisfoisparjour.com"
            ]
        }
    ],
    "categories": [],
    "performance": {},
    "cookies": 0.0000495,
    "topInitiators": [
        {
            "domain": "first party",