{
    "domain": "featureassets.org",
    "owner": {},
    "source": [
        "DuckDuckGo-US"
    ],
    "prevalence": 0.001,
    "sites": 142,
    "subdomains": [],
    "cnames": [],
    "fingerprinting": 0,
    "resources": [
        {
            "rule": "featureassets\\.org\\/v1\\/initialize",
            "cookies": 0.000743,
            "fingerprinting": 0,
            "subdomains": [],
            "apis": {},
            "sites": 108,
            "prevalence": 0.000764,
            "cnames": [],
            "responseHashes": [
                "30975f0c5b94338664dc4f50b1a0f6c73cf3f4cef391139da3d1cd544e12add8",
                "b0abe2a0a273938d8b8533df57667289a24f4892997c443977565ef37555249b",
                "b59e496affee44c89ef76b2fd4b699b8df6218a6121308dd717be874a763c906",
                "5590b56e6be50a321fc98166a91077397ccb1a5b6f0bac5c65c2c7316a6748d3",
                "b85e3be54940621bde4210853cb15432bd67d0e18948d0eb380cd72eae365c82",
                "97f2a0521e83393be05157fb24a8efc1ae257576a45886f0553723c9071b2234",
                "8ec6cf1e2bc4588e2cadd4946b9d7e4ba1e8da40a90e070ac7852abe82d8bf7f",
                "7c12be4a5e7cbef382ec1ee73c91f0e7dac61b661da116065d25b10c6e721452",
                "4ca649236f0439acf4cd87875611c5441f73340ca6ab1e259edf07bfa281394e",
                "91008fd8198b4065a5c999861666aab61f46049349980c9f7623aabf97f15845",
                "1c0a858aaee8f70ed1c67d5a0c179c2693d08b2259b0f8650b1685296414bcd9",
                "0440640e6c4bc7c511739428dc7bf55d6956d786ecb662a719a775c2a5d5be03",
                "618ec2d0de343132b5ff293f0c18c6b0499a7d36b5b98ce0f0d4cdcf65bf9aa6",
                "083af3585928fe0bcc11429b09a94db877d611dbbdd726495a49dcc4acb4b521",
                "debb9bc83a3d658422bf78afac0d8079e2c150438d2cb2c60972e895d8fd8439",
                "0217b5de7fa409fe33518183d17b2ec362f341cb89185594ed76af5af847ee81",
                "dbbea57ff5f51472df935123e064f313b2a037a2f6d9b9870eccf9806e328ec2",
                "6621570606d16c13251baa721128a36852bcbc0c154cbe8ee59bebe74a15d812",
                "f6637e740e28ea411d55c316e684f6fd71e227c1e43690dea4ce77b3bddd5085",
                "a3b1b3c24cb14fe36c1052cc26fd47102e6f8ba6a7a055f52b11e9a0e44c1bde",
                "313a3707f6cff08328ee679291c8e5d652a5704a0df4465b01a2326ea4e7dcf4",
                "2c6465995b817899ffca91c45d88339f9327efcc047787feaacc8331a73e982d",
                "5a3151818714d96d63433c0f8e9aa627fe38f0d004194b8b602de10a759d972d",
                "ee0d2e4b28b98009d9f97ee293e40ee656920cd9bdf8e70246cd3202f7751179",
                "6a0935209fff4f6d830e085cd200fff407813ec00131fcf38586b6d34cc48713",
                "9f9918ee8d10b77de019063226bdca332b492146523254681af767cba9698af6",
                "7eae28529d176928b93244ee5102d3e04feae320c26697401fda7daf356b9176",
                "da831f1fae97279e23c0747fddfe1410a0a875b99c5392adb13809cea4924c4e",
                "c486d1f8da2fbc2f8954304e99edd07188c328b1932d688123b890e91cfe2561",
                "5e23824f5ca131f4dce878083a84a97ddcc30de76fb4888616912ad2edebb427",
                "9adb43067808dbf298cb2a7280a9b1b138b204f000e25f5282e9e0e55586ebb1",
                "f07ba9ffb069e5b6a326d785210a0c4134695a581ef80a450bb3c05f133e30d1",
                "b2042e0575d134294d54ba98007515e7a024f95bb0a56890e7c705c280584057",
                "0c323517e8c4d7698d0ad14c600a86048095d2ab20fb241ad5a5f1a10b6f24d9",
                "beee600ff8690c99a8edc2fd7763f707a4f0cfbdb6aa62de761bb45b0411bdba",
                "9ac9178ae86df0962c4cbf9db61d8240897ab54166b0f19bbca354042df5bc6b",
                "a3b6e764524e5cc41614165a4d037c3758fd48ad1a19f93adefbc5f0eab6a430",
                "a225be6200dbcb40f1ef4a97c69b0f20642b55c508f9d56943b40e8972b477ab",
                "d5f3f318aea894002c14c4b09be760977fbd348ff25f7ddc26c634bafd7e3382",
                "e5a092e2ee95ef3d5d414ad0ceb64644cf63b572c5b00c91ae945256a1176b80",
                "ce357b8f8f40ab04df4a854f658bf6ec47b92422b9b787996b91b0d1a334563e",
                "50c1cad0c10c8c9986a937877fb6e5c4db03490640b2a82fd0168b5b59348df2",
                "e8387833bbfc85b2608334fcaf003b5360ff09122893d9500a26a2039861f2d6",
                "336ef78d1d06a41ab901acbaebe64e773f0c299018bc980f439105c732505a89",
                "c09129c1ed1a77265a3b3f2e458983681ba6d53a10183e8506b8ef58db4b95fe",
                "bee70b0d6cbf0ca5edefe0f4cf4c30debe7b581eea53a127da6080561a14feef",
                "a87b7b74998dd4c0f0556f490c934a18f5dcc9dd658b5832961030ef190d7d4f",
                "b889f487ae877a0a4123204b9db2cc43b248137577f7aafa2c5af2290c080220",
                "5727c0bb86f45b93c22b1e120718d69934a343037c77da8206c31e52dca0896a",
                "d8669952fa26e687bcf17c9126b40b3a4e2fe1ca8c2e277178728058efb7d471",
                "013fced4846d7d57fa492a0abc188d1752872b09b098ae9e4878a005e57736d2",
                "21737bceda10896f150a5bbfd6d226efd0613aba98df251793cb435ec01a291a",
                "cd2398cb872e339b42df6c230331ed380f766b216d64b35588c8edef6bcda4ed",
                "5f7d0f5692ffa60bab30c1e728356e4213eba843f54eb790e1755bee8db195c0",
                "a18775b23bd2b9f5673960c9677f01b62b520d4dc031081f015788fcff265882",
                "1db827dfbd36c0db4d146aa493e3b0ea3df555a3d3b9b292295b374d56c849d6",
                "673eb89f1be62d8582371e689fab8bf6d21398eaa895cebfdf504e25daa4955f",
                "3ce4c40ae265eaea310d19cc5ddd30d5636c2a8cb11482fa21c93c800d67366e",
                "6166140cdfb64e8a91d4b75da87cc008fc4a5dbe9f91245a99b19410ff908d81",
                "7c1d90b812339fb3e77b75871434cdb4f81f1e1043b13a060c4edab4f63a065b",
                "bc424d1b823afb65f3529e088648461c2dac829314717f5572c15fd40881cf56",
                "caad1076e2aece4db88a9d0fb1e42d52f15d3e8e45f52b2630def83c78b5aba7",
                "379f841f19e18f0e514571028db7205bd109b92d70ae15482203f1ebd8e942cb",
                "59f5e5d6319c8dfb987af8a14c3c58c50e5a86cbf13ee6f267227005ffa4d7b3",
                "632dade3088000c4333a4b6ab3a53e4268b603c837717d30989794e3b391cd2c",
                "cba1d11130495cc974e38ca5ef3350052af4b00af81246f8181197b560d2a5f4",
                "acf672fbb321ae2d773cb639881da8d92a83fc0cedc9d7c01a8282ecef8ab461",
                "1260ca5e5789ea8510faff7b1c8c295916d4fa1985e0ed993d31837a4396e8ea",
                "e60c1dc3c463f9f9033df53746e2db1d9afd6697e2360c5e1d6d341a3200b984",
                "3951d8ebd2385ce07642bed17ed93c47179030aec2f372f170c00a6aa450680a",
                "c0b571d01b92b4188c6ee56d479dca28437536d2cd8bffe60603eb6094a18ff0",
                "f930e9641129c15e7811ec514965f35c19717c34e8704c84f3367718eff3e7fd",
                "2d31c7fdb5a315619378ca85177735cf9bdaa9e2a7ed365d7519f671a8826368",
                "d602033b42461e5b7b53cd4945d3b96ba48169a78ca84cb39d8295abf2534239",
                "672d6d941766302a3ea692e0acc2d1610fab87899e74fdea14d8f7c810b0cd19",
                "d2d47d05abaa077ddff384d83b3e0f1827c197a15a68c1d4e578898670fef388",
                "90b61d127e39ae32f4d7bd1e64425684ac96b1d080c255b83b52fd58f05c56ea",
                "9b0c719eca4dd482cd4a3e97ce6619ee27f8925b3fa443908f2f074d1a58b460",
                "0a6f6e1d76e8bdf55a09a4d99e848469c94f39f9786f3eb09c60ea7f3aeea29a",
                "274c08d1948ab6d1fc3d4d998048837bc3bff1b29d6a93c47bee1907a1743d48",
                "023279268a343cd7f08d99e14d694d48d1d95d2708d86026148610f33871d844",
                "49122a222500e39b1d4e07b0a99094e34ae2601392a071bebbd68618064fc878",
                "bbf75f79cca3c9e85b6cdefcad22938231734eae3272a3934bd96d94e168b807",
                "2f1cef591425abfec6da33661d4baf58303de1e087e50454febfce57b5bb3941",
                "0c006f9d5085a179cc39a04df7d28bea773b7488185db03b3f0c8829cbc8bac9",
                "82e3441c7d3abceb201bd36ee1cba4b4af46513c910aff590f4f3e630b53025c",
                "ef826d0c0e02ea67b118cd46eb67adb176a9aceb10742cd70b590824ae30f62f",
                "e2a6867686f6fff721b34b377e552147040a08bedc3effac097e733b983172e7",
