{
    "domain": "forscprts.com",
    "owner": {},
    "source": [
        "DuckDuckGo-US"
    ],
    "prevalence": 0.000141,
    "sites": 20,
    "subdomains": [
        "go"
    ],
    "cnames": [],
    "fingerprinting": 0,
    "resources": [
        {
            "rule": "forscprts\\.com\\/easy",
            "cookies": 0.000092,
            "fingerprinting": 0,
            "subdomains": [
                "go"
            ],
            "apis": {},
            "sites": 13,
            "prevalence": 0.000092,
            "cnames": [],
            "responseHashes": [
                "16898d68ed5d851a22f638beed43a45d17a6690d4a17f9d60743a9127b0847e5",
                "d8835d5652dd9440fefa8a6383e1516fdf6c403c877aa1b7b447eb40a9753e03",
                "baadda784e53205fd1f9f5378fe7ae0a37e5baa6162c02251002d50ca5694e77",
                "82b2ef57a477e3e57856a8e2113c8a485dd196fce7cb6a1f199dd67814210394",
                "735cafeb07e410c1f7ec2d734d892cf988e98c28afc3d9bf3ebdefb209c32061",
                "e637f5d81486bd5810c6109e1aad0fe83e6479935b1c4077a873d992c72d714f",
                "7eb771d798111b711ef6b27e55b344a0614bf9e51e8bfc840ef8fd1320059cd4",
                "1037166942b8d8d3ee7aee2966b2b46ba8a85e88a0825b1ecac7bead936f16fb",
                "1227255a9e9766961c1322259ac65b14428256f1d42a60f8d7003bbc096943cb",
                "544284bd59a9fc4f665a1eaf8c6468f0ffc7796a6c131f05a84bfde555b97d91",
                "5aafcc2ed8b71dbc9bc8aacee5452a9c6774fa619fefdbc8f6163c0c040b8458"
            ],
            "type": "Fetch",
            "firstPartyCookies": {},
            "firstPartyCookiesSent": {},
            "exampleSites": [
                "spankbang.com",
                "homemade.xxx",
                "id.spankbang.com",
                "justthegays.com",
                "letsjerk.tv",
                "nastyvideotube.com",
                "tubelama.com",
                "v.pornditt.com",
                "www.analdin.xxx",
                "www.analdin.com",
                "www.privatehomemature.com",
                "www.xozilla.com",
                "xxxdan.com"
            ]
        },
        {
            "rule": "forscprts\\.com\\/api\\/models\\/vast",
            "cookies": 0,
            "fingerprinting": 0,
            "subdomains": [
                "go"
            ],
            "apis": {},
            "sites": 5,
            "prevalence": 0.0000354,
            "cnames": [],
            "responseHashes": [
                "d8835d5652dd9440fefa8a6383e1516fdf6c403c877aa1b7b447eb40a9753e03",
                "baadda784e53205fd1f9f5378fe7ae0a37e5baa6162c02251002d50ca5694e77",
                "82b2ef57a477e3e57856a8e2113c8a485dd196fce7cb6a1f199dd67814210394",
                "5aafcc2ed8b71dbc9bc8aacee5452a9c6774fa619fefdbc8f6163c0c040b8458"
            ],
            "type": "Fetch",
            "firstPartyCookies": {},
            "firstPartyCookiesSent": {},
            "exampleSites": [
                "spankbang.com",
                "id.spankbang.com",
                "letsjerk.tv",
                "nastyvideotube.com",
                "xxxdan.com"
            ]
        },
        {
            "rule": "forscprts\\.com\\/abc\\.gif",
            "cookies": 0,
            "fingerprinting": 0,
            "subdomains": [
                "go"
            ],
            "apis": {},
            "sites": 4,
            "prevalence": 0.0000283,
            "cnames": [],
            "responseHashes": [
                "e3b0c44298fc1c149afbf4c8996fb92427ae41e4649b934ca495991b7852b855"
            ],
            "type": "Image",
            "firstPartyCookies": {},
            "firstPartyCookiesSent": {},
            "exampleSites": [
                "spankbang.com",
                "id.spankbang.com",
                "nastyvideotube.com",
                "xxxdan.com"
            ]
        },
        {
            "rule": "forscprts\\.com\\/easy",
            "cookies": 0.0000283,
            "fingerprinting": 0,
            "subdomains": [
                "go"
            ],
            "apis": {},
            "sites": 4,
            "prevalence": 0.0000283,
            "cnames": [],
            "responseHashes": [
                "6f48d7bb72be70c233de5465f48a89d59ca324fcc408ef86aa8ac59e363e753b",
                "2c1bc8d150818ec0708c86ff72333d5508db90beb859a275ff4080f8f9d7e02c",
                "9f0142b2ee714800a6d9e8d2221b7a604fa3e5eed1427d3d98ec95b88e334505"
            ],
            "type": "XHR",
            "firstPartyCookies": {},
            "firstPartyCookiesSent": {},
            "exampleSites": [
                "hdpornos.xxx",
                "www.milffox.com",
                "www.nursexfilme.com",
                "www.pornhub-sexfilme.net"
            ]
        },
        {
            "rule": "forscprts\\.com\\/api\\/models\\/vast",
            "cookies": 0,
            "fingerprinting": 0,
            "subdomains": [
                "go"
            ],
            "apis": {},
            "sites": 2,
            "prevalence": 0.0000141,
            "cnames": [],
            "responseHashes": [
                "2c1bc8d150818ec0708c86ff72333d5508db90beb859a275ff4080f8f9d7e02c"
            ],
            "type": "XHR",
            "firstPartyCookies": {},
            "firstPartyCookiesSent": {},
            "exampleSites": [
                "hdpornos.xxx",
                "www.nursexfilme.com"
            ]
        }
    ],
    "categories": [],
    "performance": {},
    "cookies": 0.000134,
    "topInitiators": [
        {
            "domain": "imasdk.googleapis.com",
            "prevalence": 0.2647058823529412
        },
        {
            "domain": "first party",
            "prevalence": 0.23529411764705882
        },
        {
            "domain": "adultsclips.com",
            "prevalence": 0.08823529411764706
        },
        {
            "domain": "eramb.site",
            "prevalence": 0.08823529411764706
        },
        {
            "domain": "unifieddataconnect.click",
            "prevalence": 0.058823529411764705
        },
        {
            "domain": "adzilla1.name",
            "prevalence": 0.058823529411764705
        },
        {
            "domain": "twinrdengine.com",
            "prevalence": 0.029411764705882353
        },
        {
            "domain": "adxhand1.name",
            "prevalence": 0.029411764705882353
        },
        {
            "domain": "heyaiii111iidsfsdbfjb132222ffco.xyz",
            "prevalence": 0.029411764705882353
        },
        {
            "domain": "milftube.mobi",
            "prevalence": 0.029411764705882353
        }
    ],
    "types": {
        "Fetch": 18,
        "Image": 4,
        "XHR": 6
    },
    "nameservers": [
        "ali.ns.cloudflare.com",
        "kolton.ns.cloudflare.com"
    ]
}