{
    "domain": "fpjs.io",
    "owner": {},
    "source": [
        "DuckDuckGo-US"
    ],
    "prevalence": 0.000778,
    "sites": 110,
    "subdomains": [
        "api"
    ],
    "cnames": [],
    "fingerprinting": 0,
    "resources": [
        {
            "rule": "fpjs\\.io\\/xridvya\\/qAo6p",
            "cookies": 0,
            "fingerprinting": 0,
            "subdomains": [
                "api"
            ],
            "apis": {},
            "sites": 78,
            "prevalence": 0.000552,
            "cnames": [],
            "responseHashes": [
                "3ce36c1851245284d2ace49d814ff9c406a34871f0d512bfccce8e3569077714",
                "2eec8f7f0ba5704337f0b7778877d89304d6308fea0ca046916846cfbf4736e1",
                "4a1f71acdf3e29c73cd4acce0cf255f2354c57cb8769f488d3c5f8942c28d5f0",
                "203eaaa87839b3734f4090e5beb4012f3f4a3b179097181e449c191f2e4f0f57",
                "0c167a642378160708f9629e8b6ad3ba95b01233125811570ddfefdba8a6a9b3",
                "80e21735982374d5dc33a31d10a4bfd78dee8f3c3c2d8f9e8d6f2e2b1fef52ac",
                "87ec640c64e9ad64c147f0f9453fd0570c1c60bb3c81aa7f4b9823125fd0bf69",
                "ecbef6c254c35741ab34c54386569e4dbb223a03703091671b88851b10598377",
                "18c327d4b72e641848656348e09135f75d972cf647dab4e527643edcecb278bb",
                "6a00e020a3ca67ce060d89baeeadf08ceeac9bdafb186bdc204e4626c1bb1fa6",
                "62f6a4868be6a83f36fa242d0193e4f98e5bbc08455b3e8cbba2bf5d3ca7c497",
                "d0a06f2238a1829d6c727abf9ce235881884742c61465c5430777674b9b0e113",
                "87b533cc73c9dcb3ff889ca9dc2295d7c2e2ede2cfcbc54b93fb4a6070c5174c",
                "6bf104a538bdfe671d63ae2c5a2e6436e6ee4edc39e5b15114d74acd173b1280",
                "0b5916facc6a7cc9caab35973829aa889353b29b0be660df4fc55cd49b47f622",
                "115ae8ad58d0ed0736d9d7ff73b4d54296db61e3918d9ddf5e2c2030ae90e55a",
                "964bb1edfbaba44e806a8f67364f35ed78db7d1c27598b14ae4c9fc5e800dc2a",
                "1b3eafcd8abac20ca7a741ac429e192c8b9a60cac68072bf55622cc177b41514",
                "76bb1e0f6138a4d137d3ac34da1f1fb9717bf1ddaf9545897f322b4447c91af2",
                "4afaeb26c789800b633d49e9cc0572fc5346d13fc772b3acffde8ae903b49cb0",
                "2e77b81074ab62ea95904ac9cf80ee29c7ca96ae3449210b9e77e783a2f4041b",
                "c50a810f396a294964787a74d906501e3dffe8f5a96ca859d8082ed0b0215d37",
                "8d9e806b8b3d1b6dcaf6311db6ef98b749ffa0d369a488c6d6a8a7ff16e68200",
                "13906b27185e9f5dbcec6082f2123f00a5b3c4ffe28a8d3fb79161ce05c74ab8",
                "62b640b9adacc19b28e270ee398266f4d3af51a24841a9431e70b6886f677eeb",
                "41865c766243d159c065b509be7d156bff628ea2389e67d604b89a1873d549ea",
                "02286d86708e8cd2229ca702ccb03976f6483d6db1ce84c96c751a7482f358dd",
                "b37f2cc8813b281af4c33644bd753bd85ec69f2ab8123898a12fa2264f0286c0",
                "13c1f8fd8bef8931a7e5a43a3c10cd0100032fb4fb68bc3518221b1639f333d6",
                "972300d96f5d6c8833112ffe80932bd564589ab3fba0714165e1949ba3514a2d",
                "dc5cb45fc6390f8a47999d46806f52435cb5c556662d480eefc7e530414830f0",
                "28ca4366ed1a6ded0acb5f45b9d2a6d7b0d7011abc33d50b17695d3195e30e17",
                "981d046f4a073e8f6cc01d047ab6121ebc417098c851c6b9e64d12ad846a0ea6",
                "5f1ffee335de0e9fc0ba5d016987b29da47e3171a33ce766073b9867e1951d98",
                "7d77f0abe88c39e4422c4b3ebf3ba4eb1493b7d52ceeffe2ae71c629f2b0020c",
                "5449f7aabad93c25da99b01268bff8e6a74b5ec9bb2679f2bc0ec6fc6a5c294a",
                "fae0925c696bbe92a95a1b58899f2e5edba0e949b891e4a5bac224884274f425",
                "5604bcc0dd1dc9234c16d2034ae4a946a6a351f294ab372fbe15560ed4f354ec",
                "a87621213c8af1d8bd441489e2f37eff4e74a454cb8118cb6d53100c5128d225",
                "4d56d73c3fc1a3820494fd2e441e1f52d193b9ca59fb43dfda66322e0e218f8b",
                "21f193077d2078ffc230a4ebfc4ba24fb1c582b45aed0a07d7aba9e5fdd9061e",
                "2aa53c55d8c3250ee776c5537e92e7adcd54b6a1a561de1013ef0dcd1ffa82ab",
                "99c4f0847bdc28780bee777715e2dfbc91f3f85f26188074903a3dbb7e1b727d",
                "07e91f4f8764d1156b165b1ad65b4a3adfca158984013bac92d0e4ba53ef8842",
                "97876b4834c3489a0252b2bec29f0d1459ef94b9575951c47367a25f921b1cc2",
                "a130a1651c907ba9170a1724080332bdf04bf0a9b931ee958c7d73b07fdd3e39",
                "cfee6e2c58cb3e17b9153dd14ef36be30a067a7871e06df6d99bcf52add290e2",
                "16cc19a1b68316f16b9803a692ae2a69285e1c699c160fbd0015143a06986338",
                "ed0c5fb21791a97c5397127d5c77bea1982edf4eda9449ae9bd2c6f9af751795",
                "c70c6ccdff92de19c912d7ce3e5d110ceb48ad5f84a37a9e313d3c4cf8c2ca50",
                "256d2a504894e57cf0361cf9a43509bb5222bcfd81d12da7b01d078dff0951fe",
                "aa6a70b2e09e4102a13d737810586ad7015712ef6683e836d254c872445c84c2",
                "2d92f5ffb760b7fc4f0e37fc9aec3f58830dd783d168b5971fa1e31cb6562c8b",
                "a616f9c52243a3f3ba391b8f92f16130f7df2811467ee5019fe96b5664098e43",
                "bc074c8e4275f91fdfa1c1ac067a5b1d75fe7c5dc7094519b375e1e24e7c0709",
                "3c89b670d1f2ef2195d0179c43537ab8a8ae8f30136249a64810dce0d481881f",
                "ac040283354a0bae26f3e4b0bf7db186f2de9a9e41fbfbe9f4aa2d8bb7e51f79",
                "e45653fafcbd5c09689c4a8139838fa2acc3c2a23819dadffd5d0f06dd4daf63",
                "23dac9870176a4bd75e9468d1218f9a14e917b86fa14a1ad2e1cfe418634d953",
                "6b2a4ced6ca9113818716b0f47d7b72d4c59c2a02c9037683f98fcac9abbd458",
                "aae0443d1fbdce0fa7e016aa8e23ef32d9368cc84f7c577c0356d4fce698ec2b",
                "3891744f92e49d653dd7e7ba006ebf60adc822a7c6cc07a9eaca2c1af18873d2",
                "cdea426a898f9bb682a933c8213a331ef9a1d3d8da341372badccd1c9d5f8832",
                "7a07dc8035cb09ef9fb31395f54c5af33d97d022bd4d3347305fb18465bc4d60",
                "83d081f061530af5cab07ebec78b0fefdd864d9e0e61bcf90d52f03b066ac8b1",
                "c2d9827824a770e1996d17899ff8c0b319c914e24509ea29ebe60ab1a571611e",
                "b5ec7106804c7b4b06d66024146bbae1e4837b0c4fd34f63a47da0ea73069362",
                "73f1a365341087720a38c19cfd384909ab83a6386a458f543ba0f29b7d72572f",
                "65966881c202f638c53828cec500f4eb01bc88f14d99355c23ab1b376feadb8e"
            ],
            "type": "XHR",
            "firstPartyCookies": {},
            "firstPartyCookiesSent": {},
            "exampleSites": [
                "houzz.com",
                "thertastore.com",
                "www.tumi.com",
                "www.chicos.com",
                "www.soma.com",
                "www.naturallife.com",
                "www.stevemadden.com",
                "proofed.com",
                "www.brooksbrothers.com",
                "www.gardenweb.com",
                "www.nuwavenow.com",
                "www.tommyjohn.com",
                "www.dartagnan.com",
                "www.ezcontacts.com",
                "www.happiestbaby.com",
                "www.untuckit.com",
                "chicos.com",
                "www.fragrancenet.com",
                "monos.com",
                "messages.textfree.us"
            ]
        },
        {
            "rule": "fpjs\\.io\\/",
            "cookies": 0.000127,
            "fingerprinting": 0,
            "subdomains": [
                "api"
            ],
            "apis": {},
            "sites": 21,
            "prevalence": 0.000149,
            "cnames": [],