{
    "domain": "ftlaunchpad.ai",
    "owner": {},
    "source": [
        "DuckDuckGo-US"
    ],
    "prevalence": 0.000347,
    "sites": 49,
    "subdomains": [],
    "cnames": [],
    "fingerprinting": 1,
    "resources": [
        {
            "rule": "ftlaunchpad\\.ai\\/lptm\\.js",
            "cookies": 0,
            "fingerprinting": 1,
            "subdomains": [],
            "apis": {
                "window.localStorage": 1
            },
            "sites": 37,
            "prevalence": 0.000262,
            "cnames": [],
            "responseHashes": [
                "5a2a400606df45a15f1f23005e573ddaa462ae46da51f9558e8776b7f301944c",
                "ef7542f4677b1e291e29e4fc8c74b7880e1e9f77721903a464352bf74a81aee7",
                "e15c16652fec07fa7689b8a81dd95578a24c73f86dcf4c0abb45c618b09d567d",
                "a9457ccf91c4144e775c9a92d5b4d3361a0a78f92ea231d240fb4893c42fe0c9",
                "2595999db81e3449a2a484268c7e4f3311de5de9d0e18e5bebbb0e45d17660c6",
                "96cf3ed7378dd00f088e8eaabcc7d7823e36b29fa2eadd0e77dac23b50b9c5c6",
                "eddcc0a44ad9678dd4a856c4a2dc77631bc8ee34bbf44648a3753f0ed5935d73",
                "4614ddf53f454e8b51371dce8f84913b7590e187027e900caaee423521a9bfb2",
                "52b6a0ffd74d7b62cb4e9955fbda296178f4133545fc54c4b252504ba501c56d",
                "d716d4f9477d2556c5701a53c98c1fdcf5415c935509e8c1aca3e5ec975e9453",
                "5364b6b1c7a135983094c4f24482dd076bd024293f7e7143d46e8395992cd589",
                "d0b702dcfb91698b2d9d4a569593f14c3379ef5d4a2975d061b59eb3bc709a9e",
                "0c1d72356336a1f348dd7e01dcf6d925bad4caf7d2f9f7840b7fb017b2ed5857",
                "ebd6fa89bc91712487a02809657c4646bda683931e2dbaa0cf2c46d745c38a34",
                "1e7dba0bc5489e4a47c272098a45839bf1f647a70dff99ae40cf848df1086ab8",
                "5744fd573d6aa24b42719ad98b14677687360f17ae5a128ff909b040a89e1656",
                "32118473248fffe69f6992de5c6994053a91be6734cf5b57facb7753ef746fe7",
                "675a70ef5030da22ab94acff024e8dd32e04a8fb0d8cb380152ce7c90a82a1c9",
                "d7e1b77f6d7834062af4ee6dd9054057a5bddab46731da5d77ac445ea9322986",
                "f266d548da537958b98cfa41101403aca6751f24a0706f50bdca2efe8e974d61",
                "51f8fddaaa643ef935e0c87b23df91d82d2a5c21af676c3b227d9116e7bf97ac",
                "8d5d6180d31d26ece49244fa411fe4f326e6c1692013c9cb9d6682b75d616513",
                "8d8759e487748518eaa06f2bec3041c513222a9dce7fb5c3b517a344f4e72f19",
                "1ed555e3fa7b0359ad8817b3f71c5b7092911b2717299481b1bf41bba0eb20fe",
                "eca632517c06420c20965687ecbd878363832c36a3c3a6acf2f467fb2e46e1ff",
                "baa534c96a9ede85c30c69080eaa9098dec78efc36dc7bc54fc5cf0ac95ef186",
                "18b96d5c8d1019b4a737301a3960ff46d0b1ae22bd16f536f63bca54a3b9c123",
                "878620a6346b9463d6727905f1db53a5605d530c878135dbdeb16a0c0b3c9a49",
                "21f29a88aa586ba3b592dfa61f8a9afa601bd485c307ecd303d6e1bcb96098ba",
                "a3d30c2152342e2e3a5c51c9fd755e2cdbe63d4e6ed51a7f2156a8e6792606e2",
                "f575e5d3ce5caeae044c4f3be2b27c06ff3b81f6884b9d9dcf5d2564999bd997",
                "a8c46aac59ef1abd2ce753c7ce78ea2f9c9920d7a169d69118592b4a77991a9f"
            ],
            "type": "Script",
            "firstPartyCookies": {},
            "firstPartyCookiesSent": {},
            "exampleSites": [
                "support.insinkerator.com",
                "bigassfans.com",
                "www.kaaltv.com",
                "www.coastccu.org",
                "gosunward.org",
                "www.etsu.edu",
                "renewalbyandersen.com",
                "www.asbestos.com",
                "www.togethercu.org",
                "www.coronacigar.com",
                "www.pimafederal.org",
                "www.sharonview.org",
                "bytheyard.net",
                "www.misaves.com",
                "compare.lithia.com",
                "www.carsoup.com",
                "byrna.com",
                "www.clopaydoor.com",
                "westshorehome.com",
                "www.renewalbyandersen.com"
            ]
        }
    ],
    "categories": [],
    "performance": {},
    "cookies": 0,
    "topInitiators": [
        {
            "domain": "googletagmanager.com",
            "prevalence": 0.66
        },
        {
            "domain": "first party",
            "prevalence": 0.28
        },
        {
            "domain": "shiftdigitalapps.io",
            "prevalence": 0.04
        },
        {
            "domain": "adobedtm.com",
            "prevalence": 0.02
        }
    ],
    "types": {
        "Script": 37
    },
    "nameservers": [
        "ns-800.awsdns-36.net",
        "ns-9.awsdns-01.com",
        "ns-1542.awsdns-00.co.uk",
        "ns-1288.awsdns-33.org"
    ]
}