{
    "domain": "fuelinspector.com",
    "owner": {},
    "source": [
        "DuckDuckGo-US"
    ],
    "prevalence": 0.000141,
    "sites": 20,
    "subdomains": [],
    "cnames": [],
    "fingerprinting": 2,
    "resources": [
        {
            "rule": "fuelinspector\\.com\\/assets\\/f9815_f91cfdabe9af1d7fe20bd465badf736c48c3920dd\\.module\\.js",
            "cookies": 0.00000707,
            "fingerprinting": 2,
            "subdomains": [],
            "apis": {
                "Navigator.prototype.userAgent": 8,
                "window.sessionStorage": 8,
                "HTMLCanvasElement.prototype.toDataURL": 8,
                "window.localStorage": 6,
                "Date.prototype.getTimezoneOffset": 6,
                "CookieStore.prototype.getAll": 6,
                "CookieStore.prototype.set": 1,
                "Notification.permission": 1
            },
            "sites": 8,
            "prevalence": 0.0000566,
            "cnames": [],
            "responseHashes": [
                "2779686a89427d2bdd302ee15b4e708156cda33cf0a15c908b3edd1b91e92993",
                "5197d993a5efb1d66d9207c07348296633134451999898a33e5912dddd1f800c",
                "ea5149b47fcdcbbb7af261dc402b2e958f2b79afc339aceaee32a66aae53b61c",
                "56e685ad354b3bb14c257b6148e9c765f80d4476ae6e4ef666b64949d3a9fb14",
                "8662584ceb0c0c6db4d6a2b7d121a87c19459663fd6011840d99ad5a47a376fc",
                "014ba281d4b126236803f18671184c0bb213d5b340ead91258977d07c506d114",
                "ddf231ee93c0c0fd8c3a3e0bc34756b89ed22640e51d65cc76ef4e9ec99f91a4"
            ],
            "type": "Script",
            "firstPartyCookies": {},
            "firstPartyCookiesSent": {},
            "exampleSites": [
                "findagrave.com",
                "de.findagrave.com",
                "es.findagrave.com",
                "fr-ca.findagrave.com",
                "fr.findagrave.com",
                "pt.findagrave.com",
                "sv.findagrave.com",
                "www.findagrave.com"
            ]
        },
        {
            "rule": "fuelinspector\\.com\\/create\\/g2a9jfuhcpdd4n4miv667vbuzmcrq6z60xfig9cpf9",
            "cookies": 0,
            "fingerprinting": 0,
            "subdomains": [],
            "apis": {},
            "sites": 7,
            "prevalence": 0.0000495,
            "cnames": [],
            "responseHashes": [
                "f8e3e924832a4fc76923922cc83b7e4453bb72053656fa95ccb4df0b9b481d1c",
                "819e93f6bf22855c87703af5442edb21d90b6443030fafe4199366e1c8cf4636",
                "3cf538e02c7697ce35e694f8f20203b903d1f2fd3346f8c93c6baa44571401d6"
            ],
            "type": "Fetch",
            "firstPartyCookies": {},
            "firstPartyCookiesSent": {},
            "exampleSites": [
                "findagrave.com",
                "de.findagrave.com",
                "es.findagrave.com",
                "fr-ca.findagrave.com",
                "fr.findagrave.com",
                "pt.findagrave.com",
                "www.findagrave.com"
            ]
        },
        {
            "rule": "fuelinspector\\.com\\/g2al70fxdqlpt9lwpbx0ztcyzsk8ky4ao6c73ftjud",
            "cookies": 0,
            "fingerprinting": 0,
            "subdomains": [],
            "apis": {},
            "sites": 4,
            "prevalence": 0.0000283,
            "cnames": [],
            "responseHashes": [
                "33c70c297b1a729f965a6aca60b7b3bb7a3b06bd13efe07698516fa98ac8b9f9"
            ],
            "type": "Fetch",
            "firstPartyCookies": {},
            "firstPartyCookiesSent": {},
            "exampleSites": [
                "findagrave.com",
                "de.findagrave.com",
                "fr.findagrave.com",
                "pt.findagrave.com"
            ]
        },
        {
            "rule": "fuelinspector\\.com\\/static\\/js\\/25dd01c5\\/e8cedefce1bb90a47ead14b41f1a252e6e86d0\\.index\\.js",
            "cookies": 0.0000283,
            "fingerprinting": 2,
            "subdomains": [],
            "apis": {
                "Navigator.prototype.userAgent": 5,
                "window.sessionStorage": 5,
                "HTMLCanvasElement.prototype.toDataURL": 5,
                "window.localStorage": 5,
                "Date.prototype.getTimezoneOffset": 5,
                "CookieStore.prototype.getAll": 5,
                "CookieStore.prototype.set": 4,
                "Notification.permission": 4
            },
            "sites": 5,
            "prevalence": 0.0000354,
            "cnames": [],
            "responseHashes": [
                "acbc72668e1770d2957c8a6e60b8284dacd9394ee66545008af5ba7115c1a996",
                "b0d144957b355387f730038a10e97529e819e06a2e24e5ae0fffebc1a8e3c699",
                "daee96dde09ec872883e218a78bc74ab4edfbb096d8ec0875d38dce50e506e6a",
                "35f706bdf47e965fdfab80c4918b3114c36b00b00c72a572920681e0b566d727"
            ],
            "type": "Script",
            "firstPartyCookies": {},
            "firstPartyCookiesSent": {},
            "exampleSites": [
                "rootsweb.com",
                "freepages.rootsweb.com",
                "homepages.rootsweb.com",
                "sites.rootsweb.com",
                "www.rootsweb.com"
            ]
        },
        {
            "rule": "fuelinspector\\.com\\/u\\/p1toqc6gfmc14izqnh8h6_8byhf43v6n1vbmnok8o1d",
            "cookies": 0,
            "fingerprinting": 0,
            "subdomains": [],
            "apis": {},
            "sites": 5,
            "prevalence": 0.0000354,
            "cnames": [],
            "responseHashes": [
                "91602036729dab59ad80831df677dd92a88dbfa22a5b284e724c3c56f97d8df9",
                "5d58090d60ac7d06504a591ee0243ab4eaba91d88a3ac4bfd003eeeb204cf925",
                "549db7c959080306f530ef2f14e6cc320003db10fe3edd258af24357554ad336",
                "e6752a9b5f04f0f126d96eabdca9c1c47b4d6738a0a35bac8dd2e25199766840"
            ],
            "type": "Fetch",
            "firstPartyCookies": {},
            "firstPartyCookiesSent": {},
            "exampleSites": [
                "rootsweb.com",
                "freepages.rootsweb.com",
                "homepages.rootsweb.com",
                "sites.rootsweb.com",
                "www.rootsweb.com"
            ]
        },
        {
            "rule": "fuelinspector\\.com\\/p1u0dwrwgnkdt5h0txzby_6d2hlbkpxs6ikjcbqpigh",
            "cookies": 0,
            "fingerprinting": 0,
            "subdomains": [],
            "apis": {},
            "sites": 5,
            "prevalence": 0.0000354,
            "cnames": [],
            "responseHashes": [
                "33c70c297b1a729f965a6aca60b7b3bb7a3b06bd13efe07698516fa98ac8b9f9"
            ],
            "type": "Fetch",
            "firstPartyCookies": {},
            "firstPartyCookiesSent": {},
            "exampleSites": [
                "rootsweb.com",
                "freepages.rootsweb.com",
                "homepages.rootsweb.com",
                "sites.rootsweb.com",
                "www.rootsweb.com"
            ]
        },
        {
            "rule": "fuelinspector\\.com\\/build\\/00ba0c9c1e79114\\/f06574265ca44a5b74902bbdc0a88cc\\.app\\.js",
            "cookies": 0.0000141,
            "fingerprinting": 2,
            "subdomains": [],
            "apis": {
                "Navigator.prototype.userAgent": 2,
                "window.sessionStorage": 2,
                "HTMLCanvasElement.prototype.toDataURL": 2,
                "window.localStorage": 2,
                "Date.prototype.getTimezoneOffset": 2,
                "CookieStore.prototype.getAll": 2,
                "CookieStore.prototype.set": 2,
                "Notification.permission": 2
            },
            "sites": 2,
            "prevalence": 0.0000141,
            "cnames": [],
            "responseHashes": [
                "7cba6ebeeedf93c32e64edbaf5f1a8a65d0a10c0a9de7f2d47f1ceede1f20275"
            ],