{
    "domain": "futurehybrid.tech",
    "owner": {},
    "source": [
        "DuckDuckGo-US"
    ],
    "prevalence": 0.00099,
    "sites": 140,
    "subdomains": [
        "sommelier"
    ],
    "cnames": [],
    "fingerprinting": 0,
    "resources": [
        {
            "rule": "futurehybrid\\.tech\\/config\\/",
            "cookies": 0,
            "fingerprinting": 0,
            "subdomains": [
                "sommelier"
            ],
            "apis": {},
            "sites": 77,
            "prevalence": 0.000545,
            "cnames": [],
            "responseHashes": [
                "3b37d7e155d8a0b4e24cd84bb1bd94a01161642dc1f656c5b03f3a6d671a186e",
                "6d89cf568fb354561b251bdfb0a0126495df0b55ca238c6c485487b5bbba4b91",
                "fb92bbcb7b88a3237d653ba9c061455bd94f97f7e69800d13033873ee4de33ae",
                "4a1b16f7185556bd9b2fcc593d4e8ecda398dc5f3e44c1444ffd2af16495242c",
                "3097092e53fe6f2fb82c05ce7afecaf29f30f6ddc4fe3d6d90dd68553651aa73",
                "7068f77158cb76a6277363f6469b1a0e15c40fbe497727ddc00e440944c9bf19",
                "677e46f47219236dfde7d5fa4d7f1a3082988b7028152c8bbcf4fb2c7e0dde14",
                "3484ff8abc7b3f6fb159fcd98e97a647f8cf00b2315861738fff156dd911a585",
                "1251efd92207c082b5b15cec70ff995dcfb7f44b289710858164cf5be9a2bf78",
                "361d4a13927eff67090d3c1183eb1c2a6ce29777f64aab191aee854336e486be",
                "0ff6df9e7b4500f1ed7f0a7d9ad3b0e50bfb6117208ab946dadb438307ac3444",
                "c513f26811b1a377318c582f2cf20122b473090b235c6a5468a979b38619d6e1",
                "007bea3d53886df74b7231b6670759ea3ab1f08f36f079a33922581834749be6",
                "58d7adb154aa556ae5bab0069dfb19bd65eabf9222ead1778e114597e9a6018c",
                "f41022d67ac4f113b3993755b257383eb0b19eef5bef1961ad98ee84b2e2eba7",
                "135b9f10529be38f53525525322c0318333b7a423fe1c1288d95a52e25b83555",
                "77b80bd7198649263b6e0bd5823ffef0bd679ada082366102c4cb1b8dc1a2aad",
                "c2ea129b2cd44591b58dc99e9d0bc8c254b2cfaf4da6854c462aaccde9230fc2",
                "7fb538235256d8b74fccd1020e627c34ee5f65f82ee6d521bf2a7a66429149a3",
                "7555ffdccc774b2720e74a8a3b62ccb58e84255f3c5f7522edefb5f789180ad5",
                "81a9ec07716be4a1c04d72e3dc87b56573316b670da0343ed34aa9a82ba3a757",
                "81a04e7d2b58ad769ee89fafd6583d8d6afe48b4cca641b8aecca3bd8b1fcac4",
                "4e133111d02c37e529703d1e3a1833e7b22699394f28374e4d66f203928158c1",
                "773e6956bc6f2a48f2e1a933ec31476a4306f3b5bc706a7547211072d575552d",
                "6e526ca4d2d9b11963d9914c17b99f0f8ae1b86eac57eefef9563c61243997eb",
                "48eb0a6d31953205f4325ef2e257c0d93718f0e3bb75553ef16425cf6ae05d3f",
                "a421c4d52ab5bddbb79c4752c732dfd27f1be733b655fa237db7341afc4bc1a3",
                "3b6b95cd0c8173dec90cef8f609e450d82c99d3ef49ab41e307fe349379e2450",
                "1affb414edffba215c5dfa27bd6721f3b2df89752422f500fb789f26c565ec88",
                "9ac15b6732eeb273305fec40c8ac4ae681421e19810c9780080450e82286913b",
                "4472d775acf40e8fd56ad7a0bd7e8ef77f9ba30b8e1f0510a0205e0f650ee70a",
                "c9162a5f82faf824eb94119d30f602fe84092351d8356e77f0f18cc8ba2717bd",
                "c8ecadc9766f6af255a34b3e950622ae99e869141706b97065152e440fe5095f",
                "c57ba4837708ed66dc8055f36cc0e9a193d8e9e4c41fafcd682f9633b9ba351e",
                "81e5da1a03d40865ed691465740b1b9f9849bf05a76fcb23d684a2c286915a43",
                "8fdd7f1f9d4baa797c64011261daad79ef08d19afd1b475ef0b930830d240e03",
                "ae1a0c939737f6c28c53e34451f44fd717b2b189a28103bbeb11975b36811f03",
                "0c79eed00d4de7030f6b10ea960b6f4e8325183402cf3102eb61462f5e75a0b0",
                "8d405715bdcc759d6ebe3e0f3ceff7c65edb96958721be0a4d20061cffe0255d",
                "989449e152467d7b7b1c1f58f6f493992cf00b1cd8f967a2f9045d51b5d7473d",
                "4a5ad14a418dd2946a29307cb2e4b5232f68d70a475a9af303bc1e3eff82ca42",
                "361725fa41bbef74a79c0ff0d421d73e99f40817e2aefe0a323e2ee45524b938",
                "84c1fc98d5b68f61cf58ef58131195534777f9ccf37216d5d0de1a349d0cb3f0",
                "d9a0a92dba5623dc71f5100f5bd6523ee168a3d51b72db561de3999b22d2e196",
                "816753d681aa7680c8042e3ca2b6d24571092fb97f5db2939635f2c122b4a194",
                "1f5601262b463ae09943414361037af5c280fd6662bc876fead3019ebc8a7e86",
                "1bb249f4dfd3f1c058c4ead405c443569a8a34282b458cfdb5184a458c231fd7",
                "6a15ad43455861e9bd4ab69306226aa4b1cfe6386a037a474aa3ccfb26b2c8a6",
                "b16b1faefd3a7be903b4886904733ef3cc3599ea27c7a1bfd2eb84244642cae8",
                "c78276116bebee7d2109490306f9385a7e01828af9af0465f3afd45801b42ff3",
                "ae8930a93d875acf4d3e762327dafa166ca1323d8d0f8bb007dad76352a0f986",
                "334f064590ace70cc942fb971b150db490c08cb4e050d8167555370e46e45e5f",
                "dac0cb8b140414381c296a0345fc20c51bbda138de03298611309821029d43ef",
                "b3c31829690f17836f6b239a475ee4506fc55f20498c04715dc32c02d4ef51b4",
                "f133b7d7f03019a61322e1b119c25c5653a9a9cec2c95c1dd22ca0d0fe72ff7c",
                "a895893630c652a47d0d11004ec08ffaf0cc3f3c6a8b0461713f8b4383f15b25",
                "492c505a147c6b23864621c43820a907aadde93420a2686d48e73de0313203c5",
                "e1e9f02bd1d525f4019371c33a94004191ba11114f36fbb2663ed669e8b475d8",
                "03d1d58d82b4de25728c74cc2c0b423b66999b8416b83da360d23633a6963424",
                "22f1f365f6097637c9b153a377123206d0a7df375c1a167367be368bfe1dca48",
                "8b8ee066c7108cb255e1cada7b44eccfb217f2aeb7d946310d3c0c1e3beeb733",
                "602b0d46516637a17fbf37ca033c314534dc05fec6d177a267c0cad50b769976",
                "d35db70e9df3f2078f473a1affddee49ab72ae977ded9bba96a576439c37e44a",
                "769b731efc741830c1a8ea1970d2ffbfdfe8195922c5ef2378f26044d73bc6f3",
                "05f933bb970ddda633fabff6ae2a4865f3626f50b6623d8fdbbe57656b74e95b",
                "3a659683ae38ddce7bc62a719a439db37bbd8d918a2cdb7bd03f0443da1c380b",
                "4660c5a8159184ae57fdb7cb99273b95d5e0c3435791c7aaefa63567f144bf81",
                "243f0e6ad89581538901e42f53a6f1b40a6ad5f34ad43fa49f0142e96fb08082",
                "f5b2950a905965173e94aed1f0205470e92f328d2e64d95ade72fba5d7ebe72f",
                "1a74aa94d54fefc53d53f29c14b826430fe429133cb02aaca36a2199f8d001a8",
                "7b2b7e26bb522a57554e7649cd452ebd8ab572fee68638e19c191a4e2cc1a87d",
                "974ef3cf989d3da4ab36422d0af0e094d314344cd99aa9bb291779d6723be871",
                "db2ed8dbe7434108a7862f46941de35c80482549ac169ea08a79c2617e349c89",
                "589f1c16fe49abbf984704fb75b779ac4e3c3ee2ba7cf64a70c37a4aaad1c564",
                "6a8bc0e97b65287a7698d686eb5a12415ab227ec5bf0f2e6c13a07317d0f1f2f",
                "21e0d13f7eecc1560054bb2d914f9698a5ab0512ea9b40d17ccb9d4d88b31f7c"
            ],
            "type": "Fetch",
            "firstPartyCookies": {},
            "firstPartyCookiesSent": {
                "_li_dcdm_c": 0.00038196016296966953,
                "lotame_domain_check": 0.00002122000905387053,
                "__pid": 0.000014146672702580353
            },