{
    "domain": "g10102301085.co",
    "owner": {},
    "source": [
        "DuckDuckGo-US"
    ],
    "prevalence": 0.0000707,
    "sites": 10,
    "subdomains": [],
    "cnames": [],
    "fingerprinting": 1,
    "resources": [
        {
            "rule": "g10102301085\\.co\\/gr",
            "cookies": 0,
            "fingerprinting": 0,
            "subdomains": [],
            "apis": {},
            "sites": 8,
            "prevalence": 0.0000566,
            "cnames": [],
            "responseHashes": [
                "a9b8bf4e450630c25aca538ca3c9a4cabfac7c77a02d35a0d13362dbc8a0d4d6",
                "3c44bd9de968cd692e17b92751f522febad44a9d5a7b72390917dad2c3f2bb74",
                "ca3a3fa6a9680151a6379dba1104df22575bc2fbf5741bd27f024b28e3360c80",
                "acb7290f6adbfe86c74a516a3e869f55008b14780d4f9e7becc9933fc89edc8c",
                "5542fc654012b206e277666a7f6d2a62dfe13c9f1d5f66311e34ca159df3ebd6",
                "bd1c46f9e7d1a5c8acad77acb5031ddb18c94017245f46d6ffd7bfdec8a97a1f",
                "c64ae51c2fa68e3407a846d7691afb6b75ba57565a27dd803d14d0bc269ffc73"
            ],
            "type": "Script",
            "firstPartyCookies": {},
            "firstPartyCookiesSent": {},
            "exampleSites": [
                "flexzilla.com",
                "www.celsius.com",
                "www.checkersandrallys.com",
                "www.eccouncil.org",
                "www.jamisbikes.com",
                "www.payscale.com",
                "www.truma.com",
                "www2.fundsforngos.org"
            ]
        }
    ],
    "categories": [],
    "performance": {},
    "cookies": 0,
    "topInitiators": [
        {
            "domain": "first party",
            "prevalence": 1
        }
    ],
    "types": {
        "Script": 8
    },
    "nameservers": [
        "pranab.ns.cloudflare.com",
        "sandra.ns.cloudflare.com"
    ]
}