{
    "domain": "g10696554090.co",
    "owner": {},
    "source": [
        "DuckDuckGo-US"
    ],
    "prevalence": 0.000149,
    "sites": 21,
    "subdomains": [],
    "cnames": [],
    "fingerprinting": 1,
    "resources": [
        {
            "rule": "g10696554090\\.co\\/gr",
            "cookies": 0,
            "fingerprinting": 1,
            "subdomains": [],
            "apis": {
                "Document.cookie getter": 2
            },
            "sites": 15,
            "prevalence": 0.000106,
            "cnames": [],
            "responseHashes": [
                "d3c07d284334a10e4bb0e5509a0c3ea1a10e84a761378aaa83f280dbdd501786",
                "874b697e28e00c8b8106fd4bae64bad6a54a38b907c92dfa7a0d0779bd342db5",
                "87bca776401e7dbe666c8a3112780440b92ee6d542201739d895c4a9e2b29d24",
                "428d00028716b80422786022dd065b806557feb76b58ccae780269f98d01911a",
                "c285af39e1e7e2ff2a89c954a7bddced62b985db941c37e3ad5791e3afaab335",
                "b404b4353a21d8884abfdc0f793f27c876c5d129b84a2fb977073047c5e461b1",
                "01fe3c0ff14667604ef4d2d4f219752c67be6681ea20cca0c35103d5c29716d2",
                "915b640af1aa78a3b82102b03910c089cc8eae944116d3741424e0779789c062",
                "2efc95ce2957a34b29df09a95f1c7ed921afb9a1bd2ba51885abb82e4243109b",
                "0e59846efdc1419c97b1b580b3fd79cd468e46ba31a662f1857c56be2bfc06d4",
                "5c9bfec2c4c164d6ae3e08c982194140a9ee1e64b074e2be47770b6f6960d04c",
                "3e9a0ddfb54b815dcb66269891d0f1e621b263714171a4cf0f0f2625630e3dd0",
                "81de3ee98869ba6d928e8be13df1494b9b2b56655f0298148645721089b35404"
            ],
            "type": "Script",
            "firstPartyCookies": {},
            "firstPartyCookiesSent": {
                "lotame_domain_check": 0.0000070733363512901765
            },
            "exampleSites": [
                "brompton.com",
                "myalcon.com",
                "personifyhealth.com",
                "systane.myalcon.com",
                "us.brompton.com",
                "us.polymaker.com",
                "www.brabantia.com",
                "www.brompton.com",
                "www.concordtheatricals.com",
                "www.ghostbed.com",
                "www.hustlerturf.com",
                "www.myalcon.com",
                "www.oflaherty-law.com",
                "www.vendoo.co",
                "www.wetandforget.com"
            ]
        }
    ],
    "categories": [],
    "performance": {},
    "cookies": 0,
    "topInitiators": [
        {
            "domain": "first party",
            "prevalence": 0.7619047619047619
        },
        {
            "domain": "googletagmanager.com",
            "prevalence": 0.23809523809523808
        }
    ],
    "types": {
        "Script": 15
    },
    "nameservers": [
        "pranab.ns.cloudflare.com",
        "sandra.ns.cloudflare.com"
    ]
}