{
    "domain": "gaug.es",
    "owner": {},
    "source": [
        "DuckDuckGo-US"
    ],
    "prevalence": 0.00135,
    "sites": 191,
    "subdomains": [
        "secure",
        "track"
    ],
    "cnames": [],
    "fingerprinting": 2,
    "resources": [
        {
            "rule": "gaug\\.es\\/track\\.js",
            "cookies": 0.000651,
            "fingerprinting": 1,
            "subdomains": [
                "secure",
                "track"
            ],
            "apis": {
                "Date.prototype.getTime": 61,
                "Document.cookie setter": 92,
                "Navigator.prototype.userAgent": 89,
                "Document.cookie getter": 91,
                "Screen.prototype.width": 83,
                "window.innerWidth": 96,
                "window.innerHeight": 96
            },
            "sites": 143,
            "prevalence": 0.00101,
            "cnames": [],
            "responseHashes": [
                "df2698e6cf74ed890afa92da10051f880df2ce0b3257b73c5d9ae2f6bea82d3c"
            ],
            "type": "Script",
            "firstPartyCookies": {
                "_gauges_cookie": {
                    "ttl": 3,
                    "length": 1,
                    "prevalence": 0.0006507469443186963,
                    "uniqueness": 0.010869565217391304
                },
                "_gauges_unique_hour": {
                    "ttl": 3603,
                    "length": 1,
                    "prevalence": 0.0006436736079674061,
                    "uniqueness": 0.01098901098901099
                },
                "_gauges_unique_day": {
                    "ttl": 86403,
                    "length": 1,
                    "prevalence": 0.0006436736079674061,
                    "uniqueness": 0.01098901098901099
                },
                "_gauges_unique_month": {
                    "ttl": 2678403,
                    "length": 1,
                    "prevalence": 0.0006436736079674061,
                    "uniqueness": 0.01098901098901099
                },
                "_gauges_unique_year": {
                    "ttl": 31536003,
                    "length": 1,
                    "prevalence": 0.0006436736079674061,
                    "uniqueness": 0.01098901098901099
                },
                "_gauges_unique": {
                    "ttl": 31536003,
                    "length": 1,
                    "prevalence": 0.0006436736079674061,
                    "uniqueness": 0.01098901098901099
                }
            },
            "firstPartyCookiesSent": {},
            "exampleSites": [
                "www.boironusa.com",
                "gript.ie",
                "hoodcad.net",
                "americanmind.org",
                "www.brentozar.com",
                "ssofficelocation.org",
                "makelovenotporn.tv",
                "www.lspower.com",
                "postallocationsnearme.com",
                "chromeunboxed.com",
                "www.lmgdoctors.com",
                "thisisraleigh.com",
                "www.cdcr.ca.gov",
                "bigbattery.com",
                "visitglenwood.com",
                "guadalupead.org",
                "healthjournalism.org",
                "lowincomerelief.com",
                "www.hiltonhead.com",
                "web2.acbl.org"
            ]
        },
        {
            "rule": "gaug\\.es\\/track\\.gif",
            "cookies": 0,
            "fingerprinting": 0,
            "subdomains": [
                "secure",
                "track"
            ],
            "apis": {},
            "sites": 144,
            "prevalence": 0.00102,
            "cnames": [],
            "responseHashes": [
                "7fff1569ea68ef52782ba25b0cf3934627f7a4fc1e8e22f4652de959c5f97978"
            ],
            "type": "Image",
            "firstPartyCookies": {},
            "firstPartyCookiesSent": {},
            "exampleSites": [
                "historicalnovelsociety.org",
                "hunt-cad.org",
                "www.coreknowledge.org",
                "notalwaysright.com",
                "www.thepostemail.com",
                "303magazine.com",
                "visitglenwood.com",
                "www.lmgdoctors.com",
                "www.lspower.com",
                "www.atr.org",
                "www.attachmentproject.com",
                "inequality.org",
                "urologyaustin.com",
                "www.cdcr.ca.gov",
                "sandiegoexplorer.com",
                "thegolfnewsnet.com",
                "burnet-cad.org",
                "electricliterature.com",
                "cullyskitchen.com",
                "www.alphr.com"
            ]
        }
    ],
    "categories": [],
    "performance": {},
    "cookies": 0.000898,
    "topInitiators": [
        {
            "domain": "first party",
            "prevalence": 0.9637305699481865
        },
        {
            "domain": "d2fuc4clr7gvcn.cloudfront.net",
            "prevalence": 0.015544041450777202
        },
        {
            "domain": "ezojs.com",
            "prevalence": 0.010362694300518135
        },
        {
            "domain": "cdn-cookieyes.com",
            "prevalence": 0.0051813471502590676
        },
        {
            "domain": "harrisoncad.net",
            "prevalence": 0.0051813471502590676
        }
    ],
    "types": {
        "Script": 143,
        "Image": 144
    },
    "nameservers": [
        "ns-1754.awsdns-27.co.uk",
        "ns-451.awsdns-56.com",
        "ns-940.awsdns-53.net",
        "ns-1458.awsdns-54.org"
    ]
}