{
    "domain": "gedidigital.it",
    "owner": {},
    "source": [
        "DuckDuckGo-US"
    ],
    "prevalence": 0.0000637,
    "sites": 9,
    "subdomains": [
        "tlh",
        "webcomponent",
        "scripts"
    ],
    "cnames": [],
    "fingerprinting": 2,
    "resources": [
        {
            "rule": "gedidigital\\.it\\/tlh\\.js",
            "cookies": 0.0000495,
            "fingerprinting": 2,
            "subdomains": [
                "tlh"
            ],
            "apis": {
                "Document.cookie getter": 7,
                "Navigator.prototype.userAgent": 7,
                "Date.prototype.getTime": 7,
                "Document.cookie setter": 7,
                "window.sessionStorage": 7,
                "Navigator.prototype.vendor": 6,
                "Navigator.prototype.webkitTemporaryStorage": 6,
                "Performance.prototype.memory": 7,
                "window.localStorage": 6
            },
            "sites": 7,
            "prevalence": 0.0000495,
            "cnames": [],
            "responseHashes": [
                "9557642afc9924a676f79863c21a5521826887c77384b5abcbf69c3584d70806",
                "fb3433db0cdf220a9a5f1ec913e2df19c41088544dd7a3ef74e6e48a3c84da6a",
                "9fac380a40a48aec566b6fab84b0060bd72db690618ce2895d7378285cbb07fd",
                "b7e203759e352b60bfacd2f99feb9291b3c5fe0f0c3660075541b5d502e1e2f4",
                "0e41a61dfa3134535a53b5bca1ef675b095eef8b25b34ef6a4268457fa908621",
                "c5d767f708fb3633d441df3a6a7d67faca7bb5b9612c2240352b6e4f674765b3"
            ],
            "type": "Script",
            "firstPartyCookies": {
                "kw_1pc_enableds": {
                    "ttl": 311040003,
                    "length": 4,
                    "prevalence": 0.00004951335445903124,
                    "uniqueness": 0.14285714285714285
                },
                "kw_wtu": {
                    "ttl": 86403,
                    "length": 83,
                    "prevalence": 0.00004951335445903124,
                    "uniqueness": 1
                },
                "kw_sntseg": {
                    "ttl": 86403,
                    "length": 3,
                    "prevalence": 0.00004951335445903124,
                    "uniqueness": 0.14285714285714285
                },
                "kw_inc": {
                    "ttl": 31536003,
                    "length": 3,
                    "prevalence": 0.00004951335445903124,
                    "uniqueness": 0.14285714285714285
                },
                "kw_pwlrt": {
                    "ttl": 86403,
                    "length": 1,
                    "prevalence": 0.00002122000905387053,
                    "uniqueness": 0.6666666666666666
                }
            },
            "firstPartyCookiesSent": {},
            "exampleSites": [
                "alfemminile.com",
                "www.alfemminile.com",
                "www.formulapassion.it",
                "www.huffingtonpost.it",
                "www.ilsecoloxix.it",
                "www.lastampa.it",
                "www.repubblica.it"
            ]
        },
        {
            "rule": "gedidigital\\.it\\/tlh-debug\\/",
            "cookies": 0,
            "fingerprinting": 0,
            "subdomains": [
                "tlh"
            ],
            "apis": {},
            "sites": 8,
            "prevalence": 0.0000566,
            "cnames": [],
            "responseHashes": [],
            "type": "Preflight",
            "firstPartyCookies": {},
            "firstPartyCookiesSent": {},
            "exampleSites": [
                "alfemminile.com",
                "forum.alfemminile.com",
                "www.alfemminile.com",
                "www.deejay.it",
                "www.huffingtonpost.it",
                "www.ilsecoloxix.it",
                "www.lastampa.it",
                "www.repubblica.it"
            ]
        },
        {
            "rule": "gedidigital\\.it\\/tlh-debug\\/",
            "cookies": 0,
            "fingerprinting": 0,
            "subdomains": [
                "tlh"
            ],
            "apis": {},
            "sites": 8,
            "prevalence": 0.0000566,
            "cnames": [],
            "responseHashes": [
                "98d93cec3795e59f3c465000f9d589ae4ae9d807b4ef8a8a5e9bf4e81c376feb"
            ],
            "type": "Fetch",
            "firstPartyCookies": {},
            "firstPartyCookiesSent": {},
            "exampleSites": [
                "alfemminile.com",
                "forum.alfemminile.com",
                "www.alfemminile.com",
                "www.deejay.it",
                "www.huffingtonpost.it",
                "www.ilsecoloxix.it",
                "www.lastampa.it",
                "www.repubblica.it"
            ]
        },
        {
            "rule": "gedidigital\\.it\\/gdwc-loader\\/js\\/gdwc-loader\\.js",
            "cookies": 0,
            "fingerprinting": 1,
            "subdomains": [
                "webcomponent"
            ],
            "apis": {
                "Navigator.prototype.userAgent": 6
            },
            "sites": 7,
            "prevalence": 0.0000495,
            "cnames": [],
            "responseHashes": [
                "6c6b92a1dd3d2da3810a3cd6b3430e4c99ed6fda619a951ab76a950d4477aa5a"
            ],
            "type": "Script",
            "firstPartyCookies": {},
            "firstPartyCookiesSent": {},
            "exampleSites": [
                "alfemminile.com",
                "www.alfemminile.com",
                "www.deejay.it",
                "www.huffingtonpost.it",
                "www.ilsecoloxix.it",
                "www.lastampa.it",
                "www.repubblica.it"
            ]
        },
        {
            "rule": "gedidigital\\.it\\/ajax\\/libs\\/webcomponentsjs\\/2\\.4\\.3\\/webcomponents-loader\\.js",
            "cookies": 0,
            "fingerprinting": 0,
            "subdomains": [
                "webcomponent"
            ],
            "apis": {},
            "sites": 7,
            "prevalence": 0.0000495,
            "cnames": [],
            "responseHashes": [
                "028ddd0cf27c55dff07fa9232f63251cda3cbd811e2f2bc383c9349e39cd4bb6"
            ],
            "type": "Script",
            "firstPartyCookies": {},
            "firstPartyCookiesSent": {},
            "exampleSites": [
                "alfemminile.com",
                "www.alfemminile.com",
                "www.deejay.it",
                "www.huffingtonpost.it",
                "www.ilsecoloxix.it",
                "www.lastampa.it",
                "www.repubblica.it"
            ]
        },
        {
            "rule": "gedidigital\\.it\\/gdwc-recommendations\\/public\\/gdwc-recommendations\\.js",
            "cookies": 0,
            "fingerprinting": 1,
            "subdomains": [
                "webcomponent"
            ],
            "apis": {
                "Document.cookie getter": 2
            },
            "sites": 2,
            "prevalence": 0.0000141,
            "cnames": [],
            "responseHashes": [
                "2ac69cd5c0344d8dd382aa2c8c9f9fe5cd7d2f6e9443a70399dc845bbe594bd0"
            ],
            "type": "Script",
            "firstPartyCookies": {},
            "firstPartyCookiesSent": {},
            "exampleSites": [
                "alfemminile.com",
                "www.huffingtonpost.it"
            ]
        },
        {
            "rule": "gedidigital\\.it\\/newsletter_wdgts\\/newsletter_wdgts\\.js",
            "cookies": 0,
            "fingerprinting": 0,
            "subdomains": [
                "scripts"
            ],
            "apis": {},
            "sites": 3,
            "prevalence": 0.0000212,
            "cnames": [],