{
    "domain": "geotargetly-api-1.com",
    "owner": {},
    "source": [
        "DuckDuckGo-US"
    ],
    "prevalence": 0.000092,
    "sites": 13,
    "subdomains": [],
    "cnames": [],
    "fingerprinting": 0,
    "resources": [
        {
            "rule": "geotargetly-api-1\\.com\\/gr",
            "cookies": 0,
            "fingerprinting": 0,
            "subdomains": [],
            "apis": {},
            "sites": 11,
            "prevalence": 0.0000778,
            "cnames": [],
            "responseHashes": [
                "30c4dc00dbf60a2e715b603668d0b85429e0322af8dc582bc4bb63c6da46f916",
                "4d1748b49c6332b5b528e47ae418d3f8195f024a3a1db49c24050fdfacad7814",
                "40fadf722292a89cba4465fdf2b5d687a456279f13d734db324e787e251fd252",
                "6b352b400e16d73cdc405130023c3e12c6be522619286a730952b02dad3fe11c",
                "d7f0d8970f452c8dae991797a010fe195e52adf128e5df7a1aac4cb6dc04327f",
                "0d815284d16ef5ccf18ef08b9a0184f84408144dcec5b21dfbb9c137b2988584",
                "999f9ea5a071c75edf754fa22fd66c3a727630bd166791c74ee62b5acd7448ba",
                "1239d96dee90313c287e72e1971d0cfb11a80af5bfdd40ed07973cd3ab5937b7"
            ],
            "type": "Script",
            "firstPartyCookies": {},
            "firstPartyCookiesSent": {},
            "exampleSites": [
                "aersf.com",
                "autel.com",
                "clubchampion.com",
                "consumerpicks.org",
                "ellipsefit.com",
                "greenworkstools.com",
                "pendulumlife.com",
                "ripskirthawaii.com",
                "www.chasebliss.com",
                "www.greenworkstools.com",
                "www.zagg.com"
            ]
        }
    ],
    "categories": [],
    "performance": {},
    "cookies": 0,
    "topInitiators": [
        {
            "domain": "first party",
            "prevalence": 1
        }
    ],
    "types": {
        "Script": 11
    },
    "nameservers": [
        "pranab.ns.cloudflare.com",
        "sandra.ns.cloudflare.com"
    ]
}