{
    "domain": "getsitectrl.com",
    "owner": {},
    "source": [
        "DuckDuckGo-US"
    ],
    "prevalence": 0.000941,
    "sites": 133,
    "subdomains": [
        "events",
        "shopify-apps"
    ],
    "cnames": [],
    "fingerprinting": 0,
    "resources": [
        {
            "rule": "getsitectrl\\.com\\/api\\/v1\\/events",
            "cookies": 0,
            "fingerprinting": 0,
            "subdomains": [
                "events"
            ],
            "apis": {},
            "sites": 100,
            "prevalence": 0.000707,
            "cnames": [],
            "responseHashes": [
                "6408bb22d9a071d4b56b7a8f8fc73bf6000a93beac479cc1236c08c33f4264b0",
                "44377a7d162a6847fbdd1bb23abe7bdbac9d1a35ec5563419c63a365ac015728",
                "6e11d37beacb2a7f29392b47132fd7f47e302b033c108c2990fef0c3662f396d",
                "dc730d5ef0e2737ee1e823c7c8dd26dd57ef42a8d9a8a837942b89efea92bba8",
                "4496115f0b55604b0edd490ae40b8cd5fdbfc610765278f55c8fb91e0633dc7f",
                "773744df48d05a8a0a0a0338d4bfcb546b12d30643368035a69b94190d777f57",
                "4d904662ac4a455a8fae2ff504e1c747cd27c857b7b43890d447f77264bfc1ae",
                "5361cd32eeb8abd34fbaec6e0fec1207eb20b854161c031465826e35760dd23f",
                "c3c2204d9ecd852a188cfde378222358baa09c24a26c3a30c9b44ab6a70bb5a9",
                "0e15317aa05728808995c0904d7b887eba134ad9611f3907356e8af5661d25b9",
                "e294e1b280cd9e69705bb0d489a74d7eae46de44fcaecdf6f7aee6533fa61bd0",
                "70893c26f2f794a5ef61fbaaa6b68fba89c2304a340a4b7ed1fc5597dc46ece2",
                "843de1cea541d0d6e457e158ecc6d96e5a45d5286775137479310981ab1ac71e",
                "1e1131d67897973c02d4a892ee7e611fa073e0675c542acc389c11b242815753",
                "39934e029874cb5d4a936ac5fb009bd1537c69fa937a641008c07b12c5490caa",
                "d110840fa66dcb8744535347c2d5981b99942e05b243842f4041407d8fd42ccf",
                "972baa47a719305986acf12bf6f74be21d0338cb00d4b01919474b7c9b1eef9f",
                "10118f8157e6c8eac0493681d3f77c9c12b5a93018bf1b37d2688116cc2b3c16",
                "b305345546f6786897b7fae58c05ffa57a57923a9116b3400c248325fef861a1",
                "ffa09c7235987a50f1b2c43171c4597f639377282dcf05c7a755ff6353da371a",
                "008a81b7ab08b954e0b525302f252110e52d7ee7b53c7bb5305a8da3cb29d009",
                "6ddadd848ba46b562ed7abb672d58e61b00cc7376eb219399d39c55174a8aebb",
                "9606ecf318b42b59d33f5da6523e71d0a6514a2ecad7f9f1d98c47cdb0ae880b",
                "342067c226b1cfd160dc4865861954a674d41f3b96031b46b3628618531fb123",
                "305d3b655f1e148545c5742a68396e947f5934191935959622ebdcac10196eb8",
                "3cf9ea288fb31f997cfda50af795b16364adccaceede23bd2c61285575a0813d",
                "1535a64dcc19575dc450a309171086f23c1f462a96fc653d67b2608cbda750c9",
                "f577f78bd2b180f2ae95d0d4d1cde232551093e2a0c976fea1aecaa9d10a07d0",
                "39fd02375ef2862ada3cdd0b838d13076b3f1af78ff9f74575b4ac449668c6a2",
                "048786c7a5d7a15940fa6bd4d682dc0b0de2260880eec1e1bca6aecde4860266",
                "dac4675721436538f095a0dfba67f9ecf206f076a5dafaa6f1559d2ccbca3f94",
                "72259a2c3b5a729ef5c4420f2a0c87df3ec623c325b9ae1920101acdcaaf7872",
                "589f734cb13aed35a8f6482ee9e04247749a850636f29ed3f1c28463928d5360",
                "0b3577f30c4b3437049a165229e013a4313baee1125577528b496d944e1f5093",
                "0b61dc3c9e55e18e5ac68746611c03a66bc503ec68d2dab15398732b53897f10",
                "79c757e570f5614a560a49d40a462b7db7843c13bb1bddee81f1a318c1739c03",
                "08795e8e546b86d70a4bb5c88b38e5f601dba5487fe3956cd6bf2bf207d12cd7",
                "4d24d98bbc5bfba1a4179b6952687b669f9f909b478c4e18575dad11be7bb3c3",
                "4ecabc5f1b5687c32391b522b54711f663c3fc4c98e80a73990ebb6c641dd89a",
                "787691e2a52a53c47acb10ab98bf053d645c946853415dd04e83e537fa3e3b43",
                "512433ad5d2dc037d0ae3c728586034a00130e2ab83911c0cc4ee36f1abd5335",
                "375821ff47ada41cbae2ed972f5cf883934ff9dc91283523870d39893ed7785f",
                "d443f69634e37282f58c478c10c2d6fef5c5672b2331a00aa673e2ea7c73951e",
                "8923880f12ae99d5b6d22a933d6be8c4773d323441386e304fbe05029d43ae9c",
                "a4d9a8e3b6c80774b22b076f1e7c6cf5d8b9ac5b43152073d5ca8adeff2616fa",
                "6635a144c125919c21804213c4383f72ef12821196e7c7d53df5ff471b76f45d",
                "f95d4664955102199c7e54ebcf3c2a4d29dc5e063d5d822b8a9b0b9244fd285a",
                "0b5496370c7385499ce84cf2cb849e4e86ddaf80ab0afabd86c7a6a48cdd261f",
                "736b434034e5ce4fc472485c9b4a655e19e3bf3dc5a97f4eec65681944960b99",
                "274ad347528530f5f7c3b3c4d722d034589fc05826a2761a7a77e09a1e13245f",
                "13f659ce69bdf668d835c4076e0ca6769ef197fd901fdeffe194738cd3eaeac5",
                "681619a6fea5e6fefca5c9c750fe05910bba0b7d07eaf5529337dca9ab43392a",
                "3404c56996ecb87f1fd3cfad78320cc4aaf766f0bd25211cdf2605acbee26cd8",
                "a46b86197ee5ba677709295f852d7c749a701b746ac90629add52bb52454dc45",
                "0ad95aaebf522d5624fe73d478c6b9d2b5944aff990d717d99dfd6d974ed3866",
                "ddbb95cf6932b5fba4e86bf33ceee609e8f73fded6b8175cb41aad93a30ab97b",
                "8dcc7f4d6b08c70cfe4b0afcfe17f68dea54b498d8e52fa62195beb6d885f046",
                "0e9cb277c64b1c903da3dd7b47ef9d110b7c95e02ffa6c5d47a184814cd82988",
                "f73362b6394798c8c38459294240aff3b1ea865cbbe4d55b3a29ee7d07ccd6e4",
                "46012fc6978b66efa409bef1d38c29c472ea7089d7927c93469526e8d666c99a",
                "7c8857c8104c0b07abe5dfa899d3862f36252649691200b348740ae5cb355a4a",
                "a4acb87c87208570c03c806a0c9d98023a1e98436dfa89b07c6ceee4d2a45dee",
                "9b59708f8a52018c22a347dacf89531c6d4b8f77501a846c8b6b3690daf666d3",
                "ac997d0e39f54a45b804be3570041a1295acdea9021954ab71f83b2db09d08c8",
                "aee627537d2d43972251dd96007d3b6c65256591a0b030a4df7b38457cb66a09",
                "4a73394955dcd5712b59c844122a5d1fa77d8d1d2763f7b65f6728126300927a",
                "22a7c3a5559b726e9974ab282d851a23a63305ed302eb400916ee7f24d579b09",
                "d283f2ffe388c88938db4e9562b55a0f50bd612d6864c99b550af4db07d485aa",
                "a78f46700996d807b8b6f2ca793fd1951ecdb8a1246cd59c7b6a891a8ae637f2",
                "9cb7238dfb5e43aafc23b31301d7920492a1f930c0ae7191b2dc3eb003c5946b",
                "6ec49773368f1e4803faa50f44eeb7babd93ef4eb079ca03116a090e170d4ab2",
                "fc288fb6bf50f74b163fae16c2e2d422d55f1960e8ddb20349184025624c83e4",
                "df0ccdb318e1d18de1f3446caf670830fff876826d7fa3ccdfc80279e5bb5679",
                "ce52010095ef52ae908fcf47b71a641b82faca7a5702e6dce077622cf7894261",
                "880e1e204b2f34ffacbc6a0fa7b636e54e476e0da140a8f22a92c201873166d8",
                "2163f0ecb3229d8306b3049924642c46b123977b70a53bee96d60e49d9f132d9",
                "c7169410249be8ab20c667f0f832f66f9013799e05c8152b8f207acf6d260308",
                "b9efae8a3c4b4ece9c2b812f8808ae0a9f86e52b908835c08a527a7b09b48d28",
                "d63a5bbea14c42e4c82b0492d8181f10fe725259cf96c365dbc09bf2a3c76436",
                "31f290ccf11b71905a261073fafd34539dc9c4ad91062da3e1b03ce0929d9133",
                "2c49c70a57eb9bff4739b5e685de4b954872ba2a611dce313be9af53458ab53d",
                "6c01cd568e0981a56ff2daf9558c2a157d0a0ddeaddb214673a7d33bb52bcb96",
                "fb250b623c16f38cda68ef813d4f3bc44dff0ceb6ffd32cbf7abb7f41dfea11f",
                "278a5983185cf2e975ee3a15c8970e0e585d6c8829fc87998807603470264875",
                "c304f39f0a35bc6a646372c359aaa7d300bdf53270dd0ce71c813590d381e55d",
                "615f8514a5290d7967d86ec2ae514f5d5a211d36b86b15ddc663e578dff5d520",
                "c18da241f36f4640115253190c8137bbc52d27b515f11b6436ea7ae1c98bae93",
