{
    "domain": "gnezdo.ru",
    "owner": {},
    "source": [
        "DuckDuckGo-US"
    ],
    "prevalence": 0.000531,
    "sites": 75,
    "subdomains": [
        "fcgi4",
        "news",
        "fcgi5",
        "fcgi7"
    ],
    "cnames": [],
    "fingerprinting": 1,
    "resources": [
        {
            "rule": "gnezdo\\.ru\\/hb\\/Yandex\\/",
            "cookies": 0.000156,
            "fingerprinting": 0,
            "subdomains": [
                "fcgi4"
            ],
            "apis": {},
            "sites": 34,
            "prevalence": 0.00024,
            "cnames": [],
            "responseHashes": [
                "846949c5a40e3ffbb702473e54dfac0646541aa624a844369b6e24e51ddaf96b",
                "08005326bb38c633a73c64f8d0e2f4a867371f53a3b2f92eb2f5c1b25380c3e2",
                "7fa876b852905703c4962b21fc1872fc84fc6ad6c7eed0767f1d37d2e3698b98",
                "6f28885b77a3a778e76458c7c60e7a77a601690154211b3ba31a920fd1826448",
                "d0748d73c88340cf24abd840292587a023125dd2294e28bade9e947924f5d553",
                "cf99006f6ff31019cd24c8c21265b825574f9c4e209e2db6ab34b046a6feb73e",
                "b214077420cac2dabc6bb109a4b1d3493ee5c2e5accd85a600032c4c6f80dede",
                "1e00f3cec6a3a3559f9a1c221093e8031fa6c650188a4290835e8c99c2ee0061"
            ],
            "type": "XHR",
            "firstPartyCookies": {},
            "firstPartyCookiesSent": {},
            "exampleSites": [
                "www.e1.ru",
                "24smi.org",
                "www.nn.ru",
                "rg.ru",
                "ppt.ru",
                "smart-lab.ru",
                "domashniy.ru",
                "www.ntv.ru",
                "prorastenija.ru",
                "eadaily.com",
                "news.ru",
                "www.gastronom.ru",
                "zhivemnadache.ru",
                "medlblab.com",
                "www.baby.ru",
                "www.maximonline.ru",
                "bigbim.ru",
                "kartaslov.ru",
                "tass.ru",
                "www.liveinternet.ru"
            ]
        },
        {
            "rule": "gnezdo\\.ru\\/cookie_matching\\/sape_ssp\\/",
            "cookies": 0.0000283,
            "fingerprinting": 0,
            "subdomains": [
                "fcgi4"
            ],
            "apis": {},
            "sites": 18,
            "prevalence": 0.000127,
            "cnames": [],
            "responseHashes": [
                "77b1d2c0857d4e95d4c2ae7aa0abc5aaafa6bd4581b31203d1592759c26f5c44"
            ],
            "type": "Image",
            "firstPartyCookies": {},
            "firstPartyCookiesSent": {},
            "exampleSites": [
                "4ege.ru",
                "akniga.org",
                "bicyclepotential.org",
                "infectioncycle.com",
                "m1.yaoi-poisk.ru",
                "na2rism.com",
                "pluginhighway.ca",
                "pregnancyarchive.com",
                "scienceofbiogenetics.com",
                "tass.ru",
                "wellnessderive.com",
                "wikimapia.org",
                "www.marieclaire.ru",
                "www.maximonline.ru",
                "www.mmnt.net",
                "www.starhit.ru",
                "www.woman.ru",
                "www.world-art.ru"
            ]
        },
        {
            "rule": "gnezdo\\.ru\\/cookie_matching\\/sape_ssp\\/\\/",
            "cookies": 0,
            "fingerprinting": 0,
            "subdomains": [
                "fcgi4"
            ],
            "apis": {},
            "sites": 4,
            "prevalence": 0.0000283,
            "cnames": [],
            "responseHashes": [
                "77b1d2c0857d4e95d4c2ae7aa0abc5aaafa6bd4581b31203d1592759c26f5c44"
            ],
            "type": "Image",
            "firstPartyCookies": {},
            "firstPartyCookiesSent": {},
            "exampleSites": [
                "4ege.ru",
                "akniga.org",
                "m1.yaoi-poisk.ru",
                "wikimapia.org"
            ]
        },
        {
            "rule": "gnezdo\\.ru\\/1pc\\.html",
            "cookies": 0.0000283,
            "fingerprinting": 0,
            "subdomains": [
                "news"
            ],
            "apis": {},
            "sites": 19,
            "prevalence": 0.000134,
            "cnames": [],
            "responseHashes": [
                "c6e0fc3d278b2e636153eac2d900942a0573459d0acaa4429f70d309212a2cf9"
            ],
            "type": "Document",
            "firstPartyCookies": {},
            "firstPartyCookiesSent": {},
            "exampleSites": [
                "eadaily.com",
                "kartaslov.ru",
                "msk1.ru",
                "news.ru",
                "podolyaka.ru",
                "prorastenija.ru",
                "rg.ru",
                "www.baby.ru",
                "www.eg.ru",
                "www.fontanka.ru",
                "www.gastronom.ru",
                "www.kp.ru",
                "www.letu.ru",
                "www.marieclaire.ru",
                "www.maximonline.ru",
                "www.nn.ru",
                "www.pravda.ru",
                "www.starhit.ru",
                "www.woman.ru"
            ]
        },
        {
            "rule": "gnezdo\\.ru\\/loader\\.min\\.js",
            "cookies": 0.0000141,
            "fingerprinting": 2,
            "subdomains": [
                "news"
            ],
            "apis": {
                "window.innerWidth": 4,
                "window.innerHeight": 4,
                "window.sessionStorage": 4,
                "Navigator.prototype.platform": 4,
                "Navigator.prototype.userAgent": 4,
                "Document.cookie getter": 4,
                "window.localStorage": 4,
                "Document.cookie setter": 2,
                "HTMLCanvasElement.prototype.toDataURL": 2,
                "Date.prototype.getTime": 2
            },
            "sites": 5,
            "prevalence": 0.0000354,
            "cnames": [],
            "responseHashes": [
                "362f5318fac79dc7537fb63e1f13ca25b101d2e4b311e4c399db6bd557d153f3"
            ],
            "type": "Script",
            "firstPartyCookies": {
                "gnezdo_uid": {
                    "ttl": 31536000,
                    "length": 22,
                    "prevalence": 0.000014146672702580353,
                    "uniqueness": 1
                }
            },
            "firstPartyCookiesSent": {},
            "exampleSites": [
                "eadaily.com",
                "kartaslov.ru",
                "prorastenija.ru",
                "www.fontanka.ru",
                "www.gastronom.ru"
            ]
        },
        {
            "rule": "gnezdo\\.ru\\/ls2af\\.js",
            "cookies": 0.0000637,
            "fingerprinting": 1,
            "subdomains": [
                "news"
            ],
            "apis": {
                "Navigator.prototype.platform": 9,
                "Navigator.prototype.userAgent": 9,
                "Document.cookie getter": 9,
                "window.localStorage": 9,
                "Document.cookie setter": 3
            },
            "sites": 10,
            "prevalence": 0.0000707,
            "cnames": [],
            "responseHashes": [
                "1d110f7f83ceeaeeac511e9407fa41e2aba7f2e82e305c553f152d92cb3ee96a"
            ],
            "type": "Script",
            "firstPartyCookies": {
                "gnezdo_uid": {
                    "ttl": 31536000,
                    "length": 22,
                    "prevalence": 0.00002122000905387053,
                    "uniqueness": 1
                }
            },
            "firstPartyCookiesSent": {},