{
    "domain": "goadopt.io",
    "owner": {},
    "source": [
        "DuckDuckGo-US"
    ],
    "prevalence": 0.00012,
    "sites": 17,
    "subdomains": [
        "tag",
        "disclaimer-api"
    ],
    "cnames": [],
    "fingerprinting": 1,
    "resources": [
        {
            "rule": "goadopt\\.io\\/injector\\.js",
            "cookies": 0.0000495,
            "fingerprinting": 1,
            "subdomains": [
                "tag"
            ],
            "apis": {
                "window.localStorage": 10,
                "Navigator.prototype.product": 6,
                "Navigator.prototype.userAgent": 6,
                "Date.prototype.getTime": 7,
                "Document.cookie setter": 7,
                "Document.cookie getter": 7
            },
            "sites": 15,
            "prevalence": 0.000106,
            "cnames": [],
            "responseHashes": [
                "dc22ddac9497c3134c7bd736e682884979d65aa89592772041d4df9278f6d2f4",
                "b5272d4b8911ebe313622c67e3044178915c163d649c7209e698ba2c985cfd6e",
                "0e527198777fc52175fc3e046071b787dbae48a68235dd0481e89266fa91a453",
                "d97d9c7dbb32598ee9c0fde54eb162cc6b0532a5be1eb6ad4441bf54fe18c1e0",
                "411910d5d185aef09d62e92290ac1baf2dbe58d88a68197cd7f44cadbdb5b01e",
                "44200e9d0e143a115ea309bb0290512daebc78311aa950fc4820ad713e810ed0",
                "1045b00890e0a41f46cdf86482c0c917ae60bd0e692375059098fbcd47b76b21",
                "083b9c719c0dbf0201e42a218a9b75d857a97e48c06573757a23224b7e3120f4",
                "4ea125469630f014d8a27a3c60779dfbf43094842332c4814b65fbce3748aa58",
                "2962f9327df146f23e1504de5942f4e4eab77aa1475c7842b1628fa8f64d6dd0"
            ],
            "type": "Script",
            "firstPartyCookies": {
                "AdoptConsent": {
                    "ttl": 5184012,
                    "length": 296,
                    "prevalence": 0.00004244001810774106,
                    "uniqueness": 1
                },
                "AdoptVisitorId": {
                    "ttl": 5184016,
                    "length": 51,
                    "prevalence": 0.00004951335445903124,
                    "uniqueness": 1
                }
            },
            "firstPartyCookiesSent": {},
            "exampleSites": [
                "verdesmares.com.br",
                "exame.com",
                "generated.photos",
                "icons8.com",
                "instanonimo.com",
                "loterias.caixa.gov.br",
                "www.caixa.gov.br",
                "www.dafiti.com.br",
                "www.gigasena.com.br",
                "www.phonely.co.uk",
                "www.reclameaqui.com.br",
                "www.tecmundo.com.br",
                "www.vivareal.com.br",
                "www.zapimoveis.com.br",
                "ysu.edu"
            ]
        },
        {
            "rule": "goadopt\\.io\\/api\\/tag\\/get-consent",
            "cookies": 0,
            "fingerprinting": 0,
            "subdomains": [
                "disclaimer-api"
            ],
            "apis": {},
            "sites": 10,
            "prevalence": 0.0000707,
            "cnames": [],
            "responseHashes": [],
            "type": "Preflight",
            "firstPartyCookies": {},
            "firstPartyCookiesSent": {},
            "exampleSites": [
                "exame.com",
                "generated.photos",
                "loterias.caixa.gov.br",
                "www.dafiti.com.br",
                "www.gigasena.com.br",
                "www.phonely.co.uk",
                "www.tecmundo.com.br",
                "www.vivareal.com.br",
                "www.zapimoveis.com.br",
                "ysu.edu"
            ]
        },
        {
            "rule": "goadopt\\.io\\/api\\/tag\\/get-consent",
            "cookies": 0.0000495,
            "fingerprinting": 0,
            "subdomains": [
                "disclaimer-api"
            ],
            "apis": {},
            "sites": 10,
            "prevalence": 0.0000707,
            "cnames": [],
            "responseHashes": [
                "1feb84c5e70392f20fffb3164210f4c29bfafd9c23765c811cb284de29f4f218",
                "caeb2cdb67741bd9e0c5c3cc144d7b4f366e76a8d880939ca480c92b2d6e2669",
                "e3166dc31cf812bfec0481d6a55769519cfb94f625b58e1984baccb1727694b5",
                "f102c97d617c210c9d5a8b51ed813ac746d9cf303aa8158698f1a08edff45c16",
                "07c5acb70abf99a4c605278d68c2b21d88a1dafddd6a73aca72c001e7afc52ac",
                "896585be0228d33a3154b25cd45c3e45a4496d33d36b59357be0fd4bb7342f03",
                "ab34a4f28f1f514d8d579916f40743f91f8e1422801f4b5e3a9bb01939799d90",
                "4037f7ce6c8347ddded10106d9872c656b9e10e2a3253a9680c38ce5c11ca94a",
                "07297e33ff056aba33a08cb20872f87eaa91d7951b22b1e895bd7cbb46715c2e"
            ],
            "type": "XHR",
            "firstPartyCookies": {},
            "firstPartyCookiesSent": {},
            "exampleSites": [
                "exame.com",
                "generated.photos",
                "loterias.caixa.gov.br",
                "www.dafiti.com.br",
                "www.gigasena.com.br",
                "www.phonely.co.uk",
                "www.tecmundo.com.br",
                "www.vivareal.com.br",
                "www.zapimoveis.com.br",
                "ysu.edu"
            ]
        },
        {
            "rule": "goadopt\\.io\\/injector\\.js\\/v2\\/0025",
            "cookies": 0,
            "fingerprinting": 0,
            "subdomains": [
                "tag"
            ],
            "apis": {},
            "sites": 2,
            "prevalence": 0.0000141,
            "cnames": [],
            "responseHashes": [],
            "type": "Script",
            "firstPartyCookies": {},
            "firstPartyCookiesSent": {},
            "exampleSites": [
                "generated.photos",
                "icons8.com"
            ]
        },
        {
            "rule": "goadopt\\.io\\/injector\\.js\\/v2\\/0071",
            "cookies": 0,
            "fingerprinting": 0,
            "subdomains": [
                "tag"
            ],
            "apis": {},
            "sites": 2,
            "prevalence": 0.0000141,
            "cnames": [],
            "responseHashes": [
                "d97d9c7dbb32598ee9c0fde54eb162cc6b0532a5be1eb6ad4441bf54fe18c1e0"
            ],
            "type": "Script",
            "firstPartyCookies": {},
            "firstPartyCookiesSent": {},
            "exampleSites": [
                "caixa.gov.br",
                "www.caixa.gov.br"
            ]
        },
        {
            "rule": "goadopt\\.io\\/injector\\.js\\/v2\\/0068",
            "cookies": 0,
            "fingerprinting": 0,
            "subdomains": [
                "tag"
            ],
            "apis": {},
            "sites": 2,
            "prevalence": 0.0000141,
            "cnames": [],
            "responseHashes": [
                "083b9c719c0dbf0201e42a218a9b75d857a97e48c06573757a23224b7e3120f4"
            ],
            "type": "Script",
            "firstPartyCookies": {},
            "firstPartyCookiesSent": {},
            "exampleSites": [
                "vivareal.com.br",
                "www.vivareal.com.br"
            ]
        }
    ],
    "categories": [],
    "performance": {},
    "cookies": 0.0000778,
    "topInitiators": [
        {
            "domain": "first party",
            "prevalence": 0.5641025641025641
        },
        {
            "domain": "googletagmanager.com",
            "prevalence": 0.4358974358974359
        }
    ],
    "types": {
        "Script": 21,
        "Preflight": 10,
        "XHR": 10
    },
    "nameservers": [
        "greg.ns.cloudflare.com",
        "isla.ns.cloudflare.com"
    ]
}