{
    "domain": "goaffpro.com",
    "owner": {},
    "source": [
        "DuckDuckGo-US"
    ],
    "prevalence": 0.000658,
    "sites": 93,
    "subdomains": [
        "api",
        "api2",
        "static"
    ],
    "cnames": [],
    "fingerprinting": 1,
    "resources": [
        {
            "rule": "goaffpro\\.com\\/loader\\.js",
            "cookies": 0.0000141,
            "fingerprinting": 1,
            "subdomains": [
                "api"
            ],
            "apis": {
                "Document.cookie getter": 30,
                "window.sessionStorage": 2,
                "Date.prototype.getTime": 2,
                "Document.cookie setter": 2,
                "window.localStorage": 8,
                "Navigator.prototype.userAgent": 1
            },
            "sites": 60,
            "prevalence": 0.000424,
            "cnames": [],
            "responseHashes": [
                "81db7c95f5e366f41065dc13a51d72e9ccf921dcb0cc66111c305defa4a07ca8",
                "8508eaf0e79d0a8212c0f40d27dabd0d218a5d871df8d89eadd1e126b0554b24",
                "e3b0c44298fc1c149afbf4c8996fb92427ae41e4649b934ca495991b7852b855",
                "cd1dade6f3f6bd54669e87103901054c785cda511b76c516c0aac68b2069ee73",
                "2927c0403ce4642d3b4255827c7ed9cdd3edf81529274e1929c35bf708c1aa52",
                "42a1fa4d5b7dddf4fae9f51e3a058ff6308aebe2d1a946e7fa56edf6c7308980",
                "12d220d83359f7b57c5e9d80c2e12c3f7597f9ec3195c0ec6f3bb3df2c7af846",
                "2643b7e3cf7f0504688a0048716988f48d6e6c25c76d98d096435130f8cd388b",
                "1364d8cbfdbdc323f25ca53d5b715371dab4051591f1007c45b5a59279f8ce72",
                "154e00a6ba7336e9e529e5537f337dbc682c123f801d28b8914fcc6d84da4cee",
                "b4911b55e517df4779d1c43ce9e3522f3558b10c5362b074d311925062bc93f9",
                "da4c7d4a9954adc98909a4845535622400ac03ef0c8ee09997390d3a0632ac95",
                "e36f6d98e66b30c6860f8b504213e81d56f14e7cedda2f8314a2ab8edae1d32d",
                "7320db7b246e27c619a4459281fba1dc73a5cc5cd1b90df33a7b19bce1d12e6a",
                "be695d6f13f34172623c558b6ddb0e6c7c6df67590433db0279e78f84b01dc75",
                "2465ae1e5762bdab292a1fc078207d8cd1eb6f2c1fadc2269472d2d3040b843b",
                "cf2974b95e70f9a3959732db13e0bfa7389ff799d70adee1e197f9950c30239f",
                "e13bfd265b1949b252d8309fe5d7d0620ee732062b6d482aa172b2759cab95d2",
                "7ac73d3748bc96583821c2b225152b31f8518e7fcfdc3e8f0a93bd44fa51aeba",
                "e3917b740a53e8abb3132d6a89e0efca7a3d99b43e51041ca7d0374873991b25",
                "d22687f8868228fcc8e8494894e7062367ce6222fb48fab87bbc33a06059a774",
                "0a823c414d5bf585b836ff52481b4366dde146fe225101b1d9bc078914c2ae65",
                "a806b4d607c3cca7ae6eb66d10a05d6071b4752eaf7cd2dcd9c5a30a040c2de9",
                "dfc0f5f17e28edad2657aec7da84a1cfe66b9c77ae6be618e83d4b09601d0b42",
                "ca017318db717e05b858f21ecb9b5847bc362e5e0add51f7e707315b7ad86cbe",
                "7776d7410076fce9c0ca7fdb15829c2dececa0aa64a3b68b68b36821dbb79e4b",
                "fa6f54db9358f6822df9785f1fc04162d0d3837a747e92c44f4c6a00974095a7",
                "cef2f633554c421da4057a4c89a5ac40959ac0f42fc630c86f4a83aadeebd11f",
                "a584feb8f5b2333c9f83ba074d4e84b332164c1921d6734c7c3814e8902f20c0",
                "a1ec5215598c3cf0feb1a765b882e5e3fb47aacee1a64a3649c557ba8e9305a3",
                "4797f15c7118ddaa911d073b3c48c7af6e82ea1c5a1bacf77a493e0c3960593a",
                "67d98b06cb017b3b08a50eb9c20c1083858f319f56b99406004a05fad495300c",
                "3d18b46fc8f891d103175375906b52c28e0280e15c7fee7a8c86e71d105922f4",
                "fe0b05cc3c5d37e3d71ad1b871d60595e7d31832e0e932b41a0147bad9f4f48c",
                "e15dd4708759dc1abc97e95e11cf8dcfbb271e421682a354db9a8b4c372ee920",
                "78c33edda4b2a30f8aefd60bf4fdf8ceab2cbacc824d19b532b75573e2aac5ab",
                "f4c479d05e766e9824b727932a77c604330bac45931fc9db081e319f47e3bb18",
                "012c62c71effbe0607a140b595ca6e5c0ff7015aacd4425343a8a9707824598e",
                "c38d21ec46e581d3b740b9e7878372ad85b7ac126da1deaa0798540b68f1888d",
                "67a3ff441bb3289567610452061bf68e5c04cf38ecad369b340a9fd4ef0794ff",
                "91fdc00c377aeebcbf2ddc20ad661a4542e9c49a6b92159df1e7ec62339e6b2c",
                "35056b72d3f4611650213f14f104839f5699d2bed2e9c68776ef6f0d9fea4c5b",
                "bccba22bb05ae6edc469459f694295803d87958458b3b04655990de49e3dd27a",
                "2368b40d8cf92cfb5efa42d982cea6141950e7f6c986b6ad45567ab5454265fa",
                "7a8e5d07e767e7fbc61e21935152526a3a3123050fa74032cf9c0519eabdb53a",
                "d160fdba1ea48c69cc4dd133077753d8f211a1876609db0f172bb9ca5e6f1ed5",
                "74f1d97b0931471417c4d652a3f643ab366f954c06eece227b0e20dbdaadd452",
                "4bc6aca380c268b943a623ba1d6452b559e26d1c2d4a957daae79952ac81ea4e",
                "dba13b585dfc208828d751c1af562fe5e75878def066f635bca0b095c4c66857",
                "d5622c9e804ad0d097d471a72431dce580eb6967c2f4da0a0376ff72ce902f4a",
                "10bcb724353c259ee6979e14c9ff7415ac5ee662640e2db42b8a59e16069db2f",
                "8ecee41697508b48868b74d4ec2416e7389d202ec02e1f125584cea64a178f65",
                "73c214920323ce48bc6bb12f3fb146efabd6427a636711a65a7112b736a264df",
                "e43d90996a8e5a1d682ac29abec2db777deaf4116d8020dabb53f0179b9fb8bc",
                "f9a73f28a59e0f56d9a4b3e1d7c25b7999178bc55ca2f2881edd3e00bd6a5884",
                "ae58ee4db478703a9236e0b9dafc305973a14e17ec078b7e7fc5b08998c5d60e"
            ],
            "type": "Script",
            "firstPartyCookies": {
                "source": {
                    "ttl": 604827,
                    "length": 6,
                    "prevalence": 0.0000070733363512901765,
                    "uniqueness": 1
                }
            },
            "firstPartyCookiesSent": {},
            "exampleSites": [
                "apexlaboratories.com",
                "shopblackrifle.com",
                "cardiomiracle.com",
                "www.sofabaton.com",
                "www.retevis.com",
                "www.france-mineraux.fr",
                "www.aceflex.de",
                "www.creality.com",
                "tsoproducts.com",
                "www.pidoll.com",
                "www.levyelectric.com",
                "tkellknives.com",
                "www.shopabunda.com",
                "www.heatstrapsusa.com",
                "creality.com",
                "www.homary.com",
                "helixsleep.com",
                "ovenfreshdelivery.com",
                "www.shinesty.com",
                "hopmunitions.com"
            ]
        },
        {
            "rule": "goaffpro\\.com\\/shop",
            "cookies": 0,
            "fingerprinting": 0,
            "subdomains": [
                "api2"
            ],
            "apis": {},
            "sites": 4,
            "prevalence": 0.0000283,
            "cnames": [],
            "responseHashes": [
                "4f9d4667f65c25ef236916751abebf74d2adde868dbe039c6098c2e317b6ed6e",
                "accab0c232c6d7d764feccdd73afaa0f8eb391e8d66996f6abd13c3ffb2d4d0f"
            ],
            "type": "Fetch",
            "firstPartyCookies": {},
            "firstPartyCookiesSent": {
                "ref": 0.0000070733363512901765
            },
            "exampleSites": [
                "allstitch.com",
                "mammotion.com",
                "ovenfreshdelivery.com",
                "ruffgreens.com"
            ]
        },
        {
            "rule": "goaffpro\\.com\\/cross-domain-sharing-innner-frame\\.html",
            "cookies": 0,
            "fingerprinting": 0,
            "subdomains": [
                "static"
            ],
            "apis": {},
            "sites": 5,
            "prevalence": 0.0000354,
            "cnames": [],
            "responseHashes": [],