{
    "domain": "granify.com",
    "owner": {
        "name": "Granify Inc.",
        "displayName": "Granify"
    },
    "source": [
        "DuckDuckGo-US"
    ],
    "prevalence": 0.000304,
    "sites": 43,
    "subdomains": [
        "cdn",
        "matching"
    ],
    "cnames": [],
    "fingerprinting": 2,
    "resources": [
        {
            "rule": "granify\\.com\\/assets\\/javascript\\.js",
            "cookies": 0.0000637,
            "fingerprinting": 2,
            "subdomains": [
                "cdn"
            ],
            "apis": {
                "Navigator.prototype.userAgent": 13,
                "window.localStorage": 14,
                "Date.prototype.getTime": 14,
                "Document.cookie getter": 10,
                "Document.cookie setter": 9,
                "window.innerHeight": 8,
                "window.innerWidth": 8,
                "PerformanceTiming.prototype.navigationStart": 8,
                "Date.prototype.getTimezoneOffset": 8,
                "WebGLRenderingContext.prototype.getExtension": 7,
                "WebGLRenderingContext.prototype.getParameter": 7,
                "window.sessionStorage": 1
            },
            "sites": 30,
            "prevalence": 0.000212,
            "cnames": [],
            "responseHashes": [
                "09c57b4b026380ab8d311882f117fad8fcb1e1db1de9104bf915a2b867ecaa95",
                "1af4ce9a45083af1f4e50f3b69dec2b62255ca1a1c969b167563f8cd3e4c24c8",
                "725a190812a0e91663c00b233b0deae9c029b0666e2dd120bd2b0d2cfe26b9a9",
                "b661f0afd6c33d7b736cc5d76f8a72fc3a05122789cfcc4392a5c858af55423c",
                "075d77d10f72988a73eddfca7f830e2531fccf029086c769f60555f50cb8941d",
                "82a114f05d542c2905fcc36d1a9133efbc2452dbb5106e7afd6e67b296857ed1",
                "09e58c6275bc90ec64bdfaeeaccc23ba0a5eba89ac1cb0604764322bfe10e98e",
                "cdf0075fe9dfdbc14a82a906fbbc14c2c6861dbc9f50cd116893768d0686cfb0",
                "6c542be20a0fdabacf3df61296168bf197055d9dd1cf185b87521ddc80d55ce2",
                "1e0cef77942947827854468b3471fb3d16b3ed91d857cd86919e5bc47102c8be",
                "a142e320b402184c0c3c7440d241f9476e5903da7d1b33936f520fe0ca5555cd",
                "a6f2599b886f42efdfbd8240ed926d9e62dd6afab184dd3f7064e6258a25c7f4",
                "d92d6b27fab9786a0d5052c8a3e83f29ba79cdb50b42783921d7ff6511ed1592",
                "70f53dc422bd1c43a986fa81216e39eea9f50b749a70fbf9069159c8a4b38bac",
                "f079048eeea52b2ae2f4677164ecbc9c7728ae3ecbafd26e72c002432cd2c46c",
                "d977ab4f556958b8c7bdd68c16328fcc79df8a6caef8d130c8116c3e4782d2e6",
                "6d1a09a7267b83a4408aee656b35fe02b2e30eb17931e8289a6979652c092a90",
                "fdb8b984736b0dd72770116e2cc78d399588cab76c872275fe4e942720c4392b",
                "308030d50e65f34cbf014dd65eac02c79baca138528f8c56be8c6d6b6eb6b796",
                "bfeaa137881c6a5953411286d3331235106c28749abca54c209996a24f9a5c5c"
            ],
            "type": "Script",
            "firstPartyCookies": {
                "granify.uuid": {
                    "ttl": 157680005,
                    "length": 36,
                    "prevalence": 0.0000636600271616116,
                    "uniqueness": 1
                },
                "granify.session.1244": {
                    "ttl": 157680028,
                    "length": 2,
                    "prevalence": 0.000014146672702580353,
                    "uniqueness": 0.5
                },
                "granify_group": {
                    "ttl": 1822,
                    "length": 7,
                    "prevalence": 0.0000070733363512901765,
                    "uniqueness": 1
                },
                "granify.new_user.1244": {
                    "ttl": 157680022,
                    "length": 4,
                    "prevalence": 0.0000070733363512901765,
                    "uniqueness": 1
                },
                "granify.session.Fe7eW": {
                    "ttl": 157680025,
                    "length": 2,
                    "prevalence": 0.000014146672702580353,
                    "uniqueness": 0.5
                },
                "granify.new_user.Fe7eW": {
                    "ttl": 157680024,
                    "length": 4,
                    "prevalence": 0.000014146672702580353,
                    "uniqueness": 0.5
                },
                "granify.session.1447": {
                    "ttl": 157680009,
                    "length": 2,
                    "prevalence": 0.0000070733363512901765,
                    "uniqueness": 1
                },
                "granify.new_user.1447": {
                    "ttl": 157680005,
                    "length": 4,
                    "prevalence": 0.0000070733363512901765,
                    "uniqueness": 1
                },
                "granify.session.j1eh2": {
                    "ttl": 157680010,
                    "length": 2,
                    "prevalence": 0.0000070733363512901765,
                    "uniqueness": 1
                },
                "granify.new_user.j1eh2": {
                    "ttl": 157680023,
                    "length": 4,
                    "prevalence": 0.0000070733363512901765,
                    "uniqueness": 1
                },
                "granify.session.ybsyv": {
                    "ttl": 157680003,
                    "length": 2,
                    "prevalence": 0.0000070733363512901765,
                    "uniqueness": 1
                },
                "granify.new_user.ybsyv": {
                    "ttl": 157680005,
                    "length": 4,
                    "prevalence": 0.0000070733363512901765,
                    "uniqueness": 1
                },
                "granify.session.j8p6y": {
                    "ttl": 157680003,
                    "length": 2,
                    "prevalence": 0.0000070733363512901765,
                    "uniqueness": 1
                },
                "granify.new_user.j8p6y": {
                    "ttl": 157680019,
                    "length": 4,
                    "prevalence": 0.0000070733363512901765,
                    "uniqueness": 1
                }
            },
            "firstPartyCookiesSent": {},
            "exampleSites": [
                "www.alibris.com",
                "www.express.com",
                "oldnavy.gapcanada.ca",
                "bananarepublic.gapcanada.ca",
                "www.gapfactory.com",
                "stores.express.com",
                "www.ballarddesigns.com",
                "www.champssports.com",
                "frontgate.com",
                "kendrascott.com",
                "www.lenovo.com",
                "www.fossil.com",
                "lenovo.com",
                "www.joann.com",
                "www.frontgate.com",
                "www.grandinroad.com",
                "anntaylor.com",
                "ballarddesigns.com",
                "www.gapcanada.ca",
                "loft.com"
            ]
        },
        {
            "rule": "granify\\.com\\/match",
            "cookies": 0,
            "fingerprinting": 0,
            "subdomains": [
                "matching"
            ],
            "apis": {},
            "sites": 10,
            "prevalence": 0.0000707,
            "cnames": [],
            "responseHashes": [],
            "type": "Preflight",
            "firstPartyCookies": {},
            "firstPartyCookiesSent": {},
            "exampleSites": [
                "anntaylor.com",
                "frontgate.com",
                "kendrascott.com",
                "loft.com",
                "stores.express.com",
                "www.anntaylor.com",
                "www.fossil.com",
                "www.frontgate.com",
                "www.kendrascott.com",
                "www.loft.com"
            ]
        },
        {
            "rule": "granify\\.com\\/match",