{
    "domain": "grxchange.gr",
    "owner": {},
    "source": [
        "DuckDuckGo-US"
    ],
    "prevalence": 0.000191,
    "sites": 27,
    "subdomains": [
        "x"
    ],
    "cnames": [],
    "fingerprinting": 0,
    "resources": [
        {
            "rule": "grxchange\\.gr\\/priv-sb-topics",
            "cookies": 0,
            "fingerprinting": 0,
            "subdomains": [
                "x"
            ],
            "apis": {},
            "sites": 23,
            "prevalence": 0.000163,
            "cnames": [],
            "responseHashes": [
                "4d24118edd3d5efb1487fc8fe3ccae90c85707d464ad0b46718c6fdf1dde1bd2"
            ],
            "type": "Document",
            "firstPartyCookies": {},
            "firstPartyCookiesSent": {},
            "exampleSites": [
                "www.protothema.gr",
                "www.newsit.gr",
                "www.tovima.gr",
                "www.iefimerida.gr",
                "www.sdna.gr",
                "www.zougla.gr",
                "www.thetoc.gr",
                "akispetretzikis.com",
                "www.athensvoice.gr",
                "www.capital.gr",
                "meteo.gr",
                "www.skai.gr",
                "www.antenna.gr",
                "www.sport24.gr",
                "eleftherostypos.gr",
                "www.tlife.gr",
                "www.news247.gr",
                "www.megatv.com",
                "www.pronews.gr",
                "www.travel.gr"
            ]
        },
        {
            "rule": "grxchange\\.gr\\/ads",
            "cookies": 0.00017,
            "fingerprinting": 0,
            "subdomains": [
                "x"
            ],
            "apis": {},
            "sites": 25,
            "prevalence": 0.000177,
            "cnames": [],
            "responseHashes": [
                "930f23c5588ab262fe47dbac3c7e32bce7afdb858f180a915cf183ce2d42361e",
                "caade4d3697280f03934be4c8bbe409d2a58b5cf2dca05ffeeec8de2ac95d766",
                "01577d7a6d91ada52964ba44b3ef869f10b1b28bf59f96947367dac524110497",
                "959376550580d96eb3649cac56a83f333d7e168d9367d5da0791ed45a8ed3321",
                "4aff661251c2e9ff9e5777d3c25c7c7adca94b6e397564f9c93587d10c95afb5",
                "e39793f1bf541ee3eb788095cf50e83aab389d14434d54399d15192c92710839",
                "765ec25c14cb44266c87cf6c42770aad6c242b020983ca5de67eda9a4158d578",
                "8041339f89b387b2891fe53e86efe0a6d4eb5e13908b41c427104dfa429950e8",
                "0f3aa11c927b32444638959c9a0e23a67191f5dff29bf3eb834f34b92bd5a175",
                "a6f1f6819cdcddef0d82b8cc5363f93295f3af4c85695cdefe64750c9804edd3",
                "e4c74c4a0e3a938b77d212cc1bceed37fe041a984741de5aeb182221e8e85847",
                "d30d2cf0063cac590da3450de4a724ae75675cae85a5f3b6f47b03ea5039d6cc",
                "1726036348e3021b4b29a48e19fd97967a965e0ff34bbf1cc7c6d4be3606c3ec",
                "bfc5bb90cb1727f8558b365d8c5872d802769993d12a9563da6626ec16e6efa2",
                "e7b31e4cee350a2ba44e12f7f8e821366373a6b009d903697cfc1d76ed8639bf",
                "f1b2ecd23c3519d92785472715da03e155d6e64dc71040a45def14f7d14e6d89",
                "643c5ddddd8c3d9bd825a793f720fe85301d33bc595c66119b7b3883649417c0",
                "9429c1d35d2affdd33819a5c7cdf4d7510eb73591ac172dd2dbadee9ec4d447d",
                "1c7214ace6e00066ac4119a4b556945d6c9452e5da729e27922b23b9a135380e"
            ],
            "type": "Fetch",
            "firstPartyCookies": {},
            "firstPartyCookiesSent": {
                "lotame_domain_check": 0.000028293345405160706,
                "cookies.js_dtest": 0.000014146672702580353,
                "parsely_uuid": 0.000014146672702580353
            },
            "exampleSites": [
                "www.zougla.gr",
                "www.gazzetta.gr",
                "www.iefimerida.gr",
                "akispetretzikis.com",
                "www.news247.gr",
                "www.thetoc.gr",
                "www.antenna.gr",
                "www.pentapostagma.gr",
                "www.tlife.gr",
                "www.skai.gr",
                "meteo.gr",
                "www.travel.gr",
                "www.newsit.gr",
                "www.star.gr",
                "www.pronews.gr",
                "www.meteo.gr",
                "www.sport24.gr",
                "www.sdna.gr",
                "www.protothema.gr",
                "www.tovima.gr"
            ]
        },
        {
            "rule": "grxchange\\.gr\\/cas\\/x8oCS6-ipqMmxuf4NO-qNlUIKz7txT",
            "cookies": 0.0000141,
            "fingerprinting": 0,
            "subdomains": [
                "x"
            ],
            "apis": {},
            "sites": 2,
            "prevalence": 0.0000141,
            "cnames": [],
            "responseHashes": [
                "e3b0c44298fc1c149afbf4c8996fb92427ae41e4649b934ca495991b7852b855"
            ],
            "type": "Ping",
            "firstPartyCookies": {},
            "firstPartyCookiesSent": {},
            "exampleSites": [
                "star.gr",
                "www.tlife.gr"
            ]
        }
    ],
    "categories": [],
    "performance": {},
    "cookies": 0.00017,
    "topInitiators": [
        {
            "domain": "adman.gr",
            "prevalence": 0.9411764705882353
        },
        {
            "domain": "first party",
            "prevalence": 0.058823529411764705
        }
    ],
    "types": {
        "Document": 23,
        "Fetch": 25,
        "Ping": 2
    },
    "nameservers": [
        "dnsdt.phaistosnetworks.gr",
        "onderon.phaistosnetworks.gr",
        "phaistos.phaistosnetworks.gr"
    ]
}