{
    "domain": "h-cdn.com",
    "owner": {
        "name": "Hola Networks Ltd.",
        "displayName": "Hola Networks"
    },
    "source": [
        "DuckDuckGo-US"
    ],
    "prevalence": 0.000092,
    "sites": 13,
    "subdomains": [
        "player",
        "perr",
        "player2",
        "zagent4",
        "zagent1544",
        "zagent1542",
        "zagent32",
        "zagent29"
    ],
    "cnames": [],
    "fingerprinting": 2,
    "resources": [
        {
            "rule": "h-cdn\\.com\\/loader\\.js",
            "cookies": 0,
            "fingerprinting": 1,
            "subdomains": [
                "player"
            ],
            "apis": {
                "window.localStorage": 11,
                "Navigator.prototype.userAgent": 10,
                "Navigator.prototype.product": 2,
                "Navigator.prototype.platform": 2,
                "window.sessionStorage": 2,
                "Navigator.prototype.connection": 1,
                "MediaSource.isTypeSupported": 1
            },
            "sites": 12,
            "prevalence": 0.0000849,
            "cnames": [],
            "responseHashes": [
                "e6b0cf53329f3882e0dbce07a9b985838f373cfe250f92b36a6191c1cd680a6d",
                "12f72e9912be6eed077d622121f9814ce4a57a9850f645ff46fd8d61b04b6f7c",
                "bfb2ca151f932cdea39aff7274b8b5bbc60deade64dd086c04d1d19c1b70e123",
                "ce28edc73972e18af142770c9bb193723876ac74b0bb689ca6c3f901d9531750",
                "1a2608cfe4f1a72cc0f336dc5e1a18f2498a808f8958f4ce6325c714b6baafaf",
                "b4200086d1a9ceb472f13fdff8dddfc388de6830ec3f682e19fbc6f2c6acc6d5",
                "cec0514048e07c3624cc84d8b82129ab16ba2ae572ba3f2e7fdbd286c0e0904b",
                "05b7f68d9e39f2987259ce198a1a6e992849e63305152eb0c446a28cfae91342",
                "02703a74008844b75b83fbeb3789dee984189853883eb696631b1f92ba9ad767",
                "e3b0c44298fc1c149afbf4c8996fb92427ae41e4649b934ca495991b7852b855"
            ],
            "type": "Script",
            "firstPartyCookies": {},
            "firstPartyCookiesSent": {},
            "exampleSites": [
                "foxnews.com",
                "my.foxnews.com",
                "www.corrieredellosport.it",
                "www.foxbusiness.com",
                "www.foxnews.com",
                "www.one.co.il",
                "www.polsatnews.pl",
                "www.polsatsport.pl",
                "www.sportschau.de",
                "www.tagesschau.de",
                "www.tuttosport.com",
                "www.tvp.info"
            ]
        },
        {
            "rule": "h-cdn\\.com\\/config\\.js",
            "cookies": 0,
            "fingerprinting": 1,
            "subdomains": [
                "player"
            ],
            "apis": {
                "Navigator.prototype.userAgent": 6
            },
            "sites": 8,
            "prevalence": 0.0000566,
            "cnames": [],
            "responseHashes": [
                "46144d7871e7555cd21b6fb5b4fce4cae5b4c098aceb67f5e9c38a7b648cb98a",
                "20a11a3a637693dbfbc97e63edd1d0be6165086a4bccbcf9f5b25b7c771a446c",
                "df0453cf0bd23b6bcb0a99efbfeac9499a5d72ad8943e51e6f3029e0f6850154"
            ],
            "type": "Script",
            "firstPartyCookies": {},
            "firstPartyCookiesSent": {},
            "exampleSites": [
                "foxnews.com",
                "my.foxnews.com",
                "www.foxbusiness.com",
                "www.one.co.il",
                "www.polsatsport.pl",
                "www.polsatnews.pl",
                "www.sportschau.de",
                "www.tagesschau.de"
            ]
        },
        {
            "rule": "h-cdn\\.com\\/be_client_cgi\\/perr",
            "cookies": 0,
            "fingerprinting": 0,
            "subdomains": [
                "perr"
            ],
            "apis": {},
            "sites": 3,
            "prevalence": 0.0000212,
            "cnames": [],
            "responseHashes": [
                "d723a603d3a114b1def5093b4cfad8597246891011293eeb1079fa0c7670da9c"
            ],
            "type": "XHR",
            "firstPartyCookies": {},
            "firstPartyCookiesSent": {},
            "exampleSites": [
                "foxnews.com",
                "my.foxnews.com",
                "www.foxbusiness.com"
            ]
        },
        {
            "rule": "h-cdn\\.com\\/svc\\/cdn\\/pub\\/css\\/widget\\.css",
            "cookies": 0,
            "fingerprinting": 0,
            "subdomains": [
                "player"
            ],
            "apis": {},
            "sites": 5,
            "prevalence": 0.0000354,
            "cnames": [],
            "responseHashes": [
                "b141a7524bb772ea57aaf05440bcae1e74fe44208644cad5bcd70f8a3c6e2ba4"
            ],
            "type": "Stylesheet",
            "firstPartyCookies": {},
            "firstPartyCookiesSent": {},
            "exampleSites": [
                "corrieredellosport.it",
                "www.foxbusiness.com",
                "www.polsatsport.pl",
                "www.polsatnews.pl",
                "www.tuttosport.com"
            ]
        },
        {
            "rule": "h-cdn\\.com\\/svc\\/cdn\\/pub\\/css\\/playlist\\.css",
            "cookies": 0,
            "fingerprinting": 0,
            "subdomains": [
                "player"
            ],
            "apis": {},
            "sites": 5,
            "prevalence": 0.0000354,
            "cnames": [],
            "responseHashes": [
                "42224d4aca0ff3faca9c8ff6dddfc649dfdda53c48cede3db38150b71190bf07"
            ],
            "type": "Stylesheet",
            "firstPartyCookies": {},
            "firstPartyCookiesSent": {},
            "exampleSites": [
                "corrieredellosport.it",
                "www.foxbusiness.com",
                "www.polsatsport.pl",
                "www.polsatnews.pl",
                "www.tuttosport.com"
            ]
        },
        {
            "rule": "h-cdn\\.com\\/svc\\/cdn\\/pub\\/css\\/casting\\.css",
            "cookies": 0,
            "fingerprinting": 0,
            "subdomains": [
                "player"
            ],
            "apis": {},
            "sites": 4,
            "prevalence": 0.0000283,
            "cnames": [],
            "responseHashes": [
                "ccb0dbde9ca221036804a7ccb05809a3e0d62cc1ffa2aa6692f2cd44da39c39a"
            ],
            "type": "Stylesheet",
            "firstPartyCookies": {},
            "firstPartyCookiesSent": {},
            "exampleSites": [
                "corrieredellosport.it",
                "www.polsatsport.pl",
                "www.polsatnews.pl",
                "www.tuttosport.com"
            ]
        },
        {
            "rule": "h-cdn\\.com\\/svc\\/cdn\\/pub\\/css\\/seek_zones\\.css",
            "cookies": 0,
            "fingerprinting": 0,
            "subdomains": [
                "player2"
            ],
            "apis": {},
            "sites": 2,
            "prevalence": 0.0000141,
            "cnames": [],
            "responseHashes": [
                "047d001b174a8c8251e63fdcbafcab94af1775b5f16e0b2b5f59e253d01dc635"
            ],
            "type": "Stylesheet",
            "firstPartyCookies": {},
            "firstPartyCookiesSent": {},
            "exampleSites": [
                "corrieredellosport.it",
                "www.tuttosport.com"
            ]
        },
        {
            "rule": "h-cdn\\.com\\/cmd\\/get_geoip",
            "cookies": 0,
            "fingerprinting": 0,
            "subdomains": [
                "zagent4",
                "zagent1544"
            ],
            "apis": {},
            "sites": 3,
            "prevalence": 0.0000212,
            "cnames": [],