{
    "domain": "helloretail.com",
    "owner": {},
    "source": [
        "DuckDuckGo-US"
    ],
    "prevalence": 0.000113,
    "sites": 16,
    "subdomains": [
        "core"
    ],
    "cnames": [],
    "fingerprinting": 1,
    "resources": [
        {
            "rule": "helloretail\\.com\\/serve\\/trackingUser",
            "cookies": 0,
            "fingerprinting": 0,
            "subdomains": [
                "core"
            ],
            "apis": {},
            "sites": 14,
            "prevalence": 0.000099,
            "cnames": [],
            "responseHashes": [
                "13b8d6fbeba7c3f13356e23062a823c0da4915019e88b3dd8fa583e07dbc5c5c",
                "721f3a2db1d83141341707974d23dbef40fb97431b9f6824e81e0101360c4e99",
                "3990688ab7a2af9322da0f392817d80eefe77ed7939600d567385e7ff80756cc",
                "2443fe971e8621935eccfa8e4187470992a5857bff62eb2b721af73196e0f061",
                "f32f42d85dad540274a8f3bc4d30bc9e052b9191a0a863792aceb4913f0715e9",
                "a53a023af0c2169f2d21fe51f8cfc37e4716eaf15597b47d295dce7092e2bf75",
                "53f2721e40be94303fe4f1305ebc9aa2da14b09258e200305407d01521cb9110",
                "be1053ae0a0e1ca3093c945df51e1917a05a376984b8b570e5deb792941d1f10",
                "6def5eb37ce9c38d69dd893c205df5e484c86213d2832d408342c246ab2beaa1",
                "581384883e8e86f6f955c8f73950d5f1fc274faec94a9bd7dc94da94fb392436",
                "488492846afa6acd8562ca5073bd21de388bd16f296cc3b88d905f754987e82e",
                "9343e6beb59c7e31976001aba7e6b45a039e4279df3b5f4f1278bfc7bcb90083",
                "e7679cd143bddb68fd37da2c51d4ef6c04a4bdd628fee60b3f0abf5692bab8ba"
            ],
            "type": "XHR",
            "firstPartyCookies": {},
            "firstPartyCookiesSent": {},
            "exampleSites": [
                "boekenbalie.nl",
                "cykelexperten.dk",
                "verktygsboden.se",
                "www.arkenzoo.se",
                "www.aveve.be",
                "www.avxperten.dk",
                "www.deverfzaak.nl",
                "www.halpahalli.fi",
                "www.jespersplanteskole.dk",
                "www.mustijamirri.fi",
                "www.petenkoiratarvike.com",
                "www.seasea.se",
                "www.sportfiskeprylar.se",
                "www.tuinplant.nl"
            ]
        },
        {
            "rule": "helloretail\\.com\\/serve\\/init",
            "cookies": 0,
            "fingerprinting": 0,
            "subdomains": [
                "core"
            ],
            "apis": {},
            "sites": 16,
            "prevalence": 0.000113,
            "cnames": [],
            "responseHashes": [
                "66bcfac76da9822ff34b6cb2407c6df897ee42970e8a5ea6d386da9417cc2b15",
                "640861d5e7161486e1635283824082a2342eaeabb7211f1301fdcf0478f6caf0",
                "f9e263eb52e534e7f21d8af83280d2ca396d9fe4503f0788cb279608dc331631",
                "aa8cc18b9fa2d10bd76abf14b0b40e21a5499b4496adc7d853caedef7970fb0e",
                "ba50073a91a78d39b65c35bcb5424f7f28f59df3696a413d024d80a2c559065c",
                "089e44c83ce810a1e7d0ee0e5e2701adb2dca3b5cb562752b38bd427a3a86765",
                "a534996c8d59ec0ec9044a0ca5fcad85d3537a00880558127785b9721ad90069",
                "cd75d7efb5c8568ff8fdbf39fa5dad996c8e5c833c825e6b24216aae55dc33c2",
                "dd0111092e95809ddb44f191c045f2cfc5f332739eefcad7553e5a9ccb6a1fea",
                "f3e580f5c884c6b8fcc9173b9c6c72d39329b9a041f2e670cf3f94a7f4a40c87",
                "75a4f6ff48383f54e2529a6d58f15baf5564b0c95cbbb7d921a672b43be9202d",
                "e00e582b48ad915d016c74ae46a9bcc5f22e065b21195adcc639fd35b6a5a21b",
                "474242357479418650acb97e1c946757484c1bf67a99dafce9c0855549d420c6",
                "df6ba89842aed9caf182a97a237de9f5ded13eb9d989a4d740c0172ba851c9b4"
            ],
            "type": "XHR",
            "firstPartyCookies": {},
            "firstPartyCookiesSent": {
                "hello_retail_id": 0.00008488003621548212
            },
            "exampleSites": [
                "boekenbalie.nl",
                "cykelexperten.dk",
                "verktygsboden.se",
                "www.arkenzoo.se",
                "www.aveve.be",
                "www.avxperten.dk",
                "www.bog-ide.dk",
                "www.deverfzaak.nl",
                "www.halpahalli.fi",
                "www.jespersplanteskole.dk",
                "www.mustijamirri.fi",
                "www.petenkoiratarvike.com",
                "www.seasea.se",
                "www.sportfiskeprylar.se",
                "www.tuinplant.nl",
                "www.xlbygg.se"
            ]
        },
        {
            "rule": "helloretail\\.com\\/serve\\/setup",
            "cookies": 0,
            "fingerprinting": 1,
            "subdomains": [
                "core"
            ],
            "apis": {
                "window.innerWidth": 1,
                "Screen.prototype.availHeight": 1
            },
            "sites": 15,
            "prevalence": 0.000106,
            "cnames": [],
            "responseHashes": [
                "350071fd5d8e5846bf9e24c2fba44635085ad21ef0c40098fc34713723c4b116",
                "e4e27acfcb54567a8d458de326bef8e46a48f33e9596d0c1c7fef0d63fc7e771",
                "16b862324e8f1059f7d4d84642aeb462f5e4bde1eb8c938a43c3490dc6eeea3d",
                "8d6b40dd019ff71db7611b03a4f011dbb07a5fd3afaf103541d1e1281480abad",
                "3c73600ebb0e2149bc9ab16ff8c90aa63635141235544d02fa82a2fee5c80a48"
            ],
            "type": "Script",
            "firstPartyCookies": {},
            "firstPartyCookiesSent": {},
            "exampleSites": [
                "boekenbalie.nl",
                "cykelexperten.dk",
                "verktygsboden.se",
                "www.arkenzoo.se",
                "www.aveve.be",
                "www.avxperten.dk",
                "www.bog-ide.dk",
                "www.halpahalli.fi",
                "www.jespersplanteskole.dk",
                "www.mustijamirri.fi",
                "www.petenkoiratarvike.com",
                "www.seasea.se",
                "www.sportfiskeprylar.se",
                "www.tuinplant.nl",
                "www.xlbygg.se"
            ]
        },
        {
            "rule": "helloretail\\.com\\/serve\\/collect\\/pageview",
            "cookies": 0,
            "fingerprinting": 0,
            "subdomains": [
                "core"
            ],
            "apis": {},
            "sites": 14,
            "prevalence": 0.000099,
            "cnames": [],
            "responseHashes": [
                "e3b0c44298fc1c149afbf4c8996fb92427ae41e4649b934ca495991b7852b855"
            ],
            "type": "Ping",
            "firstPartyCookies": {},
            "firstPartyCookiesSent": {},
            "exampleSites": [
                "boekenbalie.nl",
                "cykelexperten.dk",
                "verktygsboden.se",
                "www.arkenzoo.se",
                "www.aveve.be",
                "www.avxperten.dk",
                "www.bog-ide.dk",
                "www.halpahalli.fi",
                "www.jespersplanteskole.dk",
                "www.mustijamirri.fi",
                "www.petenkoiratarvike.com",
                "www.seasea.se",
                "www.sportfiskeprylar.se",
                "www.tuinplant.nl"
            ]
        },
        {
            "rule": "helloretail\\.com\\/partner\\/init\\.html",
            "cookies": 0,
            "fingerprinting": 0,
            "subdomains": [
                "core"
            ],
            "apis": {},
            "sites": 15,
            "prevalence": 0.000106,
            "cnames": [],