{
    "domain": "hexgator.com",
    "owner": {},
    "source": [
        "DuckDuckGo-US"
    ],
    "prevalence": 0.0000849,
    "sites": 12,
    "subdomains": [
        "bc"
    ],
    "cnames": [],
    "fingerprinting": 0,
    "resources": [
        {
            "rule": "hexgator\\.com\\/social-login\\/script\\.js",
            "cookies": 0.0000707,
            "fingerprinting": 0,
            "subdomains": [
                "bc"
            ],
            "apis": {},
            "sites": 10,
            "prevalence": 0.0000707,
            "cnames": [],
            "responseHashes": [
                "b69a7a792b72289a4229149fea77f3378ae00871e44924955e16663a0616daea",
                "ae77104f1a0f4238aec94cb101616889fce52227a886f0aa7e7558ffc83ea8bc",
                "40d0e03b090d2159522bfd7cca5bff41ed803077cfab9d720597b661be11d320",
                "e6c58c803282bb9e1b963e70ee29582d8f8c7aa8262b50aaf751552e2638b8f8",
                "735a65ce9de53164a264429c1839d1d13b733a21e8b07f8249d2dc8c9c3fe031",
                "7cde8bc03c8eb905a7f506072ba4fb16cd419f16b28484a9dba16956015517d4",
                "224bfa8e72e93cb9bda906fda3c438dea0b7be4706e952f795b832b24f8cffca",
                "0c2c78ef1ab5ce121eb86f74a5ac885502646a1b26af6785054db2b48b95cc27",
                "45b770cffb113b6632b34cce34b7ea4de78a6102ad20482c633368585bb2365d"
            ],
            "type": "Script",
            "firstPartyCookies": {},
            "firstPartyCookiesSent": {},
            "exampleSites": [
                "grandbrass.com",
                "gritrsports.com",
                "kohler.engines.parts",
                "ok4wd.com",
                "orthoticshop.com",
                "outdoorlimited.com",
                "tulster.com",
                "www.anarchyoutdoors.com",
                "www.hydropumps.parts",
                "www.plazajapan.com"
            ]
        }
    ],
    "categories": [],
    "performance": {},
    "cookies": 0.0000849,
    "topInitiators": [
        {
            "domain": "first party",
            "prevalence": 1
        }
    ],
    "types": {
        "Script": 10
    },
    "nameservers": [
        "ns53.domaincontrol.com",
        "ns54.domaincontrol.com"
    ]
}