{
    "domain": "hotyon.com",
    "owner": {},
    "source": [
        "DuckDuckGo-US"
    ],
    "prevalence": 0.000092,
    "sites": 13,
    "subdomains": [
        "svc-1001-usf",
        "svc-2-usf",
        "svc-0-usf",
        "svc-8-usf"
    ],
    "cnames": [],
    "fingerprinting": 0,
    "resources": [
        {
            "rule": "hotyon\\.com\\/search",
            "cookies": 0,
            "fingerprinting": 0,
            "subdomains": [
                "svc-1001-usf",
                "svc-2-usf",
                "svc-0-usf",
                "svc-8-usf"
            ],
            "apis": {},
            "sites": 11,
            "prevalence": 0.0000778,
            "cnames": [],
            "responseHashes": [
                "2a04776f7ff9b69a30a53d9956ed9b1f8523b156d45bd5056a821381474046a3",
                "41f983e50519deca014c9d2a8ae4a588bc1788c448a5dac974bee28be56e61fa",
                "7885804180c9fabbed9ef830ff58f3b784cb0bef41571c6ef007bb5e35261ac0",
                "42e598287325fe15b86bccfe9a68592be39c28cc17150addda233a58bf6eea59",
                "d5737b45335a21c71f2242b44efe40495b56e110f2dafb7cfa182856ab3b0579",
                "93deb86ceb82520950656782345d173211a3ef5e39037fbd0c4af16eb462a3db",
                "6a8d1b67669b63c44980788d24cd891afe58533380aa001cf0b7dcd229ef692a",
                "67b94052c9db24de3de734314b49b19a5eae8528baea9e3786848f8cf0586326",
                "3f06cac56d7974a4ddba4a7977551b7e6677f00313662ac25ea4e7991a32ec81"
            ],
            "type": "XHR",
            "firstPartyCookies": {},
            "firstPartyCookiesSent": {},
            "exampleSites": [
                "cliceyewear.com",
                "happygardens.com",
                "hustlerhollywood.com",
                "mowthelawn.com",
                "sunplay.com",
                "www.batterytender.com",
                "www.kizerknives.com",
                "www.mypetchicken.com",
                "www.stickley.com",
                "www.tcoflyfishing.com",
                "www.thedressoutlet.com"
            ]
        }
    ],
    "categories": [],
    "performance": {},
    "cookies": 0,
    "topInitiators": [
        {
            "domain": "first party",
            "prevalence": 1
        }
    ],
    "types": {
        "XHR": 11
    },
    "nameservers": [
        "ns-1201.awsdns-22.org",
        "ns-983.awsdns-58.net",
        "ns-366.awsdns-45.com",
        "ns-1997.awsdns-57.co.uk"
    ]
}