{
    "domain": "hy.ly",
    "owner": {},
    "source": [
        "DuckDuckGo-US"
    ],
    "prevalence": 0.0000354,
    "sites": 5,
    "subdomains": [
        "my"
    ],
    "cnames": [],
    "fingerprinting": 1,
    "resources": [
        {
            "rule": "hy\\.ly\\/js\\/attribution-manager\\.js",
            "cookies": 0.0000212,
            "fingerprinting": 1,
            "subdomains": [
                "my"
            ],
            "apis": {
                "Document.cookie getter": 3,
                "Document.cookie setter": 3,
                "Navigator.prototype.userAgent": 4,
                "Date.prototype.getTime": 3
            },
            "sites": 5,
            "prevalence": 0.0000354,
            "cnames": [],
            "responseHashes": [
                "94b329ea4a75fe88ae659eba4a19bf74c54cc8e15e4ec1af25c4f613e0e95fab"
            ],
            "type": "Script",
            "firstPartyCookies": {
                "hyly_initial_traffic_source": {
                    "ttl": 31536003,
                    "length": 6,
                    "prevalence": 0.00002122000905387053,
                    "uniqueness": 0.3333333333333333
                },
                "__utmzzseshyly": {
                    "ttl": null,
                    "length": 1,
                    "prevalence": 0.00002122000905387053,
                    "uniqueness": 0.3333333333333333
                },
                "__utmzz": {
                    "ttl": 31536003,
                    "length": 6,
                    "prevalence": 0.00002122000905387053,
                    "uniqueness": 0.3333333333333333
                },
                "__utmzzses": {
                    "ttl": null,
                    "length": 1,
                    "prevalence": 0.00002122000905387053,
                    "uniqueness": 0.3333333333333333
                },
                "__hylyutmzz": {
                    "ttl": 31536003,
                    "length": 6,
                    "prevalence": 0.00002122000905387053,
                    "uniqueness": 0.3333333333333333
                },
                "__hylyutmzzses": {
                    "ttl": null,
                    "length": 1,
                    "prevalence": 0.00002122000905387053,
                    "uniqueness": 0.3333333333333333
                },
                "hyly_ssid": {
                    "ttl": 2592022,
                    "length": 32,
                    "prevalence": 0.000014146672702580353,
                    "uniqueness": 1
                }
            },
            "firstPartyCookiesSent": {},
            "exampleSites": [
                "livebh.com",
                "www.amli.com",
                "www.bozzuto.com",
                "www.byredwood.com",
                "www.merrillgardens.com"
            ]
        },
        {
            "rule": "hy\\.ly\\/js\\/event-manager\\.js",
            "cookies": 0,
            "fingerprinting": 1,
            "subdomains": [
                "my"
            ],
            "apis": {
                "Navigator.prototype.userAgent": 4,
                "Date.prototype.getTime": 3
            },
            "sites": 5,
            "prevalence": 0.0000354,
            "cnames": [],
            "responseHashes": [
                "48e590aaa67dbb2ccd2960209b041703510c209d719eee79c7c2dafa57b81d27"
            ],
            "type": "Script",
            "firstPartyCookies": {},
            "firstPartyCookiesSent": {},
            "exampleSites": [
                "livebh.com",
                "www.amli.com",
                "www.bozzuto.com",
                "www.byredwood.com",
                "www.merrillgardens.com"
            ]
        },
        {
            "rule": "hy\\.ly\\/chat\\/ssid",
            "cookies": 0.0000354,
            "fingerprinting": 0,
            "subdomains": [
                "my"
            ],
            "apis": {},
            "sites": 5,
            "prevalence": 0.0000354,
            "cnames": [],
            "responseHashes": [
                "5e882f10f75cba67b3c2169ab57b3c03e2e50c3246d9cd4b864b9fa71cdc31f0"
            ],
            "type": "Document",
            "firstPartyCookies": {},
            "firstPartyCookiesSent": {},
            "exampleSites": [
                "livebh.com",
                "www.amli.com",
                "www.bozzuto.com",
                "www.byredwood.com",
                "www.merrillgardens.com"
            ]
        },
        {
            "rule": "hy\\.ly\\/api\\/v1\\/tags\\/translate",
            "cookies": 0,
            "fingerprinting": 0,
            "subdomains": [
                "my"
            ],
            "apis": {},
            "sites": 2,
            "prevalence": 0.0000141,
            "cnames": [],
            "responseHashes": [],
            "type": "Preflight",
            "firstPartyCookies": {},
            "firstPartyCookiesSent": {
                "hyly_ssid": 0.000014146672702580353,
                "sCurrentURL": 0.0000070733363512901765
            },
            "exampleSites": [
                "livebh.com",
                "www.byredwood.com"
            ]
        },
        {
            "rule": "hy\\.ly\\/api\\/v1\\/tags\\/translate",
            "cookies": 0,
            "fingerprinting": 0,
            "subdomains": [
                "my"
            ],
            "apis": {},
            "sites": 2,
            "prevalence": 0.0000141,
            "cnames": [],
            "responseHashes": [
                "9006a3495ca60de4bc2d3afb4115620739cd4a630c09743cee3171007277f8e9"
            ],
            "type": "Fetch",
            "firstPartyCookies": {},
            "firstPartyCookiesSent": {
                "hyly_ssid": 0.000014146672702580353,
                "sCurrentURL": 0.0000070733363512901765
            },
            "exampleSites": [
                "livebh.com",
                "www.byredwood.com"
            ]
        }
    ],
    "categories": [],
    "performance": {},
    "cookies": 0.0000354,
    "topInitiators": [
        {
            "domain": "googletagmanager.com",
            "prevalence": 0.7333333333333333
        },
        {
            "domain": "osano.com",
            "prevalence": 0.2
        },
        {
            "domain": "first party",
            "prevalence": 0.06666666666666667
        }
    ],
    "types": {
        "Script": 10,
        "Document": 5,
        "Preflight": 2,
        "Fetch": 2
    },
    "nameservers": [
        "ns10.dnsmadeeasy.com",
        "ns13.dnsmadeeasy.com",
        "ns11.dnsmadeeasy.com",
        "ns12.dnsmadeeasy.com"
    ]
}