{
    "domain": "iloptrex.com",
    "owner": {},
    "source": [
        "DuckDuckGo-US"
    ],
    "prevalence": 0.000212,
    "sites": 30,
    "subdomains": [],
    "cnames": [],
    "fingerprinting": 0,
    "resources": [
        {
            "rule": "iloptrex\\.com\\/in\\/multy",
            "cookies": 0,
            "fingerprinting": 0,
            "subdomains": [],
            "apis": {},
            "sites": 17,
            "prevalence": 0.00012,
            "cnames": [],
            "responseHashes": [],
            "type": "Preflight",
            "firstPartyCookies": {},
            "firstPartyCookiesSent": {},
            "exampleSites": [
                "gaytxxx.com",
                "hclips.com",
                "hdzog.com",
                "hotmovs.com",
                "m.porn555.com",
                "m.sss.xxx",
                "ooxxx.com",
                "porn555.com",
                "pornzog.com",
                "shemalez.com",
                "thegay.com",
                "transtxxx.com",
                "tubepornclassic.com",
                "txxx.com",
                "upornia.com",
                "vjav.com",
                "voyeurhit.com"
            ]
        },
        {
            "rule": "iloptrex\\.com\\/in\\/multy",
            "cookies": 0,
            "fingerprinting": 0,
            "subdomains": [],
            "apis": {},
            "sites": 17,
            "prevalence": 0.00012,
            "cnames": [],
            "responseHashes": [
                "35d9844c11bd9565e21eab749cfb00b3a9e9a53966cd832984f921b46739c4dd",
                "4fe2d22a24e84cfbe9ed1d6fea8cc821f11ee20636050323ae189c0e40fefdf9",
                "e20622205b26e567b4fb1a338dff72dbe244e1464ffd8952c2708f3eae54526e",
                "6ee2f53f55fa9ca2fa777ea971765821b94b71a43dfc005118f3d25e180e7087",
                "d7fc19a134621551358c7aefbf04c44f9cad4e97355d85cd6cd36c2d20a14ef8",
                "33dfd45bb12c1694f265b80200db5bcc2af612dec0aecb4140357eb0ba5e877d",
                "6edbba114e7acd2bb173556b1187c12288a268ec16233c9b08048ea6a4f66426",
                "b80b278368ce01bbc49dfc3dc580567e5a9358bd8f599918f5e4577dd6c6cd55",
                "a2331644cee30c76bc4a6b29a4ec2385b9104729ca3521eabbc31dc994037e16",
                "b5ccf8d68b01648773135dba475a79c6cae63f3f6922756807616d54b7d3e49d",
                "59c24791df5bcb1f419f31cd8366542b42b5508d33f6296a5cc552832cae9d0f",
                "d029bcff3b32ac62b73b70553a1ffee40f8268db4468ecd2cc4992d20d324b9d",
                "732781478be0a3d6d864c7d58def66ca4ac44d7575aa981b0c2e6e44fe1d1017",
                "f3ed74a6f480fc14705e4127408e03c411782deccf0e070547be2bd35d864ab9",
                "13feade3b9f5e395d717414ee97b9929a824f273c25294a34f21ef59e5ba08e1",
                "febeda942f973d5c6a83eef788d102a0f44eb675d6935655e0c279a7c9117ff7"
            ],
            "type": "XHR",
            "firstPartyCookies": {},
            "firstPartyCookiesSent": {},
            "exampleSites": [
                "gaytxxx.com",
                "hclips.com",
                "hdzog.com",
                "hotmovs.com",
                "m.porn555.com",
                "m.sss.xxx",
                "ooxxx.com",
                "porn555.com",
                "pornzog.com",
                "shemalez.com",
                "thegay.com",
                "transtxxx.com",
                "tubepornclassic.com",
                "txxx.com",
                "upornia.com",
                "vjav.com",
                "voyeurhit.com"
            ]
        },
        {
            "rule": "iloptrex\\.com\\/in\\/show\\/",
            "cookies": 0,
            "fingerprinting": 0,
            "subdomains": [],
            "apis": {},
            "sites": 17,
            "prevalence": 0.00012,
            "cnames": [],
            "responseHashes": [
                "e3b0c44298fc1c149afbf4c8996fb92427ae41e4649b934ca495991b7852b855"
            ],
            "type": "Image",
            "firstPartyCookies": {},
            "firstPartyCookiesSent": {
                "_ym_d": 0.000028293345405160706
            },
            "exampleSites": [
                "gaytxxx.com",
                "hclips.com",
                "hdzog.com",
                "hotmovs.com",
                "m.porn555.com",
                "m.sss.xxx",
                "ooxxx.com",
                "porn555.com",
                "pornzog.com",
                "shemalez.com",
                "thegay.com",
                "transtxxx.com",
                "tubepornclassic.com",
                "txxx.com",
                "upornia.com",
                "vjav.com",
                "voyeurhit.com"
            ]
        }
    ],
    "categories": [],
    "performance": {},
    "cookies": 0,
    "topInitiators": [
        {
            "domain": "first party",
            "prevalence": 0.8
        },
        {
            "domain": "nv7s.com",
            "prevalence": 0.13333333333333333
        },
        {
            "domain": "txxx.tube",
            "prevalence": 0.06666666666666667
        }
    ],
    "types": {
        "Preflight": 17,
        "XHR": 17,
        "Image": 17
    },
    "nameservers": [
        "ns2.digitalocean.com",
        "ns3.digitalocean.com",
        "ns1.digitalocean.com"
    ]
}