{
    "domain": "imdserve.com",
    "owner": {},
    "source": [
        "DuckDuckGo-US"
    ],
    "prevalence": 0.0000849,
    "sites": 12,
    "subdomains": [
        "related-content-production.headless"
    ],
    "cnames": [],
    "fingerprinting": 0,
    "resources": [
        {
            "rule": "imdserve\\.com\\/",
            "cookies": 0,
            "fingerprinting": 0,
            "subdomains": [
                "related-content-production.headless"
            ],
            "apis": {},
            "sites": 12,
            "prevalence": 0.0000849,
            "cnames": [],
            "responseHashes": [
                "057c228dd9f41a1faae4230a067f4e72e2ef807938979c457dfb61e976fc5d6d",
                "7ee18276fdb7547f53a60136d3d0e0315976812861c2ee2ef67b28d064eed5b4",
                "37e4c460db3243b1580b76a47e0ee2857962a2ee8a5708b14a2c4d02ff8e63cc",
                "beead44e8c9ec0d0996040c12a1efb4f1a851f17362ee89efa9619e7e04a99e7",
                "cf53cd5f3e4df44727b50c7ab0fe23050596f4f4b89197f78c2d3a88961c7044",
                "e57bec5c163b205e436ddd3b98b2f0d9c2a9f0a248df85c784b372342a77c32a",
                "e3e60bd075cf5873713546684f2d3fe912678688f0676bc2ec80f1652796031f",
                "cabec149eb7a64358b904215553afce07c2cb398813fb7bb1a40c78a561c3ac4",
                "ea7c8e2806ea717caf362455c15dc1a462c1332a79072e088e45f0a32a3b1096",
                "8e5f0e47b7f05b04705f6877a937a49386dc05233fddef2bcffb64087932f9ae",
                "4b8511101042b8c04ecbb024dec0a6d52f86642a8cf5bf7127e2f6a52dc23778"
            ],
            "type": "Fetch",
            "firstPartyCookies": {},
            "firstPartyCookiesSent": {},
            "exampleSites": [
                "mamotoja.pl",
                "polki.pl",
                "viva.pl",
                "www.bbcgoodfood.com",
                "www.gardenersworld.com",
                "www.historyextra.com",
                "www.kobieta.pl",
                "www.madeformums.com",
                "www.national-geographic.pl",
                "www.olivemagazine.com",
                "www.radiotimes.com",
                "www.saveurs-magazine.fr"
            ]
        }
    ],
    "categories": [],
    "performance": {},
    "cookies": 0,
    "topInitiators": [
        {
            "domain": "first party",
            "prevalence": 1
        }
    ],
    "types": {
        "Fetch": 12
    },
    "nameservers": [
        "ns1.imdserve.com",
        "ns2.imdserve.com",
        "ns3.imdserve.com",
        "ns4.imdserve.com",
        "ns5.imdserve.com",
        "ns6.imdserve.com"
    ]
}