{
    "domain": "infinity-tracking.net",
    "owner": {},
    "source": [
        "DuckDuckGo-US"
    ],
    "prevalence": 0.000156,
    "sites": 22,
    "subdomains": [
        "ict",
        "nas.lon"
    ],
    "cnames": [],
    "fingerprinting": 1,
    "resources": [
        {
            "rule": "infinity-tracking\\.net\\/dcm",
            "cookies": 0.0000778,
            "fingerprinting": 0,
            "subdomains": [
                "ict"
            ],
            "apis": {},
            "sites": 12,
            "prevalence": 0.0000849,
            "cnames": [],
            "responseHashes": [
                "65a91440041c2f8e099c46495f3c3e4b024473d91fb35c1f4d8e087a772c77f6",
                "84e935b9dbc7fa54401c71af11fb16265d7ea64563240cc192b5d00241052ba6",
                "d8a60affdbd4c3f28e61af0a317f813d39ba3abc004e1677b8338120a26aeddb",
                "477966b2b58a5a8023ec783e273558a1d8b43980fa6104960fa9d421ea20e980",
                "aa10ee08954edf737feb741939a6b38f8c597fb5559279a65cee85e5fe5fc678",
                "5ed4186f3b9bbe47b76feb5c145bcf53bd6ba983ddbb9bff2787ed50c8c3c194",
                "a7385433d235ab7028cef710deb341aea9d55594d36554648b5d3952bb45f9c9",
                "9e1d143496690e149019fd0cefcfd1e5563f809dad121ff5b531d93064618aa0",
                "b336c46acb49d9519452991b943314760488240a7179f349367eabb0d3bf109c"
            ],
            "type": "Script",
            "firstPartyCookies": {},
            "firstPartyCookiesSent": {},
            "exampleSites": [
                "brinkshome.com",
                "holiday.saga.co.uk",
                "travel.saga.co.uk",
                "www.amu.apus.edu",
                "www.apu.apus.edu",
                "www.calor.co.uk",
                "www.circlehealthgroup.co.uk",
                "www.mg.co.uk",
                "www.prudential.com",
                "www.rasmussen.edu",
                "www.spirehealthcare.com",
                "www.waldenu.edu"
            ]
        },
        {
            "rule": "infinity-tracking\\.net\\/js\\/nas\\.v1\\.min\\.js",
            "cookies": 0.0000283,
            "fingerprinting": 1,
            "subdomains": [
                "ict"
            ],
            "apis": {
                "window.localStorage": 4,
                "Document.cookie setter": 3,
                "Document.cookie getter": 3,
                "Screen.prototype.width": 3,
                "Screen.prototype.height": 3,
                "Navigator.prototype.userAgent": 3,
                "Date.prototype.getTime": 3
            },
            "sites": 5,
            "prevalence": 0.0000354,
            "cnames": [],
            "responseHashes": [
                "0079b0abbddfbd0ef3ba7202b55efa19850af1f1051846d94e4cc68860fe5714"
            ],
            "type": "Script",
            "firstPartyCookies": {
                "testinfinitycookie": {
                    "ttl": -1747310449,
                    "length": 1,
                    "prevalence": 0.00002122000905387053,
                    "uniqueness": 0.3333333333333333
                },
                "ictf_master": {
                    "ttl": 13,
                    "length": 65,
                    "prevalence": 0.000014146672702580353,
                    "uniqueness": 1
                },
                "ictf_il3716": {
                    "ttl": 13,
                    "length": 67,
                    "prevalence": 0.0000070733363512901765,
                    "uniqueness": 1
                },
                "ictf_in3716": {
                    "ttl": 13,
                    "length": 67,
                    "prevalence": 0.0000070733363512901765,
                    "uniqueness": 1
                },
                "ictf_il2448": {
                    "ttl": 1,
                    "length": 67,
                    "prevalence": 0.0000070733363512901765,
                    "uniqueness": 1
                },
                "ictf_in2448": {
                    "ttl": 1,
                    "length": 67,
                    "prevalence": 0.0000070733363512901765,
                    "uniqueness": 1
                }
            },
            "firstPartyCookiesSent": {},
            "exampleSites": [
                "trugreen.com",
                "www.enterprise.co.uk",
                "www.saintleo.edu",
                "www.trugreen.com",
                "www.worcester-bosch.co.uk"
            ]
        },
        {
            "rule": "infinity-tracking\\.net\\/track",
            "cookies": 0.0000354,
            "fingerprinting": 0,
            "subdomains": [
                "ict"
            ],
            "apis": {},
            "sites": 5,
            "prevalence": 0.0000354,
            "cnames": [],
            "responseHashes": [
                "4c7389979fdb1afd23a203bac1af13101a63a0a8c99f0e002a6d6210de05461e",
                "8fdad14059d37bd004e79373f97694f9c40a0d8d5ac156f41195302a4390713a",
                "0f7b4686e28fe4ea2d8ff8d5d1009d9d1a8e5650e5e4a3653b5838215fc85605",
                "79e8b4afa57050737f7c3875af398798ab73c9b05ef93c002b26f36c3a2ac845"
            ],
            "type": "XHR",
            "firstPartyCookies": {},
            "firstPartyCookiesSent": {
                "_ga": 0.000014146672702580353
            },
            "exampleSites": [
                "trugreen.com",
                "www.enterprise.co.uk",
                "www.saintleo.edu",
                "www.trugreen.com",
                "www.worcester-bosch.co.uk"
            ]
        },
        {
            "rule": "infinity-tracking\\.net\\/allocate",
            "cookies": 0,
            "fingerprinting": 0,
            "subdomains": [
                "nas.lon"
            ],
            "apis": {},
            "sites": 3,
            "prevalence": 0.0000212,
            "cnames": [],
            "responseHashes": [
                "7209242a667570c2b16ff71c2ce975ec1e99ae539de7112b86506e8990bf60f1",
                "c2a04397786dd26df7c0d5398482c4ead8b82dd83cc28a6dd30838e117aefd2c"
            ],
            "type": "XHR",
            "firstPartyCookies": {},
            "firstPartyCookiesSent": {
                "ictf_il3716": 0.0000070733363512901765,
                "ictf_in3716": 0.0000070733363512901765
            },
            "exampleSites": [
                "trugreen.com",
                "www.saintleo.edu",
                "www.trugreen.com"
            ]
        }
    ],
    "categories": [],
    "performance": {},
    "cookies": 0.000149,
    "topInitiators": [
        {
            "domain": "first party",
            "prevalence": 0.45714285714285713
        },
        {
            "domain": "infinity-tracking.com",
            "prevalence": 0.4
        },
        {
            "domain": "ensighten.com",
            "prevalence": 0.05714285714285714
        },
        {
            "domain": "googletagmanager.com",
            "prevalence": 0.05714285714285714
        },
        {
            "domain": "go-mpulse.net",
            "prevalence": 0.02857142857142857
        }
    ],
    "types": {
        "Script": 17,
        "XHR": 8
    },
    "nameservers": [
        "ns-121.awsdns-15.com",
        "ns-787.awsdns-34.net",
        "ns-1171.awsdns-18.org",
        "ns-2034.awsdns-62.co.uk"
    ]
}