{
    "domain": "influ2.com",
    "owner": {},
    "source": [
        "DuckDuckGo-US"
    ],
    "prevalence": 0.000205,
    "sites": 29,
    "subdomains": [
        "www",
        "t"
    ],
    "cnames": [],
    "fingerprinting": 1,
    "resources": [
        {
            "rule": "influ2\\.com\\/tracker",
            "cookies": 0,
            "fingerprinting": 1,
            "subdomains": [
                "www"
            ],
            "apis": {
                "Document.cookie getter": 18,
                "window.localStorage": 19
            },
            "sites": 22,
            "prevalence": 0.000156,
            "cnames": [],
            "responseHashes": [
                "c4f33e31cb08209b7a614bace0f91cc205dcd28af94b4eaa97912e8241c806ed",
                "b5098ce042502e4a0bc4222ab8742c53c9d10d57a9617bd1fcfd57548681806a",
                "02da055ee7266cc50a327bf549fb624643d43240be6077df2ad81388c3f5240d",
                "c74d7a5b2d723d6455b17d2008fda0d9c45d8461c5c3b07cfce1a3a445e6a46d",
                "ffb6af359625d9076aad5a01cd9adbe064cec09b007d5b6908d0354ad1cdeeae",
                "0803d7d08f8046f748287de23d3b59f02656a40d01ef63b971ba9752ac15c55c",
                "c0ca8e74833eda337d7c36f811382c7821355c8189d0fbaae34a0a18854226d6",
                "632b7ecf08bb752aadb4d90b4d75eebd6ab277352272c9185c7dade45e306ea1",
                "ca6c1547c8e6be0019f5727b57f9904c6ded66466f6e1f190a5be315c41dd314",
                "0cd5036bd2be73149f8c0e5d10d4e767c49c736c5ff7560bc59141cc6d908375",
                "b1bfe25f4fbb667b8c60b7117f54013d0891c99477296525026bba881abc5a26",
                "8cdbdc4ad0b496942d3e767f978bb0f261078d693719dd2b5eec96443fe4a60a",
                "1b9e2a5a74f15ef81497e57b7419e82f3848aa8494402f9ab4b4123cdfcc4030",
                "ba83eb8274d79b9c3553f0f2228f14bf8028010e8e420fe4da160778a6a30cdb",
                "706461e62ca1fa001c4c239f8b4de231ad4cf6ecc40fecd9ce0d6db360a40a1b"
            ],
            "type": "Script",
            "firstPartyCookies": {},
            "firstPartyCookiesSent": {},
            "exampleSites": [
                "www.nvidia.com",
                "docs.cribl.io",
                "www.lightspeedhq.com",
                "www.rsaconference.com",
                "learning.postman.com",
                "www.qgenda.com",
                "www.ptc.com",
                "www.conservice.com",
                "www.threatlocker.com",
                "www.acronis.com",
                "community.postman.com",
                "research.nvidia.com",
                "www.postman.com",
                "www.akingump.com",
                "www.dynatrace.com",
                "resources.nvidia.com",
                "www.datadoghq.com",
                "www.crowdstrike.com",
                "www.rittal.com",
                "dovetail.com"
            ]
        },
        {
            "rule": "influ2\\.com\\/u\\/",
            "cookies": 0.000141,
            "fingerprinting": 0,
            "subdomains": [
                "t"
            ],
            "apis": {},
            "sites": 20,
            "prevalence": 0.000141,
            "cnames": [],
            "responseHashes": [
                "c6e05919039e1aa853d009ed0d40334b238ab1a50f514792e4329fb5f0ff2633",
                "0526f8f9739a5375eeda1f01dd8ac212a4b63d9c73e13c45d1acae345a0e98ed",
                "5c58444581bc7e2056936b2426b9fb6a94e37b3e206829d7c0affa28a5206051",
                "0a86946ab527cac7dbef16d4f6daae70fcc7aaf395b688f9e39760a0d595cb99",
                "f0b327d364fa0683c8531167267f176e7c9027447784b58e09e445c013622942",
                "769ea8d62a92400b2dcfdb343ff46414c6032afb30963e61f43eb910c5b0afb9",
                "e1815f3281687c5a9f46118e7b0d8fd1cf11b9af90044a915fa6c28f1210e52a",
                "ec18a9bde24508d4f59f10848da8f65326faf01d62ec9aa65fd6b7d1bb361d28",
                "e7499ce13fe5b70141ba5cad1df6bfb42dbbfd4ade7894963058c94f21a2b504",
                "f6a6cfffdf9fe32da6c371134ed48fa09fd4944a5082bad84c1bf54134eef217",
                "f936cc89ca1f24fbf26104dfa70eb49388f20f4ed28993af8667b04846df5f24",
                "9c54fa675999d9403c5338215af460cb9c903a5ca9dd7511ec1e6f287cde196f",
                "6ecc5649884beaeea05c5e06f35d453160682ba496d48612545ed363f83eba29",
                "9d2522f7d9478e4361bb2d0989ad6201a8c6bd436cd14ee5be5c2b90fd8939c2",
                "e1502e3e6a25f2394f6815b5920afbd5ee0369473ac748ee6d1e81066ac29248",
                "33156e2b0ec92ec38df8639b443d59b87b4b9b16082e2f3306ea2f5f1c509de3",
                "0837afad26befb5504e2cc9941c89927e10bf80e148d54a60ccf76fed9484294"
            ],
            "type": "Fetch",
            "firstPartyCookies": {},
            "firstPartyCookiesSent": {},
            "exampleSites": [
                "cloudera.com",
                "community.postman.com",
                "docs.cribl.io",
                "dovetail.com",
                "learning.postman.com",
                "research.nvidia.com",
                "resources.nvidia.com",
                "www.acronis.com",
                "www.akingump.com",
                "www.conservice.com",
                "www.datadoghq.com",
                "www.dynatrace.com",
                "www.lightspeedhq.com",
                "www.nvidia.com",
                "www.postman.com",
                "www.ptc.com",
                "www.qgenda.com",
                "www.rittal.com",
                "www.rsaconference.com",
                "www.threatlocker.com"
            ]
        }
    ],
    "categories": [],
    "performance": {},
    "cookies": 0.000177,
    "topInitiators": [
        {
            "domain": "googletagmanager.com",
            "prevalence": 0.4117647058823529
        },
        {
            "domain": "first party",
            "prevalence": 0.4117647058823529
        },
        {
            "domain": "adobedtm.com",
            "prevalence": 0.08823529411764706
        },
        {
            "domain": "discourse-cdn.com",
            "prevalence": 0.058823529411764705
        },
        {
            "domain": "datadoghq-browser-agent.com",
            "prevalence": 0.029411764705882353
        }
    ],
    "types": {
        "Script": 22,
        "Fetch": 20
    },
    "nameservers": [
        "dns2.registrar-servers.com",
        "dns1.registrar-servers.com"
    ]
}