{
    "domain": "innity.com",
    "owner": {},
    "source": [
        "DuckDuckGo-US"
    ],
    "prevalence": 0.000134,
    "sites": 19,
    "subdomains": [
        "avd",
        "as",
        "optimize2"
    ],
    "cnames": [],
    "fingerprinting": 0,
    "resources": [
        {
            "rule": "innity\\.com\\/dc\\/cb\\/",
            "cookies": 0.000092,
            "fingerprinting": 0,
            "subdomains": [
                "avd"
            ],
            "apis": {},
            "sites": 14,
            "prevalence": 0.000099,
            "cnames": [],
            "responseHashes": [
                "817e25226207cb53431f4788a637abd158add1074c53afa82d00123dd8e07b72",
                "147f37c039182459c48593355a5e5d82d45977210eb86bed6915b5b33c6494e4",
                "21dd7513dfa5caa93343ca01b62e32dc07efb9b74bad4e4f680b2e2b148a0a35",
                "d081c08eb8d580ced49ef89b765cf2ede8d605109bd50454d3e943aff2bd96fb",
                "c719fa73dc0c6b27888948ee7052a35f744e9949f689ce19ce19cd636550990d",
                "89d0c3ee926a4613a54809d63609d6fc4ddab8c072e5100260fbb477c891f910",
                "f33110c27755645611310fbc71eb91c99b706fe99768e72827954ae7cac29505",
                "e15890c5afd01a8ec007735446bb2cb29d9bf575acd2910c65ed9c17fd4f572f"
            ],
            "type": "Script",
            "firstPartyCookies": {},
            "firstPartyCookiesSent": {},
            "exampleSites": [
                "inquirer.net",
                "newsinfo.inquirer.net",
                "pantip.com",
                "philstarlife.com",
                "sea.mashable.com",
                "www.cinema.com.my",
                "www.clickthecity.com",
                "www.dailysia.com",
                "www.lottopcso.com",
                "www.pantau.com",
                "www.sanook.com",
                "www.sunstar.com.ph",
                "www.techarp.com",
                "www.thesummitexpress.com"
            ]
        },
        {
            "rule": "innity\\.com\\/dc\\/",
            "cookies": 0.0000141,
            "fingerprinting": 0,
            "subdomains": [
                "avd"
            ],
            "apis": {},
            "sites": 3,
            "prevalence": 0.0000212,
            "cnames": [],
            "responseHashes": [
                "e963e7196beb9123059ec3534b042ebcd1ef0a470fa568bfbebfeab2f33c4fda"
            ],
            "type": "Image",
            "firstPartyCookies": {},
            "firstPartyCookiesSent": {
                "iUUID": 0.00002122000905387053,
                "innity.dmp.254.sess.id": 0.0000070733363512901765,
                "innity.dmp.225.sess.id": 0.0000070733363512901765,
                "innity.dmp.1.sess.id": 0.0000070733363512901765
            },
            "exampleSites": [
                "pantip.com",
                "www.sanook.com",
                "www.techarp.com"
            ]
        },
        {
            "rule": "innity\\.com\\/sync\\/",
            "cookies": 0,
            "fingerprinting": 0,
            "subdomains": [
                "avd"
            ],
            "apis": {},
            "sites": 3,
            "prevalence": 0.0000212,
            "cnames": [],
            "responseHashes": [
                "e963e7196beb9123059ec3534b042ebcd1ef0a470fa568bfbebfeab2f33c4fda"
            ],
            "type": "Image",
            "firstPartyCookies": {},
            "firstPartyCookiesSent": {
                "iUUID": 0.00002122000905387053
            },
            "exampleSites": [
                "pantip.com",
                "www.sanook.com",
                "www.techarp.com"
            ]
        },
        {
            "rule": "innity\\.com\\/synd\\/",
            "cookies": 0.0000495,
            "fingerprinting": 0,
            "subdomains": [
                "as"
            ],
            "apis": {},
            "sites": 9,
            "prevalence": 0.0000637,
            "cnames": [],
            "responseHashes": [
                "29a4c0e60ad444ecaf9040439e4b5e65fbb99609f1c9f47a6a272f578010d76c",
                "ab9e784242de90c7fdf955eb476cb18d4d503c9a72c4105388bc634861a29761",
                "faf9efa939df73cb0161a0097825bf44d8f140dc117a91498476d85701cddc00",
                "2eef720e0691954a4994fa705b36c38c01003c0fc6370fb94c9bf562ec947d7c",
                "ee31902fc4be318cdc1bc775733b56396e744cc89e540eb23be1d025c86273ee"
            ],
            "type": "Script",
            "firstPartyCookies": {},
            "firstPartyCookiesSent": {},
            "exampleSites": [
                "philstarlife.com",
                "sea.mashable.com",
                "www.clickthecity.com",
                "www.dailysia.com",
                "www.lottopcso.com",
                "www.pantau.com",
                "www.sunstar.com.ph",
                "www.techarp.com",
                "www.thesummitexpress.com"
            ]
        },
        {
            "rule": "innity\\.com\\/uidsync\\/init\\/",
            "cookies": 0.0000141,
            "fingerprinting": 0,
            "subdomains": [
                "avd"
            ],
            "apis": {},
            "sites": 2,
            "prevalence": 0.0000141,
            "cnames": [],
            "responseHashes": [
                "e963e7196beb9123059ec3534b042ebcd1ef0a470fa568bfbebfeab2f33c4fda"
            ],
            "type": "Image",
            "firstPartyCookies": {},
            "firstPartyCookiesSent": {},
            "exampleSites": [
                "philstarlife.com",
                "www.techarp.com"
            ]
        },
        {
            "rule": "innity\\.com\\/uidsync\\/getuid\\/",
            "cookies": 0.00000707,
            "fingerprinting": 0,
            "subdomains": [
                "avd"
            ],
            "apis": {},
            "sites": 2,
            "prevalence": 0.0000141,
            "cnames": [],
            "responseHashes": [
                "e963e7196beb9123059ec3534b042ebcd1ef0a470fa568bfbebfeab2f33c4fda"
            ],
            "type": "Image",
            "firstPartyCookies": {},
            "firstPartyCookiesSent": {},
            "exampleSites": [
                "discuss.com.hk",
                "www.techarp.com"
            ]
        },
        {
            "rule": "innity\\.com\\/synd\\/",
            "cookies": 0.0000212,
            "fingerprinting": 0,
            "subdomains": [
                "as"
            ],
            "apis": {},
            "sites": 3,
            "prevalence": 0.0000212,
            "cnames": [],
            "responseHashes": [
                "4f53cda18c2baa0c0354bb5f9a3ecbe5ed12ab4d8e11ba873c2f11161202b945"
            ],
            "type": "Fetch",
            "firstPartyCookies": {},
            "firstPartyCookiesSent": {},
            "exampleSites": [
                "kompas.tv",
                "www.kompas.tv",
                "www.sanook.com"
            ]
        },
        {
            "rule": "innity\\.com\\/",
            "cookies": 0,
            "fingerprinting": 0,
            "subdomains": [
                "optimize2"
            ],
            "apis": {},
            "sites": 2,
            "prevalence": 0.0000141,
            "cnames": [],
            "responseHashes": [
                "e963e7196beb9123059ec3534b042ebcd1ef0a470fa568bfbebfeab2f33c4fda"
            ],
            "type": "Image",
            "firstPartyCookies": {},
            "firstPartyCookiesSent": {},
            "exampleSites": [
                "techarp.com",
                "www.techarp.com"
            ]
        },
        {
            "rule": "innity\\.com\\/uidsync\\/mapuid\\/",
            "cookies": 0.0000141,
            "fingerprinting": 0,
            "subdomains": [
                "avd"
            ],
            "apis": {},
            "sites": 2,
            "prevalence": 0.0000141,
            "cnames": [],