{
    "domain": "instant.one",
    "owner": {},
    "source": [
        "DuckDuckGo-US"
    ],
    "prevalence": 0.000134,
    "sites": 19,
    "subdomains": [
        "cdn",
        "m",
        "cf.api",
        "js"
    ],
    "cnames": [],
    "fingerprinting": 3,
    "resources": [
        {
            "rule": "instant\\.one\\/instant\\.js",
            "cookies": 0,
            "fingerprinting": 1,
            "subdomains": [
                "cdn"
            ],
            "apis": {
                "Navigator.prototype.product": 8,
                "Navigator.prototype.userAgent": 9,
                "window.localStorage": 7,
                "Document.cookie getter": 7,
                "Date.prototype.getTime": 3,
                "Intl.DateTimeFormat.prototype.resolvedOptions": 3,
                "Notification.permission": 1,
                "Navigator.prototype.plugins": 1
            },
            "sites": 15,
            "prevalence": 0.000106,
            "cnames": [],
            "responseHashes": [
                "4cbf71d630cf2be2f5749220ca46db322057fb720d020f6bd2307d6fd66fd8c9",
                "027f51b2b8fe093de041e06cf168cecac0f37d85a75b33993055802994fe1c0a",
                "a4f909d5365329b4bcf2026552cd33912a1c8b675870e97fb2d4205f6cffbaa3",
                "43018a81df81a64e1d5f13dcb472a6bd17680f32e37f522957e998b702c9b023",
                "671e2a924a927856970a84c5868553bff70ee0c7245eed45050afcc88a2b776a",
                "01097cd6d14d05e20ce953323ea7cc9c50d6695e81acc1912c8af983d2a77964",
                "3b796b9eb6bd8e83c228104a82bcbfe8580b105b2614e46221186e1961446fd3",
                "14f9fe94fcdb5695b987132c8bd793b5d7831ac8e41a09fa38b1b1cc14965cd9",
                "05eb06f66dbfdcacc34d0cc56ad773f05e0603f97f46cad882505e374a511390",
                "ff5251a227196de19ca6ecb78768e7632839c1503067e3402ae2e44ee9aac0f9",
                "b2998590be9941ce14303f14b5406fc114a2c41183fdc497703b511c34e16942",
                "1d03196d639f39d3e3a917fdb3bbb66154419a0584178e06c22900eb06771a64",
                "46919334ecc5071211a43b1f45b07bad7104852ac86302fa2345297a4a3a6e9c",
                "313c38f1acfa171e36ff07789222a7951b56235f7c6a1accd77b1e7777321a51"
            ],
            "type": "Script",
            "firstPartyCookies": {},
            "firstPartyCookiesSent": {},
            "exampleSites": [
                "barbaraoneill.com",
                "peppermayo.com",
                "rmac.store",
                "samplize.com",
                "simify.com",
                "swpea.com",
                "www.bluebungalow.com",
                "www.golfbox.com.au",
                "www.jigsawhealth.com",
                "www.nutritionwarehouse.com.au",
                "www.outbackequipment.com.au",
                "www.pennstateind.com",
                "www.purityproducts.com",
                "www.strandbags.com.au",
                "www.trxtraining.com"
            ]
        },
        {
            "rule": "instant\\.one\\/vJIqFxNUhTWM\\/rAsXsgXUB3h8",
            "cookies": 0.00000707,
            "fingerprinting": 3,
            "subdomains": [
                "m"
            ],
            "apis": {
                "RTCPeerConnection.prototype.constructor": 5,
                "Navigator.prototype.permissions": 4,
                "Navigator.prototype.vendor": 6,
                "Navigator.prototype.connection": 6,
                "Navigator.prototype.mediaCapabilities": 4,
                "Navigator.prototype.requestMediaKeySystemAccess": 1,
                "speechSynthesis.__proto__.getVoices": 5,
                "Date.prototype.getTime": 3,
                "window.localStorage": 3,
                "Notification.permission": 6,
                "Screen.prototype.availTop": 5,
                "Screen.prototype.width": 5,
                "Screen.prototype.availWidth": 5,
                "Screen.prototype.availLeft": 5,
                "Screen.prototype.height": 5,
                "Screen.prototype.availHeight": 5,
                "NavigatorUAData.prototype.getHighEntropyValues": 3,
                "NavigatorUAData.prototype.brands": 2,
                "NavigatorUAData.prototype.platform": 2,
                "Navigator.prototype.plugins": 5,
                "window.devicePixelRatio": 2,
                "Navigator.prototype.storage": 1,
                "Navigator.prototype.webkitTemporaryStorage": 1,
                "RTCPeerConnectionIceEvent.prototype.candidate": 2,
                "Navigator.prototype.language": 1,
                "Navigator.prototype.languages": 1,
                "Navigator.prototype.deviceMemory": 1,
                "Navigator.prototype.hardwareConcurrency": 1,
                "Navigator.prototype.platform": 1,
                "Navigator.prototype.maxTouchPoints": 1,
                "WebGLRenderingContext.prototype.getExtension": 1,
                "WebGLRenderingContext.prototype.getParameter": 1,
                "WebGLRenderingContext.prototype.getSupportedExtensions": 1,
                "WebGLRenderingContext.prototype.getContextAttributes": 1,
                "WebGLRenderingContext.prototype.getShaderPrecisionFormat": 1,
                "Date.prototype.getTimezoneOffset": 1,
                "Navigator.prototype.webdriver": 1,
                "Navigator.prototype.userAgent": 1,
                "Navigator.prototype.appVersion": 1,
                "Navigator.prototype.productSub": 1,
                "Navigator.prototype.mimeTypes": 1,
                "window.outerWidth": 1,
                "window.outerHeight": 1,
                "window.innerWidth": 1,
                "window.innerHeight": 1,
                "Navigator.prototype.vendorSub": 1,
                "Navigator.prototype.doNotTrack": 1,
                "Navigator.prototype.cookieEnabled": 1,
                "Navigator.prototype.appCodeName": 1,
                "Navigator.prototype.appName": 1,
                "Navigator.prototype.product": 1,
                "Navigator.prototype.onLine": 1,
                "Navigator.prototype.keyboard": 1,
                "Navigator.prototype.mediaDevices": 1,
                "Navigator.prototype.presentation": 1,
                "HTMLCanvasElement.prototype.toDataURL": 1,
                "Performance.prototype.memory": 1,
                "Screen.prototype.colorDepth": 1,
                "Intl.DateTimeFormat.prototype.resolvedOptions": 1,
                "window.sessionStorage": 1,
                "window.indexedDB": 1,
                "Document.cookie setter": 1,
                "Document.cookie getter": 1,
                "OfflineAudioContext.prototype.constructor": 1
            },
            "sites": 7,
            "prevalence": 0.0000495,
            "cnames": [],
            "responseHashes": [
                "fb5d8d602bb9afa24f91fedbffedb6d5c99a73e62f322a98d6d5213a9fd71be2",
                "b0b04232ccaf62cb38c3c78b27f6f7e67527a80666195ae6b9fb006967d0db8a"
            ],
            "type": "Script",
            "firstPartyCookies": {
                "cookietest": {
                    "ttl": -1747356472,
                    "length": 1,
                    "prevalence": 0.0000070733363512901765,
                    "uniqueness": 1
                },
                "_vid_t": {
                    "ttl": 31536004,
                    "length": 108,
                    "prevalence": 0.0000070733363512901765,
                    "uniqueness": 1
                }
            },
            "firstPartyCookiesSent": {},
            "exampleSites": [
                "samplize.com",
                "swpea.com",
                "www.bluebungalow.com",
                "www.golfbox.com.au",
                "www.jigsawhealth.com",
                "www.outbackequipment.com.au",
                "www.pennstateind.com"
            ]
        },
        {
            "rule": "instant\\.one\\/vJIqFxNUhTWM\\/W7dspGhel0FQ\\/FDX3\\/sPaMQ34\\/64",
            "cookies": 0,
            "fingerprinting": 0,