{
    "domain": "ipdata.co",
    "owner": {},
    "source": [
        "DuckDuckGo-US"
    ],
    "prevalence": 0.000198,
    "sites": 28,
    "subdomains": [
        "api"
    ],
    "cnames": [],
    "fingerprinting": 0,
    "resources": [
        {
            "rule": "ipdata\\.co\\/",
            "cookies": 0,
            "fingerprinting": 0,
            "subdomains": [
                "api"
            ],
            "apis": {},
            "sites": 11,
            "prevalence": 0.0000778,
            "cnames": [],
            "responseHashes": [
                "a099d4c216a91f16e4d704a239845ce8a3ea833b808f4e0ca20fe9ea0422ba19",
                "e12597758c9f6f3b5fcfc37f8d8e815c48a4a3085913067977d110fdb6408bef",
                "ddcf12d1a9a3a8b2504560dd38d0239f9315fc601f45c1ff63a96a1c5b9e5d5d",
                "2e796e4a24c88f85b7119a203f84c9b5ae28ae79d652999f456bf0cdf37c87cd",
                "d4fa8c5d8c67e23287c8c56d3eaa297b1f11d1ad8a968df8e9888adffcf46d35",
                "dbf860127b5b718fb83e2be2e5887cd5a2f86125b0b6c0c63103e3092103a27e",
                "7582f42cbbd71486eae6113c3aba4dd31fe7bb4b380bf7ad527d1efdb43c4ecb",
                "1c374f961196ad4f0cb01d3373014c4340f7725158feed88b4fe1069475a780a"
            ],
            "type": "XHR",
            "firstPartyCookies": {},
            "firstPartyCookiesSent": {},
            "exampleSites": [
                "aaa.com",
                "copperbullethose.com",
                "edmtrain.com",
                "getcopperhead.com",
                "smartfinancial.com",
                "www.burlapandbarrel.com",
                "www.copperbullethose.com",
                "www.endurancewarranty.com",
                "www.mossberg.com",
                "www.rwjf.org",
                "www.solar.com"
            ]
        },
        {
            "rule": "ipdata\\.co\\/",
            "cookies": 0,
            "fingerprinting": 0,
            "subdomains": [
                "api"
            ],
            "apis": {},
            "sites": 12,
            "prevalence": 0.0000849,
            "cnames": [],
            "responseHashes": [
                "e12597758c9f6f3b5fcfc37f8d8e815c48a4a3085913067977d110fdb6408bef",
                "fae654dad75037d3c67ddd81025d767791e050e3c0f90e7967c3d65cfb8e1b93",
                "b9664bd654cea5eb4d4410c4e7184ffa2e34aa35eef9385f4511865b0ef5562f",
                "d4fa8c5d8c67e23287c8c56d3eaa297b1f11d1ad8a968df8e9888adffcf46d35",
                "0d24d623a7d0d3d7c6353a473fdb1d4a79ad348e65a133fc6bf23242f7474f60",
                "10691ddabbfc95c73a3a76b9220e0542f5dc1c9d49750c83c4030b2326ca9537",
                "9ef806a70bba27a639d2f8dec264ca6216d583f5ef4fd6e2a00eae0c67d3ff6a",
                "dab18aa8f81de7636e31e3d7b3f9f8089885d3fbb9305984df35c7346bc3b167",
                "686c8ff7ddfaf3bf0eaebfeefceb7df570fa523940042be35e1e84ace6361d95"
            ],
            "type": "Fetch",
            "firstPartyCookies": {},
            "firstPartyCookiesSent": {},
            "exampleSites": [
                "copperbullethose.com",
                "getcopperhead.com",
                "getfluent.com",
                "humann.com",
                "transformertable.com",
                "www.copperbullethose.com",
                "www.holotaco.com",
                "www.joinreframeapp.com",
                "www.mooncat.com",
                "www.peepers.com",
                "www.surterra.com",
                "www.trulieve.com"
            ]
        },
        {
            "rule": "ipdata\\.co\\/",
            "cookies": 0,
            "fingerprinting": 0,
            "subdomains": [
                "api"
            ],
            "apis": {},
            "sites": 3,
            "prevalence": 0.0000212,
            "cnames": [],
            "responseHashes": [],
            "type": "Script",
            "firstPartyCookies": {},
            "firstPartyCookiesSent": {},
            "exampleSites": [
                "freedommunitions.com",
                "www.freedommunitions.com",
                "www.laxammo.com"
            ]
        }
    ],
    "categories": [],
    "performance": {},
    "cookies": 0,
    "topInitiators": [
        {
            "domain": "first party",
            "prevalence": 0.5128205128205128
        },
        {
            "domain": "lw.direct",
            "prevalence": 0.28205128205128205
        },
        {
            "domain": "googletagmanager.com",
            "prevalence": 0.1282051282051282
        },
        {
            "domain": "d1knh3b6uo8q16.cloudfront.net",
            "prevalence": 0.05128205128205128
        },
        {
            "domain": "adobedtm.com",
            "prevalence": 0.02564102564102564
        }
    ],
    "types": {
        "XHR": 11,
        "Fetch": 12,
        "Script": 3
    },
    "nameservers": [
        "ns-272.awsdns-34.com",
        "ns-1132.awsdns-13.org",
        "ns-851.awsdns-42.net",
        "ns-1668.awsdns-16.co.uk"
    ]
}