{
    "domain": "ipgeolocation.io",
    "owner": {},
    "source": [
        "DuckDuckGo-US"
    ],
    "prevalence": 0.000354,
    "sites": 50,
    "subdomains": [
        "api"
    ],
    "cnames": [],
    "fingerprinting": 0,
    "resources": [
        {
            "rule": "ipgeolocation\\.io\\/ipgeo",
            "cookies": 0,
            "fingerprinting": 0,
            "subdomains": [
                "api"
            ],
            "apis": {},
            "sites": 19,
            "prevalence": 0.000134,
            "cnames": [],
            "responseHashes": [
                "977913cd07094e419bdce3340a0b4997e3ca124eaf3ff39a502f8b25670a1437",
                "78fdaddd3438171dad02cd9c8683df957d964e20a93ebef96172b0e88f8e87f2",
                "ceb504a0658f58d0fa99f32740230c45dbc9831c58b2aa78b1ba37be9673afa2",
                "c667623c8a4bef056c25536f82a80f8c711b5b57df9de55aa1860a421c4fc97f",
                "4c50ad425641f03788a5ca474919b8540d20bb3e3a0c9b47a60b3aa78cf98741",
                "ecd741ea25906212f27fefe07d8d2b1635eae219d6aaf459bb394a53ba156672",
                "2b658a78b30fd19931a8b6a16a499da25e07e11f85b8ea791e4e8ac512639a01",
                "be2404af5a9afa9ec4cfd3b004cb969d11181b74371e4561eca819d4ba888ca1",
                "6dfb3d5ae6b33a293b2462ad477cef70b398c5ec6355d699223b0018ed6f4bf8",
                "b38998ca96921ef0c90f28b4171eabf48768e1e15871901217aa6df610abbb69",
                "4552b0a8e3595fc976c80b06733ecd57f1172726a88a2f2f1ac3d37124ed9b9a",
                "9d14fa7a628bbf95915d585fee87894ed179d2546512b8aaf40918760a72e451",
                "e67dc2114809a937443b6429519f5515529e81585185bb0fea8256b0b1a6ce06"
            ],
            "type": "XHR",
            "firstPartyCookies": {},
            "firstPartyCookiesSent": {},
            "exampleSites": [
                "99math.com",
                "ancientnutrition.com",
                "getchipdrop.com",
                "gratka.pl",
                "hellodivorce.com",
                "help.shokz.com",
                "integrativepro.com",
                "navage.com",
                "plotly.com",
                "www.culligan.com",
                "www.firefightersfirstcu.org",
                "www.gianttiger.com",
                "www.keessmit.nl",
                "www.leidos.com",
                "www.pcliquidations.com",
                "www.robotshop.com",
                "www.telkomsel.com",
                "www.tivo.com",
                "www.uti.edu"
            ]
        },
        {
            "rule": "ipgeolocation\\.io\\/ipgeo",
            "cookies": 0,
            "fingerprinting": 0,
            "subdomains": [
                "api"
            ],
            "apis": {},
            "sites": 17,
            "prevalence": 0.00012,
            "cnames": [],
            "responseHashes": [
                "86f8600b3825af56e8d4c496a6c10cf69b6b5958bdf4205013ee3b4a259fa101",
                "122bf1100966d0595711b472ee3d54878a888b592db6d1be4dd4398d65dbd51e",
                "898b5347c387e2ed2d43e213bc5d299af704bf68ef032067302651e85225b0eb",
                "49352a1b5376e2c36e8dc772573da33802c5e1fb20297f6261aff0dece1289d5",
                "654b1c884c85a3e3a35c590dcaabd6181d3b9b8aa3c686f423f9b869b4a24d3f",
                "b21a3ebf1c436764ed50d548918711422f412eee65d400ab4dc16302d739f5b0",
                "6042f9ac7f271925a7b977590e72bf1866e5c329172605351d2f546206b5f95b",
                "82c91fb60ee356ccd7654ab7d31063607e8658cf7a7764b1d8ebadd27a2b12d7",
                "b8357ad8761cd120b9b8aee9414bd6e2638aee9cb134ff373359a29471a9def8",
                "a3036b738607e547fc8e6ed2f15e4c983cedd1d301ff7f9a0ad55cfd961c24df",
                "f69b2288ae813c32877b61e70bcd34656c0e7b3fa2e051d2014a7156d8b3af60",
                "7796e1eb02106f0f5f2caf65b06df1c3f7e1cb6fe0f359c1fa566dd884c9b155",
                "db07fb4402cba3639bd2aa9d52aef2b3c9ef5ab58aaaab941edd552fa81d932c",
                "9f518c7a98625deaa87d1acdea6a4d3e257fcc12ec419e654c58e5d74cded5be"
            ],
            "type": "Fetch",
            "firstPartyCookies": {},
            "firstPartyCookiesSent": {},
            "exampleSites": [
                "americanhearing.us",
                "lamarzulli.net",
                "levinfurniture.com",
                "orthofeet.com",
                "sagradafamilia.org",
                "shokz.com",
                "us.ohpolly.com",
                "www.allmachines.com",
                "www.gozney.com",
                "www.orientwatchusa.com",
                "www.orthofeet.com",
                "www.performancelab.com",
                "www.planetlyrik.de",
                "www.positivegrid.com",
                "www.potatopro.com",
                "www.rekhta.org",
                "www.varley.com"
            ]
        },
        {
            "rule": "ipgeolocation\\.io\\/ipgeo",
            "cookies": 0,
            "fingerprinting": 0,
            "subdomains": [
                "api"
            ],
            "apis": {},
            "sites": 2,
            "prevalence": 0.0000141,
            "cnames": [],
            "responseHashes": [],
            "type": "Preflight",
            "firstPartyCookies": {},
            "firstPartyCookiesSent": {},
            "exampleSites": [
                "ohpolly.com",
                "us.ohpolly.com"
            ]
        },
        {
            "rule": "ipgeolocation\\.io\\/getip",
            "cookies": 0,
            "fingerprinting": 0,
            "subdomains": [
                "api"
            ],
            "apis": {},
            "sites": 2,
            "prevalence": 0.0000141,
            "cnames": [],
            "responseHashes": [
                "c4c81548168adb13c829ffeb923178c9772ca481a5a6fdf8441f80b7eb00eeab"
            ],
            "type": "XHR",
            "firstPartyCookies": {},
            "firstPartyCookiesSent": {},
            "exampleSites": [
                "adventurealan.com",
                "www.brandonsanderson.com"
            ]
        }
    ],
    "categories": [],
    "performance": {},
    "cookies": 0,
    "topInitiators": [
        {
            "domain": "first party",
            "prevalence": 0.6065573770491803
        },
        {
            "domain": "jsdelivr.net",
            "prevalence": 0.18032786885245902
        },
        {
            "domain": "writesonic.com",
            "prevalence": 0.06557377049180328
        },
        {
            "domain": "minmaxify.com",
            "prevalence": 0.03278688524590164
        },
        {
            "domain": "shopify.com",
            "prevalence": 0.03278688524590164
        },
        {
            "domain": "visually-io.com",
            "prevalence": 0.03278688524590164
        },
        {
            "domain": "windows.net",
            "prevalence": 0.01639344262295082
        },
        {
            "domain": "googletagmanager.com",
            "prevalence": 0.01639344262295082
        },
        {
            "domain": "bitgravity.com",
            "prevalence": 0.01639344262295082
        }
    ],
    "types": {
        "XHR": 21,
        "Fetch": 17,
        "Preflight": 2
    },
    "nameservers": [
        "nash.ns.cloudflare.com",
        "cheryl.ns.cloudflare.com"
    ]
}