{
    "domain": "lhmos.com",
    "owner": {},
    "source": [
        "DuckDuckGo-US"
    ],
    "prevalence": 0.000474,
    "sites": 67,
    "subdomains": [
        "trc"
    ],
    "cnames": [],
    "fingerprinting": 0,
    "resources": [
        {
            "rule": "lhmos\\.com\\/conv",
            "cookies": 0,
            "fingerprinting": 0,
            "subdomains": [
                "trc"
            ],
            "apis": {},
            "sites": 2,
            "prevalence": 0.0000141,
            "cnames": [],
            "responseHashes": [
                "bfcd2a3ab0a025725941a6559ca47e3624d29e9798a13cbc0d38aeed2332fa82"
            ],
            "type": "Script",
            "firstPartyCookies": {},
            "firstPartyCookiesSent": {},
            "exampleSites": [
                "acaai.org",
                "www.purewickathome.com"
            ]
        },
        {
            "rule": "lhmos\\.com\\/enrich\\/data\\/jsonp",
            "cookies": 0,
            "fingerprinting": 0,
            "subdomains": [
                "trc"
            ],
            "apis": {},
            "sites": 34,
            "prevalence": 0.00024,
            "cnames": [],
            "responseHashes": [
                "ad77266401a450a609345d3961bc2ff9afd55b8f534b1d1daf4b020545f29a4e",
                "4155b39ac0ea1987072e3fc58ad7f59b0a25216c901253ba1e06922727556fb7",
                "f8a20ccab1153b641a3b1e1bc89221de96a2a3c19228a1a85d94030252d30c02",
                "727515d643385b17324c894ba4d37b663cef1330274ac791c859a98f3a10b92e",
                "ad67bf416dd7aa47eecfb01e21f3ac8060f5d309fe7237db023d3bf09a778092",
                "3f831c325668aa5c10ba856370f7fafccc02da3ba10a89831872f75e1b2ef2a2",
                "25e8fab5832bde0a417883aff8ccb78ee13330e2c26f30484f90e5f532f79ac4",
                "46cb657c086625ccadb4259efd1c0fb7e2d8455a4995a8adce089e17e598b5ec",
                "8ca7d181a2ec5434d785fadf3be6294b2867ac37f684a3ee3902c5c7f110d66f",
                "63d5a9f63e7a6de6be76ebd43bc15a176e91077578bbd7a9ae871a641ff3f119",
                "8cbc431418be38df560b8e01f660e38a5d18ad5f38e51826054b2146ce298908",
                "a5ae876ead697ae0375871a865332176fec2a4479d4cc0574251923ec95d98ca",
                "69cd7698dad8fed5a30330c55b2796a2bf25b3bc29bfdf38baa70a4087f064eb",
                "86b82648995f48b4def0fce0e4e57ee9b25996fd7685501fdff082c2b60a3ee5",
                "69e25f6d5697bc73b060edb056eb07e8eb3c8b3c7cf37df48feb34c8d64c8523",
                "ebceca0f7c222e6127c061d1bf9d10dc0dcd4c9e3eda6e694cf76fb4570bc507",
                "399774a65c06872375a677287f3af9415b3cf9b070c600bde8ad712baa3e4e8a",
                "7a85cf810568b702e9fecba937ea4259a42cb65f5e80129f4f5d4d7ac5c672c7",
                "85c8897e0ff1908d6d04c6e1a935f053ef0a4bec1d5d4ed2bedde60ad12d6e0e",
                "94e20fc0307fd271de1c56b254d5bca73aba340cb13af4a4e7fee2b1c1f6dbb9",
                "163910080bb34a68476122e363922ae87611367c774097e6f0e9f8967f7927cd"
            ],
            "type": "Script",
            "firstPartyCookies": {},
            "firstPartyCookiesSent": {},
            "exampleSites": [
                "www.mayoclinic.org",
                "www.researchgate.net",
                "www.mdvip.com",
                "www.texaschildrens.org",
                "www.acc.org",
                "www.feinberg.northwestern.edu",
                "www.breastcancer.org",
                "adaa.org",
                "www.mayo.edu",
                "www.kidneyfund.org",
                "www.clinicaladvisor.com",
                "www.neogen.com",
                "login.mdvip.com",
                "www.ccjm.org",
                "www.cancertherapyadvisor.com",
                "practicalneurology.com",
                "www.uclahealth.org",
                "diabetesjournals.org",
                "www.thecardiologyadvisor.com",
                "www.enthealth.org"
            ]
        },
        {
            "rule": "lhmos\\.com\\/uid\\/set",
            "cookies": 0,
            "fingerprinting": 0,
            "subdomains": [
                "trc"
            ],
            "apis": {},
            "sites": 34,
            "prevalence": 0.00024,
            "cnames": [],
            "responseHashes": [
                "e3b0c44298fc1c149afbf4c8996fb92427ae41e4649b934ca495991b7852b855"
            ],
            "type": "Image",
            "firstPartyCookies": {},
            "firstPartyCookiesSent": {
                "dmd-sid": 0.00007780669986419194
            },
            "exampleSites": [
                "www.mayoclinic.org",
                "www.researchgate.net",
                "www.acc.org",
                "www.endocrine.org",
                "adaa.org",
                "practicalneurology.com",
                "www.freestyle.abbott",
                "www.mayoclinichealthsystem.org",
                "www.thecardiologyadvisor.com",
                "www.uclahealth.org",
                "www.stopthebleed.org",
                "www.texaschildrens.org",
                "login.mdvip.com",
                "teachmeanatomy.info",
                "www.neogen.com",
                "diabetesjournals.org",
                "www.enthealth.org",
                "www.healthyplace.com",
                "drperlmutter.com",
                "www.infectiousdiseaseadvisor.com"
            ]
        },
        {
            "rule": "lhmos\\.com\\/enrich\\/data\\/redir",
            "cookies": 0,
            "fingerprinting": 0,
            "subdomains": [
                "trc"
            ],
            "apis": {},
            "sites": 23,
            "prevalence": 0.000163,
            "cnames": [],
            "responseHashes": [
                "44136fa355b3678a1146ad16f7e8649e94fb4fc21fe77e8310c060f61caaff8a",
                "607bf40474d52803da91a24bdfe86314ea02283b57151280ed8f7807688e6011",
                "c4d991c1cd3706b67a33f8a1c34c53903d6902adac66a78d0c873270fc25abce",
                "08fead4a3f23d925ed64eaf05b26b594fc312d78e20100ea524b353c263830e9"
            ],
            "type": "Fetch",
            "firstPartyCookies": {},
            "firstPartyCookiesSent": {},
            "exampleSites": [
                "www.mayoclinic.org",
                "www.researchgate.net",
                "www.cancertherapyadvisor.com",
                "www.clinicaladvisor.com",
                "www.kidneyfund.org",
                "practicalneurology.com",
                "www.freestyle.abbott",
                "www.empr.com",
                "teachmeanatomy.info",
                "www.uclahealth.org",
                "www.ccjm.org",
                "www.mdvip.com",
                "diabetesjournals.org",
                "www.infectiousdiseaseadvisor.com",
                "www.mayo.edu",
                "www.thecardiologyadvisor.com",
                "www.mayocliniclabs.com",
                "www.breastcancer.org",
                "login.mdvip.com",
                "evtoday.com"
            ]
        },
        {
            "rule": "lhmos\\.com\\/uid\\/save\\/",
            "cookies": 0,
            "fingerprinting": 0,
            "subdomains": [
                "trc"
            ],
            "apis": {},
            "sites": 32,
            "prevalence": 0.000226,
            "cnames": [],
            "responseHashes": [
                "e3b0c44298fc1c149afbf4c8996fb92427ae41e4649b934ca495991b7852b855"
            ],
            "type": "Image",
            "firstPartyCookies": {},
            "firstPartyCookiesSent": {
                "dmd-sid": 0.0000636600271616116
            },