{
    "domain": "likeshop.me",
    "owner": {},
    "source": [
        "DuckDuckGo-US"
    ],
    "prevalence": 0.000149,
    "sites": 21,
    "subdomains": [
        "api"
    ],
    "cnames": [],
    "fingerprinting": 0,
    "resources": [
        {
            "rule": "likeshop\\.me\\/gallery-more",
            "cookies": 0.000106,
            "fingerprinting": 0,
            "subdomains": [
                "api"
            ],
            "apis": {},
            "sites": 15,
            "prevalence": 0.000106,
            "cnames": [],
            "responseHashes": [
                "859671287ec1359001e3a7e9fb9cd5167314361c38e4ae9dffc419d43e960bca",
                "d5a4f58b4ac487d7fd703cae3adba21fbbe4e6784eafcfcb2ccfc5743b6de5ef",
                "bcb7059ec160ca32d94f91be0b5609cc763b0bc542dfe237cae480b30e07648b",
                "810e539f5bc8af19c8a9985371e5fa817ee948375799910bb1337b1439945da2",
                "d5b8423f743c4a4889dbf09a4028f067305c5409708ba5c077e94e3fd268adda",
                "56b4732e34f4564da4f32b64c13377f6b818a3dbab64f0287af5a9272516e1a7",
                "3cd28251a28fa9f6380e86f5ff34de3eb093639978ae2bb8abb67d66f67719c8",
                "5a9ce9090df735a07b44aa9749b33ace37344a742310d8c0c17c4779a9ab5018",
                "d0518a6d9e8ef8569401a727a9728acfcd2b18708a3bac5c532d06c72179d5d1",
                "3fb47c8d14210aaa2574ce8cdb9034a11f20dd64eae473d594c335e25362ecba",
                "72a52856a749105ace9765cdc765d18d07aa54b1ecff9d5de108982b160ab72f",
                "6ce8e67b3aa9feb676bbfab912804a454d10bb45f658271ef3473e12a1192950"
            ],
            "type": "XHR",
            "firstPartyCookies": {},
            "firstPartyCookiesSent": {},
            "exampleSites": [
                "aloha-collection.com",
                "bestfoods.com",
                "francescas.com",
                "hellmanns.com",
                "postcardcabins.com",
                "www.aliceandolivia.com",
                "www.altontowers.com",
                "www.bellacanvas.com",
                "www.heide-park.de",
                "www.hellmanns.com",
                "www.swimsuitsforall.com",
                "www.thibautdesign.com",
                "www.venus.com",
                "www.vicicollection.com",
                "www.victoriassecret.com"
            ]
        },
        {
            "rule": "likeshop\\.me\\/static\\/img\\/video\\.svg",
            "cookies": 0.000092,
            "fingerprinting": 0,
            "subdomains": [],
            "apis": {},
            "sites": 13,
            "prevalence": 0.000092,
            "cnames": [],
            "responseHashes": [
                "e3504c807f51686b43bb03510c35d9b884410ec42ff6f7f8107f11776b896643"
            ],
            "type": "Image",
            "firstPartyCookies": {},
            "firstPartyCookiesSent": {},
            "exampleSites": [
                "aloha-collection.com",
                "bestfoods.com",
                "brilliantearth.com",
                "francescas.com",
                "hellmanns.com",
                "nydj.com",
                "postcardcabins.com",
                "www.aliceandolivia.com",
                "www.bellacanvas.com",
                "www.brilliantearth.com",
                "www.hellmanns.com",
                "www.swimsuitsforall.com",
                "www.victoriassecret.com"
            ]
        },
        {
            "rule": "likeshop\\.me\\/static\\/img\\/loading\\.gif",
            "cookies": 0.000106,
            "fingerprinting": 0,
            "subdomains": [],
            "apis": {},
            "sites": 15,
            "prevalence": 0.000106,
            "cnames": [],
            "responseHashes": [
                "efff2e04103445d18167838a811b8422d9d673a065beafe04a17fcade0e0543c"
            ],
            "type": "Image",
            "firstPartyCookies": {},
            "firstPartyCookiesSent": {},
            "exampleSites": [
                "bestfoods.com",
                "brilliantearth.com",
                "francescas.com",
                "hellmanns.com",
                "nydj.com",
                "postcardcabins.com",
                "www.aliceandolivia.com",
                "www.bellacanvas.com",
                "www.brilliantearth.com",
                "www.heide-park.de",
                "www.hellmanns.com",
                "www.swimsuitsforall.com",
                "www.thibautdesign.com",
                "www.vicicollection.com",
                "www.victoriassecret.com"
            ]
        },
        {
            "rule": "likeshop\\.me\\/likeshop-more",
            "cookies": 0.0000354,
            "fingerprinting": 0,
            "subdomains": [
                "api"
            ],
            "apis": {},
            "sites": 5,
            "prevalence": 0.0000354,
            "cnames": [],
            "responseHashes": [
                "6813c994a6e3d2ec0177cfb781391f472c4cfede2038926fae73ec1fef9f1bf7",
                "9104451bfac1f3e043097250f54d8edb7d9c7293dd08864d3300ffe96b0681c0",
                "8dd3b73661f391591921c875d49a5eaf6d2143734d93b4c85e1202c9d9fa476a"
            ],
            "type": "XHR",
            "firstPartyCookies": {},
            "firstPartyCookiesSent": {},
            "exampleSites": [
                "brilliantearth.com",
                "nydj.com",
                "shopthemint.com",
                "www.brilliantearth.com",
                "www.primalkitchen.com"
            ]
        },
        {
            "rule": "likeshop\\.me\\/static\\/img\\/previous\\.png",
            "cookies": 0.0000566,
            "fingerprinting": 0,
            "subdomains": [],
            "apis": {},
            "sites": 8,
            "prevalence": 0.0000566,
            "cnames": [],
            "responseHashes": [
                "e8235390796d01f5f7a4aadaee912774f4321335280303e5d264380c68cf158e"
            ],
            "type": "Image",
            "firstPartyCookies": {},
            "firstPartyCookiesSent": {},
            "exampleSites": [
                "francescas.com",
                "nydj.com",
                "postcardcabins.com",
                "www.aliceandolivia.com",
                "www.heide-park.de",
                "www.swimsuitsforall.com",
                "www.thibautdesign.com",
                "www.victoriassecret.com"
            ]
        },
        {
            "rule": "likeshop\\.me\\/static\\/img\\/next\\.png",
            "cookies": 0.0000566,
            "fingerprinting": 0,
            "subdomains": [],
            "apis": {},
            "sites": 8,
            "prevalence": 0.0000566,
            "cnames": [],
            "responseHashes": [
                "5135e6b5a7c2e47965a43494e1520efb560d05f3d7cc2815027f4f1c4c53bb27"
            ],
            "type": "Image",
            "firstPartyCookies": {},
            "firstPartyCookiesSent": {},
            "exampleSites": [
                "francescas.com",
                "nydj.com",
                "postcardcabins.com",
                "www.aliceandolivia.com",
                "www.heide-park.de",
                "www.swimsuitsforall.com",
                "www.thibautdesign.com",
                "www.victoriassecret.com"
            ]
        }
    ],
    "categories": [],
    "performance": {},
    "cookies": 0.000149,
    "topInitiators": [
        {
            "domain": "first party",
            "prevalence": 0.46774193548387094
        },
        {
            "domain": "dashhudson.com",
            "prevalence": 0.3870967741935484
        },
        {
            "domain": "dashsocial.com",
            "prevalence": 0.04838709677419355
        },
        {
            "domain": "azure.com",
            "prevalence": 0.03225806451612903
        },
        {
            "domain": "dynatrace.com",
            "prevalence": 0.03225806451612903
        },
        {
            "domain": "osano.com",