{
    "domain": "linkconnector.com",
    "owner": {
        "name": "LinkConnector Corporation",
        "displayName": "LinkConnector"
    },
    "source": [
        "DuckDuckGo-US"
    ],
    "prevalence": 0.00041,
    "sites": 58,
    "subdomains": [
        "www"
    ],
    "cnames": [],
    "fingerprinting": 1,
    "resources": [
        {
            "rule": "linkconnector\\.com\\/uts_lp\\.php",
            "cookies": 0.00024,
            "fingerprinting": 1,
            "subdomains": [
                "www"
            ],
            "apis": {
                "Document.cookie getter": 28,
                "window.localStorage": 30,
                "Date.prototype.getTime": 20,
                "Document.cookie setter": 28
            },
            "sites": 36,
            "prevalence": 0.000255,
            "cnames": [],
            "responseHashes": [
                "5aa0877f7d2c3fd9db5f7eb148262137b4ef6e48a1a4b729137090a48fff50b9",
                "5ae427c4a74337c42e1364db7e7d90ff4f28f2ae3259e50124da45cf6c0b3188",
                "8e2cf1bb40676f32898c466a63a58a4ffd6068b202a5afaa063bbaee2d7e728a",
                "45cf4469c7a946c606978baf00b79a38430ae1cf841f5af9a2d41c1ab16a4741",
                "14f6d812dc68f9231495583b7678503d55177111981fffc8b3ada21ffa9050a1",
                "bbd136a998bc341f5267c25b315fae7e793c40ea9f64b2500b870ec7dd79de97",
                "1042ef143925a270b2c71672ea3f58c208d69d1c1ca6595141dffc8b1eb77585",
                "b949286fd025f8e3a193ac37d79a0670b1866981a1f850df4359fd7057e3e5c3",
                "23aba2be6ca2226ac7b0b6709b3b2a6e5adf85903b0f120832cbc4f82ca00fc8",
                "9f08d5ba523b9ee4f484883c5c419d091a26ce0011044a8c6098b0031b50dc0f",
                "d485258db40ee88e5532c8022187d4e57eafefa9848c0d187b438d41d7d1b7ea",
                "5fe80e2641a56e971857c2c00386e90b87a2dd07d1c8ecb5f1b94517475e3e09",
                "f8f61a835e71310aa7d3759396b63cfc8bd91f6cfe0742b6c27a9c0f8a7eba64",
                "43b86f88cb5bfee496c286ff6df590a8608befea0f1f0d8e1e8182db5d876c48",
                "3c6822b8e7a665815e5ed5cfa186fedc95bfdb1c42ed12dadc349c0d8275e0a2",
                "f9ae303c2f71031eebf8bfae619149ef5103dbbcbe5de10eacf9bc09e492cfa1",
                "c5a65d1b9528a98ab7ef3e9b3f92046cb8a0caf715f51bacda57261b9aa999b7",
                "219380655014cbf14004ecc3cf92221644a6c845ce62b3add6e78882b4f36f95",
                "4b1415a815ea7055ac49e8b7fe9408143c16ef27135fa83e801ec1f37d944916",
                "77f0e3242a99f95fc166518c1f483f10bd7058aa1ae69db11f54bf27eebedefc",
                "7beb086656dd04fb598dd68243bbb1e05ba306094317189485e16d35d91818f5",
                "35fd0dd9eca96efab8c36b39d659d69f09cebf155617a805b084f36bf1f05b2e",
                "389c227823e223ecf5b80cff12aca17dd42c30989a3cedabb226b3203fe266e6",
                "c5da611fff5c50d0ef6327417f117427a6494e91eb5d78a49e452d48514ca4fe",
                "4b65bad6729a0f937daf7eed60398a25e3db5310a5e01de49290e095e21434b0",
                "876fd6fcf67ac6b42a897e216195338e6eb70b395c229ca28381a5bee7dba5d6",
                "1f37f403a268f6283d7c8c0b464beccc980ecde1d67f878d70bb3a7371a37828",
                "9b71efa16c18f2cdbfbc68a49202b29fae08a955738781a61f1258455920dbf4",
                "c5f9de97eda78679faba756101dd9ddc344c6b63c32ee6ef62c53164d6bc3f95",
                "15c0564f21d3ad95d882a4ac3eb75240c598dc0cb4bd1aced23bf86464fb6f5a",
                "f5f5f05786e2ab93214749a3458af6acaaafd0e372f14fed764bcafc5eef2b38",
                "7eb265ac0b7b60d4e6f9de24988e63638c1ceb075b3c8a28eb6c58e62443ac9e",
                "8c065a66b2c180857378a5b9e2a2c4552f85b42e2fbde0e9be4668d55e6d35ef"
            ],
            "type": "Script",
            "firstPartyCookies": {
                "uts_id": {
                    "ttl": 157680004,
                    "length": 17,
                    "prevalence": 0.00019805341783612495,
                    "uniqueness": 1
                },
                "LCUTS_UID_901602": {
                    "ttl": 3607,
                    "length": 6,
                    "prevalence": 0.000028293345405160706,
                    "uniqueness": 0.25
                },
                "LCUTS_UID_900133": {
                    "ttl": 3614,
                    "length": 6,
                    "prevalence": 0.00008488003621548212,
                    "uniqueness": 0.08333333333333333
                },
                "LCUTS_UID_901745": {
                    "ttl": 3603,
                    "length": 6,
                    "prevalence": 0.0000070733363512901765,
                    "uniqueness": 1
                },
                "LCUTS_UID_901731": {
                    "ttl": 3600,
                    "length": 6,
                    "prevalence": 0.0000070733363512901765,
                    "uniqueness": 1
                },
                "LCUTS_UID_902007": {
                    "ttl": 3604,
                    "length": 6,
                    "prevalence": 0.0000070733363512901765,
                    "uniqueness": 1
                },
                "LCUTS_UID_901974": {
                    "ttl": 3603,
                    "length": 6,
                    "prevalence": 0.000014146672702580353,
                    "uniqueness": 0.5
                },
                "LCUTS_UID_901518": {
                    "ttl": 3603,
                    "length": 6,
                    "prevalence": 0.00002122000905387053,
                    "uniqueness": 0.3333333333333333
                },
                "LCUTS_UID_900216": {
                    "ttl": 3603,
                    "length": 6,
                    "prevalence": 0.0000070733363512901765,
                    "uniqueness": 1
                },
                "LCUTS_UID_900188": {
                    "ttl": 3608,
                    "length": 6,
                    "prevalence": 0.0000070733363512901765,
                    "uniqueness": 1
                },
                "LCUTS_UID_902096": {
                    "ttl": 3602,
                    "length": 6,
                    "prevalence": 0.0000070733363512901765,
                    "uniqueness": 1
                }
            },
            "firstPartyCookiesSent": {
                "LCUTS_UID_901602": 0.000028293345405160706,
                "LCUTS_UID_900133": 0.00008488003621548212,
                "LCUTS_UID_901745": 0.0000070733363512901765,
                "LCUTS_UID_901731": 0.0000070733363512901765,
                "LCUTS_UID_902007": 0.0000070733363512901765,
                "LCUTS_UID_901974": 0.000014146672702580353,
                "LCUTS_UID_901518": 0.00002122000905387053,
                "LCUTS_UID_900216": 0.0000070733363512901765,
                "LCUTS_UID_900188": 0.0000070733363512901765,
                "LCUTS_UID_902096": 0.0000070733363512901765
            },
            "exampleSites": [
                "videoconverter.wondershare.com",
                "pdf.wondershare.com",
                "drfone.wondershare.com",
                "updf.com",
                "drfone.wondershare.de",
                "recoverit.wondershare.es",
                "trueshotammo.com",
                "recoverit.wondershare.fr",
                "www.graeters.com",
                "filmora.wondershare.com",
                "www.atitesting.com",
                "www.atlantacutlery.com",
                "www.modlily.com",
                "moviemaker.minitool.com",
                "famisafe.wondershare.com",
                "blade-city.com",
                "mobiletrans.wondershare.com",
                "elitesurvival.com",
                "recoverit.wondershare.com",
                "www.edrawmax.com"
            ]
        },
        {
            "rule": "linkconnector\\.com\\/tu\\.php",
            "cookies": 0.000177,
            "fingerprinting": 0,
            "subdomains": [
                "www"
            ],
            "apis": {},
            "sites": 25,
            "prevalence": 0.000177,