{
    "domain": "locally.com",
    "owner": {},
    "source": [
        "DuckDuckGo-US"
    ],
    "prevalence": 0.000184,
    "sites": 26,
    "subdomains": [
        "broan-nutone",
        "darntough",
        "enve-composites",
        "goalzero",
        "kuat",
        "minn-kota",
        "oboz",
        "shimano",
        "scubapro",
        "brighton",
        "bushnell",
        "cannondale",
        "dakine",
        "gozney",
        "lasportiva",
        "lems-shoes",
        "www",
        "merida",
        "mysteryranch",
        "saxx",
        "shure",
        "smithoptics",
        "taylor-guitars",
        "frontend2",
        "ceramic-pro"
    ],
    "cnames": [],
    "fingerprinting": 2,
    "resources": [
        {
            "rule": "locally\\.com\\/stores\\/map\\.js",
            "cookies": 0.000163,
            "fingerprinting": 1,
            "subdomains": [
                "broan-nutone",
                "darntough",
                "enve-composites",
                "goalzero",
                "kuat",
                "minn-kota",
                "oboz",
                "shimano",
                "scubapro",
                "brighton",
                "bushnell",
                "cannondale",
                "dakine",
                "gozney",
                "lasportiva",
                "lems-shoes",
                "www",
                "merida",
                "mysteryranch",
                "saxx",
                "shure",
                "smithoptics",
                "taylor-guitars"
            ],
            "apis": {
                "window.localStorage": 18,
                "window.innerWidth": 15,
                "Date.prototype.getTime": 15
            },
            "sites": 23,
            "prevalence": 0.000163,
            "cnames": [],
            "responseHashes": [
                "2591d48fd9b78f4dfe256a70ca281d3ff54bf1e3235d2c2fb8334f227e8bdd42",
                "f7119a3d87b53793ea279d16a600a5ff1189e10cc03e231b8d2e1764930e723c",
                "74c90ad2633a81a377e414e83029be8633aaebae4e040225df74bc9f16dae685",
                "6fda306b70f04abd9d0636156167e22ef2ce9bd8b7fd0a163940e09641510243",
                "22b7681586031b4b21297b977b2a64d9e6edd572be997d432646ad29968cc044",
                "7d5465e349e44f6b844be80aeb18f8951a554af7030b4043e03e1817f2fe07a8",
                "7b31995ba8b86993e533ba2d06a266d2a7452f666053531e22ec2d93c89284db",
                "029943eff6a3e9906bc4f46328fdfeef80844f975b92743148574b9319a02760",
                "d58b4714189e51ed0accdcc129291118b48fc2435d60c925221c83ef3944e423",
                "08d03411f2b556f1e4ebaa01ae8f59e1702af592924bf64fefb94c7ea4e0b90f",
                "cfaf850088f3461607d14b8b3da9285715b7e13f79eeb503a3fdf533477cf09c",
                "5fb027b9a8b79919059e9a9d6d605a3127c9655d2d760fecc35f1978756d68a0",
                "77984baa694c2893da675431c9264ec0300d6475d619a7bea9bcc8b6a6a13042",
                "2bcb734c4c5003e63c083abe9626ebcf14edbef7fd5822e306ae432be21e9658",
                "c6168da2acd38b5cff4806a33f7cae044e93bf6a8e96798e39c166c2c30d77ac",
                "769c01370a1c8bf0d94d2c5621028765258942cd3039d847aff6d5b1fe5b0915",
                "5e4d69b165711ba8b8c2703d380974cafd34af76c473bbf6e66c1b0a8b0813c0",
                "87c9ab4a89cd9d20dd5830d0bdcd3a4e8f5e7222f62daeffc43cfc52cde982d4",
                "bc5a54748dc83e65f9ed043aacc248b78a6869bcb301b4ee43ccb551de4256b8",
                "5196dabc3c93cd544c46e05484a52969ff1353d48c0a8d3b1580938f629b976a"
            ],
            "type": "Script",
            "firstPartyCookies": {},
            "firstPartyCookiesSent": {},
            "exampleSites": [
                "ride.shimano.com",
                "www.dakine.com",
                "www.merida-bikes.com",
                "broan-nutone.com",
                "www.cannondale.com",
                "www.leupold.com",
                "www.lasportivausa.com",
                "www.gozney.com",
                "goalzero.com",
                "www.smithoptics.com",
                "obozfootwear.com",
                "www.brighton.com",
                "www.lemsshoes.com",
                "www.mysteryranch.com",
                "scubapro.johnsonoutdoors.com",
                "darntough.com",
                "www.saxxunderwear.com",
                "kuat.com",
                "enve.com",
                "www.taylorguitars.com"
            ]
        },
        {
            "rule": "locally\\.com\\/inline_modal\\/main\\.js",
            "cookies": 0,
            "fingerprinting": 1,
            "subdomains": [
                "frontend2"
            ],
            "apis": {
                "Navigator.prototype.userAgent": 17,
                "Navigator.prototype.product": 17
            },
            "sites": 19,
            "prevalence": 0.000134,
            "cnames": [],
            "responseHashes": [
                "3cfed91cdba606425c69d43cde691193bcdabf052973a9ec6333749808e1d0f4",
                "ce771b9d18049a21a0860a9aa6e8645e0b16f8255c34df4334e1d53c448555a4"
            ],
            "type": "Script",
            "firstPartyCookies": {},
            "firstPartyCookiesSent": {},
            "exampleSites": [
                "broan-nutone.com",
                "darntough.com",
                "enve.com",
                "goalzero.com",
                "kuat.com",
                "obozfootwear.com",
                "ride.shimano.com",
                "www.brighton.com",
                "www.bushnell.com",
                "www.cannondale.com",
                "www.gozney.com",
                "www.lasportivausa.com",
                "www.lemsshoes.com",
                "www.leupold.com",
                "www.merida-bikes.com",
                "www.mysteryranch.com",
                "www.saxxunderwear.com",
                "www.smithoptics.com",
                "www.taylorguitars.com"
            ]
        },
        {
            "rule": "locally\\.com\\/headless\\/api\\/1\\.0\\/i18n",
            "cookies": 0.00012,
            "fingerprinting": 0,
            "subdomains": [
                "www"
            ],
            "apis": {},
            "sites": 17,
            "prevalence": 0.00012,
            "cnames": [],
            "responseHashes": [
                "4f53cda18c2baa0c0354bb5f9a3ecbe5ed12ab4d8e11ba873c2f11161202b945",
                "487783d57f67cb304666d22edf538b50662e2a67c08f41fd2f8082dc1409b374"
            ],
            "type": "Fetch",
            "firstPartyCookies": {},
            "firstPartyCookiesSent": {},
            "exampleSites": [
                "broan-nutone.com",
                "darntough.com",
                "enve.com",
                "goalzero.com",
                "kuat.com",
                "obozfootwear.com",
                "ride.shimano.com",
                "www.bushnell.com",
                "www.cannondale.com",
                "www.gozney.com",
                "www.lasportivausa.com",
                "www.lemsshoes.com",
                "www.leupold.com",
                "www.merida-bikes.com",
                "www.mysteryranch.com",
                "www.smithoptics.com",
                "www.taylorguitars.com"
            ]
        },
        {
            "rule": "locally\\.com\\/px",
            "cookies": 0.0000141,
            "fingerprinting": 0,
            "subdomains": [
                "ceramic-pro",
                "taylor-guitars"
            ],
            "apis": {},
            "sites": 2,
            "prevalence": 0.0000141,
            "cnames": [],
            "responseHashes": [
                "009569b9a61633d6de2b78624eed2275970ce537217c1ce5cdd081ff34188fec"
            ],
            "type": "Image",
            "firstPartyCookies": {},
            "firstPartyCookiesSent": {
                "IR_gbd": 0.0000070733363512901765
            },