{
    "domain": "lr-in-prod.com",
    "owner": {},
    "source": [
        "DuckDuckGo-US"
    ],
    "prevalence": 0.00029,
    "sites": 41,
    "subdomains": [
        "cdn",
        "r"
    ],
    "cnames": [],
    "fingerprinting": 2,
    "resources": [
        {
            "rule": "lr-in-prod\\.com\\/logger-1\\.min\\.js",
            "cookies": 0.0000637,
            "fingerprinting": 2,
            "subdomains": [
                "cdn"
            ],
            "apis": {
                "Navigator.prototype.userAgent": 20,
                "window.sessionStorage": 21,
                "window.localStorage": 21,
                "URL.createObjectURL": 15,
                "Document.cookie getter": 10,
                "Document.cookie setter": 9,
                "Navigator.prototype.language": 10,
                "Navigator.prototype.platform": 10,
                "Navigator.prototype.appVersion": 10,
                "PerformanceTiming.prototype.navigationStart": 9,
                "Performance.prototype.memory": 9
            },
            "sites": 28,
            "prevalence": 0.000198,
            "cnames": [],
            "responseHashes": [
                "138203da1dd6d41ed765e80e6cf211a4a8ee40f9580c0cbb5cc3ba1cc8f1d095",
                "32afaeffc2977aa2a718a7e9170fc39609f86f0a828354cd985eb2dcd858dc35",
                "de44d0d56fbc91c54ab1a48ccbc5381f369fc20f3d4e4f1f5c0b1b9621718a97",
                "3ceab29d1d588271d5b11c27d59d5bf9341282d364212eda3dac224993652d7c",
                "ee49d95bba90fc5d8b00ae0cdabcae84a00d16ba337ee193ba0d7a8a22781b92",
                "a0f34c854e256b517673d8ea976785084fbecd1f6af140e1d846b457d6a355f7"
            ],
            "type": "Script",
            "firstPartyCookies": {
                "_lr_tabs_-n7ebxo%2Fgfecfe-prod": {
                    "ttl": 86404,
                    "length": 143,
                    "prevalence": 0.0000070733363512901765,
                    "uniqueness": 1
                },
                "_lr_hb_-n7ebxo%2Fgfecfe-prod": {
                    "ttl": 86403,
                    "length": 31,
                    "prevalence": 0.0000070733363512901765,
                    "uniqueness": 1
                },
                "aW5zdXJpZnkuY29t-_lr_tabs_-pyembx%2Finsurify": {
                    "ttl": 86403,
                    "length": 143,
                    "prevalence": 0.0000070733363512901765,
                    "uniqueness": 1
                },
                "aW5zdXJpZnkuY29t-_lr_hb_-pyembx%2Finsurify": {
                    "ttl": 86402,
                    "length": 31,
                    "prevalence": 0.0000070733363512901765,
                    "uniqueness": 1
                },
                "_lr_tabs_-lljtyc%2Fniprcom": {
                    "ttl": 86402,
                    "length": 143,
                    "prevalence": 0.0000070733363512901765,
                    "uniqueness": 1
                },
                "_lr_hb_-lljtyc%2Fniprcom": {
                    "ttl": 86401,
                    "length": 31,
                    "prevalence": 0.0000070733363512901765,
                    "uniqueness": 1
                },
                "d3d3LmNvbXBhcmUuY29t-_lr_tabs_-pyembx%2Finsurify": {
                    "ttl": 86403,
                    "length": 143,
                    "prevalence": 0.0000070733363512901765,
                    "uniqueness": 1
                },
                "d3d3LmNvbXBhcmUuY29t-_lr_hb_-pyembx%2Finsurify": {
                    "ttl": 86402,
                    "length": 31,
                    "prevalence": 0.0000070733363512901765,
                    "uniqueness": 1
                },
                "_lr_tabs_-edny8h%2Fcopacom": {
                    "ttl": 86403,
                    "length": 142,
                    "prevalence": 0.0000070733363512901765,
                    "uniqueness": 1
                },
                "_lr_hb_-edny8h%2Fcopacom": {
                    "ttl": 86401,
                    "length": 31,
                    "prevalence": 0.0000070733363512901765,
                    "uniqueness": 1
                },
                "_lr_tabs_-ugnixz%2Fhscom": {
                    "ttl": 86404,
                    "length": 142,
                    "prevalence": 0.0000070733363512901765,
                    "uniqueness": 1
                },
                "_lr_hb_-ugnixz%2Fhscom": {
                    "ttl": 86404,
                    "length": 31,
                    "prevalence": 0.0000070733363512901765,
                    "uniqueness": 1
                },
                "_lr_tabs_-rwl5hk%2Fonthestage-wordpress": {
                    "ttl": 86405,
                    "length": 142,
                    "prevalence": 0.0000070733363512901765,
                    "uniqueness": 1
                },
                "_lr_hb_-rwl5hk%2Fonthestage-wordpress": {
                    "ttl": 86405,
                    "length": 31,
                    "prevalence": 0.0000070733363512901765,
                    "uniqueness": 1
                },
                "c2ltcGx5d2lzZS5jb20%3D-_lr_tabs_-simplywise%2Fsimplywise_web_onboarding": {
                    "ttl": 86411,
                    "length": 143,
                    "prevalence": 0.0000070733363512901765,
                    "uniqueness": 1
                },
                "c2ltcGx5d2lzZS5jb20%3D-_lr_hb_-simplywise%2Fsimplywise_web_onboarding": {
                    "ttl": 86403,
                    "length": 31,
                    "prevalence": 0.0000070733363512901765,
                    "uniqueness": 1
                },
                "_lr_tabs_-wmzjng%2Ftimeout_gp-web": {
                    "ttl": 86426,
                    "length": 145,
                    "prevalence": 0.0000070733363512901765,
                    "uniqueness": 1
                },
                "_lr_hb_-wmzjng%2Ftimeout_gp-web": {
                    "ttl": 86426,
                    "length": 31,
                    "prevalence": 0.0000070733363512901765,
                    "uniqueness": 1
                }
            },
            "firstPartyCookiesSent": {},
            "exampleSites": [
                "classpass.com",
                "www.kele.com",
                "www.surfline.com",
                "modelcontextprotocol.io",
                "www.costcobusinessdelivery.com",
                "www.timeout.es",
                "docs.comfy.org",
                "www.timeout.fr",
                "www.backerkit.com",
                "nipr.com",
                "www.timeout.com",
                "www.onthestage.tickets",
                "docs.windsurf.com",
                "docs.anthropic.com",
                "www.insight.com",
                "vgen.co",
                "www.praymorenovenas.com",
                "www.hardwarestore.com",
                "lsatdemon.com",
                "www.simplywise.com"
            ]
        },
        {
            "rule": "lr-in-prod\\.com\\/i",
            "cookies": 0,
            "fingerprinting": 0,
            "subdomains": [
                "r"
            ],
            "apis": {},
            "sites": 14,
            "prevalence": 0.000099,
            "cnames": [],
            "responseHashes": [],
            "type": "Preflight",
            "firstPartyCookies": {},
            "firstPartyCookiesSent": {},
            "exampleSites": [
                "classpass.com",
                "insurify.com",
                "nipr.com",
                "www.compare.com",
                "www.copaair.com",
                "www.costcobusinessdelivery.com",
                "www.go-parts.com",
                "www.hardwarestore.com",
                "www.kele.com",
                "www.onthestage.tickets",
                "www.simplywise.com",
                "www.timeout.es",
                "www.timeout.pt",
                "www.timeout.com"
            ]
        },
        {
            "rule": "lr-in-prod\\.com\\/i",