{
    "domain": "mantis.marketing",
    "owner": {},
    "source": [
        "DuckDuckGo-US"
    ],
    "prevalence": 0.000212,
    "sites": 30,
    "subdomains": [
        "analytics",
        "ssp",
        "static",
        "bids"
    ],
    "cnames": [],
    "fingerprinting": 0,
    "resources": [
        {
            "rule": "mantis\\.marketing\\/visit",
            "cookies": 0.0000778,
            "fingerprinting": 0,
            "subdomains": [
                "analytics"
            ],
            "apis": {},
            "sites": 11,
            "prevalence": 0.0000778,
            "cnames": [],
            "responseHashes": [
                "438f08f296b5d8af37fa9f2fd73d831f7dbb66d03bc5f5dea5d223128b685c0e",
                "419dfbd9003eeb8f4b766a651ac0374a222d75e185c317d6ecf1f1db3a194140",
                "03d046b444502032bc23b1f421684b909467454e21b9b25ed3df0ca894a03eaf",
                "b8b3206b9ae0b9f066353cce0717ea344506f9975142b1d7659af731f423f62e",
                "d28bfb6d5e2de94c521a17e99c45d019ec1c4dfe778b24f7e71440f20164fbf9",
                "0757abd733df4c71bcc34866bb9c82b6fab21681d2197fbc3e04502863b5780b",
                "219636e1a8ceea35c936601143eeb42bcbc8c1451da61e013b1b799eab2bd904",
                "797471fb28d6e52f523fc0d6f0a9de170727d215fbfc8a08e4948d50a6f19745",
                "6966ce921e9ddfd9a558dc63dfa3f7dde2ab031c636483f61611ba4161b2af85"
            ],
            "type": "Fetch",
            "firstPartyCookies": {},
            "firstPartyCookiesSent": {
                "lotame_domain_check": 0.000014146672702580353,
                "IR_gbd": 0.0000070733363512901765
            },
            "exampleSites": [
                "blimburnseeds.com",
                "discountvapepen.com",
                "mjbizdaily.com",
                "thehighestcritic.com",
                "www.communitychoicecu.com",
                "www.gopuff.com",
                "www.grasscity.com",
                "www.royalqueenseeds.com",
                "www.royalqueenseeds.de",
                "www.smokecartel.com",
                "www.stiiizy.com"
            ]
        },
        {
            "rule": "mantis\\.marketing\\/display",
            "cookies": 0.0000566,
            "fingerprinting": 0,
            "subdomains": [
                "ssp"
            ],
            "apis": {},
            "sites": 8,
            "prevalence": 0.0000566,
            "cnames": [],
            "responseHashes": [
                "b4f6b4033c7569c4c7b3af5efa15ec35869586a72afa67c2844512a0e5e25e2e",
                "8b6ebcf44a492160f4736582bd23e739e6ad7e28180a78702e1f6bdf08047317",
                "c13f104b088739ac9a234640c04d7b541ffe6512ab6e9e49f10f37e0c76a0b0c",
                "368274ff05f2c94d4ec3a7a48c4793d9e8af0fac8b45072a0fd6f12a869897c9",
                "25a8d5a7af4c4c2dd73856e2d8e0fc19d6292589e907695532a23cc900275ad8",
                "8937ba7c6b851c0b62f526eb6bf2831d48d88982d004934a7358f908278b0328",
                "cd33f860faacf80520f42155cd7a36d738514385bc814e38bd4adafebd6891bb"
            ],
            "type": "Fetch",
            "firstPartyCookies": {},
            "firstPartyCookiesSent": {},
            "exampleSites": [
                "cannabis.net",
                "cannigma.com",
                "forum.grasscity.com",
                "growlightinfo.com",
                "thehighestcritic.com",
                "www.allbud.com",
                "www.e-cigarette-forum.com",
                "www.leafbuyer.com"
            ]
        },
        {
            "rule": "mantis\\.marketing\\/adsbymantis\\.svg",
            "cookies": 0.0000566,
            "fingerprinting": 0,
            "subdomains": [
                "static"
            ],
            "apis": {},
            "sites": 8,
            "prevalence": 0.0000566,
            "cnames": [],
            "responseHashes": [
                "013638477bb88378604d1b89467d4d6d5634f0ecccf188515d612264b48d5590"
            ],
            "type": "Image",
            "firstPartyCookies": {},
            "firstPartyCookiesSent": {},
            "exampleSites": [
                "cannabis.net",
                "cannigma.com",
                "forum.grasscity.com",
                "growlightinfo.com",
                "thehighestcritic.com",
                "www.allbud.com",
                "www.e-cigarette-forum.com",
                "www.leafbuyer.com"
            ]
        },
        {
            "rule": "mantis\\.marketing\\/served",
            "cookies": 0.0000566,
            "fingerprinting": 0,
            "subdomains": [
                "bids"
            ],
            "apis": {},
            "sites": 8,
            "prevalence": 0.0000566,
            "cnames": [],
            "responseHashes": [
                "1ed70d02696722505ec82915a7dd9fbf2c512366d009b74bdbe37c9869c250a4"
            ],
            "type": "Image",
            "firstPartyCookies": {},
            "firstPartyCookiesSent": {},
            "exampleSites": [
                "cannabis.net",
                "cannigma.com",
                "forum.grasscity.com",
                "growlightinfo.com",
                "thehighestcritic.com",
                "www.allbud.com",
                "www.e-cigarette-forum.com",
                "www.leafbuyer.com"
            ]
        },
        {
            "rule": "mantis\\.marketing\\/display\\/bb31895e9b840fcbfb90edd4803546a3\\.gif",
            "cookies": 0.0000141,
            "fingerprinting": 0,
            "subdomains": [
                "static"
            ],
            "apis": {},
            "sites": 2,
            "prevalence": 0.0000141,
            "cnames": [],
            "responseHashes": [
                "2e10b4cff5fcd4e46d19360d478896cbb513ce595e336a6ab68da8e76e126470"
            ],
            "type": "Image",
            "firstPartyCookies": {},
            "firstPartyCookiesSent": {},
            "exampleSites": [
                "cannabis.net",
                "forum.grasscity.com"
            ]
        },
        {
            "rule": "mantis\\.marketing\\/display\\/b1210f04ad0323b3568402ef7d959737\\.png",
            "cookies": 0.0000141,
            "fingerprinting": 0,
            "subdomains": [
                "static"
            ],
            "apis": {},
            "sites": 2,
            "prevalence": 0.0000141,
            "cnames": [],
            "responseHashes": [
                "bed43ff74009e43ad2fe310a5d9dc2e491f86ad568194084046fa48efa430834"
            ],
            "type": "Image",
            "firstPartyCookies": {},
            "firstPartyCookiesSent": {},
            "exampleSites": [
                "cannigma.com",
                "growlightinfo.com"
            ]
        },
        {
            "rule": "mantis\\.marketing\\/viewed",
            "cookies": 0,
            "fingerprinting": 0,
            "subdomains": [
                "bids"
            ],
            "apis": {},
            "sites": 6,
            "prevalence": 0.0000424,
            "cnames": [],
            "responseHashes": [
                "1ed70d02696722505ec82915a7dd9fbf2c512366d009b74bdbe37c9869c250a4"
            ],
            "type": "Image",
            "firstPartyCookies": {},
            "firstPartyCookiesSent": {},
            "exampleSites": [
                "cannigma.com",
                "forum.grasscity.com",
                "growlightinfo.com",
                "thehighestcritic.com",
                "www.allbud.com",
                "www.e-cigarette-forum.com"
            ]
        },
        {
            "rule": "mantis\\.marketing\\/display\\/a46e6bbd15ff9a6948b24c5545e2d224\\.jpg",
            "cookies": 0.0000212,
            "fingerprinting": 0,
            "subdomains": [
                "static"
            ],
            "apis": {},
            "sites": 3,
            "prevalence": 0.0000212,
            "cnames": [],