{
    "domain": "masterworks.digital",
    "owner": {},
    "source": [
        "DuckDuckGo-US"
    ],
    "prevalence": 0.0000637,
    "sites": 9,
    "subdomains": [
        "epiphany"
    ],
    "cnames": [],
    "fingerprinting": 2,
    "resources": [
        {
            "rule": "masterworks\\.digital\\/ppms\\.js",
            "cookies": 0.0000212,
            "fingerprinting": 2,
            "subdomains": [
                "epiphany"
            ],
            "apis": {
                "Navigator.prototype.userAgent": 3,
                "Navigator.prototype.mimeTypes": 3,
                "Navigator.prototype.cookieEnabled": 3,
                "Screen.prototype.width": 3,
                "Screen.prototype.height": 3,
                "Date.prototype.getTime": 4,
                "Navigator.prototype.platform": 3,
                "window.name": 4,
                "Document.cookie getter": 3,
                "Document.cookie setter": 3
            },
            "sites": 6,
            "prevalence": 0.0000424,
            "cnames": [],
            "responseHashes": [
                "8b182dce2be20f13796541780c482a974ba8520911940ba93d76b41acb55645b"
            ],
            "type": "Script",
            "firstPartyCookies": {
                "_pk_id.d14d1a8c-3477-46f1-bef4-503ed3baa340.6487": {
                    "ttl": 33955224,
                    "length": 52,
                    "prevalence": 0.0000070733363512901765,
                    "uniqueness": 1
                },
                "_pk_ses.d14d1a8c-3477-46f1-bef4-503ed3baa340.6487": {
                    "ttl": 1824,
                    "length": 1,
                    "prevalence": 0.0000070733363512901765,
                    "uniqueness": 1
                },
                "_pk_id.d7b23857-0554-4c0f-b1b6-26a59c09e9da.cc1d": {
                    "ttl": 33955206,
                    "length": 52,
                    "prevalence": 0.0000070733363512901765,
                    "uniqueness": 1
                },
                "_pk_ses.d7b23857-0554-4c0f-b1b6-26a59c09e9da.cc1d": {
                    "ttl": 1806,
                    "length": 1,
                    "prevalence": 0.0000070733363512901765,
                    "uniqueness": 1
                },
                "_pk_id.00522052-1da3-4ce1-8077-234597b8b494.86fc": {
                    "ttl": 33955202,
                    "length": 52,
                    "prevalence": 0.0000070733363512901765,
                    "uniqueness": 1
                },
                "_pk_ses.00522052-1da3-4ce1-8077-234597b8b494.86fc": {
                    "ttl": 1802,
                    "length": 1,
                    "prevalence": 0.0000070733363512901765,
                    "uniqueness": 1
                }
            },
            "firstPartyCookiesSent": {},
            "exampleSites": [
                "focus.org",
                "livingontheedge.org",
                "www.awana.org",
                "www.persecution.org",
                "www.prisonfellowship.org",
                "www.vfw.org"
            ]
        },
        {
            "rule": "masterworks\\.digital\\/ppms\\.php",
            "cookies": 0,
            "fingerprinting": 0,
            "subdomains": [
                "epiphany"
            ],
            "apis": {},
            "sites": 5,
            "prevalence": 0.0000354,
            "cnames": [],
            "responseHashes": [
                "e3b0c44298fc1c149afbf4c8996fb92427ae41e4649b934ca495991b7852b855"
            ],
            "type": "Ping",
            "firstPartyCookies": {},
            "firstPartyCookiesSent": {},
            "exampleSites": [
                "focus.org",
                "livingontheedge.org",
                "www.awana.org",
                "www.persecution.org",
                "www.vfw.org"
            ]
        },
        {
            "rule": "masterworks\\.digital\\/containers\\/ca9a64dd-76c8-4272-93e5-04209077aa47\\.js",
            "cookies": 0.0000141,
            "fingerprinting": 1,
            "subdomains": [
                "epiphany"
            ],
            "apis": {
                "Navigator.prototype.userAgent": 2,
                "window.localStorage": 2,
                "Document.cookie getter": 2,
                "window.name": 2,
                "Document.cookie setter": 2,
                "Date.prototype.getTime": 2
            },
            "sites": 2,
            "prevalence": 0.0000141,
            "cnames": [],
            "responseHashes": [
                "464cf4c449748d07b55f0422605a0d448c8b077c3e1050eb9fd1cdb88dac3ecd"
            ],
            "type": "Script",
            "firstPartyCookies": {
                "stg_traffic_source_priority": {
                    "ttl": 1821,
                    "length": 1,
                    "prevalence": 0.000014146672702580353,
                    "uniqueness": 0.5
                },
                "stg_last_interaction": {
                    "ttl": 31536021,
                    "length": 41,
                    "prevalence": 0.000014146672702580353,
                    "uniqueness": 1
                },
                "stg_returning_visitor": {
                    "ttl": 31536021,
                    "length": 41,
                    "prevalence": 0.000014146672702580353,
                    "uniqueness": 1
                }
            },
            "firstPartyCookiesSent": {},
            "exampleSites": [
                "lwf.org",
                "www.lwf.org"
            ]
        },
        {
            "rule": "masterworks\\.digital\\/containers\\/00522052-1da3-4ce1-8077-234597b8b494\\.js",
            "cookies": 0.0000141,
            "fingerprinting": 1,
            "subdomains": [
                "epiphany"
            ],
            "apis": {
                "Navigator.prototype.userAgent": 2,
                "window.localStorage": 2,
                "Document.cookie getter": 2,
                "window.name": 2,
                "Document.cookie setter": 2,
                "Date.prototype.getTime": 2
            },
            "sites": 2,
            "prevalence": 0.0000141,
            "cnames": [],
            "responseHashes": [
                "e0f6b1c50920a8065a429107df548995ec7130bad21198f023e7bea8d7d9f643"
            ],
            "type": "Script",
            "firstPartyCookies": {
                "stg_traffic_source_priority": {
                    "ttl": 1804,
                    "length": 1,
                    "prevalence": 0.000014146672702580353,
                    "uniqueness": 0.5
                },
                "stg_last_interaction": {
                    "ttl": 31536004,
                    "length": 41,
                    "prevalence": 0.000014146672702580353,
                    "uniqueness": 1
                },
                "stg_returning_visitor": {
                    "ttl": 31536004,
                    "length": 41,
                    "prevalence": 0.000014146672702580353,
                    "uniqueness": 1
                }
            },
            "firstPartyCookiesSent": {},
            "exampleSites": [
                "vfw.org",
                "www.vfw.org"
            ]
        }
    ],
    "categories": [],
    "performance": {},
    "cookies": 0.0000566,
    "topInitiators": [
        {
            "domain": "googletagmanager.com",
            "prevalence": 0.35294117647058826
        },
        {
            "domain": "jsdelivr.net",
            "prevalence": 0.35294117647058826
        },
        {
            "domain": "first party",
            "prevalence": 0.17647058823529413
        },
        {
            "domain": "clym-sdk.net",
            "prevalence": 0.11764705882352941
        }
    ],
    "types": {
        "Script": 10,
        "Ping": 5
    },
    "nameservers": [
        "ns1.mediatemple.net",
        "ns2.mediatemple.net"
    ]
}