{
    "domain": "mcpuwpsh.com",
    "owner": {},
    "source": [
        "DuckDuckGo-US"
    ],
    "prevalence": 0.000099,
    "sites": 14,
    "subdomains": [],
    "cnames": [],
    "fingerprinting": 0,
    "resources": [
        {
            "rule": "mcpuwpsh\\.com\\/get\\/",
            "cookies": 0,
            "fingerprinting": 0,
            "subdomains": [],
            "apis": {},
            "sites": 9,
            "prevalence": 0.0000637,
            "cnames": [],
            "responseHashes": [
                "5742c5631f65f28faaf5a86aee68e308f3efb5cdf1009a063a64bdf26fa0cdce",
                "aceaf31f22ca554cef80d93fd6f36917af87d6623579a59ba10c4fb642a8267f",
                "0eed55a712f1d472f6d1975f1564bfbd1d721eb928802c9308fda069d1f8ecd5",
                "e890f64c671db31b5c0b96f5b5a935fa1d3353e1f7aa0cbcab660335e8f624fc",
                "4b58b75c1d25b2f21da6e631b5fe93eaf0a93b7e4095787427d1aa3cbc7ff04e",
                "5d3923fddc04b54a3bda02ba033c3a264a1086fb134099dc97e3cd738d72e55c",
                "8924d5b0d0f5244f64be5ff9f8d383c6907b18c4e34cbc9d3350d30b0cf3dddc",
                "4daddf5bda19cb452455ea07019212a0baf03aa3dd70efefaf8be877d0226cd2"
            ],
            "type": "Fetch",
            "firstPartyCookies": {},
            "firstPartyCookiesSent": {},
            "exampleSites": [
                "3rabxn.com",
                "camcaps.ac",
                "camcaps.io",
                "evexxx.com",
                "hotscopes.io",
                "hotscopes.net",
                "reallifecam.to",
                "www.hotscopes.io",
                "xxxmia.com"
            ]
        }
    ],
    "categories": [],
    "performance": {},
    "cookies": 0,
    "topInitiators": [
        {
            "domain": "mbidpp.com",
            "prevalence": 1
        }
    ],
    "types": {
        "Fetch": 9
    },
    "nameservers": [
        "ns1.digitalocean.com",
        "ns2.digitalocean.com",
        "ns3.digitalocean.com"
    ]
}