{
    "domain": "medfoodsafety.com",
    "owner": {},
    "source": [
        "DuckDuckGo-US"
    ],
    "prevalence": 0.000375,
    "sites": 53,
    "subdomains": [
        "a",
        "cdn3"
    ],
    "cnames": [],
    "fingerprinting": 1,
    "resources": [
        {
            "rule": "medfoodsafety\\.com\\/warp",
            "cookies": 0,
            "fingerprinting": 0,
            "subdomains": [
                "a"
            ],
            "apis": {},
            "sites": 6,
            "prevalence": 0.0000424,
            "cnames": [],
            "responseHashes": [
                "3317708d93080e59a0a123d9fcba1dc563f18d78feebed51b406c20f606c2d4e",
                "ff69f79f80ff72048b72a4d3831c8c8e54261a8d5a9e289f7773b87aa8246905",
                "5efe4796ed9c7e9b5dd3537c9ec98010cc72bd5ecc0a42cd8d7ed86f32ed670c"
            ],
            "type": "Script",
            "firstPartyCookies": {},
            "firstPartyCookiesSent": {},
            "exampleSites": [
                "4kpornvideos.tv",
                "bigboobs.xxx",
                "goodpornvids.com",
                "hqporn.xxx",
                "lesbi.xxx",
                "xxxvideo.world"
            ]
        },
        {
            "rule": "medfoodsafety\\.com\\/loader",
            "cookies": 0,
            "fingerprinting": 0,
            "subdomains": [
                "a"
            ],
            "apis": {},
            "sites": 28,
            "prevalence": 0.000198,
            "cnames": [],
            "responseHashes": [
                "3af2a604b0ff96e8288a7b7b897332c7569b01304e439d2488a21fd8a30741b2",
                "692fe7425bdce5f2f28a2aca6d3e4f9a3d4116caa1f177327b92cfbb67a43346",
                "f3d78e8e2bf10fefb611310c7796036d9e4d28e3314f9f223d4888a806be737d",
                "d67bba016bb71b3f2410134fb2d3cac9da8b2183e4d2b5aea2d17e652e7880b9",
                "81d025cb9321d76a915bb239dbccae9557a78ed9756f9101163701819f3f0420",
                "8623cbdcc5bd61f501bf3ab29d3db3065b493f617e8dee304140191700c2cbf3",
                "8dd002ad171f4aa7bd212849a565de50a6fa1788e8b3cde5fc1addc4b4232a08",
                "8be790b3cb1b772a247ff7dddca8a3809b9f0e8b9c99d964b8e03fdb8acd11e4"
            ],
            "type": "Document",
            "firstPartyCookies": {},
            "firstPartyCookiesSent": {
                "lotame_domain_check": 0.0000070733363512901765
            },
            "exampleSites": [
                "teenporn24.net",
                "atkingdom.com",
                "www.yourxflare.com",
                "porn-xnxx.com",
                "vietnamporn.net",
                "urpussy.com",
                "www.xporn.tv",
                "x-n-x-x.pro",
                "sextingfinder.com",
                "x-xx.pro",
                "www.pornhomemade.com",
                "hindixnxx.pro",
                "tokyo-idols.com",
                "www.pornfv.com",
                "www.freexcafe.com",
                "eboblack.com",
                "xnxx.club",
                "ohsex.pro",
                "lesbianpornvideos.org",
                "teenxy.com"
            ]
        },
        {
            "rule": "medfoodsafety\\.com\\/i",
            "cookies": 0,
            "fingerprinting": 0,
            "subdomains": [
                "a"
            ],
            "apis": {},
            "sites": 10,
            "prevalence": 0.0000707,
            "cnames": [],
            "responseHashes": [
                "e3b0c44298fc1c149afbf4c8996fb92427ae41e4649b934ca495991b7852b855"
            ],
            "type": "Image",
            "firstPartyCookies": {},
            "firstPartyCookiesSent": {},
            "exampleSites": [
                "atkingdom.com",
                "porntn.com",
                "sextingfinder.com",
                "www.atkingdom.com",
                "www.freexcafe.com",
                "www.fsiblog.co",
                "www.indiantube.porn",
                "www.pornhomemade.com",
                "www.xporn.tv",
                "www.yourxflare.com"
            ]
        },
        {
            "rule": "medfoodsafety\\.com\\/7a\\/2b\\/314550\\/5461883\\.gif",
            "cookies": 0,
            "fingerprinting": 0,
            "subdomains": [
                "cdn3"
            ],
            "apis": {},
            "sites": 2,
            "prevalence": 0.0000141,
            "cnames": [],
            "responseHashes": [
                "349fbe1d762f8ea3e7fa0eeccc0b7e0ac9db06d1b89b66495a1deb7d8d8a6e21"
            ],
            "type": "Image",
            "firstPartyCookies": {},
            "firstPartyCookiesSent": {},
            "exampleSites": [
                "reifefrauenpornos.com",
                "www.sexgeschichten.tv"
            ]
        },
        {
            "rule": "medfoodsafety\\.com\\/a5\\/a1\\/307475\\/5464662\\.webp",
            "cookies": 0,
            "fingerprinting": 0,
            "subdomains": [
                "cdn3"
            ],
            "apis": {},
            "sites": 2,
            "prevalence": 0.0000141,
            "cnames": [],
            "responseHashes": [
                "2228296cbe8c1b0b852fb9481f70c25a61627022499f766823ad420e3bad43ed"
            ],
            "type": "Image",
            "firstPartyCookies": {},
            "firstPartyCookiesSent": {},
            "exampleSites": [
                "fsiblog.co",
                "www.pornhomemade.com"
            ]
        },
        {
            "rule": "medfoodsafety\\.com\\/7a\\/2b\\/314550\\/5461880\\.gif",
            "cookies": 0,
            "fingerprinting": 0,
            "subdomains": [
                "cdn3"
            ],
            "apis": {},
            "sites": 5,
            "prevalence": 0.0000354,
            "cnames": [],
            "responseHashes": [
                "1eb2436032af770b59147e214aedaf5d1b526b2ba466f73e60d02955b8b7087a"
            ],
            "type": "Image",
            "firstPartyCookies": {},
            "firstPartyCookiesSent": {},
            "exampleSites": [
                "gratis-sex-videos.net",
                "www.lesbenpornos.net",
                "www.sexfilme24.org",
                "xnxxdeutsch.net",
                "you-porn-deutsch.com"
            ]
        },
        {
            "rule": "medfoodsafety\\.com\\/oauth2",
            "cookies": 0,
            "fingerprinting": 1,
            "subdomains": [
                "a"
            ],
            "apis": {
                "Navigator.prototype.cookieEnabled": 2,
                "Document.cookie getter": 2,
                "window.localStorage": 2,
                "Navigator.prototype.userAgent": 2
            },
            "sites": 2,
            "prevalence": 0.0000141,
            "cnames": [],
            "responseHashes": [
                "e092ccdfa5c4aa6b1ddf46908caae9d3720f7ac59947f0c6b66b94717fdc6884"
            ],
            "type": "Script",
            "firstPartyCookies": {},
            "firstPartyCookiesSent": {},
            "exampleSites": [
                "iafd.com",
                "www.iafd.com"
            ]
        },
        {
            "rule": "medfoodsafety\\.com\\/03\\/6e\\/297838\\/5410988\\.webp",
            "cookies": 0,
            "fingerprinting": 0,
            "subdomains": [
                "cdn3"
            ],
            "apis": {},
            "sites": 2,
            "prevalence": 0.0000141,
            "cnames": [],
            "responseHashes": [
                "1a1526e33da17e00e88f92cd08af9ab20050e9f8b886b0c569ff77447fe0fd5b"
            ],
            "type": "Image",
            "firstPartyCookies": {},
            "firstPartyCookiesSent": {},
            "exampleSites": [
                "pornhomemade.com",
                "www.pornhomemade.com"
            ]
        }
    ],
    "categories": [],
    "performance": {},
    "cookies": 0,
    "topInitiators": [
        {
            "domain": "bestcontentfood.top",