{
    "domain": "miyuki-web.net",
    "owner": {},
    "source": [
        "DuckDuckGo-US"
    ],
    "prevalence": 0.000141,
    "sites": 20,
    "subdomains": [
        "js",
        "edayo",
        "cs"
    ],
    "cnames": [],
    "fingerprinting": 2,
    "resources": [
        {
            "rule": "miyuki-web\\.net\\/t\\/006\\/330\\/a80006330\\.js",
            "cookies": 0,
            "fingerprinting": 1,
            "subdomains": [
                "js"
            ],
            "apis": {
                "window.localStorage": 2,
                "NavigatorUAData.prototype.getHighEntropyValues": 1,
                "Navigator.prototype.userAgent": 2,
                "Screen.prototype.width": 2,
                "Screen.prototype.height": 2,
                "Document.cookie getter": 1
            },
            "sites": 2,
            "prevalence": 0.0000141,
            "cnames": [],
            "responseHashes": [
                "1cb810a3524a150ae652abf64855c202d6ae29595713ace368a7486965258ffc"
            ],
            "type": "Script",
            "firstPartyCookies": {},
            "firstPartyCookiesSent": {},
            "exampleSites": [
                "bi-girl.net",
                "geinou-nude.com"
            ]
        },
        {
            "rule": "miyuki-web\\.net\\/yie\\/ld\\/jsk",
            "cookies": 0.0000283,
            "fingerprinting": 1,
            "subdomains": [
                "edayo"
            ],
            "apis": {
                "Document.cookie getter": 6,
                "Document.cookie setter": 4
            },
            "sites": 20,
            "prevalence": 0.000141,
            "cnames": [],
            "responseHashes": [
                "c952cae0405d45172093dd1c80517f52667f69ebd1201ce2908dd5d6fa36d76c",
                "6b40c530497f520037713656864e6222768d3544c4981febf9cc841707bbd28c",
                "5bcb1144a92ba2d918e179643a05e9fc905f0dbc4524fb1ee1eac43d16eb847f",
                "8f8a82dc21f555f040b654d000fceca5e9734b6657c0d9db82a53f88f47709e7",
                "ca1184d5c81c4995e5bc750c905d0530fe0c87857dc94edbbdab3cc1f946fec7",
                "8c7aa108154b9f058fe8b0e6351912ad0a4bac899da12543b956c7d0bea3207f",
                "9f3ff4c45c1910224e51dc810a8ae75f294dde6cdf2db45a75076d163e20f66d",
                "2511185a9c4a3d6cf8da63f561854c66abc7596c24bd4c42db27ee9a9d88a0fc",
                "a14999a65cc23a1fa97f8749f88473b823601b70677dbc8c43f32620552d06f1",
                "28bb898c0ca1fd26f357cdf9fc5b628cce6d21cb61f556ad07533ec02a82a79e",
                "b425e7eaaed791fc60fa398db1db8d28ad98013b17c11869fe801c96ab454b4d",
                "f4b55961fe6001a0439b9397976e55ba5c063ab7c530dd1ecf450dd6cd24df5a",
                "b454ce04716c98251f75b72f11194f31278986fa8b182b51233c636277437859",
                "6001c518744794927be1f3c21485115f90b77706b1821348869700a34f8b6579",
                "7ad70e05a3f59543d484b09a49b69e517381c8de565981374fd185dc2fb92bef",
                "95ea9ac2cd1c55941808d942000200d3ac11a8ef94639d84bd88d9a217c2fd61",
                "450edec75e9121cb9371263b3bcb3bbfd6aa1fc8a132c3b9d2be63998b8c1abb",
                "2db92e5c722a0f0060e8d6b61dfed47671eeae1f18dd90ff79ff518d2a7fecc8",
                "b2613b633221352a964dbe7353f6dd5f220f229d7900d24365a3caf4c0de2bf3"
            ],
            "type": "Script",
            "firstPartyCookies": {
                "__gnbhvfrq_80005884": {
                    "ttl": 86400,
                    "length": 1,
                    "prevalence": 0.000028293345405160706,
                    "uniqueness": 0.25
                }
            },
            "firstPartyCookiesSent": {},
            "exampleSites": [
                "bi-girl.net",
                "ddd-smart.net",
                "eroanime-movie.com",
                "geinou-nude.com",
                "geinoujin-gazou.mixh.jp",
                "gooero.jp",
                "himebon.blog",
                "ichinuke.com",
                "matomeura.jp",
                "megamich.com",
                "mmdhentai.com",
                "moeimg.net",
                "nan-net.com",
                "nuki-dokoro.com",
                "oreno-erohon.com",
                "puni-puni.com",
                "tits.fetishp.com",
                "www.bskw.net",
                "www.eropuru.com",
                "www.jav24.com"
            ]
        },
        {
            "rule": "miyuki-web\\.net\\/yie\\/ld\\/gl0",
            "cookies": 0,
            "fingerprinting": 0,
            "subdomains": [
                "edayo"
            ],
            "apis": {},
            "sites": 3,
            "prevalence": 0.0000212,
            "cnames": [],
            "responseHashes": [
                "77b1d2c0857d4e95d4c2ae7aa0abc5aaafa6bd4581b31203d1592759c26f5c44"
            ],
            "type": "Image",
            "firstPartyCookies": {},
            "firstPartyCookiesSent": {},
            "exampleSites": [
                "bi-girl.net",
                "megamich.com",
                "moeimg.net"
            ]
        },
        {
            "rule": "miyuki-web\\.net\\/yie\\/ld\\/mcs",
            "cookies": 0,
            "fingerprinting": 0,
            "subdomains": [
                "cs"
            ],
            "apis": {},
            "sites": 20,
            "prevalence": 0.000141,
            "cnames": [],
            "responseHashes": [
                "77b1d2c0857d4e95d4c2ae7aa0abc5aaafa6bd4581b31203d1592759c26f5c44"
            ],
            "type": "Image",
            "firstPartyCookies": {},
            "firstPartyCookiesSent": {},
            "exampleSites": [
                "bi-girl.net",
                "ddd-smart.net",
                "eroanime-movie.com",
                "geinou-nude.com",
                "geinoujin-gazou.mixh.jp",
                "gooero.jp",
                "himebon.blog",
                "ichinuke.com",
                "matomeura.jp",
                "megamich.com",
                "mmdhentai.com",
                "moeimg.net",
                "nan-net.com",
                "nuki-dokoro.com",
                "oreno-erohon.com",
                "puni-puni.com",
                "tits.fetishp.com",
                "www.bskw.net",
                "www.eropuru.com",
                "www.jav24.com"
            ]
        },
        {
            "rule": "miyuki-web\\.net\\/yie\\/ld\\/cs",
            "cookies": 0.00012,
            "fingerprinting": 0,
            "subdomains": [
                "cs"
            ],
            "apis": {},
            "sites": 17,
            "prevalence": 0.00012,
            "cnames": [],
            "responseHashes": [
                "77b1d2c0857d4e95d4c2ae7aa0abc5aaafa6bd4581b31203d1592759c26f5c44"
            ],
            "type": "Image",
            "firstPartyCookies": {},
            "firstPartyCookiesSent": {},
            "exampleSites": [
                "bi-girl.net",
                "eroanime-movie.com",
                "geinou-nude.com",
                "geinoujin-gazou.mixh.jp",
                "gooero.jp",
                "himebon.blog",
                "ichinuke.com",
                "matomeura.jp",
                "megamich.com",
                "mmdhentai.com",
                "moeimg.net",
                "nuki-dokoro.com",
                "oreno-erohon.com",
                "puni-puni.com",
                "tits.fetishp.com",
                "www.bskw.net",
                "www.eropuru.com"
            ]
        },
        {
            "rule": "miyuki-web\\.net\\/t\\/005\\/884\\/a80005884\\.js",
            "cookies": 0,
            "fingerprinting": 1,
            "subdomains": [
                "js"
            ],
            "apis": {
                "window.localStorage": 8,
                "NavigatorUAData.prototype.getHighEntropyValues": 3,
                "Navigator.prototype.userAgent": 8,
                "Screen.prototype.width": 8,
                "Screen.prototype.height": 8,