{
    "domain": "monacobeatles.com",
    "owner": {},
    "source": [
        "DuckDuckGo-US"
    ],
    "prevalence": 0.000361,
    "sites": 51,
    "subdomains": [],
    "cnames": [],
    "fingerprinting": 2,
    "resources": [
        {
            "rule": "monacobeatles\\.com\\/bundles\\/c58d18bf1511b2ab2518a805629bd98948c6\\.min\\.js",
            "cookies": 0.0000778,
            "fingerprinting": 2,
            "subdomains": [],
            "apis": {
                "Navigator.prototype.userAgent": 25,
                "window.sessionStorage": 25,
                "HTMLCanvasElement.prototype.toDataURL": 24,
                "window.localStorage": 19,
                "Date.prototype.getTimezoneOffset": 19,
                "CookieStore.prototype.getAll": 19,
                "CookieStore.prototype.set": 11,
                "Notification.permission": 8
            },
            "sites": 25,
            "prevalence": 0.000177,
            "cnames": [],
            "responseHashes": [
                "02bf9eee812005f7e81d3a6f1eb613390d8726f914d0f36b1f6364a8b74313ef",
                "7f060ef222b0744af0778c99a3a9918c9802da5a16da8352bd4ae23978096d13",
                "a89ee51e778a313d0f754763406162bdca3fedbd1eb947dc5572892ad61fecc3",
                "9ea6b9b1180852fb85e9da77bb91be190d687fce26f2dd86d43c99b5704bcc10",
                "dc9c8e41645d46dc2894515de1f643640fec97e93b92af3ea5ade4008b26f410",
                "4169944a5fa6610b8ff51a642764f0d084c443cb5495e7499900f37e0501efde",
                "cab8e185675e9894e095558f85cc2f8961d8fec2ac3d5ea48f60bf8f3ad32347",
                "9756ed3a41c44f5eb5b92df49f329ac9d36dec44985ab01425a9548ade5c7be3",
                "f03fcc7ca22a43bfcabd86b50195a47b966bcc687a4d90896a46304a13d04bd6",
                "bddaa54d2389f0b83b5d4b0ae85a33a9aa9c688d64e6a4794bf479d0892a2580",
                "30538598658f7df233ca49f9e8caf649f691398d368cf8d26c2bdadb5896fc72",
                "c3827c33fcf749ebde95755c9f51de7b16cb9e614907568f2fa9644f3bbe4948",
                "ac2174a679997f37ba6b3db2fc6a72b2ae157c87a1bbc1c3ea0e13f5fc43c38f",
                "5da9e3667775ee001e304945960f3bbde26839b4f1014829d411400af4143487",
                "407eef1c4d66765a30ee0b66362704f564ec937c01db55f9cdb926d94dd370a5",
                "362bdcf90e3629121323976be57298b1102b09a3c70bc507a58d61763b944c9b",
                "98a19e77183016517b5bc7618fe7cfb14fb17ac7bedfcee8a650c6870f4f27c8",
                "215bbde0b2dca6fcc18f89c19103b4500bd90f9d6cc6a0b4a302c4b9d38dc41b"
            ],
            "type": "Script",
            "firstPartyCookies": {},
            "firstPartyCookiesSent": {},
            "exampleSites": [
                "atlanta.eater.com",
                "nola.eater.com",
                "nashville.eater.com",
                "chicago.eater.com",
                "twincities.eater.com",
                "denver.eater.com",
                "www.eater.com",
                "sandiego.eater.com",
                "philly.eater.com",
                "vegas.eater.com",
                "houston.eater.com",
                "dc.eater.com",
                "pdx.eater.com",
                "miami.eater.com",
                "seattle.eater.com",
                "la.eater.com",
                "sf.eater.com",
                "boston.eater.com",
                "detroit.eater.com",
                "phoenix.eater.com"
            ]
        },
        {
            "rule": "monacobeatles\\.com\\/bundles\\/8298300175\\/a7aa2989de6a1aac0ef836d0eb\\.min\\.js",
            "cookies": 0.00000707,
            "fingerprinting": 2,
            "subdomains": [],
            "apis": {
                "Navigator.prototype.userAgent": 2,
                "window.sessionStorage": 2,
                "HTMLCanvasElement.prototype.toDataURL": 2,
                "window.localStorage": 2,
                "Date.prototype.getTimezoneOffset": 1,
                "CookieStore.prototype.getAll": 1,
                "CookieStore.prototype.set": 1,
                "Notification.permission": 1
            },
            "sites": 2,
            "prevalence": 0.0000141,
            "cnames": [],
            "responseHashes": [
                "e4cfcf9d50a09e22f3d579694f694b37efe6a6d36621df8d0e9ef1f09efbc06d"
            ],
            "type": "Script",
            "firstPartyCookies": {},
            "firstPartyCookiesSent": {},
            "exampleSites": [
                "vulture.com",
                "www.vulture.com"
            ]
        },
        {
            "rule": "monacobeatles\\.com\\/u\\/o1b1eupzma1xlqmbep1gu779yiue8ua1x27k6vowj",
            "cookies": 0,
            "fingerprinting": 0,
            "subdomains": [],
            "apis": {},
            "sites": 2,
            "prevalence": 0.0000141,
            "cnames": [],
            "responseHashes": [
                "d5507810eaa812fe17b415d2c848913bf115bc78b78035708aacd360587a99fb"
            ],
            "type": "Fetch",
            "firstPartyCookies": {},
            "firstPartyCookiesSent": {},
            "exampleSites": [
                "vulture.com",
                "www.vulture.com"
            ]
        },
        {
            "rule": "monacobeatles\\.com\\/o1mozg60niem87whvfw8s8ba4qb8zzep5yw7dcjbn",
            "cookies": 0,
            "fingerprinting": 0,
            "subdomains": [],
            "apis": {},
            "sites": 2,
            "prevalence": 0.0000141,
            "cnames": [],
            "responseHashes": [
                "33c70c297b1a729f965a6aca60b7b3bb7a3b06bd13efe07698516fa98ac8b9f9"
            ],
            "type": "Fetch",
            "firstPartyCookies": {},
            "firstPartyCookiesSent": {},
            "exampleSites": [
                "vulture.com",
                "www.vulture.com"
            ]
        }
    ],
    "categories": [],
    "performance": {},
    "cookies": 0.000177,
    "topInitiators": [
        {
            "domain": "first party",
            "prevalence": 1
        }
    ],
    "types": {
        "Script": 27,
        "Fetch": 4
    },
    "nameservers": [
        "ns-504.awsdns-63.com",
        "ns-909.awsdns-49.net",
        "ns-1606.awsdns-08.co.uk",
        "ns-1256.awsdns-29.org"
    ]
}