{
    "domain": "msgclick.top",
    "owner": {},
    "source": [
        "DuckDuckGo-US"
    ],
    "prevalence": 0.000141,
    "sites": 20,
    "subdomains": [],
    "cnames": [],
    "fingerprinting": 0,
    "resources": [
        {
            "rule": "msgclick\\.top\\/feed\\/",
            "cookies": 0.0000849,
            "fingerprinting": 0,
            "subdomains": [],
            "apis": {},
            "sites": 13,
            "prevalence": 0.000092,
            "cnames": [],
            "responseHashes": [
                "2129becf2739910f2c1bfcc600717455f5b3c098da4815d4c42f12da5d60c0ef",
                "bb172a448962df7815f75ecd6697988fa17ffc8a7dc10548e49a7890304af946",
                "8fc4580dcb98fb478b6d5c1e0307ad2ccaa49a872649911bbb8bf49a63ad85f4",
                "694cd5e2699fb3e8dd6e42c6d4942095c8c49fc5fa4bbe71d33733b435b4c9f6",
                "1b4d7551f8f74608e4f78d3aa1ffcec70c88de1cf6356e2d7c19d899eb6723d4",
                "cd6ef950f11567dd1da0025affeb60ba9330fc33306f9f270a2071bbe42d9f13",
                "99d0291f349ea1f8364ac2708837aca4b01ec49212b9529337f25783f7e7c95c",
                "3920cb45eda64b2c6be67b31eb84c82ef0c8d16bb457c00c5c6b92004cf4a60b",
                "edf435f664806192534e29aa90428550fef9a3847135527e257c6c24c28acec7",
                "0b6dd2f1c522cab6851458dcf8fb791f902409748307555f3ce0320c17ab6119"
            ],
            "type": "XHR",
            "firstPartyCookies": {},
            "firstPartyCookiesSent": {},
            "exampleSites": [
                "animal-hentai.com",
                "animalsexgay.com",
                "bestiality.party",
                "bestiality.guru",
                "dogofcum.com",
                "gaybestiality.net",
                "horseporn.tv",
                "horsesextube.net",
                "japanbeast.com",
                "sexanimalvideos.com",
                "www.bestiality.guru",
                "www.horsefuckme.org",
                "zoosexfarm.com"
            ]
        }
    ],
    "categories": [],
    "performance": {},
    "cookies": 0.000127,
    "topInitiators": [
        {
            "domain": "pnonolet.com",
            "prevalence": 1
        }
    ],
    "types": {
        "XHR": 13
    },
    "nameservers": [
        "dell.ns.cloudflare.com",
        "ray.ns.cloudflare.com"
    ]
}