{
    "domain": "myregistry.com",
    "owner": {
        "name": "My Life Registry LLC",
        "displayName": "My Life Registry"
    },
    "source": [
        "DuckDuckGo-US"
    ],
    "prevalence": 0.000149,
    "sites": 21,
    "subdomains": [
        "www"
    ],
    "cnames": [],
    "fingerprinting": 1,
    "resources": [
        {
            "rule": "myregistry\\.com\\/ScriptPlatform\\/Shopify\\/AddToMrButton\\.js",
            "cookies": 0.0000141,
            "fingerprinting": 0,
            "subdomains": [
                "www"
            ],
            "apis": {},
            "sites": 2,
            "prevalence": 0.0000141,
            "cnames": [],
            "responseHashes": [
                "c4964238b68d07c88737bba4ad245b139175b6ed7563b302fef8d2c89e7de7e1"
            ],
            "type": "Script",
            "firstPartyCookies": {},
            "firstPartyCookiesSent": {},
            "exampleSites": [
                "americanblossomlinens.com",
                "fiestafactorydirect.com"
            ]
        },
        {
            "rule": "myregistry\\.com\\/WidgetScriptSet\\/MerchantWidgetButtonScript\\.js",
            "cookies": 0.0000637,
            "fingerprinting": 1,
            "subdomains": [
                "www"
            ],
            "apis": {
                "Document.cookie getter": 8,
                "Date.prototype.getTime": 8,
                "Document.cookie setter": 8
            },
            "sites": 9,
            "prevalence": 0.0000637,
            "cnames": [],
            "responseHashes": [
                "8ad33b49dcef0328d06edbf909d6638a403e5126565b3967c5a44b65aceef4b5",
                "f95557ce9fd67d0de92d8242ece4f65a6221ec0e880a2052ee203a233a33f007",
                "4a810a8669dd682a8446f19cdc7719fd0889732ccc8ba4538d0b307cf02afd60",
                "31ef7c7bc7ad625dcb07a279a166b00ceb007f2a194f576fd93f05c694f57562",
                "07b5e51a3f4a72c463bfe9c9fb8b06a77e6fff0edf3e3ac591c7395dee1e5ebe",
                "d8cdb7fe40a40d4db5c359976034e1bf9c0db4e20af7b3edae113451bc3114dd",
                "7e35973c5e250e9669f5e9f01b412508e36acf22bd8d7e09f33f8340417dba25",
                "4c25998c176ffc2e828576b39313995925751effa6d6913b32e5283990ba58ef"
            ],
            "type": "Script",
            "firstPartyCookies": {
                "MrSoftwareSettings": {
                    "ttl": 3607,
                    "length": 38,
                    "prevalence": 0.00005658669081032141,
                    "uniqueness": 0.125
                }
            },
            "firstPartyCookiesSent": {},
            "exampleSites": [
                "americanblossomlinens.com",
                "fatbraintoys.com",
                "fiestafactorydirect.com",
                "noritakechina.com",
                "www.burtsbeesbaby.com",
                "www.everythingkitchens.com",
                "www.fatbraintoys.com",
                "www.lecreuset.com",
                "www.mackenzie-childs.com"
            ]
        },
        {
            "rule": "myregistry\\.com\\/ScriptPlatform\\/Common\\/SoftwareSettings\\.js",
            "cookies": 0,
            "fingerprinting": 0,
            "subdomains": [
                "www"
            ],
            "apis": {},
            "sites": 9,
            "prevalence": 0.0000637,
            "cnames": [],
            "responseHashes": [
                "defa13d3a34bde7f47c4164aa894640a46c82b98aebb534052d94902b357dadf"
            ],
            "type": "Script",
            "firstPartyCookies": {},
            "firstPartyCookiesSent": {},
            "exampleSites": [
                "americanblossomlinens.com",
                "fatbraintoys.com",
                "fiestafactorydirect.com",
                "noritakechina.com",
                "www.burtsbeesbaby.com",
                "www.everythingkitchens.com",
                "www.fatbraintoys.com",
                "www.lecreuset.com",
                "www.mackenzie-childs.com"
            ]
        },
        {
            "rule": "myregistry\\.com\\/ScriptPlatform\\/Custom\\/OrderConfirmation\\.js",
            "cookies": 0.0000141,
            "fingerprinting": 1,
            "subdomains": [
                "www"
            ],
            "apis": {
                "Document.cookie getter": 2
            },
            "sites": 2,
            "prevalence": 0.0000141,
            "cnames": [],
            "responseHashes": [
                "35d81dc1da224b9ecb1124c4f263fa9adf795a25aeb302f5542e73b7d361b4b7"
            ],
            "type": "Script",
            "firstPartyCookies": {},
            "firstPartyCookiesSent": {},
            "exampleSites": [
                "fatbraintoys.com",
                "www.fatbraintoys.com"
            ]
        },
        {
            "rule": "myregistry\\.com\\/ScriptPlatform\\/other\\/AddToMrButton\\.js",
            "cookies": 0.0000283,
            "fingerprinting": 0,
            "subdomains": [
                "www"
            ],
            "apis": {},
            "sites": 4,
            "prevalence": 0.0000283,
            "cnames": [],
            "responseHashes": [
                "cdf290f7e512669b2f1432ae1dcc5adbfff93f95f4de5c7ab43cb05895ebd3e5",
                "4bde9a8a4bcf201bc63280172b2991d495c5fac12f4fd654147d9ffa227e6b5d",
                "84a0a205e56e374affdf4e5acf8422f8d8481cb836da7b1c047e7cda3c367a2d"
            ],
            "type": "Script",
            "firstPartyCookies": {},
            "firstPartyCookiesSent": {},
            "exampleSites": [
                "fatbraintoys.com",
                "www.fatbraintoys.com",
                "www.lecreuset.com",
                "www.mackenzie-childs.com"
            ]
        },
        {
            "rule": "myregistry\\.com\\/Images\\/Logos\\/widget-mrlogo\\.png",
            "cookies": 0,
            "fingerprinting": 0,
            "subdomains": [
                "www"
            ],
            "apis": {},
            "sites": 3,
            "prevalence": 0.0000212,
            "cnames": [],
            "responseHashes": [
                "b36987b1d35aa8ffa5eece23149275d340ed8a046c27af52f994301027153c37"
            ],
            "type": "Image",
            "firstPartyCookies": {},
            "firstPartyCookiesSent": {},
            "exampleSites": [
                "fiestafactorydirect.com",
                "noritakechina.com",
                "www.mackenzie-childs.com"
            ]
        },
        {
            "rule": "myregistry\\.com\\/ScriptPlatform\\/Magento\\/AddToMrButton\\.js",
            "cookies": 0.0000212,
            "fingerprinting": 1,
            "subdomains": [
                "www"
            ],
            "apis": {
                "Navigator.prototype.userAgent": 1
            },
            "sites": 3,
            "prevalence": 0.0000212,
            "cnames": [],
            "responseHashes": [
                "baa7c4a50e4cd3136849efe49c0bc316b12384f4ae5497e654e1e992e2852556",
                "090a49bec927dbccf48e36b1306c6842d51d604f187e7f655c9368ebb944fe17"
            ],
            "type": "Script",
            "firstPartyCookies": {},
            "firstPartyCookiesSent": {},
            "exampleSites": [
                "noritakechina.com",
                "www.burtsbeesbaby.com",
                "www.everythingkitchens.com"
            ]
        },
        {
            "rule": "myregistry\\.com\\/ScriptPlatform\\/API\\/AddButtonSDK\\.js",
            "cookies": 0.0000424,
            "fingerprinting": 0,
            "subdomains": [
                "www"
            ],
            "apis": {},
            "sites": 6,
            "prevalence": 0.0000424,
            "cnames": [],