{
    "domain": "mysimplestore.com",
    "owner": {},
    "source": [
        "DuckDuckGo-US"
    ],
    "prevalence": 0.0000424,
    "sites": 6,
    "subdomains": [
        "47f188d8-3268-4137-9c2a-79fff1068144",
        "9aab6dc5-cc7a-4bef-b1cd-6fa3dd8569b5",
        "1ee04df7-358c-412d-a6c5-589dc37baf4a",
        "9d7140ce-2dcb-4402-a150-659d1e250c59"
    ],
    "cnames": [],
    "fingerprinting": 0,
    "resources": [
        {
            "rule": "mysimplestore\\.com\\/api\\/v3\\/config",
            "cookies": 0,
            "fingerprinting": 0,
            "subdomains": [
                "47f188d8-3268-4137-9c2a-79fff1068144",
                "9aab6dc5-cc7a-4bef-b1cd-6fa3dd8569b5",
                "1ee04df7-358c-412d-a6c5-589dc37baf4a",
                "9d7140ce-2dcb-4402-a150-659d1e250c59"
            ],
            "apis": {},
            "sites": 4,
            "prevalence": 0.0000283,
            "cnames": [],
            "responseHashes": [
                "9dacad7e482f04cb11d804bdb28ca64cb795d74ef3afc71839ea9a23b0546826",
                "ae0b851d75ff6694d464c3ab3a4454c124c486b864bc69ee6f47c57a0e6412cd",
                "9a50f8bd5d9015acffd9854b256150dade637e0e2cb5360f801c9045dd933944"
            ],
            "type": "XHR",
            "firstPartyCookies": {},
            "firstPartyCookiesSent": {},
            "exampleSites": [
                "clothesfree.com",
                "gogginsgoggles.com",
                "oxballs.com",
                "starlinkaccessories.com"
            ]
        },
        {
            "rule": "mysimplestore\\.com\\/api\\/v2\\/products",
            "cookies": 0,
            "fingerprinting": 0,
            "subdomains": [
                "9aab6dc5-cc7a-4bef-b1cd-6fa3dd8569b5",
                "1ee04df7-358c-412d-a6c5-589dc37baf4a",
                "9d7140ce-2dcb-4402-a150-659d1e250c59"
            ],
            "apis": {},
            "sites": 3,
            "prevalence": 0.0000212,
            "cnames": [],
            "responseHashes": [
                "1bbec4c5b4e1e608df8372e01ed7b2c211c8bf453554fa84f9b184e011582955",
                "8cbe6718055067116557c747aee62a5e9e29fe14e5cb16b60627dab495fde544"
            ],
            "type": "XHR",
            "firstPartyCookies": {},
            "firstPartyCookiesSent": {},
            "exampleSites": [
                "gogginsgoggles.com",
                "oxballs.com",
                "starlinkaccessories.com"
            ]
        }
    ],
    "categories": [],
    "performance": {},
    "cookies": 0,
    "topInitiators": [
        {
            "domain": "wsimg.com",
            "prevalence": 1
        }
    ],
    "types": {
        "XHR": 7
    },
    "nameservers": [
        "cns2.secureserver.net",
        "cns1.secureserver.net"
    ]
}