{
    "domain": "nabojo.xyz",
    "owner": {},
    "source": [
        "DuckDuckGo-US"
    ],
    "prevalence": 0.000488,
    "sites": 69,
    "subdomains": [],
    "cnames": [],
    "fingerprinting": 0,
    "resources": [
        {
            "rule": "nabojo\\.xyz\\/gh\\.js",
            "cookies": 0,
            "fingerprinting": 0,
            "subdomains": [],
            "apis": {},
            "sites": 47,
            "prevalence": 0.000332,
            "cnames": [],
            "responseHashes": [
                "44136fa355b3678a1146ad16f7e8649e94fb4fc21fe77e8310c060f61caaff8a"
            ],
            "type": "XHR",
            "firstPartyCookies": {},
            "firstPartyCookiesSent": {},
            "exampleSites": [
                "xxxbestiarii.com",
                "www.zooskoolvideos.com",
                "dogporn.net",
                "www.zoofilialovers.com",
                "zoobonus.club",
                "bestiality.zone",
                "animalpornvideos.com",
                "bollywoodxxx.pro",
                "rapexxx.net",
                "animalzoosex.world",
                "www.bestialitygirls.com",
                "xxxzoo.red",
                "www.zoofiliavids.com",
                "www.bestialitysexvideos.com",
                "zoosexwithanimals.net",
                "www.beastwomans.com",
                "pornanimalsex.com",
                "rapexnxx.com",
                "animalporn.life",
                "freeanimalporn.tv"
            ]
        },
        {
            "rule": "nabojo\\.xyz\\/feed\\/",
            "cookies": 0.000318,
            "fingerprinting": 0,
            "subdomains": [],
            "apis": {},
            "sites": 47,
            "prevalence": 0.000332,
            "cnames": [],
            "responseHashes": [
                "1cc76617aaa6b4057a37f2be613ada6632af66b5bb467c96684b9da343d638d6",
                "379422921e956467206ce112d3489115a3ef531ca59cda95e06bbc42f0a3e74d",
                "9f18bfb76fc495fc424c8112bc15ec190349a21284787946d90008565da09c9c",
                "800823e2f0f737bb065e19b69c3a613a4689455f9e67f4445059ec19de551de0",
                "46df84ca0b3093bc46568657e73379f735b0ea3677c0056dddcbe95a05d18ce4",
                "56b8d677023352c507a2b40e9e94de085ac505977ae8b704aea3ef4d7a371ceb",
                "106619cdb5b5ec05ca095778c3dac515d430c1c2c9e84d5bb8effd713ab3313b",
                "f11976ee9e9f6c10650df28fc7811612230a04dc0f18ed5bb0b3e07cd1e7475d",
                "eeba9fa86a0b439f1e063c797e3daf8f127b1aaea7331836b22e63dc610dbc1e",
                "35c3470c118c8629bcfd9fe6d9fcbdcbfb1548f564c5f882ca6477e3cdfec9f8",
                "233a1995e7fb702d6820e2dac8430f6ee5f3ce517675c50dd39f4ff4b01ff831",
                "2a464e9d8498a569329d44a861658c7458e6f995332e7acf1dd4ca25bbf18bf4",
                "dfe0206ebd72d7d3b15bd8e826b0e5b76fb61ba7484995a110051b57da238b5b",
                "78e46c6aba06a44625603f5c39d46b66004af5c1b001271a463abf54f47093b1",
                "13a29f55770aae5f420726a1c744a33730a6faf34bff068e8aad1bcee9e680f4",
                "36dbde9299f39080f1d4426a79c54b9b3ab79ec9016051d02c8d1161fb444f6e",
                "42e515420213f7e9b9ab48fdd6e48e8f0b387e2f39d36da4bcf5e27f5c49ef1f",
                "a24db5de010100314c1ce0334a89baf3491fc2eab03c9c2cacd7351f8a0b4f9e",
                "714224c1ebcc1d92602a777be7582bbbf16c6adf636beb02dfeed110646030f0",
                "d257d7093de971348f24c3d2ce3dc447cfbe6492896de135e62dff1f086d080a",
                "7aaaf735f569b2dc7710b3eb04d017f242168d50d7e9ccc156a48f5cbd8231d5",
                "7b88269e86920da0ac4da7feb37390b4be54d6a31a8d246d3169ec3effc9165c",
                "84e5e1b23f1c085f3ae55e0db9b1330f5ed47194ce304a6db5d145981404ec10",
                "145083067ecb80273b8feb3b1f3e940432539814c74c01be639af736f9cb4815",
                "08e96c8a742a667df5c79199d7e95521afbe3213e9fcc194dab1092c10fc74e9",
                "b87d35d8e2508152507791028790ce32595b22c7cd4b87d40154512615d1e4e8",
                "bdba6770c092a219765a1a7fbf3843a03456e33845f3ce47114f082624b4447a",
                "4b535dc1975f0272cce142c9f2296ea468a6fcf4397b501dce9b38c768276f2e",
                "3af155bf2bfb3964a864b1fc291fbfeff80965aa8ae0987cfb60f72402ef800a",
                "6490d04fa0dd160c6193ed334b6dc5fe0076e80a4771ea5543c08a049b048918",
                "a86c123f413c6ab0d3082f5d4919abf6142f850d67bb6b2586a0cecc1b349314",
                "877c5db8ce1a19d89973503e9a01d3d2d74cbc7313a941b7bb28d70f35dc2f11",
                "e227b2ffd1d71865dfe1bbbb1b6eb77f4f4e7d0e217f9183d020e6df37bdbdc5",
                "e52476cc724d06d51da9329a38ed795925ea35bd01e80ce0a7b4b8cac63d810f",
                "ee83740ab9ee65aff665147f0c47337cc80f7c2fe80c23b0b673ef858c1b49d7",
                "be551ef0abb411a186b3d3ce3304da781311d4b2bc008309d9a367946fd6d2b6",
                "7c95edef4b9a7f7f25b054481e191f57307ad4a6bd84f6a259e55e5bd6b33ade",
                "3820d604ef7f25c01138f6ec5e414ab4851fd0a1d4d3787770fab8da835bafa0",
                "50b29540d171110f2954ae0d98581cebbf885b7295c25b2b0e8e87b5d40b3cfc",
                "31f338530d44082fe9121bf35ad86dbeb95e54b16f5049b8b9356377875d1f2a",
                "f013e860684605629593be42514cef63f435d8c07d54c4e3e0ae55132338099a",
                "bb20bf26cb1dc5a07519a0cf97e7261e7b574ee8e411b61c6a8583cb236e4b61",
                "0bdf768b48b90a5f3395bdb9ae3d20834705810b97e78aadff0c3be3d03d9b04",
                "af79d2b8e96aa3b7a7511c6a4b917c23f162195e37dada4f9c36d5bc6642d243"
            ],
            "type": "XHR",
            "firstPartyCookies": {},
            "firstPartyCookiesSent": {},
            "exampleSites": [
                "z00.world",
                "www.zookings.com",
                "zoosex.cc",
                "www.bestialitygirls.com",
                "www.zoofiliavids.com",
                "zoophilia.club",
                "www.d0g.dog",
                "zoobeeg.net",
                "xxxzoo.red",
                "animalporn.life",
                "xxxbestiarii.com",
                "www.beastwomans.com",
                "www.bestialzoo.org",
                "asiasexvids.com",
                "animalpornxxx.me",
                "animalsexdog.net",
                "bollywoodxxx.pro",
                "dogporn.net",
                "mydogcum.com",
                "www.bestialitytaboo.tv"
            ]
        },
        {
            "rule": "nabojo\\.xyz\\/s3\\/pgo\\/3-14761\\/aqf6ajlijyd5wacvkmaaaaaahlbvqbddrugbia5jheaaaajxfqaaaaaaaaaa",
            "cookies": 0.0000141,
            "fingerprinting": 0,
            "subdomains": [],
            "apis": {},
            "sites": 2,
            "prevalence": 0.0000141,
            "cnames": [],
            "responseHashes": [
                "48eb9c7f40cc266a5fb6e98ee93fe1657716953c38b8c3ebf54624d6c43a73f3"
            ],
            "type": "Image",
            "firstPartyCookies": {},
            "firstPartyCookiesSent": {},
            "exampleSites": [
                "animalzooporn.net",
                "www.animalzooporn.net"
            ]
        },
        {
            "rule": "nabojo\\.xyz\\/s3\\/pgo\\/3-7417\\/at2z6jlilxcdkacvkmaaaaaan7vuwbddrugbia7zdqaaaal6fmaaaaaaaaaa",
            "cookies": 0.0000141,
            "fingerprinting": 0,
            "subdomains": [],
            "apis": {},
            "sites": 2,
            "prevalence": 0.0000141,
            "cnames": [],
            "responseHashes": [],
            "type": "Document",
            "firstPartyCookies": {},
            "firstPartyCookiesSent": {},
            "exampleSites": [
                "bestialitygirls.com",
                "www.bestialitygirls.com"
            ]
        },
        {
            "rule": "nabojo\\.xyz\\/s3\\/pgo\\/3-7417\\/armcwjtilxcdkacvkmaaaaaas6asca3drugbia7zdqaaaal6fmaaaaaaaaaa",
            "cookies": 0.0000141,
            "fingerprinting": 0,
            "subdomains": [],
            "apis": {},
            "sites": 2,