{
    "domain": "nadese.xyz",
    "owner": {},
    "source": [
        "DuckDuckGo-US"
    ],
    "prevalence": 0.000191,
    "sites": 27,
    "subdomains": [
        "cdn"
    ],
    "cnames": [],
    "fingerprinting": 2,
    "resources": [
        {
            "rule": "nadese\\.xyz\\/sdk\\/push_web\\/",
            "cookies": 0.000106,
            "fingerprinting": 2,
            "subdomains": [
                "cdn"
            ],
            "apis": {
                "Navigator.prototype.appName": 14,
                "Document.cookie getter": 15,
                "Document.cookie setter": 15,
                "Navigator.prototype.userAgent": 15,
                "Notification.permission": 15,
                "Navigator.prototype.plugins": 15,
                "Intl.DateTimeFormat.prototype.resolvedOptions": 6,
                "Date.prototype.getTimezoneOffset": 10,
                "Date.prototype.getTime": 13,
                "window.innerHeight": 13,
                "window.innerWidth": 13,
                "window.devicePixelRatio": 13
            },
            "sites": 15,
            "prevalence": 0.000106,
            "cnames": [],
            "responseHashes": [
                "c5b83101e2dd00afc32fcaa0298887aaef513a79f1df2afa0ef9ad0279c79167",
                "cd2392112cba3919ca80e51367648f6a0e503d7383e80b06e588ce6eae0e4cfa",
                "c2cafaac8480a56cd05117ed7559babe91446a7620d167c4468eeb6109651258",
                "1af175bca13645ec6645f550c36155b70c8f5badaa9c3f8696b262b0c7f855f1",
                "35280cc3e0ee125b2dfe926f105b54f3a59f260b9f189b44f34d882759caf6a4",
                "738abe09b9b678e043f04c284da025fd4ab4d830c956d4c4ed263f7896b07a6a",
                "7c05a6e671e13fad8f2c6adcc3713106fd9a54d0f5ae5ef60a18f669a404769b",
                "431f4d2f10a65ec22ae4f99ed0daab1f6933ca94f66a52a07a043ea65c9b9655",
                "e47657c573a05cf4ce6d2d49ab6b014a77a1bcaa7b4f1f92ad1844b13130d58c",
                "666c30dc5d7bcf2e1d2560944140056f12aecad3776d7b151b52a77c9d908c30",
                "f67e73297397af7b72f965ab27330e349b84af4a038931d9448bb912ad7714a8",
                "8e38611ebf4afc4ca1726e00c0c8b89ec7d79ddd17541d1798ef48400d3169ce",
                "e761ff0b03e3a6c419d422282999461ac418cf2760bda8a791745360a71288bc"
            ],
            "type": "Script",
            "firstPartyCookies": {
                "rvt_inlpush_cnt_9624": {
                    "ttl": 86401,
                    "length": 1,
                    "prevalence": 0.0000070733363512901765,
                    "uniqueness": 1
                },
                "rvt_inlpush_shown_9624": {
                    "ttl": 86402,
                    "length": 1,
                    "prevalence": 0.0000070733363512901765,
                    "uniqueness": 1
                },
                "rvt_inlpush_cnt_10031": {
                    "ttl": 86402,
                    "length": 1,
                    "prevalence": 0.0000070733363512901765,
                    "uniqueness": 1
                },
                "rvt_inlpush_max_10031": {
                    "ttl": 86401,
                    "length": 1,
                    "prevalence": 0.0000070733363512901765,
                    "uniqueness": 1
                },
                "rvt_inlpush_shown_10031": {
                    "ttl": 86402,
                    "length": 1,
                    "prevalence": 0.0000070733363512901765,
                    "uniqueness": 1
                },
                "rvt_inlpush_cnt_10002": {
                    "ttl": 86406,
                    "length": 1,
                    "prevalence": 0.0000070733363512901765,
                    "uniqueness": 1
                },
                "rvt_inlpush_max_10002": {
                    "ttl": 86405,
                    "length": 1,
                    "prevalence": 0.0000070733363512901765,
                    "uniqueness": 1
                },
                "rvt_inlpush_shown_10002": {
                    "ttl": 86406,
                    "length": 1,
                    "prevalence": 0.0000070733363512901765,
                    "uniqueness": 1
                },
                "rvt_inlpush_cnt_10024": {
                    "ttl": 86402,
                    "length": 1,
                    "prevalence": 0.0000070733363512901765,
                    "uniqueness": 1
                },
                "rvt_inlpush_max_10024": {
                    "ttl": 86401,
                    "length": 1,
                    "prevalence": 0.0000070733363512901765,
                    "uniqueness": 1
                },
                "rvt_inlpush_shown_10024": {
                    "ttl": 86402,
                    "length": 1,
                    "prevalence": 0.0000070733363512901765,
                    "uniqueness": 1
                },
                "rvt_inlpush_cnt_10032": {
                    "ttl": 86402,
                    "length": 1,
                    "prevalence": 0.000014146672702580353,
                    "uniqueness": 0.5
                },
                "rvt_inlpush_max_10032": {
                    "ttl": 86401,
                    "length": 1,
                    "prevalence": 0.000014146672702580353,
                    "uniqueness": 0.5
                },
                "rvt_inlpush_shown_10032": {
                    "ttl": 86402,
                    "length": 1,
                    "prevalence": 0.000014146672702580353,
                    "uniqueness": 0.5
                },
                "rvt_inlpush_cnt_10004": {
                    "ttl": 86402,
                    "length": 1,
                    "prevalence": 0.0000070733363512901765,
                    "uniqueness": 1
                },
                "rvt_inlpush_max_10004": {
                    "ttl": 86401,
                    "length": 1,
                    "prevalence": 0.0000070733363512901765,
                    "uniqueness": 1
                },
                "rvt_inlpush_shown_10004": {
                    "ttl": 86402,
                    "length": 1,
                    "prevalence": 0.0000070733363512901765,
                    "uniqueness": 1
                },
                "rvt_inlpush_cnt_10003": {
                    "ttl": 86403,
                    "length": 1,
                    "prevalence": 0.0000070733363512901765,
                    "uniqueness": 1
                },
                "rvt_inlpush_shown_10003": {
                    "ttl": 86404,
                    "length": 1,
                    "prevalence": 0.0000070733363512901765,
                    "uniqueness": 1
                },
                "rvt_inlpush_cnt_8597": {
                    "ttl": 86402,
                    "length": 1,
                    "prevalence": 0.0000070733363512901765,
                    "uniqueness": 1
                },
                "rvt_inlpush_max_8597": {
                    "ttl": 86401,
                    "length": 3,
                    "prevalence": 0.0000070733363512901765,
                    "uniqueness": 1
                },
                "rvt_inlpush_shown_8597": {
                    "ttl": 86402,
                    "length": 1,
                    "prevalence": 0.0000070733363512901765,
                    "uniqueness": 1
                },
                "rvt_inlpush_cnt_9625": {
                    "ttl": 86402,
                    "length": 1,
                    "prevalence": 0.0000070733363512901765,
                    "uniqueness": 1
                },
                "rvt_inlpush_max_9625": {
                    "ttl": 86401,
                    "length": 1,
                    "prevalence": 0.0000070733363512901765,
                    "uniqueness": 1
                },
                "rvt_inlpush_shown_9625": {
                    "ttl": 86402,
                    "length": 1,
                    "prevalence": 0.0000070733363512901765,
                    "uniqueness": 1
                },