{
    "domain": "naupsakiwhy.com",
    "owner": {},
    "source": [
        "DuckDuckGo-US"
    ],
    "prevalence": 0.00012,
    "sites": 17,
    "subdomains": [],
    "cnames": [],
    "fingerprinting": 2,
    "resources": [
        {
            "rule": "naupsakiwhy\\.com\\/401\\/7850681",
            "cookies": 0.000106,
            "fingerprinting": 0,
            "subdomains": [],
            "apis": {},
            "sites": 15,
            "prevalence": 0.000106,
            "cnames": [],
            "responseHashes": [
                "6612100bc06d32adf695def4b05c6c80e49aa5c1ec84e14dc4181fe98231c931",
                "c2df8ef88a4897d97599622f59fcab255a2669c10a6455501a00c4e4ca3f12c2",
                "07845085d335ce693d870d0f46d9266da651321fa62325cd2ff52175438063c9",
                "314ec52a6f3c8f587af73119e0e0cb3389510274e343389c1750ac8560f44c65",
                "8659790fa864d9bb253ba88b607433c1f699d9e741215c89137575968dde96dc",
                "25029e45f02ce443eff98f4ec9af5063879e7276250728fe5f92caae7926317b",
                "bc04f6c4b440cbd15eec14686bbe5048be422fdc6c00509dc7e45671caafe7cf",
                "cbd0fa2150b551d0852179b746d7ba8dc9d59742381817df601cb5251ac27d3c",
                "4880558e3a41ad04de7e497eb0daa1a24ab1cb9b06cb461ba393c22dfdd27bc4",
                "25e6f8d2173ab6ce410aaedadfa7f46b542fb8c25bc5488321edf27dfe52db45",
                "3f07b61a9858b3608b7191744e2d0e79dd779e95cc4b86cded2ec27f6fef75af",
                "2fef2d28e3a95ff26ba0ae065eee9280fc27624db8e489a9bb18b0195aa6a177"
            ],
            "type": "Script",
            "firstPartyCookies": {},
            "firstPartyCookiesSent": {},
            "exampleSites": [
                "amoytoge.shop",
                "bokepasli.org",
                "bokepbinal.com",
                "bokepcrot.credit",
                "bokepidn.vip",
                "bokepindoh.jmsbo.com",
                "bokepindoxxi.us",
                "bokeptoket.cc",
                "bokepvir.org",
                "masalaseen.top",
                "perbokepan.xyz",
                "tv21.brh21.xyz",
                "www.dropmms.cc",
                "www.webxseries.vip",
                "www.xmasti.org"
            ]
        },
        {
            "rule": "naupsakiwhy\\.com\\/500\\/7850681",
            "cookies": 0.00000707,
            "fingerprinting": 0,
            "subdomains": [],
            "apis": {},
            "sites": 2,
            "prevalence": 0.0000141,
            "cnames": [],
            "responseHashes": [],
            "type": "XHR",
            "firstPartyCookies": {},
            "firstPartyCookiesSent": {},
            "exampleSites": [
                "bokepidn.vip",
                "tv21.brh21.xyz"
            ]
        }
    ],
    "categories": [],
    "performance": {},
    "cookies": 0.00012,
    "topInitiators": [
        {
            "domain": "luluvdo.com",
            "prevalence": 0.5882352941176471
        },
        {
            "domain": "lulu.st",
            "prevalence": 0.29411764705882354
        },
        {
            "domain": "first party",
            "prevalence": 0.11764705882352941
        }
    ],
    "types": {
        "Script": 15,
        "XHR": 2
    },
    "nameservers": [
        "ns-592.awsdns-10.net",
        "ns-1753.awsdns-27.co.uk",
        "ns-1152.awsdns-16.org",
        "ns-56.awsdns-07.com"
    ]
}