{
    "domain": "navigacloud.com",
    "owner": {},
    "source": [
        "DuckDuckGo-US"
    ],
    "prevalence": 0.000134,
    "sites": 19,
    "subdomains": [
        "imengine.public.prod.bte",
        "imengine.public.prod.pdh",
        "imengine.public.prod.dur",
        "imengine.prod.srp",
        "imengine.public.prod.rgb",
        "imengine.public.prod.cdr",
        "static.ew.pdh",
        "prod.ew.pdh",
        "prod.ew.dur",
        "prod.ew.ltn",
        "prod.ew.rgb",
        "static.ew.dur",
        "static.ew.ltn",
        "static.ew.rgb"
    ],
    "cnames": [],
    "fingerprinting": 1,
    "resources": [
        {
            "rule": "navigacloud\\.com\\/",
            "cookies": 0,
            "fingerprinting": 0,
            "subdomains": [
                "imengine.public.prod.bte",
                "imengine.public.prod.pdh",
                "imengine.public.prod.dur",
                "imengine.prod.srp",
                "imengine.public.prod.rgb",
                "imengine.public.prod.cdr"
            ],
            "apis": {},
            "sites": 12,
            "prevalence": 0.0000849,
            "cnames": [],
            "responseHashes": [
                "78e8e3ebfda1036c61a034f0b3cb725cd5e2d975e3bafa58f6d30703b062a0ad",
                "7f77c6d22850f74a4787c939b37d98222552477a94a0276baea5f1caeed7bf40",
                "1877c46514034a8479c3170c2e0ccb7da8abeb148e9af60d66cfbadfd5e63603",
                "7b4e7c705577c8e99ac42611638e9bf98a7c2458fbaa01e140891693d7bf4f57",
                "9fdd897a4a05a4d40e20163e5ac9c66f264047862ae8fd07dce9feb0754f410a",
                "6e76aecf22be27164145427d5fb9c8305acea44bace0be19a0218d34621eacc3",
                "cb2c7392680f75ec617c2661333b987f00b09dd5a842aeeb606959fdb3c88da5",
                "43402bbb7c5729aa91502d3e611c22a270519cc930ec7be411a85f6616809309",
                "5d7f3022439b296050fc1aa1e44e379a8b053f1e10c54cdb69c017d0454a3731",
                "f19023374cde35986f56c6d5d8cc8006a7b51aa44244e37fef6640f701e969a7"
            ],
            "type": "Image",
            "firstPartyCookies": {},
            "firstPartyCookiesSent": {},
            "exampleSites": [
                "butlereagle.com",
                "www.butlereagle.com",
                "www.dailyherald.com",
                "www.durangoherald.com",
                "www.northbaybusinessjournal.com",
                "www.petaluma360.com",
                "www.pressdemocrat.com",
                "www.royalgazette.com",
                "www.sonomanews.com",
                "www.southeastiowaunion.com",
                "www.the-journal.com",
                "www.thegazette.com"
            ]
        },
        {
            "rule": "navigacloud\\.com\\/wp-content\\/themes\\/pdh\\/assets\\/css\\/style\\.css",
            "cookies": 0,
            "fingerprinting": 0,
            "subdomains": [
                "static.ew.pdh"
            ],
            "apis": {},
            "sites": 2,
            "prevalence": 0.0000141,
            "cnames": [],
            "responseHashes": [
                "e3b0c44298fc1c149afbf4c8996fb92427ae41e4649b934ca495991b7852b855"
            ],
            "type": "Stylesheet",
            "firstPartyCookies": {},
            "firstPartyCookiesSent": {},
            "exampleSites": [
                "dailyherald.com",
                "www.dailyherald.com"
            ]
        },
        {
            "rule": "navigacloud\\.com\\/wp-content\\/themes\\/pdh\\/assets\\/js\\/head\\.js",
            "cookies": 0,
            "fingerprinting": 0,
            "subdomains": [
                "static.ew.pdh"
            ],
            "apis": {},
            "sites": 2,
            "prevalence": 0.0000141,
            "cnames": [],
            "responseHashes": [
                "8dd09d141519d58a25defeb3deb62b01ed32f7a24424cbc7e349bd975f518949"
            ],
            "type": "Script",
            "firstPartyCookies": {},
            "firstPartyCookiesSent": {},
            "exampleSites": [
                "dailyherald.com",
                "www.dailyherald.com"
            ]
        },
        {
            "rule": "navigacloud\\.com\\/",
            "cookies": 0,
            "fingerprinting": 0,
            "subdomains": [
                "prod.ew.pdh",
                "prod.ew.dur",
                "prod.ew.ltn",
                "prod.ew.rgb"
            ],
            "apis": {},
            "sites": 6,
            "prevalence": 0.0000424,
            "cnames": [],
            "responseHashes": [
                "e3b0c44298fc1c149afbf4c8996fb92427ae41e4649b934ca495991b7852b855"
            ],
            "type": "Script",
            "firstPartyCookies": {},
            "firstPartyCookiesSent": {},
            "exampleSites": [
                "dailyherald.com",
                "www.dailyherald.com",
                "www.durangoherald.com",
                "www.lvpnews.com",
                "www.royalgazette.com",
                "www.tnonline.com"
            ]
        },
        {
            "rule": "navigacloud\\.com\\/wp-content\\/themes\\/pdh\\/assets\\/js\\/body\\.js",
            "cookies": 0,
            "fingerprinting": 1,
            "subdomains": [
                "static.ew.pdh"
            ],
            "apis": {
                "Navigator.prototype.userAgent": 2
            },
            "sites": 2,
            "prevalence": 0.0000141,
            "cnames": [],
            "responseHashes": [
                "8411b52e4c852fdbb44b0b88a324731b451b2a60accec5a2afa05b310853010a"
            ],
            "type": "Script",
            "firstPartyCookies": {},
            "firstPartyCookiesSent": {},
            "exampleSites": [
                "dailyherald.com",
                "www.dailyherald.com"
            ]
        },
        {
            "rule": "navigacloud\\.com\\/wp-content\\/uploads\\/sites\\/2\\/2025\\/05\\/05041058\\/2025\\.05-Flavor-Cover\\.png",
            "cookies": 0,
            "fingerprinting": 0,
            "subdomains": [
                "static.ew.dur"
            ],
            "apis": {},
            "sites": 2,
            "prevalence": 0.0000141,
            "cnames": [],
            "responseHashes": [
                "047e43a469858baa5b89eebf93cc12ca2e1aada7b75240e86b011c298c0a6da6"
            ],
            "type": "Image",
            "firstPartyCookies": {},
            "firstPartyCookiesSent": {},
            "exampleSites": [
                "durangoherald.com",
                "www.the-journal.com"
            ]
        },
        {
            "rule": "navigacloud\\.com\\/wp-content\\/themes\\/ltn\\/assets\\/css\\/style\\.css",
            "cookies": 0,
            "fingerprinting": 0,
            "subdomains": [
                "static.ew.ltn"
            ],
            "apis": {},
            "sites": 3,
            "prevalence": 0.0000212,
            "cnames": [],
            "responseHashes": [
                "e3b0c44298fc1c149afbf4c8996fb92427ae41e4649b934ca495991b7852b855"
            ],
            "type": "Stylesheet",
            "firstPartyCookies": {},
            "firstPartyCookiesSent": {},
            "exampleSites": [
                "lvpnews.com",
                "www.lvpnews.com",
                "www.tnonline.com"
            ]
        },
        {
            "rule": "navigacloud\\.com\\/wp-content\\/themes\\/ltn\\/assets\\/js\\/head\\.js",
            "cookies": 0,
            "fingerprinting": 0,
            "subdomains": [
                "static.ew.ltn"
            ],
            "apis": {},
            "sites": 3,
            "prevalence": 0.0000212,
            "cnames": [],
            "responseHashes": [
                "8dd09d141519d58a25defeb3deb62b01ed32f7a24424cbc7e349bd975f518949"
            ],
            "type": "Script",
            "firstPartyCookies": {},
            "firstPartyCookiesSent": {},