{
    "domain": "neuwo.ai",
    "owner": {},
    "source": [
        "DuckDuckGo-US"
    ],
    "prevalence": 0.0000778,
    "sites": 11,
    "subdomains": [
        "m1api"
    ],
    "cnames": [],
    "fingerprinting": 0,
    "resources": [
        {
            "rule": "neuwo\\.ai\\/edge\\/GetAiTopics",
            "cookies": 0,
            "fingerprinting": 0,
            "subdomains": [
                "m1api"
            ],
            "apis": {},
            "sites": 5,
            "prevalence": 0.0000354,
            "cnames": [],
            "responseHashes": [
                "573ab7bc40290b0f38a8593e36f0aa74fff0b3c50c74a6d7064f336f6540f062",
                "6a977c4d0c9722a95a7688884974ca75f9c1704f151cf46036d4d34e51ad74ce",
                "d4657ec985d378f2325a5809d16e893b80a3a4807d23b6a79ca7181f46e51f5b",
                "ae2cc56588ded2c9edf40bfe371385c1e297711b791ae3889a517f109da0a555"
            ],
            "type": "XHR",
            "firstPartyCookies": {},
            "firstPartyCookiesSent": {},
            "exampleSites": [
                "futisforum2.org",
                "keskustelu.suomi24.fi",
                "www.anninuunissa.fi",
                "www.suomi24.fi",
                "www.verkkouutiset.fi"
            ]
        },
        {
            "rule": "neuwo\\.ai\\/edge\\/GetAiTopics",
            "cookies": 0,
            "fingerprinting": 0,
            "subdomains": [
                "m1api"
            ],
            "apis": {},
            "sites": 6,
            "prevalence": 0.0000424,
            "cnames": [],
            "responseHashes": [
                "cc7fb6737e848b49d0ce2036dbe568fb6a3e1a29a7768c55788deed73bd7f2a4",
                "7b7c45f13dfd228147864878dde787e1ce0d9a22349fa56f6a9397815bc30f48",
                "904178261294dac8d8ac4dd5320073fb9741edee96699f612b43857113104fe1",
                "d2d113879e2793cefe24c87c0df5edbf930d8de9cae59b3ca64211fa8ceed194",
                "b0bf110fe8dae00dbbf741daadfd92200ae1a8f5b5c15a1ab441bdc1ac273d9a"
            ],
            "type": "Fetch",
            "firstPartyCookies": {},
            "firstPartyCookiesSent": {},
            "exampleSites": [
                "indidansk.dk",
                "madensverden.dk",
                "migogkbh.dk",
                "www.guloggratis.dk",
                "www.lav-det-selv.dk",
                "www.tilbudsugen.dk"
            ]
        }
    ],
    "categories": [],
    "performance": {},
    "cookies": 0,
    "topInitiators": [
        {
            "domain": "tiqcdn.com",
            "prevalence": 0.45454545454545453
        },
        {
            "domain": "lwadm.com",
            "prevalence": 0.36363636363636365
        },
        {
            "domain": "requestmetrics.com",
            "prevalence": 0.09090909090909091
        },
        {
            "domain": "relevant-digital.com",
            "prevalence": 0.09090909090909091
        }
    ],
    "types": {
        "XHR": 5,
        "Fetch": 6
    },
    "nameservers": [
        "dns3.louhi.fi",
        "dns2.louhi.net",
        "dns1.louhi.net"
    ]
}