{
    "domain": "nice-team.net",
    "owner": {},
    "source": [
        "DuckDuckGo-US"
    ],
    "prevalence": 0.000403,
    "sites": 57,
    "subdomains": [
        "cdn-bundler",
        "bundler"
    ],
    "cnames": [],
    "fingerprinting": 1,
    "resources": [
        {
            "rule": "nice-team\\.net\\/app\\/js\\/bundler\\.js",
            "cookies": 0,
            "fingerprinting": 1,
            "subdomains": [
                "cdn-bundler"
            ],
            "apis": {
                "Navigator.prototype.userAgent": 2
            },
            "sites": 44,
            "prevalence": 0.000311,
            "cnames": [],
            "responseHashes": [
                "7f1081d659072190cf1cc0c665ab38ddd7facb082ed4915c663c3b3c15fd242e",
                "40d1095dd16a3c884a3ba644adb5c8187c00322f97cd26a3a3cd61e1b43299e0",
                "5c6007d6a7591d07ed405def782624c8e95a2c6b84d1f8bc0197d51f767347cd",
                "3e2e4fd2b46e88b9f58d9734a161c61ac8129bf8774e1ff957e05fbcff40e89c",
                "cf052513efe0fe794f15d80037b9c71379264c2c64b968528fd8e514892672d4",
                "0dd534b988cc4271f2442b0857685b387f9bd204b44e9ec267cff7704a775f99",
                "e8fdb99155276968877fb18ee38678c41abf5d06a24ae3cfa10ed76a0807c783",
                "353315cdc76503600a872a0c10396a448738153da91d3453c3f6a3f8d5640b9e",
                "88f236d6d6640a823f213c6096580ac5cd1fe34c0f87438acf119c90ae25e709",
                "ea596f0ffc84009545ebf9ee45412820ac558e924069bd1cb4c3a2917f3cd6cd",
                "d361da4cd3a620be587ce9a951202ab8bc9ae650f608622ec5f2739729e5a5a3",
                "3062e179f538b71d9f4f5150ad4fd3e4831046d15ee0ee144296e5c3bde5fe36",
                "8ebba0225c173143edb975cc8cb31075e12c05bb901331cc4583202f7bb13f90",
                "6381406804330e599a357df1e5bd31d3969ae5a9457984f8224fe5e57be29c00",
                "7fba66c70196282fbdd70d2100b3c911523026ee5ef3c4b6452998acff4af96f",
                "1d5734e23d1e154079b4d96c4b95a010b7d7945d8ee0e2c09c74e7610a43812a",
                "f9322718c961e297f910bff8a36cba075f056e2bb815e3d40544647f00f30aa3",
                "f4cc8e73ba3795b2e78ec5b26e0abe6fe450dc173b6e9d3c0bb304eca59a8f7d",
                "55c1f2ff38de7b9ba050fbd9f9686424943c13e250cb512a57184374f08a305e",
                "dd3fb164791c953590d5261527cc9733475c0f361f2cae00816a976e1d71433a",
                "9700d7e0564377594bcc6ea21a4936a5980873b29afeb9ba0dce5b620b9188b6",
                "732986d5167a82ec9166c42b57d629013304b841cd1d481c7c1f204e144e5c8c",
                "24804ae2167a8606a7fa99e9c2f3c7d352c5599ab90069c7eee54e7b7a208ccd",
                "6790761c2801d5df2beebe8a0858c4c020ec288e139667d8bace677cd9a7803d",
                "3e9431a4cb6047cd0125287198efddca8b7ae13e3d395099916fed3102b90bc3",
                "944bfcd1364ac79e31f22545c4ea9a6f4a21ee43dedb62227e1111635538e82e",
                "bded7cc4e5553fd0129b172c534512cf45d614be634232712f2ce5b2f9305cff",
                "161ef90bfc313bb7a8e952935e721a8e2e4f091a27decafbb962db41b36744e9",
                "f1043e4571d401295b87d89f76e1deec40ca1cfa35decd68be90532d3b6f4a97",
                "44536c254088d450ebdff397cd2ff415d33ab4c03814ae05fdfe1055aca44d3f",
                "65d17ca90922545ed7c48f5129e1119707080b682dceaecaa9bf953793dd8062"
            ],
            "type": "Script",
            "firstPartyCookies": {},
            "firstPartyCookiesSent": {},
            "exampleSites": [
                "cruisercorps.com",
                "skullshaver.com",
                "spartina449.com",
                "www.sam-turner.co.uk",
                "rallitek.com",
                "www.earthrunners.com",
                "robcosman.com",
                "isotunes.com",
                "rmac.store",
                "www.baofengradio.com",
                "bitsysbikinis.com",
                "dukecannon.com",
                "beardedbutchers.com",
                "imperialtropicals.com",
                "boc24.de",
                "www.rebornropes.com",
                "www.statebicycle.com",
                "www.kizerknives.com",
                "tiffen.com",
                "www.therabody.com"
            ]
        },
        {
            "rule": "nice-team\\.net\\/app\\/js\\/bundler-script\\.js",
            "cookies": 0,
            "fingerprinting": 1,
            "subdomains": [
                "cdn-bundler"
            ],
            "apis": {
                "Date.prototype.getTime": 16,
                "window.localStorage": 2,
                "Document.cookie getter": 4,
                "Navigator.prototype.userAgent": 1
            },
            "sites": 39,
            "prevalence": 0.000276,
            "cnames": [],
            "responseHashes": [
                "0e315c2cfbc74710fca03d33d480eef4900ed09153e97028b8e0da12248246ad",
                "2c950a07438193a4dc586a25edd7802f61e9aa56adbdcfe746ce27cddbfbc384",
                "602da9456ab1b5a72015503378b836903efd5e93c47b2d2375503a07a0452be8",
                "4aaf5e6cfc57766c198c3e65a18b517cb913cff21dc3dc350e332a65d2e88df1",
                "dba5166ad9db9ba648c1032ebbd34dcd0d085b50023b839ef5c68ca1db93a563",
                "d333bb5462a70c06473bb8c81c990c159fa04b12b428b38a859458f905d1dcbb",
                "5ad7cd0f3696c67b9609affd85c139e1f25d52f2226aa00b3f840cc5416a2b48",
                "9456b8f9dc1e167491699e0d4d08232bb1cb0bb30745209c731453e97cf67c09",
                "642f48998ce16bf16c1e4df40219d032bd97ab65077db397edb262385e738e97",
                "72fb6b964894e2ed4a7c41ad4c06f363af756f91b40810363eae0fdd073bfaff",
                "baca0b20b98e486decf6620513b98028f48ade55169a1c715bc71d714c4c9a40",
                "91c9d85aa986957a0926eb78cab7dc30062a43445fd52b0540bc9f3b7e7b6350",
                "53eb0149e9564dc1df260cc2119c7627b71a4b994db73cfb5f3ecc5acf47013e",
                "1968914d45192b4e33471faf4036833419f67c623127607f55bea9687f50dd40",
                "12295003fd8fc90949fb196cb30a521ad7e49bfe6ae152617024494435b2584d",
                "b7a7a59008cfcafa98a654bbb317554e0bb3ad09dc1cfc5231af8c277840f007",
                "b5b1cb568cf380ce2f770cbd2a42873d7efecfc54da0188dca5bd33aafd2afef",
                "ed1002ff8c5674f4d9351245c2b91c22b747b658607a3acdfbc90dad3e3649f2",
                "e3b0c44298fc1c149afbf4c8996fb92427ae41e4649b934ca495991b7852b855",
                "0dc63e6456fd44ff85008af34f43d57de0c3ba6d90af00cc6516956473bd66b7",
                "553330250f8f6825210ce882d6869a97985032b3adaa9aaf310a68a708804146",
                "dabd39e90b53c89e28a752646dd793ae1c7427f3c7b2d4eb6ea78cf87c1e2f44",
                "eca6421d5aaa815ff7126f4def4640ac512c85ef1c70219f3fecbab64083ea75",
                "4558e655e37055a6e8e65970923d1828168c715b5f4b85c884c2002e7c320a0e"
            ],
            "type": "Script",
            "firstPartyCookies": {},
            "firstPartyCookiesSent": {},
            "exampleSites": [
                "hermsprengerusa.com",
                "bitsysbikinis.com",
                "rallitek.com",
                "www.wolftoothcomponents.com",
                "imperialtropicals.com",
                "gatherroundhomeschool.com",
                "www.kizerknives.com",
                "www.marysheirloomseeds.com",
                "www.radioddity.com",
                "nutricost.com",
                "casadesante.com",
                "cruisercorps.com",
                "dukecannon.com",
                "drinkh2tab.com",
                "highplainsprospectors.com",
                "vape.com",
                "phrozen3d.com",
                "superstrokeusa.com",
                "en.j5create.com",
                "www.baofengradio.com"
            ]
        },
        {
            "rule": "nice-team\\.net\\/app\\/shop\\/status\\/radioddity\\.myshopify\\.com\\.js",
            "cookies": 0,
            "fingerprinting": 0,
            "subdomains": [
                "bundler"
            ],
            "apis": {},
            "sites": 2,