{
    "domain": "noembed.com",
    "owner": {},
    "source": [
        "DuckDuckGo-US"
    ],
    "prevalence": 0.000163,
    "sites": 23,
    "subdomains": [],
    "cnames": [],
    "fingerprinting": 0,
    "resources": [
        {
            "rule": "noembed\\.com\\/embed",
            "cookies": 0,
            "fingerprinting": 0,
            "subdomains": [],
            "apis": {},
            "sites": 8,
            "prevalence": 0.0000566,
            "cnames": [],
            "responseHashes": [
                "d50475caa5e97d693872e090e448845aeb344b7e306cefddd3844122d3407efc",
                "fa390c6b16ec73806f6c754b9810f7520059d7a63ae9e5be3a91c1f67169da21",
                "97440467c2d00bb7d127f8168196b769226d36433a3d98b3d4170bbcf573b94b",
                "4a8a0af7c0c0abce9e56a7973451d0dabf716a6a628c65f549309646b876f03e",
                "c5bdf885450effbd08ed7ad718c0c57799cc48825c476edc75fad15306b23480",
                "93544d75741f883d9863af606550a93da115145c2acc97fe5516b9a53a50f8c6"
            ],
            "type": "XHR",
            "firstPartyCookies": {},
            "firstPartyCookiesSent": {},
            "exampleSites": [
                "chemocare.com",
                "grad.berkeley.edu",
                "sermons4kids.com",
                "wizardofodds.com",
                "www.newsbomb.gr",
                "www.pokernews.com",
                "www.risescience.com",
                "www.warnerbros.com"
            ]
        },
        {
            "rule": "noembed\\.com\\/embed",
            "cookies": 0,
            "fingerprinting": 0,
            "subdomains": [],
            "apis": {},
            "sites": 8,
            "prevalence": 0.0000566,
            "cnames": [],
            "responseHashes": [
                "e2156076b9fac104d1c319e0b5b0a2cef47733a997b96df5d117325bca9fb290",
                "7680553b9e61c5a91dfa29750a7f830f6f2678ed9b00fca9a3149a152135dd9e",
                "85298431152fa45c7650203755953c65cc1b58a259bd685e3f18ea5794c7986e",
                "56949e8b274a2967d981671d4e08fefda553890aa2bd953a7a16272cd489468a",
                "9e67cd5de13659aa3340181d5805561e4c5fb178f5be5acf49fc0ba8d74eab3a",
                "6a06fe8aedde6f1e4e4d6470f07bd53a34c8235b724da21a25c8c291b17bd245",
                "2a589ff2a066d5e26594851af1a87a350d38a6cb071b79006234c123f07cf453"
            ],
            "type": "Script",
            "firstPartyCookies": {},
            "firstPartyCookiesSent": {},
            "exampleSites": [
                "schoolwires.net",
                "www.conejousd.org",
                "www.dentonisd.org",
                "www.fcboe.org",
                "www.lisd.net",
                "www.ops.org",
                "www.peoriaunified.org",
                "www.slps.org"
            ]
        },
        {
            "rule": "noembed\\.com\\/embed",
            "cookies": 0,
            "fingerprinting": 0,
            "subdomains": [],
            "apis": {},
            "sites": 5,
            "prevalence": 0.0000354,
            "cnames": [],
            "responseHashes": [
                "99e5a30b728130a2f21b0ad9dec21639977dce18cb67d9031311e827b928eedd",
                "bfac6ff9d35dae331254c9b0c290a31fcb01d727fac083227a24d9351c02308b",
                "2e3ffcf00301436b26233c1d6a0042923d5d9e8c3ff01a886f91d32927c60997",
                "00df7941f3739c9df6fa87e9c1c31155a5a32ea8897d5847b292adfa4a713748"
            ],
            "type": "Fetch",
            "firstPartyCookies": {},
            "firstPartyCookiesSent": {},
            "exampleSites": [
                "camdenliving.com",
                "www.icecream.com",
                "www.massgeneralbrigham.org",
                "www.utk.edu",
                "www.yates.com.au"
            ]
        }
    ],
    "categories": [],
    "performance": {},
    "cookies": 0,
    "topInitiators": [
        {
            "domain": "first party",
            "prevalence": 0.8936170212765957
        },
        {
            "domain": "bbend.net",
            "prevalence": 0.06382978723404255
        },
        {
            "domain": "rise-webflow.netlify.app",
            "prevalence": 0.02127659574468085
        },
        {
            "domain": "datadoghq-browser-agent.com",
            "prevalence": 0.02127659574468085
        }
    ],
    "types": {
        "XHR": 8,
        "Script": 8,
        "Fetch": 5
    },
    "nameservers": [
        "ns-193-b.gandi.net",
        "ns-154-a.gandi.net",
        "ns-64-c.gandi.net"
    ]
}