{
    "domain": "omguk.com",
    "owner": {
        "name": "Optimise Media (UK) Limited",
        "displayName": "Optimise Media Limited"
    },
    "source": [
        "DuckDuckGo-US"
    ],
    "prevalence": 0.000198,
    "sites": 28,
    "subdomains": [
        "track"
    ],
    "cnames": [],
    "fingerprinting": 1,
    "resources": [
        {
            "rule": "omguk\\.com\\/e\\/qs\\/",
            "cookies": 0.0000778,
            "fingerprinting": 1,
            "subdomains": [
                "track"
            ],
            "apis": {
                "Document.cookie getter": 5
            },
            "sites": 15,
            "prevalence": 0.000106,
            "cnames": [],
            "responseHashes": [
                "f7f0645bf9cf8173940e93287b5c6e1536d2789a78ce150754351301a7961004",
                "e3b0c44298fc1c149afbf4c8996fb92427ae41e4649b934ca495991b7852b855",
                "4ffa4c666c9ce494e7f1779bc1f072882ba2ffd491587cf8b0a87eed0b9f05a6",
                "571bfc5350423b0cf6a119847ad7d18ca4feddb671fa253f874254135f1fa9dc",
                "ad373ba5ad2c208e257b8759260797ac16f9ce4467f86ad21bb8958005620694",
                "804ffeb5162f1450dded1cc6bd12bcb1ceae2d0a102cc5d1bea7dfd76caad5af",
                "414d7f1c1145c41c37df153ce0e79907ef4676b6398de6a1bfef313fbb390060",
                "b0f4ba0d24af925337ddf1afcc9591baa7a7b241d184f8db498d221a38189e05"
            ],
            "type": "Script",
            "firstPartyCookies": {},
            "firstPartyCookiesSent": {
                "IR_gbd": 0.0000070733363512901765,
                "lotame_domain_check": 0.0000070733363512901765
            },
            "exampleSites": [
                "saga.co.uk",
                "luxuryescapes.com",
                "starzplay.com",
                "travel.saga.co.uk",
                "www.fairprice.com.sg",
                "www.fortress.com.hk",
                "www.galleon.ph",
                "www.gocompare.com",
                "www.kaspersky.com",
                "www.nexford.edu",
                "www.orami.co.id",
                "www.railyatri.in",
                "www.tanishq.co.in",
                "www.watsons.com.ph",
                "www.xcite.com"
            ]
        },
        {
            "rule": "omguk\\.com\\/e\\/qi\\/",
            "cookies": 0.0000495,
            "fingerprinting": 0,
            "subdomains": [
                "track"
            ],
            "apis": {},
            "sites": 7,
            "prevalence": 0.0000495,
            "cnames": [],
            "responseHashes": [
                "c444cf186262fda81c5189405e36cf9c195d5c729a567a9993df69ed5e87a13a"
            ],
            "type": "Image",
            "firstPartyCookies": {},
            "firstPartyCookiesSent": {
                "IR_gbd": 0.0000070733363512901765
            },
            "exampleSites": [
                "saga.co.uk",
                "luxuryescapes.com",
                "travel.saga.co.uk",
                "www.fairprice.com.sg",
                "www.fortress.com.hk",
                "www.gocompare.com",
                "www.watsons.com.ph"
            ]
        },
        {
            "rule": "omguk\\.com\\/la",
            "cookies": 0,
            "fingerprinting": 0,
            "subdomains": [
                "track"
            ],
            "apis": {},
            "sites": 7,
            "prevalence": 0.0000495,
            "cnames": [],
            "responseHashes": [
                "435a98827a5cab9c0cab91fe3d98b0a2867fc8acbc692379e6de561b31e6edc1"
            ],
            "type": "Script",
            "firstPartyCookies": {},
            "firstPartyCookiesSent": {},
            "exampleSites": [
                "cosmo.ph",
                "www.cosmo.ph",
                "www.esquiremag.ph",
                "www.pep.ph",
                "www.preview.ph",
                "www.spot.ph",
                "www.yummy.ph"
            ]
        }
    ],
    "categories": [],
    "performance": {},
    "cookies": 0.000099,
    "topInitiators": [
        {
            "domain": "googletagmanager.com",
            "prevalence": 0.5454545454545454
        },
        {
            "domain": "first party",
            "prevalence": 0.2727272727272727
        },
        {
            "domain": "ensighten.com",
            "prevalence": 0.12121212121212122
        },
        {
            "domain": "kaspersky.de",
            "prevalence": 0.06060606060606061
        }
    ],
    "types": {
        "Script": 22,
        "Image": 7
    },
    "nameservers": [
        "ns-1005.awsdns-61.net",
        "ns-2009.awsdns-59.co.uk",
        "ns-1127.awsdns-12.org",
        "ns-462.awsdns-57.com"
    ]
}