{
    "domain": "onclckinp.com",
    "owner": {},
    "source": [
        "DuckDuckGo-US"
    ],
    "prevalence": 0.000134,
    "sites": 19,
    "subdomains": [],
    "cnames": [],
    "fingerprinting": 0,
    "resources": [
        {
            "rule": "onclckinp\\.com\\/in\\/multy",
            "cookies": 0,
            "fingerprinting": 0,
            "subdomains": [],
            "apis": {},
            "sites": 16,
            "prevalence": 0.000113,
            "cnames": [],
            "responseHashes": [],
            "type": "Preflight",
            "firstPartyCookies": {},
            "firstPartyCookiesSent": {},
            "exampleSites": [
                "bokepsun.top",
                "colmek.link",
                "seneporno.com",
                "www.bhojpurisex.site",
                "www.fullpornxxx.net",
                "www.hindixxx.club",
                "www.javbangers.com",
                "www.nudeindians.net",
                "www.oolveri.com",
                "www.porndos.com",
                "www.pornspear.com",
                "www.sexarabx.com",
                "www.tamilsexzone.com",
                "www.thepornbunny.com",
                "www.villagesexvideos.com",
                "www.whoreshub.com"
            ]
        },
        {
            "rule": "onclckinp\\.com\\/in\\/multy",
            "cookies": 0,
            "fingerprinting": 0,
            "subdomains": [],
            "apis": {},
            "sites": 16,
            "prevalence": 0.000113,
            "cnames": [],
            "responseHashes": [
                "d0417d746bc10539417054b7e434bb75fe23a91e79342181d7a6789d4cdde2e9",
                "216ced686ab485ceacdf5bd9696ac0ed3b491cc98611da96df80363b463f8188",
                "79661220b0c9c85eeff12d2a5f4904d2c9428a0a5bcbf827e346c001de775244",
                "1549e51e9c867bad7ad30da5d9fd59656eddac074e1b8e81a9c1188be33a56be",
                "57f5b31b27de67ef52e4568cf5f4134e7361806bad44abff54d79a3e9192df96",
                "00e617025bfce6888dc9ebefe8a3478a02f09ffd4d96df683a730cd196f2fdec",
                "f5478a43eab62bed8cd2e05cd8872cf5e9c4316d35bc4899e52f9b50d015b0aa",
                "229fa2593704f42894b5547940012894927104f80d682023a382816fd6d9c47b",
                "2b9d3e9cb4177975518bcf08cd5d7ecc82674d7f938f0c3991270d42e04c5fe0",
                "cc12a7aafc539adcb5741a7b65ae22a00e1f63f227c65aa9be1326d67af44fef",
                "18d46fefe14087ae584f6124e3844136586e94ca3d6dd17465b02abc9a3912a9",
                "a9c580247cdc314cfb3871a6e6d5f5b08db09f38a73afb25de8c00e075538693",
                "f75170e55c1059ca6153e7498d40e97753ce9f0f95c13a3ce5596db9ba3a7581",
                "7c335fc3734f9f6fd0ae309853ab8ebbb703db500d30e5842ad3af2a5ed63745",
                "1fe00c47c09fc035eb2039958a43fc14286cdd1fa0dc672b8fc136c5158831bf"
            ],
            "type": "XHR",
            "firstPartyCookies": {},
            "firstPartyCookiesSent": {},
            "exampleSites": [
                "bokepsun.top",
                "colmek.link",
                "seneporno.com",
                "www.bhojpurisex.site",
                "www.fullpornxxx.net",
                "www.hindixxx.club",
                "www.javbangers.com",
                "www.nudeindians.net",
                "www.oolveri.com",
                "www.porndos.com",
                "www.pornspear.com",
                "www.sexarabx.com",
                "www.tamilsexzone.com",
                "www.thepornbunny.com",
                "www.villagesexvideos.com",
                "www.whoreshub.com"
            ]
        },
        {
            "rule": "onclckinp\\.com\\/in\\/show\\/",
            "cookies": 0,
            "fingerprinting": 0,
            "subdomains": [],
            "apis": {},
            "sites": 16,
            "prevalence": 0.000113,
            "cnames": [],
            "responseHashes": [
                "e3b0c44298fc1c149afbf4c8996fb92427ae41e4649b934ca495991b7852b855"
            ],
            "type": "Image",
            "firstPartyCookies": {},
            "firstPartyCookiesSent": {
                "_ym_d": 0.0000070733363512901765
            },
            "exampleSites": [
                "bokepsun.top",
                "colmek.link",
                "seneporno.com",
                "www.bhojpurisex.site",
                "www.fullpornxxx.net",
                "www.hindixxx.club",
                "www.javbangers.com",
                "www.nudeindians.net",
                "www.oolveri.com",
                "www.porndos.com",
                "www.pornspear.com",
                "www.sexarabx.com",
                "www.tamilsexzone.com",
                "www.thepornbunny.com",
                "www.villagesexvideos.com",
                "www.whoreshub.com"
            ]
        }
    ],
    "categories": [],
    "performance": {},
    "cookies": 0,
    "topInitiators": [
        {
            "domain": "onclckinpg.com",
            "prevalence": 0.5769230769230769
        },
        {
            "domain": "9a4f937e0f.com",
            "prevalence": 0.4230769230769231
        }
    ],
    "types": {
        "Preflight": 16,
        "XHR": 16,
        "Image": 16
    },
    "nameservers": [
        "ns1.digitalocean.com",
        "ns2.digitalocean.com",
        "ns3.digitalocean.com"
    ]
}