{
    "domain": "one.store",
    "owner": {},
    "source": [
        "DuckDuckGo-US"
    ],
    "prevalence": 0.0000849,
    "sites": 12,
    "subdomains": [
        "cdn",
        "widget-api",
        "interactions",
        "widget-social-proof-api"
    ],
    "cnames": [],
    "fingerprinting": 2,
    "resources": [
        {
            "rule": "one\\.store\\/javascript\\/dist\\/1\\.0\\/jcr-widget\\.js",
            "cookies": 0.0000354,
            "fingerprinting": 1,
            "subdomains": [
                "cdn"
            ],
            "apis": {
                "window.localStorage": 6,
                "Document.cookie getter": 6,
                "Document.cookie setter": 5
            },
            "sites": 10,
            "prevalence": 0.0000707,
            "cnames": [],
            "responseHashes": [
                "7337a5e1cc81f563252d146272f6fa8753bd5388feb432275693ba052058b2b7"
            ],
            "type": "Script",
            "firstPartyCookies": {
                "proof-factor-user-1a677d84-e983-4c11-b090-c9c1317259b8-all-time-data": {
                    "ttl": 63072014,
                    "length": 195,
                    "prevalence": 0.0000070733363512901765,
                    "uniqueness": 1
                },
                "proof-factor-user-1ba794cf-fc99-4fc1-a662-cd05a972305b-all-time-data": {
                    "ttl": 63072004,
                    "length": 163,
                    "prevalence": 0.0000070733363512901765,
                    "uniqueness": 1
                },
                "pf_stc": {
                    "ttl": 305,
                    "length": 1,
                    "prevalence": 0.000028293345405160706,
                    "uniqueness": 0.25
                },
                "proof-factor-user-3f556785-e254-42d5-8d53-df8669fdb35a-all-time-data": {
                    "ttl": 63072004,
                    "length": 193,
                    "prevalence": 0.0000070733363512901765,
                    "uniqueness": 1
                },
                "pf_ptc_1933631511": {
                    "ttl": 305,
                    "length": 1,
                    "prevalence": 0.0000070733363512901765,
                    "uniqueness": 1
                },
                "proof-factor-user-c72304e8-92a8-47e9-9644-3de977e8b67c-all-time-data": {
                    "ttl": 63072019,
                    "length": 190,
                    "prevalence": 0.0000070733363512901765,
                    "uniqueness": 1
                },
                "pf_ptc_-631250280": {
                    "ttl": 319,
                    "length": 1,
                    "prevalence": 0.0000070733363512901765,
                    "uniqueness": 1
                },
                "proof-factor-wheel-cookie-3ad5e059-083b-47f0-aeab-6a32541e3fb7-aaab8f1aecc95e80b765a6f57bd2fc21": {
                    "ttl": 2592007,
                    "length": 13,
                    "prevalence": 0.0000070733363512901765,
                    "uniqueness": 1
                },
                "proof-factor-user-7d30cca2-a032-4d37-8ece-a85ca5c36d63-all-time-data": {
                    "ttl": 63072007,
                    "length": 312,
                    "prevalence": 0.0000070733363512901765,
                    "uniqueness": 1
                }
            },
            "firstPartyCookiesSent": {},
            "exampleSites": [
                "innersensebeauty.com",
                "letsliveitup.com",
                "plantmegreen.com",
                "purpleleafshop.com",
                "shokz.com",
                "woodlandairstreamparts.com",
                "www.acasis.com",
                "www.boilercentral.com",
                "www.goruck.com",
                "www.podiumarcher.com"
            ]
        },
        {
            "rule": "one\\.store\\/javascript\\/dist\\/1\\.0\\/jcr-widget-app\\.c5bed5c3\\.js",
            "cookies": 0,
            "fingerprinting": 2,
            "subdomains": [
                "cdn"
            ],
            "apis": {
                "Navigator.prototype.userAgent": 6,
                "Event.prototype.timeStamp": 5,
                "Navigator.prototype.product": 5,
                "window.localStorage": 7,
                "Date.prototype.getTime": 6,
                "Navigator.prototype.maxTouchPoints": 6,
                "Document.cookie getter": 5,
                "Intl.DateTimeFormat.prototype.resolvedOptions": 5
            },
            "sites": 7,
            "prevalence": 0.0000495,
            "cnames": [],
            "responseHashes": [
                "a63907fdb519bf17593238f7288dcf5016400cc8d4478e034e43a85a46d25340"
            ],
            "type": "Script",
            "firstPartyCookies": {},
            "firstPartyCookiesSent": {},
            "exampleSites": [
                "purpleleafshop.com",
                "racelinewheels.com",
                "woodlandairstreamparts.com",
                "www.acasis.com",
                "www.boilercentral.com",
                "www.goruck.com",
                "www.podiumarcher.com"
            ]
        },
        {
            "rule": "one\\.store\\/v1\\/notifications\\/config",
            "cookies": 0.0000495,
            "fingerprinting": 0,
            "subdomains": [
                "widget-api"
            ],
            "apis": {},
            "sites": 7,
            "prevalence": 0.0000495,
            "cnames": [],
            "responseHashes": [
                "4536a9bb5fb15abe1d73b7b6304c2db46926a6f4fbf5938a0772dd198c196a3e",
                "7a5480c7b96994000e02666937f676ce878a8343bff1dac2687351d3a94932dc",
                "3f158919e2ce9a0e2309c1e3b296b6cdde8eadd7d2a22fc73a8a9b99789ff918",
                "3eab539abceede07fc78cdb8e1cf1db186cb0222bbef2214f0ab8d9db58dced1",
                "654616cef2595e3ec1c9f225f4dcb2b458dcca53b47c18c901cde136f8563525"
            ],
            "type": "XHR",
            "firstPartyCookies": {},
            "firstPartyCookiesSent": {},
            "exampleSites": [
                "purpleleafshop.com",
                "racelinewheels.com",
                "woodlandairstreamparts.com",
                "www.acasis.com",
                "www.boilercentral.com",
                "www.goruck.com",
                "www.podiumarcher.com"
            ]
        },
        {
            "rule": "one\\.store\\/javascript\\/dist\\/1\\.0\\/xdomaincookie\\.c5bed5c3\\.js",
            "cookies": 0,
            "fingerprinting": 1,
            "subdomains": [
                "cdn"
            ],
            "apis": {
                "Date.prototype.getTime": 2
            },
            "sites": 3,
            "prevalence": 0.0000212,
            "cnames": [],
            "responseHashes": [
                "4a217802e3aeeb809c95b04064e70cce1159b684e8daf88ab5315e858af14958"
            ],
            "type": "Script",
            "firstPartyCookies": {},
            "firstPartyCookiesSent": {},
            "exampleSites": [
                "purpleleafshop.com",
                "www.boilercentral.com",
                "www.podiumarcher.com"
            ]
        },
        {
            "rule": "one\\.store\\/javascript\\/dist\\/1\\.0\\/core\\.c5bed5c3\\.js",
            "cookies": 0,
            "fingerprinting": 1,
            "subdomains": [
                "cdn"
            ],
            "apis": {
                "Date.prototype.getTime": 2
            },
            "sites": 3,
            "prevalence": 0.0000212,
            "cnames": [],
            "responseHashes": [
                "c378ee8ec786b2699bffe6d0574959b9766594178372ed003b1d9a30c579a61c"
            ],
            "type": "Script",
            "firstPartyCookies": {},
            "firstPartyCookiesSent": {},