{
    "domain": "opentracker.net",
    "owner": {
        "name": "Opentracker",
        "displayName": "Opentracker"
    },
    "source": [
        "DuckDuckGo-US"
    ],
    "prevalence": 0.0000637,
    "sites": 9,
    "subdomains": [
        "server1",
        "script",
        "gm02f",
        "gm02e",
        "log"
    ],
    "cnames": [],
    "fingerprinting": 2,
    "resources": [
        {
            "rule": "opentracker\\.net\\/",
            "cookies": 0.0000495,
            "fingerprinting": 2,
            "subdomains": [
                "server1",
                "script"
            ],
            "apis": {
                "Navigator.prototype.appVersion": 7,
                "Document.cookie getter": 7,
                "Document.cookie setter": 7,
                "Date.prototype.getTime": 5,
                "Screen.prototype.height": 6,
                "Screen.prototype.width": 6,
                "Screen.prototype.pixelDepth": 4,
                "window.localStorage": 3,
                "Screen.prototype.colorDepth": 2
            },
            "sites": 9,
            "prevalence": 0.0000637,
            "cnames": [],
            "responseHashes": [
                "e6d8665b32c5e0b61862a0384ba7ea5fb429ee475c75e527a94c210afad2631a",
                "43d2eaecc623f246b7b5dd0ff6206667ef447cada394dc047d9cb18569085c9c",
                "cfad1d0e4fc80d884bfcb664a8c212106a28cb5d44bca6aafe8e00dba82b34d6",
                "d6c282d03fc53ebbe9879ad4e1a3e9293ed87113316f6f3125486760d1a4be59",
                "e300a79983d7d5037bbcf5afac29ff09c4d5c7400dc83bce4b0471910f2583a3",
                "7302e7e3c6e1063837c8d571bd96e000547b34278c72208de2262aac3819304c",
                "5b5611aabb684fc56b3e23b6ed7ed44be7d54281f92f0942f54847bd106b0827",
                "5f8c58e85fef12d270cc33a3269fa633f9f23007e6819aebed7dbfa679baec4b"
            ],
            "type": "Script",
            "firstPartyCookies": {
                "machine-id": {
                    "ttl": 63072003,
                    "length": 28,
                    "prevalence": 0.00003536668175645088,
                    "uniqueness": 1
                },
                "_ots": {
                    "ttl": 1803,
                    "length": 43,
                    "prevalence": 0.00004951335445903124,
                    "uniqueness": 1
                },
                "_otui": {
                    "ttl": 63072003,
                    "length": 56,
                    "prevalence": 0.00004951335445903124,
                    "uniqueness": 1
                },
                "_otpe": {
                    "ttl": 1803,
                    "length": 44,
                    "prevalence": 0.00004951335445903124,
                    "uniqueness": 1
                }
            },
            "firstPartyCookiesSent": {
                "_hjTLDTest": 0.0000070733363512901765
            },
            "exampleSites": [
                "inductiveautomation.com",
                "forum.inductiveautomation.com",
                "petertyson.co.uk",
                "tarisio.com",
                "www.canadianappliance.ca",
                "www.parts4heating.com",
                "www.tldm.org",
                "www.trendmicro.com",
                "www.valueaddedresource.net"
            ]
        },
        {
            "rule": "opentracker\\.net\\/collect\\.jsp",
            "cookies": 0,
            "fingerprinting": 0,
            "subdomains": [
                "gm02f",
                "gm02e"
            ],
            "apis": {},
            "sites": 4,
            "prevalence": 0.0000283,
            "cnames": [],
            "responseHashes": [
                "75ea64d17237a31170ffe6d1cef300e68b129eb3a3c1c84ed099400ea3b17f9f"
            ],
            "type": "Image",
            "firstPartyCookies": {},
            "firstPartyCookiesSent": {
                "_otpe": 0.000028293345405160706,
                "_hjTLDTest": 0.0000070733363512901765
            },
            "exampleSites": [
                "inductiveautomation.com",
                "forum.inductiveautomation.com",
                "petertyson.co.uk",
                "www.tldm.org"
            ]
        },
        {
            "rule": "opentracker\\.net\\/",
            "cookies": 0,
            "fingerprinting": 0,
            "subdomains": [
                "log"
            ],
            "apis": {},
            "sites": 9,
            "prevalence": 0.0000637,
            "cnames": [],
            "responseHashes": [
                "756b8e02f86bc8e739229a1dec26bb1260d104efc531ab55d96cfc75f8349e71"
            ],
            "type": "Image",
            "firstPartyCookies": {},
            "firstPartyCookiesSent": {
                "machine-id": 0.00003536668175645088,
                "_ots": 0.00004951335445903124,
                "_otui": 0.00004951335445903124,
                "_hjTLDTest": 0.0000070733363512901765,
                "_otpe": 0.000014146672702580353
            },
            "exampleSites": [
                "inductiveautomation.com",
                "forum.inductiveautomation.com",
                "petertyson.co.uk",
                "tarisio.com",
                "www.canadianappliance.ca",
                "www.parts4heating.com",
                "www.tldm.org",
                "www.trendmicro.com",
                "www.valueaddedresource.net"
            ]
        }
    ],
    "categories": [],
    "performance": {},
    "cookies": 0.0000495,
    "topInitiators": [
        {
            "domain": "first party",
            "prevalence": 0.8181818181818182
        },
        {
            "domain": "tiqcdn.com",
            "prevalence": 0.18181818181818182
        }
    ],
    "types": {
        "Script": 9,
        "Image": 13
    },
    "nameservers": [
        "ns-1051.awsdns-03.org",
        "ns-1983.awsdns-55.co.uk",
        "ns-398.awsdns-49.com",
        "ns-611.awsdns-12.net"
    ]
}