{
    "domain": "openwebmp.com",
    "owner": {},
    "source": [
        "DuckDuckGo-US"
    ],
    "prevalence": 0.000424,
    "sites": 60,
    "subdomains": [
        "hb",
        "cs"
    ],
    "cnames": [],
    "fingerprinting": 0,
    "resources": [
        {
            "rule": "openwebmp\\.com\\/hb-multi",
            "cookies": 0,
            "fingerprinting": 0,
            "subdomains": [
                "hb"
            ],
            "apis": {},
            "sites": 18,
            "prevalence": 0.000127,
            "cnames": [],
            "responseHashes": [
                "ef98997eec66bd781f062dfc2c05f7c9491cf20072601fa5bb315ff0a99a1203",
                "df7a4d44504b7a8e67a553962d20a3e0cbeba381523d417955251b8d451190ef",
                "b4cc690336992a0ae65f4ffc56e62708d8b653d0e32777decbaf1b93346008f9",
                "ed3696d307f2915b10a503d561087c3850feb8de75028299183c3f317dc7a56f",
                "2e56b67e44dd0f6034ca4fafbf9b7ac68587fbf93941e8090c5b380dbe35aae8",
                "edd088804d48df8e6c7b5200fa5f67e766d2b923b591f5c7d1c0b62e738f98ed",
                "b6da8ad28d386f1a9deaada670fdab4d903a205af8420d62f278b8ee6f961a9f",
                "b3fd14a64fc99419121a9110b952ac008feb3ec5a6b0679f5962fd6099de7e29"
            ],
            "type": "Fetch",
            "firstPartyCookies": {},
            "firstPartyCookiesSent": {},
            "exampleSites": [
                "deadspin.com",
                "fr.timesofisrael.com",
                "games.dailymail.co.uk",
                "highthere.com",
                "howlongtobeat.com",
                "img2.washingtonpost.com",
                "mapgenie.io",
                "me.ign.com",
                "rdr2map.com",
                "religionnews.com",
                "steelersnow.com",
                "www.cnet.com",
                "www.huffpost.com",
                "www.ign.com",
                "www.kooora.com",
                "www.lbc.co.uk",
                "www.washingtonpost.com",
                "www.zdnet.com"
            ]
        },
        {
            "rule": "openwebmp\\.com\\/cs",
            "cookies": 0,
            "fingerprinting": 0,
            "subdomains": [
                "cs"
            ],
            "apis": {},
            "sites": 29,
            "prevalence": 0.000205,
            "cnames": [],
            "responseHashes": [
                "e3b0c44298fc1c149afbf4c8996fb92427ae41e4649b934ca495991b7852b855"
            ],
            "type": "Image",
            "firstPartyCookies": {},
            "firstPartyCookiesSent": {
                "dtm_token": 0.00004951335445903124
            },
            "exampleSites": [
                "www.australia.com",
                "www.visitmaryland.org",
                "homeophyto.topsante.com",
                "www.path2college529.com",
                "www.arkansas.com",
                "fla-keys.com",
                "www.arkansasstateparks.com",
                "www.jjill.com",
                "www.404media.co",
                "service.hyundaiusa.com",
                "www.mackinacisland.org",
                "www.emailnator.com",
                "www.sanjose.org",
                "locations.dunkindonuts.com",
                "pastelink.net",
                "www.visionworks.com",
                "www.visittucson.org",
                "washington.org",
                "hbd.gg",
                "www.sonomacounty.com"
            ]
        },
        {
            "rule": "openwebmp\\.com\\/cs",
            "cookies": 0,
            "fingerprinting": 0,
            "subdomains": [
                "cs"
            ],
            "apis": {},
            "sites": 12,
            "prevalence": 0.0000849,
            "cnames": [],
            "responseHashes": [],
            "type": "Document",
            "firstPartyCookies": {},
            "firstPartyCookiesSent": {},
            "exampleSites": [
                "fox11online.com",
                "homeophyto.topsante.com",
                "interaksyon.philstar.com",
                "pastelink.net",
                "wpde.com",
                "www.404media.co",
                "www.archdaily.com",
                "www.emailnator.com",
                "www.expressio.fr",
                "www.lesinrocks.com",
                "www.nova.fr",
                "www.voetbalzone.nl"
            ]
        }
    ],
    "categories": [],
    "performance": {},
    "cookies": 0,
    "topInitiators": [
        {
            "domain": "dotomi.com",
            "prevalence": 0.2857142857142857
        },
        {
            "domain": "omnitagjs.com",
            "prevalence": 0.18181818181818182
        },
        {
            "domain": "spotim.market",
            "prevalence": 0.12987012987012986
        },
        {
            "domain": "ziffstatic.com",
            "prevalence": 0.12987012987012986
        },
        {
            "domain": "first party",
            "prevalence": 0.09090909090909091
        },
        {
            "domain": "aniview.com",
            "prevalence": 0.06493506493506493
        },
        {
            "domain": "rubiconproject.com",
            "prevalence": 0.03896103896103896
        },
        {
            "domain": "lngtdv.com",
            "prevalence": 0.03896103896103896
        },
        {
            "domain": "arkadiumhosted.com",
            "prevalence": 0.012987012987012988
        },
        {
            "domain": "tpdads.com",
            "prevalence": 0.012987012987012988
        }
    ],
    "types": {
        "Fetch": 18,
        "Image": 29,
        "Document": 12
    },
    "nameservers": [
        "ns-1446.awsdns-52.org",
        "ns-1547.awsdns-01.co.uk",
        "ns-438.awsdns-54.com",
        "ns-726.awsdns-26.net"
    ]
}