{
    "domain": "ops.co",
    "owner": {},
    "source": [
        "DuckDuckGo-US"
    ],
    "prevalence": 0.000424,
    "sites": 60,
    "subdomains": [
        "exchange",
        "tag"
    ],
    "cnames": [],
    "fingerprinting": 1,
    "resources": [
        {
            "rule": "ops\\.co\\/openrtb2\\/auction",
            "cookies": 0.000219,
            "fingerprinting": 0,
            "subdomains": [
                "exchange"
            ],
            "apis": {},
            "sites": 32,
            "prevalence": 0.000226,
            "cnames": [],
            "responseHashes": [
                "cfc46c44e590ddfd7dc330b7b61554dd8dcd953ae38801b7b3c4288bae93b93b",
                "1480587caeffc66be6a54cbf65aa57f3e671a28e58e6e31a9e1144f7895f8d3e",
                "e958eeab35ec549c0c1f21051990ebdf75c40557bf88f06a9e44aa6710694dc8",
                "64513c5bfc0f2af5894490b6710df10f93cdd7eff6688f0fb8493c88ad750276",
                "1ee30b56a8d3f0ea67022ee16ca0b3d13cb29ed3b6bf6bf5dd9de08cf59bd093",
                "1c4a2767c6e6ca63a9fb5d3b36ae53881de65c91602fcb716e5136189d63fc4f",
                "0f2401efdd3ea99b78c963271b9f51ae3bd78939e9e9f390a2a22e7044deedd7",
                "9429c26a7920889e5ac14b4c1d6f2daae2dede58770f7de42c03220b6ef437a9",
                "003f254ad4fa277b4227060004239581adb5a035e98e74675eb0096eab2b1e16",
                "90aa0dffcff8f46fe182b588d0755fc78b91f6e2cbc41b004add8e980fbf8f2a",
                "84c85362ce7bf3a0f67bf32a1fb7dc0c6916ac30a85f335938333c6f4e6a29bf",
                "b5c5d6cf84cd6b7797c8ed05c0bf838601dd1dd99540ea56b325f424f9ebf4f0",
                "a4cefe49f317221071e63cebb90ac331f46614b70133faf58666b3aa01282e1a",
                "1107bb0a845345312390bf865e503da58839e4ec78e71be638c626f06931013b"
            ],
            "type": "Fetch",
            "firstPartyCookies": {},
            "firstPartyCookiesSent": {},
            "exampleSites": [
                "appleinsider.com",
                "www.inforum.com",
                "www.ktsa.com",
                "www.echopress.com",
                "www.bemidjipioneer.com",
                "keyt.com",
                "www.wishtv.com",
                "www.wral.com",
                "www.brainerddispatch.com",
                "krdo.com",
                "www.astrologyzone.com",
                "www.centralmaine.com",
                "www.grandforksherald.com",
                "www.wctrib.com",
                "www.ajc.com",
                "kesq.com",
                "www.kxl.com",
                "www.thegazette.com",
                "abc17news.com",
                "pvtimes.com"
            ]
        },
        {
            "rule": "ops\\.co\\/10110003\\/index\\.js",
            "cookies": 0,
            "fingerprinting": 0,
            "subdomains": [
                "tag"
            ],
            "apis": {},
            "sites": 2,
            "prevalence": 0.0000141,
            "cnames": [],
            "responseHashes": [],
            "type": "Script",
            "firstPartyCookies": {},
            "firstPartyCookiesSent": {},
            "exampleSites": [
                "politifact.com",
                "www.politifact.com"
            ]
        },
        {
            "rule": "ops\\.co\\/preprocess",
            "cookies": 0.0000283,
            "fingerprinting": 0,
            "subdomains": [
                "exchange"
            ],
            "apis": {},
            "sites": 4,
            "prevalence": 0.0000283,
            "cnames": [],
            "responseHashes": [
                "c37712f13f34c55549a90822707ac4cbaeb3dbd267fa0d8923b8117f811b9edd"
            ],
            "type": "Fetch",
            "firstPartyCookies": {},
            "firstPartyCookiesSent": {},
            "exampleSites": [
                "observer-me.com",
                "timesofsandiego.com",
                "www.astrologyzone.com",
                "www.newson6.com"
            ]
        },
        {
            "rule": "ops\\.co\\/10260004\\/index\\.js",
            "cookies": 0,
            "fingerprinting": 0,
            "subdomains": [
                "tag"
            ],
            "apis": {},
            "sites": 2,
            "prevalence": 0.0000141,
            "cnames": [],
            "responseHashes": [
                "e60b3c96f8fc689adbd5e320d503ca4d460ed2540121e4ea93b725c13d2a8226"
            ],
            "type": "Script",
            "firstPartyCookies": {},
            "firstPartyCookiesSent": {},
            "exampleSites": [
                "theadvocate.com",
                "obituaries.theadvocate.com"
            ]
        },
        {
            "rule": "ops\\.co\\/10040003\\/index\\.js",
            "cookies": 0,
            "fingerprinting": 1,
            "subdomains": [
                "tag"
            ],
            "apis": {
                "Notification.permission": 1,
                "Navigator.prototype.plugins": 1
            },
            "sites": 2,
            "prevalence": 0.0000141,
            "cnames": [],
            "responseHashes": [
                "2138b4c7f295808b736c9e18d4f7358f8e82268629de941d140a21cab594c17e"
            ],
            "type": "Script",
            "firstPartyCookies": {},
            "firstPartyCookiesSent": {},
            "exampleSites": [
                "astrologyzone.com",
                "www.astrologyzone.com"
            ]
        },
        {
            "rule": "ops\\.co\\/sync\\.html",
            "cookies": 0.00000707,
            "fingerprinting": 0,
            "subdomains": [
                "exchange"
            ],
            "apis": {},
            "sites": 3,
            "prevalence": 0.0000212,
            "cnames": [],
            "responseHashes": [],
            "type": "Document",
            "firstPartyCookies": {},
            "firstPartyCookiesSent": {},
            "exampleSites": [
                "astrologyzone.com",
                "www.dmv.org",
                "www.pressherald.com"
            ]
        },
        {
            "rule": "ops\\.co\\/setuid",
            "cookies": 0.0000141,
            "fingerprinting": 0,
            "subdomains": [
                "exchange"
            ],
            "apis": {},
            "sites": 2,
            "prevalence": 0.0000141,
            "cnames": [],
            "responseHashes": [
                "c956a8bbf43bb56f60d1beefcc5a70f2cb0725083a00e8a0daf423176509fd18"
            ],
            "type": "Image",
            "firstPartyCookies": {},
            "firstPartyCookiesSent": {},
            "exampleSites": [
                "astrologyzone.com",
                "www.astrologyzone.com"
            ]
        },
        {
            "rule": "ops\\.co\\/10000001\\/index\\.js",
            "cookies": 0,
            "fingerprinting": 1,
            "subdomains": [
                "tag"
            ],
            "apis": {
                "Notification.permission": 1,
                "Navigator.prototype.plugins": 1
            },
            "sites": 2,
            "prevalence": 0.0000141,
            "cnames": [],
            "responseHashes": [
                "65f670738581a9b0fc585d2633ecef20e07f5be20c100ca9c1bf60227b1b7ddc"
            ],
            "type": "Script",
            "firstPartyCookies": {},
            "firstPartyCookiesSent": {},
            "exampleSites": [
                "newson6.com",
                "www.newson6.com"
            ]
        },
        {
            "rule": "ops\\.co\\/10000002\\/index\\.js",
            "cookies": 0,
            "fingerprinting": 1,
            "subdomains": [
                "tag"
            ],
            "apis": {
                "Notification.permission": 2,
                "Navigator.prototype.plugins": 2
            },
            "sites": 2,
            "prevalence": 0.0000141,
            "cnames": [],
            "responseHashes": [
                "abbd5df5be7a139e808e157c024ff8e1126151575e371845510760a34b551a5e"
            ],