{
    "domain": "optimove.net",
    "owner": {
        "name": "Mobius Solutions",
        "displayName": "Mobius Solutions"
    },
    "source": [
        "DuckDuckGo-US"
    ],
    "prevalence": 0.000248,
    "sites": 35,
    "subdomains": [
        "sdk",
        "sdkuaservice",
        "stream-960",
        "stream-1018",
        "stream-705",
        "stream-1192",
        "stream-881",
        "stream-567",
        "stream-1234",
        "stream-1364",
        "stream-767",
        "stream-1579",
        "stream-925",
        "stream-768",
        "stream-1077",
        "stream-790",
        "stream-899",
        "stream-1002",
        "stream-354",
        "stream-834",
        "stream-1202",
        "stream-938",
        "realtime-960",
        "realtime-1018",
        "realtime-705",
        "realtime-1192",
        "realtime-567",
        "realtime-1234",
        "realtime-1364",
        "realtime-767",
        "realtime-1579",
        "realtime-925",
        "realtime-1077",
        "realtime-790",
        "realtime-899",
        "realtime-1002",
        "realtime-354",
        "realtime-834",
        "realtime-1202",
        "sdk-cdn",
        "cdn.opti-x"
    ],
    "cnames": [],
    "fingerprinting": 1,
    "resources": [
        {
            "rule": "optimove\\.net\\/websdk\\/",
            "cookies": 0,
            "fingerprinting": 1,
            "subdomains": [
                "sdk"
            ],
            "apis": {
                "window.localStorage": 10,
                "Navigator.prototype.userAgent": 10,
                "Date.prototype.getTime": 11,
                "Document.cookie getter": 10,
                "window.sessionStorage": 12,
                "Navigator.prototype.language": 10
            },
            "sites": 17,
            "prevalence": 0.00012,
            "cnames": [],
            "responseHashes": [
                "9b5ef908da1ce6053de57c021e7e6f745293259bfdbb0cbc828352236992c161",
                "9a6404352ac209fff5909c9f3c19efb7ed7a6fa53c3680eeada4af0a33738a79",
                "067386b836cdb03b74fbf7c1253ee6ba246adfcdfdf8220aa304811fba42e43c",
                "90aa45a38623c3a219af9c99cb083922c52ff5a3770332dd618f8e081f6fa9d7",
                "e9b4c34063a6805d351f349947117f791dbe6390b9fe342c41bd1798427ff27f",
                "22d0f9724a81d5156681cae0c352ba19def62ceb4e92779036882e1348ea0bce",
                "2e7c21a11fe6295c2d9941f6d47373b64c4cee42779c8ad180bf081267730171",
                "37fda5e43ee45fdf7eeabc9a8e455dcb4034bfc961bd69df241d5436ec2c671d",
                "ec1608a83d9a41cd1281627e58921576ecc532a08df867dd9768bcb1f4e07694",
                "8ac40ad983d3d718cc7a1447b3f8aa4924cd0ea53be3ebd605b5c6373fdc62df",
                "7831d4819b93a21114566775200bc0d313f9bbfd9d0ef82cb06df1c0432530af",
                "8618f26355b2d84ba6233d6c4bbef2efa7743cae4c3ec27be0d0c43a76713390"
            ],
            "type": "Script",
            "firstPartyCookies": {},
            "firstPartyCookiesSent": {},
            "exampleSites": [
                "betplay.com.co",
                "betnacional.bet.br",
                "casino.betmgm.com",
                "farmandfleet.com",
                "sodastream.com",
                "underdogfantasy.com",
                "www.balsamhill.com",
                "www.betking.com",
                "www.cookfood.net",
                "www.dkny.com",
                "www.farmandfleet.com",
                "www.galls.com",
                "www.ghbass.com",
                "www.grove.co",
                "www.kylottery.com",
                "www.lottomatica.it",
                "www.uspatriottactical.com"
            ]
        },
        {
            "rule": "optimove\\.net\\/",
            "cookies": 0,
            "fingerprinting": 0,
            "subdomains": [
                "sdkuaservice"
            ],
            "apis": {},
            "sites": 21,
            "prevalence": 0.000149,
            "cnames": [],
            "responseHashes": [
                "a2c304b0b36a271f9303170dba2da2b829e10115274747dcc69b2a446fc74ed7"
            ],
            "type": "XHR",
            "firstPartyCookies": {},
            "firstPartyCookiesSent": {},
            "exampleSites": [
                "www.galls.com",
                "sodastream.com",
                "casino.betmgm.com",
                "stores.staples.com",
                "www.betcity.nl",
                "www.planetwin365.it",
                "farmandfleet.com",
                "underdogfantasy.com",
                "www.farmandfleet.com",
                "www.ghbass.com",
                "www.cookfood.net",
                "www.lottomatica.it",
                "betnacional.bet.br",
                "www.betus.com.pa",
                "www.betking.com",
                "www.nyrabets.com",
                "www.grove.co",
                "www.dkny.com",
                "betplay.com.co",
                "www.uspatriottactical.com"
            ]
        },
        {
            "rule": "optimove\\.net\\/",
            "cookies": 0,
            "fingerprinting": 0,
            "subdomains": [
                "stream-960",
                "stream-1018",
                "stream-705",
                "stream-1192",
                "stream-881",
                "stream-567",
                "stream-1234",
                "stream-1364",
                "stream-767",
                "stream-1579",
                "stream-925",
                "stream-768",
                "stream-1077",
                "stream-790",
                "stream-899",
                "stream-1002",
                "stream-354",
                "stream-834",
                "stream-1202"
            ],
            "apis": {},
            "sites": 20,
            "prevalence": 0.000141,
            "cnames": [],
            "responseHashes": [],
            "type": "Preflight",
            "firstPartyCookies": {},
            "firstPartyCookiesSent": {},
            "exampleSites": [
                "betplay.com.co",
                "betnacional.bet.br",
                "casino.betmgm.com",
                "farmandfleet.com",
                "sodastream.com",
                "stores.staples.com",
                "underdogfantasy.com",
                "www.betcity.nl",
                "www.betking.com",
                "www.betus.com.pa",
                "www.cookfood.net",
                "www.dkny.com",
                "www.farmandfleet.com",
                "www.galls.com",
                "www.ghbass.com",
                "www.kylottery.com",
                "www.lottomatica.it",
                "www.nyrabets.com",
                "www.planetwin365.it",
                "www.uspatriottactical.com"
            ]
        },
        {
            "rule": "optimove\\.net\\/",
            "cookies": 0,
            "fingerprinting": 0,
            "subdomains": [
                "stream-960",
                "stream-1018",
                "stream-705",
                "stream-1192",
                "stream-881",
                "stream-567",
                "stream-1234",
                "stream-1364",
                "stream-767",
                "stream-1579",
                "stream-925",
                "stream-768",
                "stream-1077",
                "stream-790",
                "stream-938",
                "stream-899",
                "stream-1002",
                "stream-354",
                "stream-834",
                "stream-1202"
            ],
            "apis": {},
            "sites": 21,
            "prevalence": 0.000149,
            "cnames": [],