{
    "domain": "optvz.com",
    "owner": {},
    "source": [
        "DuckDuckGo-US"
    ],
    "prevalence": 0.000212,
    "sites": 30,
    "subdomains": [
        "s"
    ],
    "cnames": [],
    "fingerprinting": 0,
    "resources": [
        {
            "rule": "optvz\\.com\\/cimp\\.php",
            "cookies": 0.000191,
            "fingerprinting": 0,
            "subdomains": [
                "s"
            ],
            "apis": {},
            "sites": 27,
            "prevalence": 0.000191,
            "cnames": [],
            "responseHashes": [
                "5bc37f0ee0d16e9738e3907235cfd3b0a51ae08af2355937376a0a5213c2232c",
                "6b7b33f62c8b11627da5aa8eaf0085aecdb80e7a9fbc243b372fbdd12ced45d7",
                "106d9bc77f3b45b50869a1160951b4f908ed6c23d8a1a3f7ad9505759bd9e498",
                "8d578d65302a711a342dc928346ca423e7cb141e234ef2cc0f3e9078c92d3b8e",
                "25b25b4f4c78d4e86bdd61dcf8885d9f816d20a7a5d09ba3eda7cb2f88b9d58c",
                "f596e80cc2b687010386c52de95e0560be581a1bc595d663411623e0d71c4f34",
                "c4668cebecec8c0e002f84afcebb2b7d00a9223739aa539fcdbefa10585a8301",
                "be0b8b90b7e750f911f5c7ac72851e4cff9b591a92671681422032a6934b63b4",
                "e29b0aa74f5564f467634ee80236e827499a6e7f5d31db66147f12ddc60f7c37",
                "2b263a111073d298baca3ecc49418d939bac9f1c9338c04c3b93b4a246cefb1f",
                "5709ae4d05c0432fe48a0c36b1e4fbca381d7daf4ffe26285e3f9cbeef0b8bd5",
                "3b8961e09d3de0910d54981324b2965920054a33f6b420fc3a4a716ff5ca8629",
                "359fbd4f7233788114bd05d858734796bea81d3d81a7525d16dd5826c8fb4a74",
                "171c751ad265607bc9198e19082c699ad5a9c3d28dcb24c856e3dc921e3e2887",
                "6d9d072488d2bce9c54eff184b1103e40c9cb3dffe2ab64b6a9fb758f3401351",
                "466d309850ee4e57c674eb061620f0a20fe868262cf02d89ee6197b25e985d2f",
                "3ce09d6cb9cf3cedc2c671c9b0473e2380df63a7aa89ad32acf53220e2f9d89c",
                "128a72fdb97a31dd5313299189b688cbbc85d223b30c8ab42f7f9e3cbd70a320"
            ],
            "type": "Image",
            "firstPartyCookies": {},
            "firstPartyCookiesSent": {},
            "exampleSites": [
                "voyeurhit.com",
                "www.luscious.net",
                "titis.org",
                "young-xxx.net",
                "naked.titis.org",
                "www.porn-comic.com",
                "gaysdream.com",
                "gaytxxx.com",
                "xxx-sex.one",
                "mylust.com",
                "hentai2read.com",
                "teencunt.net",
                "vjav.com",
                "shemalez.com",
                "hclips.com",
                "es.anysex.com",
                "www.javbangers.com",
                "www.whoreshub.com",
                "thegay.com",
                "freshsexvideos.com"
            ]
        }
    ],
    "categories": [],
    "performance": {},
    "cookies": 0.000212,
    "topInitiators": [
        {
            "domain": "first party",
            "prevalence": 0.375
        },
        {
            "domain": "9a4f937e0f.com",
            "prevalence": 0.25
        },
        {
            "domain": "wpushsdk.com",
            "prevalence": 0.15625
        },
        {
            "domain": "mbidinp.com",
            "prevalence": 0.09375
        },
        {
            "domain": "onclckinpg.com",
            "prevalence": 0.0625
        },
        {
            "domain": "nv7s.com",
            "prevalence": 0.03125
        },
        {
            "domain": "rtbrenab.net",
            "prevalence": 0.03125
        }
    ],
    "types": {
        "Image": 27
    },
    "nameservers": [
        "ns1.dnsowl.com",
        "ns3.dnsowl.com",
        "ns2.dnsowl.com"
    ]
}