{
    "domain": "orichicommerce.com",
    "owner": {},
    "source": [
        "DuckDuckGo-US"
    ],
    "prevalence": 0.000106,
    "sites": 15,
    "subdomains": [
        "discount2",
        "pixel-track"
    ],
    "cnames": [],
    "fingerprinting": 0,
    "resources": [
        {
            "rule": "orichicommerce\\.com\\/Customer\\/GetSettingInfo",
            "cookies": 0,
            "fingerprinting": 0,
            "subdomains": [
                "discount2"
            ],
            "apis": {},
            "sites": 9,
            "prevalence": 0.0000637,
            "cnames": [],
            "responseHashes": [
                "40e83424bd2483bdb72c715d47a394bfefcb014029efd524bd49eb01469f9a31",
                "29cf8399abf647b11bcd69c025861b3b0855918cba3cd2fdfcc65900164ca605",
                "545156f902c95ff8024eecdecdfbcf89365d9bc86295a3d9a53a768f687520f9",
                "1957b4073d9f9f20f6b9ad57fd607f0da7df02e4b3d9536e7264ffa8cf4e1cbe",
                "e0d7731346d3d4bdaa7436a5fa5e441dc80f30734c734f8c1fdb1f591808e468",
                "082e5b1c2402f0660dfeed3329c4b9f41ebc87062870a802967d75ababa97eff",
                "fe8c8250e226a877d2e22dc3bea5fed29f3fe6181afa33e65ed62090b9a7193a",
                "3b189fc90ec71d2a6646953e03f8f4d065e0d3f1a3e466b812be007a27de2937"
            ],
            "type": "XHR",
            "firstPartyCookies": {},
            "firstPartyCookiesSent": {},
            "exampleSites": [
                "agilitegear.com",
                "libertypuzzles.com",
                "monsterbolts.com",
                "mosequipment.com",
                "shop.larsondoors.com",
                "store.rokland.com",
                "theberkey.com",
                "www.couturecandy.com",
                "www.marymaxim.com"
            ]
        },
        {
            "rule": "orichicommerce\\.com\\/Customer\\/GetShopData",
            "cookies": 0,
            "fingerprinting": 0,
            "subdomains": [
                "pixel-track"
            ],
            "apis": {},
            "sites": 2,
            "prevalence": 0.0000141,
            "cnames": [],
            "responseHashes": [
                "22e448d0f163aa18f7c86dc48e85069aae719ffe9764337010d82d691a77d8f6"
            ],
            "type": "XHR",
            "firstPartyCookies": {},
            "firstPartyCookiesSent": {},
            "exampleSites": [
                "sunlu.com",
                "www.sunlu.com"
            ]
        },
        {
            "rule": "orichicommerce\\.com\\/Customer\\/PostPixels",
            "cookies": 0,
            "fingerprinting": 0,
            "subdomains": [
                "pixel-track"
            ],
            "apis": {},
            "sites": 2,
            "prevalence": 0.0000141,
            "cnames": [],
            "responseHashes": [
                "12ae32cb1ec02d01eda3581b127c1fee3b0dc53572ed6baf239721a03d82e126"
            ],
            "type": "XHR",
            "firstPartyCookies": {},
            "firstPartyCookiesSent": {},
            "exampleSites": [
                "sunlu.com",
                "www.sunlu.com"
            ]
        }
    ],
    "categories": [],
    "performance": {},
    "cookies": 0,
    "topInitiators": [
        {
            "domain": "first party",
            "prevalence": 0.9411764705882353
        },
        {
            "domain": "ajax.googleapis.com",
            "prevalence": 0.058823529411764705
        }
    ],
    "types": {
        "XHR": 13
    },
    "nameservers": [
        "elliott.ns.cloudflare.com",
        "janet.ns.cloudflare.com"
    ]
}