{
    "domain": "orionplatform.com",
    "owner": {},
    "source": [
        "DuckDuckGo-US"
    ],
    "prevalence": 0.000113,
    "sites": 16,
    "subdomains": [
        "container"
    ],
    "cnames": [],
    "fingerprinting": 1,
    "resources": [
        {
            "rule": "orionplatform\\.com\\/script\\/gtm\\.js",
            "cookies": 0.0000637,
            "fingerprinting": 1,
            "subdomains": [
                "container"
            ],
            "apis": {
                "Date.prototype.getTime": 2
            },
            "sites": 9,
            "prevalence": 0.0000637,
            "cnames": [],
            "responseHashes": [
                "57d93ce8e458012fe960e52897725d514fefb4f9987a9ae57622f951b9f836b4",
                "bfb6abe7aa49f45343fcd16e6a4527fdaf04a30765bfdaeeac8134f13e09796d",
                "5f67f5e3ca294929d794befbca55628976d9f897ddfc8769023205238b4edfeb",
                "f18fb36be7cd05da22c1b1a574c01ad0b6e04f6b61347f5bf8851d9a8308c591",
                "7de64c25300ccf3b45b706cc6a0993428977236b34ba65e55db25c47e5faf841",
                "e55d3b0febaca9b6faf390eec8fe39b4ab6754ae857e50855da5455473e509be",
                "061f2e265c04ed23764febfe0e64b139ff8085010a7beb5991b218466fd24ec8",
                "07b579cc4a92f422b1650d0af82899dbf4b2940492cab72e728698bf08f62c82"
            ],
            "type": "Script",
            "firstPartyCookies": {},
            "firstPartyCookiesSent": {},
            "exampleSites": [
                "colorado.gov",
                "cdphe.colorado.gov",
                "chpws.com",
                "matterport.com",
                "www.atncorp.com",
                "www.dea.gov",
                "www.gunsamerica.com",
                "www.nightfision.com",
                "www.secureitgunstorage.com"
            ]
        },
        {
            "rule": "orionplatform\\.com\\/track\\/pixel",
            "cookies": 0,
            "fingerprinting": 0,
            "subdomains": [
                "container"
            ],
            "apis": {},
            "sites": 9,
            "prevalence": 0.0000637,
            "cnames": [],
            "responseHashes": [
                "1ed70d02696722505ec82915a7dd9fbf2c512366d009b74bdbe37c9869c250a4"
            ],
            "type": "Image",
            "firstPartyCookies": {},
            "firstPartyCookiesSent": {},
            "exampleSites": [
                "colorado.gov",
                "cdphe.colorado.gov",
                "chpws.com",
                "stetson.com",
                "www.atncorp.com",
                "www.dea.gov",
                "www.gunsamerica.com",
                "www.nightfision.com",
                "www.secureitgunstorage.com"
            ]
        },
        {
            "rule": "orionplatform\\.com\\/script\\/shopify",
            "cookies": 0.0000141,
            "fingerprinting": 0,
            "subdomains": [
                "container"
            ],
            "apis": {},
            "sites": 2,
            "prevalence": 0.0000141,
            "cnames": [],
            "responseHashes": [
                "50b1a2c4615ac32f70b820ef3c5af55c3eac2955413fa2db745e21353281638e"
            ],
            "type": "Script",
            "firstPartyCookies": {},
            "firstPartyCookiesSent": {},
            "exampleSites": [
                "drinkolipop.com",
                "stetson.com"
            ]
        }
    ],
    "categories": [],
    "performance": {},
    "cookies": 0.000113,
    "topInitiators": [
        {
            "domain": "googletagmanager.com",
            "prevalence": 0.5
        },
        {
            "domain": "first party",
            "prevalence": 0.5
        }
    ],
    "types": {
        "Script": 11,
        "Image": 9
    },
    "nameservers": [
        "celine.ns.cloudflare.com",
        "lou.ns.cloudflare.com"
    ]
}