{
    "domain": "ortto.app",
    "owner": {},
    "source": [
        "DuckDuckGo-US"
    ],
    "prevalence": 0.000099,
    "sites": 14,
    "subdomains": [
        "capture-api-us",
        "capture-api-au",
        "ic",
        "accounts-api-us"
    ],
    "cnames": [],
    "fingerprinting": 0,
    "resources": [
        {
            "rule": "ortto\\.app\\/-\\/events\\/page-event",
            "cookies": 0,
            "fingerprinting": 0,
            "subdomains": [
                "capture-api-us",
                "capture-api-au"
            ],
            "apis": {},
            "sites": 6,
            "prevalence": 0.0000424,
            "cnames": [],
            "responseHashes": [
                "73b0ac9a432c72e5b7a3469adbc97f6262a19a17714c52ef34f5a7d5b0ecdd58",
                "8e1f7cd8ba2b5d752d7a80f923a855752bc23bca077917981d98c47108d3c2e4",
                "44136fa355b3678a1146ad16f7e8649e94fb4fc21fe77e8310c060f61caaff8a",
                "13b0d7f0bc979f1d2bdb94e40d19e9965cf1c49fe439ab4042428746d266fb33",
                "35b5d53498c3a2fd29f9b06c179083cc93e110c25ae21a51110f28da78345e25"
            ],
            "type": "XHR",
            "firstPartyCookies": {},
            "firstPartyCookiesSent": {},
            "exampleSites": [
                "whitney.org",
                "www.brellohealth.com",
                "www.budgetdumpster.com",
                "www.christendom.edu",
                "www.forbes.com.au",
                "www.hpacademy.com"
            ]
        },
        {
            "rule": "ortto\\.app\\/-\\/widgets\\/get",
            "cookies": 0,
            "fingerprinting": 0,
            "subdomains": [
                "capture-api-us",
                "capture-api-au"
            ],
            "apis": {},
            "sites": 6,
            "prevalence": 0.0000424,
            "cnames": [],
            "responseHashes": [
                "4cdab512a21656fb7edabd49b41c12c67b54aafcef45fd1a91e91526fd345ee3",
                "597c179c444f6ba1a500cb0a1b46ef35b96bdf0497bee9584e121a86d40c18c8",
                "44136fa355b3678a1146ad16f7e8649e94fb4fc21fe77e8310c060f61caaff8a",
                "9cacf0c747297d3036976ca40a52a131dc9ebaa77765bd6a1448f82beed98f30",
                "1a8b1e85051196521e092ef75f76d1f79a3e1e612edb35ee0b700d04ff904d33"
            ],
            "type": "XHR",
            "firstPartyCookies": {},
            "firstPartyCookiesSent": {},
            "exampleSites": [
                "whitney.org",
                "www.brellohealth.com",
                "www.budgetdumpster.com",
                "www.christendom.edu",
                "www.forbes.com.au",
                "www.hpacademy.com"
            ]
        },
        {
            "rule": "ortto\\.app\\/-\\/events\\/cw-event",
            "cookies": 0,
            "fingerprinting": 0,
            "subdomains": [
                "capture-api-au",
                "capture-api-us"
            ],
            "apis": {},
            "sites": 2,
            "prevalence": 0.0000141,
            "cnames": [],
            "responseHashes": [
                "b5ca7a6e4d59cebc2fbae61d8a8eb530a0c7e4e86bc4c16ca694c9a842cdcad3"
            ],
            "type": "XHR",
            "firstPartyCookies": {},
            "firstPartyCookiesSent": {},
            "exampleSites": [
                "forbes.com.au",
                "www.hpacademy.com"
            ]
        },
        {
            "rule": "ortto\\.app\\/fm\\/highperformanceacade\\/1600x1600\\/wi\\/gLVJBLMDHtvhvtR8\\.png",
            "cookies": 0,
            "fingerprinting": 0,
            "subdomains": [
                "ic"
            ],
            "apis": {},
            "sites": 2,
            "prevalence": 0.0000141,
            "cnames": [],
            "responseHashes": [
                "70c151bbf1e3574638728de7fb3eff87c96e99ac1f8dcf74744f5dd1355f18ef"
            ],
            "type": "Image",
            "firstPartyCookies": {},
            "firstPartyCookiesSent": {},
            "exampleSites": [
                "hpacademy.com",
                "www.hpacademy.com"
            ]
        },
        {
            "rule": "ortto\\.app\\/-\\/settings\\/custom-fonts\\.css",
            "cookies": 0,
            "fingerprinting": 0,
            "subdomains": [
                "accounts-api-us"
            ],
            "apis": {},
            "sites": 2,
            "prevalence": 0.0000141,
            "cnames": [],
            "responseHashes": [
                "cd2d2d0537648947387275a95c8c3588dcacc3ee18d9f3731d20b45507585108"
            ],
            "type": "Stylesheet",
            "firstPartyCookies": {},
            "firstPartyCookiesSent": {},
            "exampleSites": [
                "wri.org",
                "www.wri.org"
            ]
        }
    ],
    "categories": [],
    "performance": {},
    "cookies": 0,
    "topInitiators": [
        {
            "domain": "cdn3l.ink",
            "prevalence": 0.5357142857142857
        },
        {
            "domain": "cdn2l.ink",
            "prevalence": 0.17857142857142858
        },
        {
            "domain": "first party",
            "prevalence": 0.10714285714285714
        },
        {
            "domain": "cdnau.net",
            "prevalence": 0.10714285714285714
        },
        {
            "domain": "osano.com",
            "prevalence": 0.07142857142857142
        }
    ],
    "types": {
        "XHR": 14,
        "Image": 2,
        "Stylesheet": 2
    },
    "nameservers": [
        "ns-1319.awsdns-36.org",
        "ns-306.awsdns-38.com",
        "ns-1563.awsdns-03.co.uk",
        "ns-1001.awsdns-61.net"
    ]
}