{
    "domain": "paa-reporting-advertising.amazon",
    "owner": {},
    "source": [
        "DuckDuckGo-US"
    ],
    "prevalence": 0.00629,
    "sites": 889,
    "subdomains": [
        "ara"
    ],
    "cnames": [],
    "fingerprinting": 0,
    "resources": [
        {
            "rule": "paa-reporting-advertising\\.amazon\\/aat",
            "cookies": 0.00144,
            "fingerprinting": 0,
            "subdomains": [
                "ara"
            ],
            "apis": {},
            "sites": 669,
            "prevalence": 0.00473,
            "cnames": [],
            "responseHashes": [
                "6e38fcab89fc88f4da3d6cc5d365ab81674699923e08784d4e3079474620aa6a",
                "44136fa355b3678a1146ad16f7e8649e94fb4fc21fe77e8310c060f61caaff8a",
                "16d9cf6c41272e7a046f6a50e1968a2d0c0194eb8505952a39fa8cc3d3b998c9",
                "67534362ccd8d6bc1a65cff4d960b54516dc7f4dc84b6b191f3d85c79f02fb42",
                "22ea7b771b67e45e6adc4ff1d4f54937c975c0225dd339c680a0c114de4e57e5",
                "a02c6881c2a232098ae84e423148de98b24eebd3b0a1dfe03d6901175e871744",
                "82376ae155f2e83d9772b9599a8cd3484614bd1ec541fff25f97b3f968c32b80",
                "57241de7ac6cbb03ecf596680c77a529906b1217d1a2781b1aeea1997e1db074",
                "4d849346ebdfdbe8368bce9749fc73d506ce4cd7d38a3cb6be08c1681e152dbb",
                "4c6a62db8ccf5c1c6cd8c4698ea131634b817d59ed72c4d80b37787eeb011000",
                "ff9f0f88ddc242f18d7d75bd9bef3042c30bf152efc9bd697e0098c37c3fcc0e",
                "7f8a9bf9367b6aa418e8328482b11d3f550b5737c51233c223d507beae5d741c",
                "c918c812e35f2ee998e057c0b471bad2e9fe97d56b3bd34f021ef9796e32c685",
                "f2265c1ae60b13b2210a7cab8d9b2c9bd0755523631be373edb48346ac43741a",
                "a8ba9c1e6ff7402edb9b0f4b6e9e2f7385ee4a7dfc73f6962a00baa759ca061d",
                "39b16b70dc1d3787be1d45626565df1f9ad6d223ae5b874d6f8c92d20279d62c",
                "9487058a3df9544244f4594214dac1c89fe94408cea6f0bcea496f093dcad29b",
                "e83bbc6b224003e111931b55427c931b33a650a4af5d8e77359653ef09a70413",
                "0dd1663c682c37e4888ff30e4eb6f6431bde92304286e6b475c59563904a5a82",
                "4eb44cbdeb7594dcfc42b2a4d930b56718e3de8c63c1e9d8e5b8003fcef116af",
                "d001eb02f583a3f4a058ed18fd238d110cd414e24779085b649fa80a4d41d9ef",
                "f49855c7eb574132a44d1165f7407043f66c0c49b5e3a82c0810c20853978164",
                "6bf5b7aa5cc4a525d0880d183b8b06468552cb0d22e81da74b9a497389299b80",
                "de323fb6419c19f3622c2f5bd0a7574ad9cdfd748bd7e1f3153feacf9986a0fb",
                "48d8c967088cef1a08c5e3fe999ac3be16dde1d2c9f43473981a7c31a85b51f9",
                "977ff7dbd1a3a7357f139ef12db2abbfa981b5f1f9d1d10a3c8a4c4eea7e92cd",
                "4292434b982beddb86479c1759f79e2c77af24b27cc341de640b2fa8532b848a",
                "f719b85d64ad2e48917d319a3ae3d8df87b78aa49679941db769aec06631db57",
                "cce24d6643eecfd7fba04c8a7bf2ff91f7b7b6f628203662a3add03d5decd086",
                "14b1587cb12312d0d5e42f5f862bdfe97e9699e095b3879fa1a9f702c7a3682a",
                "1d64fa5738f52f67855e34f3b14605481b97eb3d5b399d6fbda48b3363c1da48",
                "f738f22356bf3f90c0e558022a6ca9fa6afed2649a1203894835bd06525bbbc7",
                "bee797791fa051e2b7ee418ac6d860c8688e4dfece710fe6fc325ee87518daba",
                "8132411c026f7bae7a0162eba3fca0d48efaa707f4bca27d6d25314db43ed24e",
                "b5813dfba417f258622d10ed54037b28eef9a2155b1221308536d1d0c2204f12",
                "2611d2ef9fb93d6a18953bd92c0a2ce8be651a37d28229da430646ef813d9ac5",
                "bca13d57d97cb8c932b1096da4d8507d956258e58089b906a7a5e6d1cdcf1832",
                "ad42b517147e79c255725eff40a1331e665de57b323e47956843c14d8cf9c017",
                "2d80895968a8356870f6c4728ce02f5b070da38845fc3725369262e389e949cd",
                "d73575bc047ee3efe2868f73ecb62a19432c467eb31132784e04cf8b2b843726",
                "b61eec310d9691d70bffd74e2ab7ed42a8c0fe72447f6af45d25e06bb3230258",
                "adb32b60a6f6ee7391ffb12407400dc442555865b923b222d5aa0e967c2222c2",
                "6fefab182a5b864d908624eeba7e27af2df912bcbf6e03dc1ba7ac1b87fd14e8",
                "241fc07749c3afd272fae41036fe20c6c2a9f807cb0175ba3309054741c10aba",
                "cc390b4351609144c9035e198eba9564b84b1972077b7b7729db298246f8cfff",
                "c81547ce11e76228a257b908ef81d0a90e0866e71f0823c7a76b6f9520997fba",
                "9f614ef6b065fb3cb6c705c8f8d9029af7bef454ad9b0b3511ea41678aa2f24a",
                "cab74951f925e6887aa4532bfecb787d121e6e2654c29f0c51a38980d7e29356",
                "7f66c462a8c84f9caab95729f3f556dd0fcb2e1852127ab143ce1fac70056078",
                "f416a5cb77bb038c96cdb08d6899550c81e227b14b54a30b92f8399e1941fbb6",
                "5d5e689fa9fe1c83ec839e8b23b6df573b2c1521a28eff00dbd1aecc5068cd59",
                "4339a76c0bee7a3fd5f9ecd7859337a0f73cbc6bc74103664de457edc8367c99",
                "8515355b397cd949f1bce50e758495ea40e0540683d591be11490aa2891b1c20",
                "85ac9ac3348e029c37032890e285177b54e784d1b786c3b0568def089d054c73",
                "92e124c0cbec89ae9a3ae8bfaad1bbbbda031c9c1c5a2021fda611f304f13b3c",
                "c3f5f5f850c04acec9949ab8f5f71a2ec64b42eb99b57d16cd3655f04c4ddca7",
                "ce04f0138687a533c63dda65317721ed4e01557e3594d935451806127a4e9e41",
                "da33eff72c1ee8c97bf70ccc33996f80ada01f598031ce32143c0d45ad0c32d1",
                "69d8cdefb390f0497b06b8532d9df6e16ed6c1f525f2a0a1e0ca7586f3449771",
                "1ce39042307a58e85c9f49dabf0eccc785b0bfa113ca2235d5b1cff323dcd0f0",
                "0945b273a798c4b287c8ce6c8c474b6dc598b2d3f952f6697374cd8a2dc14e2a",
                "744f242af9684e534dfeae3a3c49baf91f40200fc2db17766a97126dde728cef",
                "14893815d1d225afe2af0649050236262ab77a90741172851902073e51bf1d57",
                "6a678e67db26d3fbe7b1410a6147a7f3b076d450e752969de7a83cb9c3135168",
                "c5bda90185b51acb2536e96dd7575a1b10fbf833e9102885ba452576604a6511",
                "0207bea9c6b2bf2b832cf423cd7dbe9579800bfbb73627750564b58acf916e60",
                "6e9b6fe4f2ebe4597a2aa6aa756b294af27bd9f5c7ac841d733adf657c281064",
                "8a7446aa3aa923e72877d862b35e885608d8f3eec706d709e46bcb5476b8dc3a",
                "58b4c471b528b1dd472645ae06e24b529d44de3341fb3a9a565e012f0aca4300",
                "6c9d51d38cdc8dc1d41c1706b9a62009cdf4fb6e0b40bf9f5a4697a5bbfdb8b5",
                "35c030aafb40b94f83a3e4f96f2f34001756f4c68fe6b166773d95fdd62626d6",
                "719c0b9be2e19c1070f70d06bfe881a06f979a8ae8c9acc1ac594d68385cca5e",
                "cda2ef157080e8c989f863facce1359ab22e7fed3e2032bef17b2ed71af5c3ac",
                "f020b19726e5f93eccb8d0cce170737160bb1c756446eaf510a109bb67e4de25",
                "5e438e585783f74c7f98603fe625989399d5a5f1ef1496c7e5a4468cd6acb536",
                "0facf4d216fe4c9746fe8850814b8abc02ff21e2dc477a624c7af496cc2c8fcb",
                "a676388341da2c8bc610fac365d78ed1e39f1ad93af10dccb7075e4d47667a93",
                "8d757187dc27e6876726485a2325cb64b6a58ac3bcf6ebe7c4e247b8682d005a",
                "0bbd28876b85cb13ec9f965d5ea89cb0fecd0839c92e5681660e4652e4af0d0d",
                "6de4dd4271beca3e8c939b05e0b0690b7efeaab15b95d8d3956066f00359e156",
                "6f3fcb5822280fdc42c89d4bee3fea7988c10c3568325765a3ca39a918f5edad",
                "10ff0d1f6670199cdc3d29917fe81cd6a0a850b0f607cbd79f47265c49760ce5",
                "18399a3b57b6cb2975afe52475e03e0109bc8cd2781734d07f8b4bcf76693ae8",
                "72697e2e0290feef1eb4fbb40029e2e97d318504deefd0de5d7b558047d1c922",
                "66ffe1ce32ab1e99b48c12fb8d7ea8f47cbf1453fffcae2dd36dfbc2a8a3a9af",
                "982a702da5a13051bf370a1177a00abe9e2de011088a89bd163530f2e2593c11",
                "19f94c9f2fb692f81b401991b8b08f537249a9c05e2ad855b1eb0ac898872324",
