{
    "domain": "paramount.tech",
    "owner": {},
    "source": [
        "DuckDuckGo-US"
    ],
    "prevalence": 0.000191,
    "sites": 27,
    "subdomains": [
        "ims-v4",
        "images",
        "events",
        "d4cf0fa9-0292-4895-a980-5830439e9111.dns-clientinfo.vtg",
        "0c696cae-e950-49a9-8cc1-fcc7f82e18e2.dns-clientinfo.vtg",
        "baa92545-93c7-4132-8a48-75a2f0103b99.dns-clientinfo.vtg",
        "551e782f-1fbe-418d-8ab7-472b2c34cae4.dns-clientinfo.vtg",
        "fd8ef990-08d9-4029-840a-14da8701a2b5.dns-clientinfo.vtg",
        "1b7b9b02-892d-49df-ac03-c18bd6d4d7c4.dns-clientinfo.vtg"
    ],
    "cnames": [],
    "fingerprinting": 0,
    "resources": [
        {
            "rule": "paramount\\.tech\\/lookup\\/bidbarrel",
            "cookies": 0.000092,
            "fingerprinting": 0,
            "subdomains": [
                "ims-v4"
            ],
            "apis": {},
            "sites": 13,
            "prevalence": 0.000092,
            "cnames": [],
            "responseHashes": [
                "7b4fe72a7e504ad3f27bc905da30ef5b4aa63828c9e80b562e95d68d933a52ca",
                "53da48236e5d312040d6b7ff1a0df21d22878d7b48bb29dc0dd33fd1eacdbd45",
                "caf42ff6a270f7fb6a9116a285eeb7c6c1f2727539aaf065c69227493e85fea9",
                "48d121c111cf00884a4183eec49f4264ab6d948b23960f14366b755c288e8376",
                "78e259e533b530b2086e4ba68618214d3317c4263ed1b436529f7d6d2dff5248",
                "927af250ba09d3ef4605645297509261605ed7074fbccd01bc9cb92502f1db19"
            ],
            "type": "Fetch",
            "firstPartyCookies": {},
            "firstPartyCookiesSent": {},
            "exampleSites": [
                "247sports.com",
                "southpark.cc.com",
                "www.bet.com",
                "www.cbsnews.com",
                "www.cbssports.com",
                "www.etonline.com",
                "www.insideedition.com",
                "www.last.fm",
                "www.maxpreps.com",
                "www.nick.com",
                "www.southparkstudios.com",
                "www.thedrewbarrymoreshow.com",
                "www.vh1.com"
            ]
        },
        {
            "rule": "paramount\\.tech\\/uri\\/mgid:arc:imageassetref:shared\\.southpark\\.us\\.en:71e021f3-75d1-11ea-a59c-0a7527021758",
            "cookies": 0,
            "fingerprinting": 0,
            "subdomains": [
                "images"
            ],
            "apis": {},
            "sites": 2,
            "prevalence": 0.0000141,
            "cnames": [],
            "responseHashes": [
                "81fe583f12858e52e2b28cff5a617f78a7a4ce1ce2103cccf8ae61c7b0a59953"
            ],
            "type": "Image",
            "firstPartyCookies": {},
            "firstPartyCookiesSent": {},
            "exampleSites": [
                "cc.com",
                "www.southparkstudios.com"
            ]
        },
        {
            "rule": "paramount\\.tech\\/uri\\/mgid:arc:imageassetref:shared\\.southpark\\.us\\.en:b15966fc-75d0-11ea-a59c-0a7527021758",
            "cookies": 0,
            "fingerprinting": 0,
            "subdomains": [
                "images"
            ],
            "apis": {},
            "sites": 2,
            "prevalence": 0.0000141,
            "cnames": [],
            "responseHashes": [
                "e9fe85cf36ba75810ab1dd146b922f94e4e62112a2b22a2b4c4a74b2f4523036"
            ],
            "type": "Image",
            "firstPartyCookies": {},
            "firstPartyCookiesSent": {},
            "exampleSites": [
                "cc.com",
                "www.southparkstudios.com"
            ]
        },
        {
            "rule": "paramount\\.tech\\/uri\\/mgid:arc:imageassetref:shared\\.southpark\\.us\\.en:5fdc81c8-75d0-11ea-a59c-0a7527021758",
            "cookies": 0,
            "fingerprinting": 0,
            "subdomains": [
                "images"
            ],
            "apis": {},
            "sites": 2,
            "prevalence": 0.0000141,
            "cnames": [],
            "responseHashes": [
                "b4fbdb59210d9a37d6d5a5e887cbeb3957bdc60e63f3071c256797d2af78f2b8"
            ],
            "type": "Image",
            "firstPartyCookies": {},
            "firstPartyCookiesSent": {},
            "exampleSites": [
                "cc.com",
                "www.southparkstudios.com"
            ]
        },
        {
            "rule": "paramount\\.tech\\/uri\\/mgid:arc:imageassetref:shared\\.southpark\\.us\\.en:0d55638b-740b-11ea-a59c-0a7527021758",
            "cookies": 0,
            "fingerprinting": 0,
            "subdomains": [
                "images"
            ],
            "apis": {},
            "sites": 2,
            "prevalence": 0.0000141,
            "cnames": [],
            "responseHashes": [
                "87915ecf940955c4ad457d39d186e72642dda50cc08db9f07015ef726f251745"
            ],
            "type": "Image",
            "firstPartyCookies": {},
            "firstPartyCookiesSent": {},
            "exampleSites": [
                "cc.com",
                "www.southparkstudios.com"
            ]
        },
        {
            "rule": "paramount\\.tech\\/uri\\/mgid:arc:imageassetref:shared\\.southpark\\.us\\.en:6a097d54-7b19-4a1d-a0cd-e14b1041f774",
            "cookies": 0,
            "fingerprinting": 0,
            "subdomains": [
                "images"
            ],
            "apis": {},
            "sites": 2,
            "prevalence": 0.0000141,
            "cnames": [],
            "responseHashes": [
                "412ce08872b3b8e9ea75e3677e1f4d0047cc99219936b7307584b47a91be6618"
            ],
            "type": "Image",
            "firstPartyCookies": {},
            "firstPartyCookiesSent": {},
            "exampleSites": [
                "cc.com",
                "www.southparkstudios.com"
            ]
        },
        {
            "rule": "paramount\\.tech\\/uri\\/mgid:arc:imageassetref:shared\\.southpark\\.us\\.en:c79d6eaa-dce4-4721-b378-8629a7aa1185",
            "cookies": 0,
            "fingerprinting": 0,
            "subdomains": [
                "images"
            ],
            "apis": {},
            "sites": 2,
            "prevalence": 0.0000141,
            "cnames": [],
            "responseHashes": [
                "3b2b06f9af77032bb365f8b9dfb968a1d4959650940c5f8e87ca88ad1c00cb18"
            ],
            "type": "Image",
            "firstPartyCookies": {},
            "firstPartyCookiesSent": {},
            "exampleSites": [
                "cc.com",
                "www.southparkstudios.com"
            ]
        },
        {
            "rule": "paramount\\.tech\\/api\\/v1\\.2\\/events\\/bulk",
            "cookies": 0.0000354,
            "fingerprinting": 0,
            "subdomains": [
                "events"
            ],
            "apis": {},
            "sites": 5,
            "prevalence": 0.0000354,
            "cnames": [],
            "responseHashes": [
                "e3b0c44298fc1c149afbf4c8996fb92427ae41e4649b934ca495991b7852b855"
            ],
            "type": "Fetch",
            "firstPartyCookies": {},
            "firstPartyCookiesSent": {},
            "exampleSites": [
                "cc.com",
                "southpark.cc.com",
                "www.bet.com",
                "www.southparkstudios.com",
                "www.vh1.com"
            ]
        },
        {
            "rule": "paramount\\.tech\\/api\\/v1\\.2\\/events\\/bulk",
            "cookies": 0.0000283,
            "fingerprinting": 0,
            "subdomains": [
                "events"
            ],
            "apis": {},
            "sites": 4,
            "prevalence": 0.0000283,
            "cnames": [],
            "responseHashes": [],
            "type": "Preflight",
            "firstPartyCookies": {},
            "firstPartyCookiesSent": {},