{
    "domain": "parklogic.com",
    "owner": {},
    "source": [
        "DuckDuckGo-US"
    ],
    "prevalence": 0.000375,
    "sites": 53,
    "subdomains": [
        "parking3",
        "router"
    ],
    "cnames": [],
    "fingerprinting": 2,
    "resources": [
        {
            "rule": "parklogic\\.com\\/page\\/enhance\\.js",
            "cookies": 0,
            "fingerprinting": 2,
            "subdomains": [
                "parking3"
            ],
            "apis": {
                "Intl.DateTimeFormat.prototype.resolvedOptions": 32,
                "Navigator.prototype.webdriver": 23,
                "window.sessionStorage": 34
            },
            "sites": 42,
            "prevalence": 0.000297,
            "cnames": [],
            "responseHashes": [
                "69188811232cef600724e18c8181c02a44ea47135aa90a5e56de702944fe6fd9",
                "2082722f34f4f8c637a8304f24be02c680bdac52a59c529c0d64981a657d9109",
                "265c921ef7c38fe8a74c862732e77311a5f38ffffe11d9ce436155f3617e4721",
                "6e61b100f4ba80ebe5b95e5e665d9abaa27dd2c3182f1033b45366da51b50319",
                "243ba5e8cc300a4d82c35ceea42310e9d22355543fb55536d1a25600e214fae5",
                "4046c5825a0ddde2eec9f897386e89406fc8239ab914aa489cc9be2e9ec42134",
                "6fc92cad35a2b3bbaa844002dd075b844d9c3276217dca3ca8ea35d3b26240fc",
                "cd59d3baa1ecc85c07df32f9f27d8fc71b9f84066eb383b5c45b19f417efa21f",
                "ffe880df3396c4a5231f117a4ffde0985c16f3d30e98b2d8a6c08452ef6eec15",
                "6e681abb14fc85215974cad1a7e4f4f68b3e0bec4b12a12ce5213b110d46fc34",
                "8855e56eb0adc52bb715997ab04960b57e887d33e1f74297dcf6d4079471818c",
                "af0b17aa110930d66e38135be082a885c376dcd07718d68dba1ef61d492489a7",
                "5b2397641538a145bcf417c8e3fe8bf8d2be3db8b28983d71cef3807a51e1830",
                "dc81b783c6603b4b1592226c026bb3b1ca3b2ba0473c4d301360da51d569e121",
                "04a24c3f504ad3653130022e6914ec84b80633dfd4e1620e80adc35a61d1fbed",
                "c6d5850017dcc353496b4361c8be15739a3b57e622676b6554f3bd68a29199ef",
                "2f89965b82085b2566cbc03566aa44b957044e2551f22ad8e24cee77534d19e7",
                "d3ead475cf4031190fa68e2bb39cbe6ad119d92708af429281bb32af4b2a19d1",
                "3c405781149eb9da5ae282bb7292211617b50bb82a166b87a03c2ec8b192dd70",
                "db9e59df0bc98572c952d586eed39f3bff3b0346d5288e58685934e6d12f9b3b",
                "78b19f130996d7a6753a4c363a9769873479bee3166161420c4505d87ff86050",
                "23efdd4c6e13c005c2cbd696d1723117e1acd3ad6cd3cc933f6f60756a16fe5b",
                "fded8858ce7ee141f1d32332c0bccd0a68f563d544b4377e3457e01377e75726",
                "214e10d8d1da456fcfcd11b21b64f1ede6529ade2d4a70eb0c72628c38737195",
                "1cb745e3d6e6855917515840b141ff31559f64f5e46357612fa5e95d21840dbc",
                "b88c24605d0cf651b609f0eabbf19dc204660c1b0fba2184ed585b68d2e06a5e",
                "60a0bcec3a524cfa2e7242d91d99b8dd4505a633075586da76357020b28dbdf8",
                "5de3e994ab64e26c5a34364becbd1ec5737340ef8ec809b619a48ada7b5f81c7",
                "df6cc0a69ef6bb4993f2db8ed3829aef3e337c0e146638680113d93a29ae2bc4",
                "f76d57425d9bb7e9f102a5e4f246788d105aab07d504b2730c0cc7b6127460bd",
                "2e34e9d5c96a1a195b789a56b60e9ef5841b3a5611218e7d3adb148c26cc38c5",
                "362abfb327bb30baeb6c57d40c4088050b791ed5351024f60c5dcf85ee6e576d",
                "da9a411b1822aa6d83ebc06866d66b80ead5d1fcfcffe900b8669c5fec9f7aac",
                "3704656d6f485504781c14457d75877f3ae9bf0c9bb4c54bda206f599483eb35",
                "cea9518bc1ed1e55ba3ab687a8d33c4cc4d9fc3b1e4310db2a20844ffe52cca6",
                "1d8764cd48eb7fd354aba69e16a40d0706c3f3ca17844d671e04d705f37398b5",
                "83c14405ceb5d7897da332a43647d93fbf786266f64ad6958d7d0f29e123a49d",
                "bbd68a069f1c9526b26e91229974a758ca3bb4adedbd4fe1bd0f5e29284fa396"
            ],
            "type": "Script",
            "firstPartyCookies": {},
            "firstPartyCookiesSent": {},
            "exampleSites": [
                "fansmetrica.com",
                "www.iconoclastbooks.com",
                "www.yandex.xjepang.org",
                "pornhat.mobi",
                "viral.ceo",
                "phevkl.im",
                "kodejav.com",
                "arsipbokep.top",
                "iogames.gg",
                "enak.mom",
                "rumahperjaka.net",
                "1v1.chat",
                "www.panaprium.com",
                "ourbottomsburn.com",
                "mukacrot.lol",
                "mmdfans.net",
                "indoviral.store",
                "fanstatistics.com",
                "viralabg.net",
                "www.videocrot1.com"
            ]
        },
        {
            "rule": "parklogic\\.com\\/page\\/scribe\\.php",
            "cookies": 0,
            "fingerprinting": 0,
            "subdomains": [
                "parking3"
            ],
            "apis": {},
            "sites": 42,
            "prevalence": 0.000297,
            "cnames": [],
            "responseHashes": [],
            "type": "Fetch",
            "firstPartyCookies": {},
            "firstPartyCookiesSent": {},
            "exampleSites": [
                "viral.tel",
                "www.indoviral.store",
                "ourbottomsburn.com",
                "pornhat.mobi",
                "rumahperjaka.net",
                "tempatbokep.com",
                "phevkl.im",
                "yandex.xjepang.org",
                "iogames.gg",
                "1v1.chat",
                "ebubab.name",
                "bokepsin.asia",
                "memeksiana.vip",
                "insightfans.com",
                "www.videocrot1.com",
                "fansmetrica.com",
                "sangetube.club",
                "rumahperjaka.live",
                "viral.ceo",
                "www.yandex.xjepang.org"
            ]
        },
        {
            "rule": "parklogic\\.com\\/page\\/images\\/pe262\\/hero_nc\\.svg",
            "cookies": 0,
            "fingerprinting": 0,
            "subdomains": [
                "parking3"
            ],
            "apis": {},
            "sites": 24,
            "prevalence": 0.00017,
            "cnames": [],
            "responseHashes": [
                "878da09a057ec8f1775cdc522e5f7ec44966df547a87a9c29826ba114833c24b"
            ],
            "type": "Image",
            "firstPartyCookies": {},
            "firstPartyCookiesSent": {},
            "exampleSites": [
                "ourbottomsburn.com",
                "garagesideas.com",
                "yandex.xjepang.org",
                "avoidthehack.com",
                "mukacrot.lol",
                "fanstatistics.com",
                "camembeds.com",
                "1v1.chat",
                "pornhat.mobi",
                "bokepini.asia",
                "arsipbokep.top",
                "bokepindo21.guru",
                "ebubab.name",
                "fansmetrica.com",
                "iogames.gg",
                "bokepsin.asia",
                "bokepviralindo.wiki",
                "www.yandex.xjepang.org",
                "insightfans.com",
                "phevkl.im"
            ]
        },
        {
            "rule": "parklogic\\.com\\/",
            "cookies": 0,
            "fingerprinting": 0,
            "subdomains": [
                "router"
            ],
            "apis": {},
            "sites": 2,
            "prevalence": 0.0000141,
            "cnames": [],
            "responseHashes": [],
            "type": "XHR",
            "firstPartyCookies": {},
            "firstPartyCookiesSent": {},
            "exampleSites": [
                "aagmaaal.run",
                "linkbacol.pro"
            ]
        }
    ],
    "categories": [],
    "performance": {},
    "cookies": 0,