{
    "domain": "pbgrd.com",
    "owner": {},
    "source": [
        "DuckDuckGo-US"
    ],
    "prevalence": 0.00012,
    "sites": 17,
    "subdomains": [
        "delivery",
        "cdn"
    ],
    "cnames": [],
    "fingerprinting": 1,
    "resources": [
        {
            "rule": "pbgrd\\.com\\/network\\/adjs\\.php",
            "cookies": 0,
            "fingerprinting": 0,
            "subdomains": [
                "delivery"
            ],
            "apis": {},
            "sites": 9,
            "prevalence": 0.0000637,
            "cnames": [],
            "responseHashes": [
                "25b4900ddc8bbd53bea5d4adc378fc78e7e4210011ceed50fadad9112effb163",
                "ec475b69c5678fa4beaa8232489072e0bb5374908146d7d4b608a73028c1885f",
                "cd9b31ef6b35970801905b705c250b6d368937e980302de2ae0ceeb05f5df755",
                "110365573d795163017175a1b55b3f2d45cf5d106efc3892cac66505820b9d02",
                "a93478b351b7421436a087d0a721a46d294be5989e3778c134cfe7d498bcb7ea",
                "17d9670ba6edbd12fae3a73f96f444c8153608fbe984b8d34b7f34d446d97a02",
                "5db5ce679629053c89c78251132f077838ffa9a10a974fd1aa9cfa8b02e56b49",
                "653d53e063da9967319b037cfb4ef84fd51ee21c8dd8c28ed3c1f7b08516652d"
            ],
            "type": "XHR",
            "firstPartyCookies": {},
            "firstPartyCookiesSent": {
                "RefTrackGroup": 0.0000070733363512901765
            },
            "exampleSites": [
                "biomedcentral.com",
                "bmjopen.bmj.com",
                "journals.asm.org",
                "journals.physiology.org",
                "journals.sagepub.com",
                "karger.com",
                "link.springer.com",
                "pubs.rsc.org",
                "www.bmj.com"
            ]
        },
        {
            "rule": "pbgrd\\.com\\/network\\/logger\\.php",
            "cookies": 0,
            "fingerprinting": 0,
            "subdomains": [
                "delivery"
            ],
            "apis": {},
            "sites": 4,
            "prevalence": 0.0000283,
            "cnames": [],
            "responseHashes": [],
            "type": "Fetch",
            "firstPartyCookies": {},
            "firstPartyCookiesSent": {},
            "exampleSites": [
                "biomedcentral.com",
                "journals.asm.org",
                "journals.sagepub.com",
                "link.springer.com"
            ]
        },
        {
            "rule": "pbgrd\\.com\\/core-asm\\.js",
            "cookies": 0,
            "fingerprinting": 1,
            "subdomains": [
                "cdn"
            ],
            "apis": {
                "Screen.prototype.height": 2,
                "Screen.prototype.width": 2,
                "Date.prototype.getTime": 2,
                "window.innerHeight": 1
            },
            "sites": 2,
            "prevalence": 0.0000141,
            "cnames": [],
            "responseHashes": [
                "59ae5424b7528186f8d52839977b6a453adaa0d6d1c75364465664448b8ae514"
            ],
            "type": "Script",
            "firstPartyCookies": {},
            "firstPartyCookiesSent": {},
            "exampleSites": [
                "asm.org",
                "journals.asm.org"
            ]
        },
        {
            "rule": "pbgrd\\.com\\/core-theaps\\.js",
            "cookies": 0,
            "fingerprinting": 1,
            "subdomains": [
                "cdn"
            ],
            "apis": {
                "Screen.prototype.height": 2,
                "Screen.prototype.width": 2,
                "Date.prototype.getTime": 1,
                "window.innerWidth": 2,
                "window.innerHeight": 1
            },
            "sites": 2,
            "prevalence": 0.0000141,
            "cnames": [],
            "responseHashes": [
                "fad74b639375c20a6d012ca74f62b2c9c037d08af1295bdb7a9658f79318dcce"
            ],
            "type": "Script",
            "firstPartyCookies": {},
            "firstPartyCookiesSent": {},
            "exampleSites": [
                "physiology.org",
                "journals.physiology.org"
            ]
        },
        {
            "rule": "pbgrd\\.com\\/v\\.js",
            "cookies": 0,
            "fingerprinting": 1,
            "subdomains": [
                "cdn"
            ],
            "apis": {
                "window.innerWidth": 2,
                "window.innerHeight": 2
            },
            "sites": 2,
            "prevalence": 0.0000141,
            "cnames": [],
            "responseHashes": [
                "5be6a7ae1816f5f06079efbed4fbdd22cfb3fe18b8de86bf3a0b92027d75c769"
            ],
            "type": "Script",
            "firstPartyCookies": {},
            "firstPartyCookiesSent": {},
            "exampleSites": [
                "physiology.org",
                "journals.physiology.org"
            ]
        },
        {
            "rule": "pbgrd\\.com\\/network\\/logger\\.php",
            "cookies": 0,
            "fingerprinting": 0,
            "subdomains": [
                "delivery"
            ],
            "apis": {},
            "sites": 2,
            "prevalence": 0.0000141,
            "cnames": [],
            "responseHashes": [
                "25b4ecfd3a740f29d76fe930a4cec9d41afa0cfd2bafa70ca4051bd3d5395d74"
            ],
            "type": "Image",
            "firstPartyCookies": {},
            "firstPartyCookiesSent": {},
            "exampleSites": [
                "physiology.org",
                "journals.physiology.org"
            ]
        },
        {
            "rule": "pbgrd\\.com\\/network\\/v\\.php",
            "cookies": 0,
            "fingerprinting": 0,
            "subdomains": [
                "delivery"
            ],
            "apis": {},
            "sites": 2,
            "prevalence": 0.0000141,
            "cnames": [],
            "responseHashes": [],
            "type": "Ping",
            "firstPartyCookies": {},
            "firstPartyCookiesSent": {},
            "exampleSites": [
                "physiology.org",
                "journals.physiology.org"
            ]
        },
        {
            "rule": "pbgrd\\.com\\/core-sage\\.js",
            "cookies": 0,
            "fingerprinting": 1,
            "subdomains": [
                "cdn"
            ],
            "apis": {
                "Screen.prototype.height": 1,
                "Screen.prototype.width": 1,
                "Date.prototype.getTime": 1,
                "window.innerWidth": 1
            },
            "sites": 2,
            "prevalence": 0.0000141,
            "cnames": [],
            "responseHashes": [
                "889adc6035cbd0a3aa73d5f8bbd821142ca6542f55776dfb4d330b37a27dff53"
            ],
            "type": "Script",
            "firstPartyCookies": {},
            "firstPartyCookiesSent": {},
            "exampleSites": [
                "sagepub.com",
                "journals.sagepub.com"
            ]
        },
        {
            "rule": "pbgrd\\.com\\/core-bmj\\.js",
            "cookies": 0,
            "fingerprinting": 1,
            "subdomains": [
                "cdn"
            ],
            "apis": {
                "window.innerWidth": 1,
                "window.innerHeight": 1
            },
            "sites": 2,
            "prevalence": 0.0000141,
            "cnames": [],
            "responseHashes": [
                "aee8879e8af5d92eff13d8f2706d3ba298dbe1fe41622e4c7ed46b342b22015e"
            ],
            "type": "Script",
            "firstPartyCookies": {},
            "firstPartyCookiesSent": {},
            "exampleSites": [
                "bmj.com",
                "www.bmj.com"
            ]
        },
        {
            "rule": "pbgrd\\.com\\/core-tandf\\.js",
            "cookies": 0,
            "fingerprinting": 1,