{
    "domain": "plavxml.com",
    "owner": {},
    "source": [
        "DuckDuckGo-US"
    ],
    "prevalence": 0.0000637,
    "sites": 9,
    "subdomains": [
        "vxml4"
    ],
    "cnames": [],
    "fingerprinting": 1,
    "resources": [
        {
            "rule": "plavxml\\.com\\/sited\\/ref\\/phnumint_md_gp\\.jsp",
            "cookies": 0.0000495,
            "fingerprinting": 1,
            "subdomains": [
                "vxml4"
            ],
            "apis": {
                "Document.cookie setter": 6
            },
            "sites": 7,
            "prevalence": 0.0000495,
            "cnames": [],
            "responseHashes": [
                "084badf92523d5c94b722202098d12b5f07dbe6364e0388039a6399b864948c4",
                "fdd70a5916a1ebad7965b9a5989dab98109735a56bde26b70807f21c898e6077",
                "1253c8b50de1d3ee9ae1b4dab6603218effa58d95b5290fc1651a38dcaf13bfb",
                "dbf3bda45c5da77b3c411758f4db2432276afc99a009b69b42aaea11c70c02c7",
                "0db38a44de68f9420d904f66a8b7bf529ebfcc7ec799c8ccaeeeaf2f821899c2",
                "54b287b46c006748599b9eddb9ba230c46e1d0b8dceaf427349629777e8fee32"
            ],
            "type": "Script",
            "firstPartyCookies": {
                "delaconsessid": {
                    "ttl": null,
                    "length": 32,
                    "prevalence": 0.00004244001810774106,
                    "uniqueness": 1
                },
                "delaconphonenums": {
                    "ttl": null,
                    "length": 178,
                    "prevalence": 0.000014146672702580353,
                    "uniqueness": 1
                }
            },
            "firstPartyCookiesSent": {},
            "exampleSites": [
                "boq.com.au",
                "www.bridgestone.com.au",
                "www.flightcentre.com.au",
                "www.mebank.com.au",
                "www.medibank.com.au",
                "www.stratco.com.au",
                "www.tripadeal.com.au"
            ]
        },
        {
            "rule": "plavxml\\.com\\/sited\\/ref\\/integration\\.jsp",
            "cookies": 0.0000424,
            "fingerprinting": 0,
            "subdomains": [
                "vxml4"
            ],
            "apis": {},
            "sites": 7,
            "prevalence": 0.0000495,
            "cnames": [],
            "responseHashes": [
                "e3b0c44298fc1c149afbf4c8996fb92427ae41e4649b934ca495991b7852b855"
            ],
            "type": "Script",
            "firstPartyCookies": {},
            "firstPartyCookiesSent": {
                "_ga": 0.00008488003621548212,
                "delaconsessid": 0.00004244001810774106
            },
            "exampleSites": [
                "boq.com.au",
                "www.bridgestone.com.au",
                "www.flightcentre.com.au",
                "www.mebank.com.au",
                "www.medibank.com.au",
                "www.stratco.com.au",
                "www.tripadeal.com.au"
            ]
        },
        {
            "rule": "plavxml\\.com\\/sited\\/ref\\/integration\\.jsp",
            "cookies": 0.0000283,
            "fingerprinting": 0,
            "subdomains": [
                "vxml4"
            ],
            "apis": {},
            "sites": 4,
            "prevalence": 0.0000283,
            "cnames": [],
            "responseHashes": [
                "1ed70d02696722505ec82915a7dd9fbf2c512366d009b74bdbe37c9869c250a4"
            ],
            "type": "Image",
            "firstPartyCookies": {},
            "firstPartyCookiesSent": {
                "delaconsessid": 0.000028293345405160706
            },
            "exampleSites": [
                "boq.com.au",
                "www.bridgestone.com.au",
                "www.mebank.com.au",
                "www.medibank.com.au"
            ]
        },
        {
            "rule": "plavxml\\.com\\/sited\\/ref\\/chkcmad_md_gp\\.jsp",
            "cookies": 0.0000283,
            "fingerprinting": 0,
            "subdomains": [
                "vxml4"
            ],
            "apis": {},
            "sites": 4,
            "prevalence": 0.0000283,
            "cnames": [],
            "responseHashes": [
                "1f8c2e7d2c8008285b281f60e8e10cb96b55d33fae2e8aecfa700ac67c78bac1"
            ],
            "type": "Script",
            "firstPartyCookies": {},
            "firstPartyCookiesSent": {
                "_ga": 0.00003536668175645088,
                "delaconsessid": 0.00002122000905387053
            },
            "exampleSites": [
                "bridgestone.com.au",
                "www.medibank.com.au",
                "www.stratco.com.au",
                "www.tripadeal.com.au"
            ]
        }
    ],
    "categories": [],
    "performance": {},
    "cookies": 0.0000637,
    "topInitiators": [
        {
            "domain": "googletagmanager.com",
            "prevalence": 0.42857142857142855
        },
        {
            "domain": "first party",
            "prevalence": 0.42857142857142855
        },
        {
            "domain": "adobedtm.com",
            "prevalence": 0.07142857142857142
        },
        {
            "domain": "google-analytics.com",
            "prevalence": 0.07142857142857142
        }
    ],
    "types": {
        "Script": 18,
        "Image": 4
    },
    "nameservers": [
        "ns51.domaincontrol.com",
        "ns52.domaincontrol.com"
    ]
}