{
    "domain": "pmsrv.co",
    "owner": {},
    "source": [
        "DuckDuckGo-US"
    ],
    "prevalence": 0.0000849,
    "sites": 12,
    "subdomains": [
        "c",
        "analytics"
    ],
    "cnames": [],
    "fingerprinting": 1,
    "resources": [
        {
            "rule": "pmsrv\\.co\\/v1\\/analytics\\.js",
            "cookies": 0,
            "fingerprinting": 1,
            "subdomains": [
                "c"
            ],
            "apis": {
                "window.localStorage": 5,
                "Document.cookie getter": 5,
                "window.sessionStorage": 5
            },
            "sites": 10,
            "prevalence": 0.0000707,
            "cnames": [],
            "responseHashes": [
                "03fe3471f1fab2d9b974374bf498c3f622a5c011c0fe66d366037921ca1bfb3b",
                "fc1624bbfabfaa37f077b5ff6de777212fbedf18411a3c7396914b5882a0e38e",
                "79a0e2aa6c28c83b6f86c7a4c89950e0395145e07fcd04a09f249cacf0889428",
                "dca2b36b7f60fa094c6d3f1e436bdf4740a18ed5c6decc32202cec7d8d9676dc",
                "670d7b1eeba0428ea008fd1c95253ad6d2c3ded8a0e40bb4419b30f5aa3fe1f1",
                "bac143a29acac7bbb7f039f6861f50b7b07177e2925307b2c50dde2fcf751c3e",
                "c6526b35ba263ce79a1f0b8ee6e6fa9f5d86832a70657ce12a9668d798500560",
                "15b243dbdf8e317562dc6708f8a1bc26686cdc360cfd3d47394e0bd8f1653018",
                "556a379cbdc79d2faf07dc9acd35df59aa28c7462e9646e15aca7d046266abff"
            ],
            "type": "Script",
            "firstPartyCookies": {},
            "firstPartyCookiesSent": {},
            "exampleSites": [
                "cargurus.com",
                "medicareguide.com",
                "reviewscout.org",
                "smartasset.com",
                "stonehengehealth.com",
                "www.cargurus.com",
                "www.drscholls.com",
                "www.invisalign.com",
                "www.medicalert.org",
                "www.springboard.com"
            ]
        },
        {
            "rule": "pmsrv\\.co\\/v1\\/tracking\\.js",
            "cookies": 0,
            "fingerprinting": 0,
            "subdomains": [
                "analytics"
            ],
            "apis": {},
            "sites": 6,
            "prevalence": 0.0000424,
            "cnames": [],
            "responseHashes": [
                "e3b0c44298fc1c149afbf4c8996fb92427ae41e4649b934ca495991b7852b855",
                "31969a9254d2e57b3a58d33f19c2247cc20e4cd982e79eb8d2eb05f5f94682a3"
            ],
            "type": "Script",
            "firstPartyCookies": {},
            "firstPartyCookiesSent": {},
            "exampleSites": [
                "medicareguide.com",
                "reviewscout.org",
                "www.drscholls.com",
                "www.invisalign.com",
                "www.medicalert.org",
                "www.springboard.com"
            ]
        },
        {
            "rule": "pmsrv\\.co\\/v2\\/acvr3",
            "cookies": 0,
            "fingerprinting": 0,
            "subdomains": [
                "c"
            ],
            "apis": {},
            "sites": 6,
            "prevalence": 0.0000424,
            "cnames": [],
            "responseHashes": [
                "e3b0c44298fc1c149afbf4c8996fb92427ae41e4649b934ca495991b7852b855"
            ],
            "type": "Image",
            "firstPartyCookies": {},
            "firstPartyCookiesSent": {},
            "exampleSites": [
                "medicareguide.com",
                "reviewscout.org",
                "www.drscholls.com",
                "www.invisalign.com",
                "www.medicalert.org",
                "www.springboard.com"
            ]
        },
        {
            "rule": "pmsrv\\.co\\/v2\\/track",
            "cookies": 0,
            "fingerprinting": 0,
            "subdomains": [
                "analytics"
            ],
            "apis": {},
            "sites": 2,
            "prevalence": 0.0000141,
            "cnames": [],
            "responseHashes": [],
            "type": "Image",
            "firstPartyCookies": {},
            "firstPartyCookiesSent": {},
            "exampleSites": [
                "medicareguide.com",
                "www.invisalign.com"
            ]
        }
    ],
    "categories": [],
    "performance": {},
    "cookies": 0,
    "topInitiators": [
        {
            "domain": "googletagmanager.com",
            "prevalence": 0.7333333333333333
        },
        {
            "domain": "osano.com",
            "prevalence": 0.2
        },
        {
            "domain": "first party",
            "prevalence": 0.06666666666666667
        }
    ],
    "types": {
        "Script": 16,
        "Image": 8
    },
    "nameservers": [
        "ns-106.awsdns-13.com",
        "ns-1948.awsdns-51.co.uk",
        "ns-1427.awsdns-50.org",
        "ns-968.awsdns-57.net"
    ]
}