{
    "domain": "pointcontinentrtb.com",
    "owner": {},
    "source": [
        "DuckDuckGo-US"
    ],
    "prevalence": 0.0018,
    "sites": 255,
    "subdomains": [],
    "cnames": [],
    "fingerprinting": 0,
    "resources": [
        {
            "rule": "pointcontinentrtb\\.com\\/v1\\/adm",
            "cookies": 0,
            "fingerprinting": 0,
            "subdomains": [],
            "apis": {},
            "sites": 42,
            "prevalence": 0.000297,
            "cnames": [],
            "responseHashes": [],
            "type": "Image",
            "firstPartyCookies": {},
            "firstPartyCookiesSent": {},
            "exampleSites": [
                "www.bhojpurisex.site",
                "pornxnow.me",
                "www.masalafun.com",
                "www.javbangers.com",
                "javhub.net",
                "colmek.link",
                "epornerpics.com",
                "masalafun.com",
                "nude1.eu",
                "celebdeepfakes.net",
                "freefans.tv",
                "camcaps.ac",
                "18comix.org",
                "hentai2read.com",
                "www.hindixxx.club",
                "camcaps.io",
                "forcedcinema.net",
                "desisex.xxx",
                "www.tamilsexzone.com",
                "familypornhd.com"
            ]
        },
        {
            "rule": "pointcontinentrtb\\.com\\/v1\\/adm",
            "cookies": 0,
            "fingerprinting": 0,
            "subdomains": [],
            "apis": {},
            "sites": 44,
            "prevalence": 0.000311,
            "cnames": [],
            "responseHashes": [
                "5e26f3912a5faab4017dce2492afcc6b1bdddea5ccf6001474bc193ad8d4d194",
                "1f763c19431d7d246cfe890c0cfedd0cf9da305199b90fab62292af625262b4b",
                "5796dbed42a824f172e773545559194d2a3134a61acdd8fc5f332f04c4bbba2b",
                "531bfc55297a39bbe9343c8102f54895a37a15e64fd3cbfda3c182f08acc43f4",
                "69d1d1f11f266060ac8b704932cf324d1c57dcbf0af89ba58398aa08c0226fca",
                "886402a51b58f6b60a57cc96b8303687131079f09dbecfb12ec7cedcea85f9fe",
                "90f1b7d3884c5ed929033c4f15b2f227710562eae4174020be940ea801a4f578",
                "0cf621840f03fdd8ea96bfd30ee317d06a52a0aff8c8100378d6a3969e55c64f",
                "13a4711697c1f9a40d37b6f45605195f942e3cba3e8597e3db095b5d5cd29477",
                "2f71a5cdd057ed7b392c757969918011b1ba3cf513c43295216685a986551881",
                "77fd91f733db025b85a845285e38e4096bfcf5594c761269080a139615d76c2e",
                "a5b4f8542e65e80ea4a9279981a048c810d91011f8c93a87cf3c51203b83f0c8",
                "e65ab6aaefb21e89876a6eb6d83ae42a41fc5ab2c2ae75aab3c42c795206de32",
                "85884a0f20fcebca45b6dfb5a4a8af2797d95d595a11d9d80fc1262b339954eb",
                "685d6b067472ca13ccba25a77f503ee9d10e2b549c7c64ccf425f7f17029032c",
                "85aeba3f5318a9e81f0ddb7f0d6e21ecc637e7d0db67b7d08c9d84f2ea5e8bf9",
                "896c69f13db35720ee2a207f1909f43a6bb53f0d026f1d78e03a54705df28dae",
                "53bf2bc9e951413bbae44c46e5dd973fa3a7fb4c31e28891520dc2e176e8d9c5",
                "c83fabeb2df2bc26b08dd2cc3b6d907e3b09450f26096b85d492b932c4415c1e",
                "0554c4d077d384fe1314928cab0e24ab2d21855b684e42198cbad1eae309a3d8",
                "e5615b6d41588bdfaea7608561db424e24806faf03f58e18a25c4107eccdfb23",
                "f11372d2c44764e063936c6e01f7590141fd089fde2d8f9a514b841c1062c768",
                "2a7d6469023c6079012e5e558fefdb3c0a280ac2cc3415a0ca149c3c59af016b",
                "3d42c4292b4af71d1501533fc63107e874c72d351ca510103b96da23d7d992c8",
                "ceda97929ff0e3ac2f907cc82661eb2edd6a27dfcf34f327d3aa2cdaf1bf1753",
                "71dc19f7cb2601a0817ffa60c6abd653e8f626d92e6a730b0848c955a524260a",
                "1c0171e6ac31a02bdace260712bff6862f5d74e4d6b02f6b9bf72e67394f31eb",
                "6ad8ab2eb99b02ab4ac76990740096554303bb587b30be8c120a3d09abffc64c",
                "3de14c4afda5e292be07d75570cdf3501228b2d5cef15aae24f78858bed506d8",
                "aa4f5c74866daab0591e3f316ab14d8be98fad62a11e095d4e3bae608d8823ac",
                "1a8331659c274c93d0c6807881a9b4505ff6c2f333af97b3a0c6dacc6885c04a",
                "dc088a0323900b2f9cad220bb8fc41bcc1ba1f94fb40aa8174724d23c2ab851a",
                "b7c9dd38ceede42ab8d9743b3c4c9ac0760397e460c30f15f01abab2f71f7b4f",
                "6adb96ce3b0cd37623f9572d8b2abcd506ff31e28dbd08141cf9cfa3fe3024de",
                "540b961cbb91d5cbd8c579fe01c47e44567c0bbb63f10dafeda89808dad5ba94",
                "a711ee65def1e126ce9c734e0ccb599049732357014573bc341d5c60bfe8af72",
                "a9365a8b6450b4385be8ff8a7d702cf303179ccc29b9f7025ead64201c85a281",
                "c3237f0f40c9b3e536f3f3ad51f5cea8f934b3b87ca85dddd96405b284c84275",
                "f2ba40944d9db279710173145c8e4b6e35135ab36056ae03094cb7b5d6ebeb8b",
                "7f38d0b65aa4b6e4c8cb25932667b042aabd2c3f8beb228c8026821af5262f85"
            ],
            "type": "Fetch",
            "firstPartyCookies": {},
            "firstPartyCookiesSent": {},
            "exampleSites": [
                "hentai2read.com",
                "colmek.link",
                "cosplayporntube.com",
                "javhub.net",
                "pornxnow.me",
                "nude1.eu",
                "www.masalafun.com",
                "rapelust.com",
                "v.pornditt.com",
                "camcaps.ac",
                "bokepi.com",
                "epornerpics.com",
                "desimyhub.net",
                "www.javbangers.com",
                "18comix.org",
                "lovely-femdom.com",
                "forcedcinema.net",
                "okporn.xxx",
                "nudepixe.eu",
                "www.tamilsexzone.com"
            ]
        },
        {
            "rule": "pointcontinentrtb\\.com\\/v1\\/track\\/impression",
            "cookies": 0,
            "fingerprinting": 0,
            "subdomains": [],
            "apis": {},
            "sites": 207,
            "prevalence": 0.00146,
            "cnames": [],
            "responseHashes": [
                "79919af65362416421f932b2b616061fcb75ff420bd808ad00c731ad5cd7d9c1",
                "67847dfca1cc988031d16e37d9b848f81a10d59fa7feb21903e9fd4b02213887",
                "89a72165d083b88f7dcf074f26b414434860d87a319846a043d75cbfe1b77dd9",
                "c6f99447c8165a179261f72405f04cd4b1a229569db92be53e12548f67d5cf6e",
                "e3b0c44298fc1c149afbf4c8996fb92427ae41e4649b934ca495991b7852b855",
                "0e5ffb74cc66da0411fddaf8cc9aabd9516486511fbd1a07c7240b47e13283e2",
                "fa46f56ddec1266ed2a91d3daed4ff3447aa95b323a8b16c8d542c4fc78a1258",
                "5cc60ec9b1c687004963817660230c3a27443bd71ca159bbbc22acd71e42c4b7",
                "54208e30156bbc5129267565960fea0e602a3365103b2729b1cddacc6cb80ebd",
                "369838b7443c12759a6e1221c32cc65d45451403df58070f3bd0819be8a1ffda",
                "f6e78fc10144514fbd9c2b6449135a609be2784af61a420c338ba20346d59c59",
                "21f2c782745f944e0d121d1b04cae9c69e0713c265d3bcbbadca3d2a4ddf45a1"
            ],
            "type": "Image",
            "firstPartyCookies": {},
            "firstPartyCookiesSent": {},