{
    "domain": "poloptrex.com",
    "owner": {},
    "source": [
        "DuckDuckGo-US"
    ],
    "prevalence": 0.000269,
    "sites": 38,
    "subdomains": [],
    "cnames": [],
    "fingerprinting": 0,
    "resources": [
        {
            "rule": "poloptrex\\.com\\/get",
            "cookies": 0,
            "fingerprinting": 0,
            "subdomains": [],
            "apis": {},
            "sites": 24,
            "prevalence": 0.00017,
            "cnames": [],
            "responseHashes": [
                "1f12b047268516c2e1150561d5458acca7d7371412622ed7840a6c0e5d58be14",
                "860577bb260a751a32878c82ffdafd41f26940e7aaff8eb4e24bcb849c43e39f",
                "a5b898871cdeaf12275376a9f0b3c36271f39852ca79d2099bab8cefc3ca19e2",
                "e22d19558338901697f422ac274a6b4dd5c708e93d45d025f9a17ec92b32077d",
                "25217a52414664de28a5e07b865a5e93cb43b4988de79d04fd031872b80c3a92",
                "557b50ec217407c24e18056a79929fb54f4bc48cadbefc8e4e1763d132bf493e",
                "28facd51d5e49219df436b2b4cb14499c882581261ee3cc7a2cc39161568fd5a",
                "0f44f8108213115a19830b21a317c13dfb61571033b5161af74ec7044e0406c3",
                "9a3402a775bd31ed1646755fead4ce4e85aecf88e7d640642375e749098195bd"
            ],
            "type": "Document",
            "firstPartyCookies": {},
            "firstPartyCookiesSent": {},
            "exampleSites": [
                "txxx.tube",
                "m.see.xxx",
                "upornia.com",
                "tubepornclassic.com",
                "transtxxx.com",
                "porngo.xxx",
                "ooxxx.com",
                "gaytxxx.com",
                "see.xxx",
                "bdsmx.tube",
                "vjav.com",
                "shemalez.com",
                "vxxx.com",
                "porn555.com",
                "blackporn.tube",
                "hotmovs.com",
                "txxx.com",
                "desi-porn.tube",
                "hclips.com",
                "m.porn555.com"
            ]
        },
        {
            "rule": "poloptrex\\.com\\/banner\\/in\\/show\\/",
            "cookies": 0,
            "fingerprinting": 0,
            "subdomains": [],
            "apis": {},
            "sites": 15,
            "prevalence": 0.000106,
            "cnames": [],
            "responseHashes": [
                "1866961a029c65376fefb7f2ba1e6187e09ff50ea58d97dedfd72c197947d002"
            ],
            "type": "Image",
            "firstPartyCookies": {},
            "firstPartyCookiesSent": {
                "_ym_d": 0.00004244001810774106
            },
            "exampleSites": [
                "bdsmx.tube",
                "blackporn.tube",
                "desi-porn.tube",
                "gaytxxx.com",
                "hclips.com",
                "hdzog.com",
                "hotmovs.com",
                "m.see.xxx",
                "porngo.xxx",
                "see.xxx",
                "theshemale.xxx",
                "txxx.tube",
                "vxxx.com",
                "xjav.tube",
                "zenporn.com"
            ]
        },
        {
            "rule": "poloptrex\\.com\\/banner\\/in\\/view\\/",
            "cookies": 0,
            "fingerprinting": 0,
            "subdomains": [],
            "apis": {},
            "sites": 2,
            "prevalence": 0.0000141,
            "cnames": [],
            "responseHashes": [],
            "type": "XHR",
            "firstPartyCookies": {},
            "firstPartyCookiesSent": {},
            "exampleSites": [
                "see.xxx",
                "xjav.tube"
            ]
        }
    ],
    "categories": [],
    "performance": {},
    "cookies": 0,
    "topInitiators": [
        {
            "domain": "first party",
            "prevalence": 0.8648648648648649
        },
        {
            "domain": "nv7s.com",
            "prevalence": 0.11711711711711711
        },
        {
            "domain": "txxx.tube",
            "prevalence": 0.018018018018018018
        }
    ],
    "types": {
        "Document": 24,
        "Image": 15,
        "XHR": 2
    },
    "nameservers": [
        "ns1.digitalocean.com",
        "ns2.digitalocean.com",
        "ns3.digitalocean.com"
    ]
}