{
    "domain": "preordernowapp.com",
    "owner": {},
    "source": [
        "DuckDuckGo-US"
    ],
    "prevalence": 0.000163,
    "sites": 23,
    "subdomains": [
        "app"
    ],
    "cnames": [],
    "fingerprinting": 0,
    "resources": [
        {
            "rule": "preordernowapp\\.com\\/get_preloaded_data",
            "cookies": 0,
            "fingerprinting": 0,
            "subdomains": [
                "app"
            ],
            "apis": {},
            "sites": 13,
            "prevalence": 0.000092,
            "cnames": [],
            "responseHashes": [
                "a586940d3fbb8a7a2bd2290351c43332189adee7e70db577ff5aadbae7e97ff1",
                "48e284b0d8c4dad85eccbbcded18383dd1f1539c0d91547a058a156abb1ad854",
                "ca61ecdf0a8a3b3040c61a4fc6cde4006052ad2dffb77ead343ede77dfd08ae2",
                "d80cd40cac4b6264c8160727d983fc77d9845cfaf928e20801a3bacb1b3a368c",
                "531274f3ab9ce97c476b1023da1238b0546a391cdfc6db251afcaad8a9bf26b1",
                "5a87185926a901817cd5306a4555186157cf1b9814a0e8b7969552a1b9530ed1",
                "c5cae56b0b1351a512620936d8a85d939a93453a9d4a1aff5aab6de0c0fb5404",
                "96ada30eab800d2d8f65579024e970df902c7807d59551ea6037abda3391d82a",
                "29a02b57cb2a7bd917c7717b8ebd384fd6d3368534f3462f85f5106bc515f601"
            ],
            "type": "XHR",
            "firstPartyCookies": {},
            "firstPartyCookiesSent": {},
            "exampleSites": [
                "allprogenerators.com",
                "citizensofhumanity.com",
                "dogtra.com",
                "moskomoto.com",
                "spartina449.com",
                "stitchinheaven.com",
                "whiteduckoutdoors.com",
                "www.bee-link.com",
                "www.boteboard.com",
                "www.duromaxpower.com",
                "www.kcneedlepoint.com",
                "www.orbitdvd.com",
                "www.thesoutherntrapper.com"
            ]
        },
        {
            "rule": "preordernowapp\\.com\\/widget\\/settings",
            "cookies": 0,
            "fingerprinting": 0,
            "subdomains": [
                "app"
            ],
            "apis": {},
            "sites": 4,
            "prevalence": 0.0000283,
            "cnames": [],
            "responseHashes": [
                "b623eaa9c1dd6f5d36a45e46ee6d2b10b1ef02b60a07bbf6b5a173355dacd741",
                "5d3c57f5f1edc4ea63b7ba6c78d93ce3d2a70bae657f73ac19806b93d744a0f5"
            ],
            "type": "XHR",
            "firstPartyCookies": {},
            "firstPartyCookiesSent": {},
            "exampleSites": [
                "dogtra.com",
                "stitchinheaven.com",
                "www.duromaxpower.com",
                "www.kcneedlepoint.com"
            ]
        },
        {
            "rule": "preordernowapp\\.com\\/widget\\/javascript",
            "cookies": 0,
            "fingerprinting": 0,
            "subdomains": [
                "app"
            ],
            "apis": {},
            "sites": 6,
            "prevalence": 0.0000424,
            "cnames": [],
            "responseHashes": [
                "1cd48166e38807eeaa87b73e5669c9e8a1f4da3cf33d1f014807445dfc7842fb",
                "b4030352961d1d0ef00125c6fc0f473c4b58d01e118c26098e4c664e47971320"
            ],
            "type": "Script",
            "firstPartyCookies": {},
            "firstPartyCookiesSent": {},
            "exampleSites": [
                "firewalla.com",
                "incrediwear.com",
                "shop.hak5.org",
                "www.duromaxpower.com",
                "www.fantagraphics.com",
                "www.goretroid.com"
            ]
        }
    ],
    "categories": [],
    "performance": {},
    "cookies": 0,
    "topInitiators": [
        {
            "domain": "first party",
            "prevalence": 0.9285714285714286
        },
        {
            "domain": "minmaxify.com",
            "prevalence": 0.07142857142857142
        }
    ],
    "types": {
        "XHR": 17,
        "Script": 6
    },
    "nameservers": [
        "ali.ns.cloudflare.com",
        "amit.ns.cloudflare.com"
    ]
}