{
    "domain": "pristinegale.com",
    "owner": {},
    "source": [
        "DuckDuckGo-US"
    ],
    "prevalence": 0.000382,
    "sites": 54,
    "subdomains": [],
    "cnames": [],
    "fingerprinting": 0,
    "resources": [
        {
            "rule": "pristinegale\\.com\\/confirm\\/gamircytzqbvhcvivsmnisx15zm93t6olpjfifoddy1",
            "cookies": 0,
            "fingerprinting": 0,
            "subdomains": [],
            "apis": {},
            "sites": 35,
            "prevalence": 0.000248,
            "cnames": [],
            "responseHashes": [
                "9cd9d1632784b47a8613100b2c1e10b8abff5c6bff640bc5c4e54b4174d68399",
                "182bdeec426882a2e1c8f7b824b1ebd174024e592266b57ba4f99bb5ea4642ec",
                "7bb1a95828301478b0812db6647cd62dc0e6040014f9dd02b15f83b259c6dd6a",
                "8e15f361b28945d809a4e99d854850d8566ee87123fa228d11e5b4f18595eadd",
                "d9fe96237ede068936d39126f4233fe38a9d35c8be8aa70922390da14e82345e",
                "0fb15deaf43d885375ba6861fb48bedb6c27e4a963086abc286be8ab4330fdcb",
                "7f444788143fe5933462d89944f644edf939b26676f48ce019ef4f54b67a20eb",
                "94f20bedb62692a78a1c271be428457f9d52a11fcd6a456d3a5193b29cbb3ba1",
                "3d3afae92a01c4cb1f365e029bb50ceb0bffa2e904d857e08a7f402b86b074e4",
                "968afcdca290a8ff59c1e51d4b8a30d9d81e8405f292bbd45bdcb2556f480ea3",
                "67e1bcc4bea0d8c09aac6609991d2309e3b300d5877635b9c1bb5d15f2c1fa25",
                "90f931bb06c4499315dd8c82afefd5793db19350ea68c08cb9170777aac9f5b0",
                "83293296f2d123ceb52f569b066741c76612ff995367b9789b61988fb2770f4f",
                "57f944e96181b8e5a9b100005cd78ba212f0c376454622d3a2c9a846b1a1aeba",
                "9224e52fccc5cb63ac2a6fd448782c164958d692fd3d8aa0f6dca27152f907f3",
                "680b56e9b1749060a59fac9867d27f067d6a595bf4c28e6c5302c4ed9063d7d9",
                "fbee8674584e33c6b10f64660a2c8ff177c62855ecf64d347301252e79044fa5",
                "e5967ba1fe0bdfd6a3380397bc13ff8a2ed6dd7a6ec26baa173fe3b92d9c8cb5",
                "ef2fbfb098dadcb74868a3230b74c59251ff538f0e649ef45f67ca61b4b406bc",
                "e9c15cf04d92c6ba1fdc66bfb8cfc1877523ec4c7c66be9fc6f0362df17d5554",
                "54397d73b56418e007e59ec80dce744cba04a5d2da90dc86a2144b4d98e34295",
                "6a0cc06759c7db90b3b09c6a9896bf83d37fc7619d9230f068927066ba16d971"
            ],
            "type": "Fetch",
            "firstPartyCookies": {},
            "firstPartyCookiesSent": {},
            "exampleSites": [
                "acmepackingcompany.com",
                "www.arrowheadpride.com",
                "www.ninersnation.com",
                "www.prideofdetroit.com",
                "www.mmafighting.com",
                "www.truebluela.com",
                "www.lookoutlanding.com",
                "www.acmepackingcompany.com",
                "www.bloggingtheboys.com",
                "www.purplerow.com",
                "www.patspulpit.com",
                "www.milehighreport.com",
                "www.buffalorumblings.com",
                "www.blazersedge.com",
                "www.overthemonster.com",
                "www.windycitygridiron.com",
                "www.fieldgulls.com",
                "www.mmamania.com",
                "www.maizenbrew.com",
                "www.burntorangenation.com"
            ]
        },
        {
            "rule": "pristinegale\\.com\\/gaotmzfbz339ogqf9rpmdiwxn7rcyi75n0vur9o5peh",
            "cookies": 0,
            "fingerprinting": 0,
            "subdomains": [],
            "apis": {},
            "sites": 18,
            "prevalence": 0.000127,
            "cnames": [],
            "responseHashes": [
                "33c70c297b1a729f965a6aca60b7b3bb7a3b06bd13efe07698516fa98ac8b9f9"
            ],
            "type": "Fetch",
            "firstPartyCookies": {},
            "firstPartyCookiesSent": {},
            "exampleSites": [
                "acmepackingcompany.com",
                "www.bloggingtheboys.com",
                "www.buffalorumblings.com",
                "www.burntorangenation.com",
                "www.celticsblog.com",
                "www.dukebasketballreport.com",
                "www.fieldgulls.com",
                "www.goldenstateofmind.com",
                "www.hogshaven.com",
                "www.lookoutlanding.com",
                "www.maizenbrew.com",
                "www.mmafighting.com",
                "www.ninersnation.com",
                "www.overthemonster.com",
                "www.patspulpit.com",
                "www.pinstripealley.com",
                "www.prideofdetroit.com",
                "www.windycitygridiron.com"
            ]
        },
        {
            "rule": "pristinegale\\.com\\/gadb8v4u2baaoxfxbwas3wxf931tp14sgg5qj3p8449",
            "cookies": 0,
            "fingerprinting": 0,
            "subdomains": [],
            "apis": {},
            "sites": 4,
            "prevalence": 0.0000283,
            "cnames": [],
            "responseHashes": [
                "4355a46b19d348dc2f57c046f8ef63d4538ebb936000f3c9ee954a27460dd865"
            ],
            "type": "Ping",
            "firstPartyCookies": {},
            "firstPartyCookiesSent": {},
            "exampleSites": [
                "camdenchat.com",
                "www.dukebasketballreport.com",
                "www.overthemonster.com",
                "www.testudotimes.com"
            ]
        },
        {
            "rule": "pristinegale\\.com\\/confirm\\/o2471y1o86s979tc7evbnvpkmbafwtf4jsudba51wis",
            "cookies": 0,
            "fingerprinting": 0,
            "subdomains": [],
            "apis": {},
            "sites": 8,
            "prevalence": 0.0000566,
            "cnames": [],
            "responseHashes": [
                "b0f8431c302e71344899808fa63a68ffd4b157aba6765c995e4bf3ec4f9299b3",
                "b3cd32dc14c42a403234a21a048dcc94ad952be0d24dbbf51e1d3d7a41dba6fe",
                "aed0ba2b26d670df96ee0ab38975c4edac0ec5c63c0dffae962fe416d6def81d",
                "9a89500511644f9dddbd75d9dd19a724fec44dd39bce7359baf1261c1c6fd6dc"
            ],
            "type": "Fetch",
            "firstPartyCookies": {},
            "firstPartyCookiesSent": {},
            "exampleSites": [
                "mccoveychronicles.com",
                "www.poundingtherock.com",
                "www.royalsreview.com",
                "www.silverandblackpride.com",
                "www.stampedeblue.com",
                "www.thefalcoholic.com",
                "www.thephinsider.com",
                "www.vivaelbirdos.com"
            ]
        }
    ],
    "categories": [],
    "performance": {},
    "cookies": 0,
    "topInitiators": [
        {
            "domain": "rollconnection.com",
            "prevalence": 1
        }
    ],
    "types": {
        "Fetch": 61,
        "Ping": 4
    },
    "nameservers": [
        "ns-504.awsdns-63.com",
        "ns-909.awsdns-49.net",
        "ns-1606.awsdns-08.co.uk",
        "ns-1256.awsdns-29.org"
    ]
}