{
    "domain": "ps-aws.com",
    "owner": {},
    "source": [
        "DuckDuckGo-US"
    ],
    "prevalence": 0.0000566,
    "sites": 8,
    "subdomains": [
        "images"
    ],
    "cnames": [],
    "fingerprinting": 0,
    "resources": [
        {
            "rule": "ps-aws\\.com\\/c",
            "cookies": 0,
            "fingerprinting": 0,
            "subdomains": [
                "images"
            ],
            "apis": {},
            "sites": 7,
            "prevalence": 0.0000495,
            "cnames": [],
            "responseHashes": [
                "3fc0f9d736e823a4e34b650ec306c8d0abad22ee6ee13b33611f0d67d2736c3b",
                "6cacb73024fc522527f259efb5c5fd761424b6dd3ba62766c6b98f1dd06ece10",
                "1420e54da2aed3a8d3e082b4fc96430d90118d17a4bc84ed2288f80dab0df988",
                "2b10439aba50ed4f9a3d51904f5a1688555310da7de624f78e0dc6b57062a00a",
                "076e2f1443e478b6c757ed1437ddd11431dd8468fe369774d8cfe153160ef4e8",
                "be6a2c9883b6369e299552d4ee367ba3a21b9b3d2dd7ec942d2291d652cc38da"
            ],
            "type": "Image",
            "firstPartyCookies": {},
            "firstPartyCookiesSent": {},
            "exampleSites": [
                "football365.com",
                "www.football365.com",
                "www.planetf1.com",
                "www.planetfootball.com",
                "www.planetrugby.com",
                "www.teamtalk.com",
                "www.tennis365.com"
            ]
        }
    ],
    "categories": [],
    "performance": {},
    "cookies": 0,
    "topInitiators": [
        {
            "domain": "first party",
            "prevalence": 1
        }
    ],
    "types": {
        "Image": 7
    },
    "nameservers": [
        "ns-393.awsdns-49.com",
        "ns-1021.awsdns-63.net",
        "ns-1147.awsdns-15.org",
        "ns-1976.awsdns-55.co.uk"
    ]
}