{
    "domain": "ptcdw.com",
    "owner": {},
    "source": [
        "DuckDuckGo-US"
    ],
    "prevalence": 0.000417,
    "sites": 59,
    "subdomains": [],
    "cnames": [],
    "fingerprinting": 1,
    "resources": [
        {
            "rule": "ptcdw\\.com\\/live-stream\\/fk\\/",
            "cookies": 0,
            "fingerprinting": 0,
            "subdomains": [],
            "apis": {},
            "sites": 2,
            "prevalence": 0.0000141,
            "cnames": [],
            "responseHashes": [],
            "type": "Document",
            "firstPartyCookies": {},
            "firstPartyCookiesSent": {},
            "exampleSites": [
                "camporn.is",
                "tscult.com"
            ]
        },
        {
            "rule": "ptcdw\\.com\\/live-stream\\/",
            "cookies": 0,
            "fingerprinting": 1,
            "subdomains": [],
            "apis": {
                "window.innerHeight": 3,
                "window.innerWidth": 3
            },
            "sites": 13,
            "prevalence": 0.000092,
            "cnames": [],
            "responseHashes": [
                "401c00cb5e935b78d14f02992a190bbcecb27c7af226f0d13458283c87e2319d",
                "1cc7213d60f169b21e3e1c5430c6e7b1bbced07a827f267d51bf94135531a743",
                "3a685e222aa1fdb2745f5a7a75a35eaeb4e50ef552a03306d66d385a3e74049f",
                "62ff014442adaf044db54c6742ac84abb61672a531cac62ebb37ec9cd77dace6",
                "b878c47a42caf87967631d2c3181b7bd2d1b146dc165748408607b512d798158",
                "51ceed2aa42d2b52e689013639719dd4d5c4bd9d3c81ea3d5dc97982b04f6ac0",
                "5b17fe50fdf03f3054ec5db2c4c3477485dd44b33a902740097c7db63d23e6af",
                "f7b70981e049d513d4c0b745c71a25da871e641cb1f01b4f8f419d48e6cf1d44",
                "4bb429813ddfd8d1beefaffb2d0b2aead8982d561300b1c67884d05b1579585b"
            ],
            "type": "Document",
            "firstPartyCookies": {},
            "firstPartyCookiesSent": {},
            "exampleSites": [
                "celeb-stalker.com",
                "faperoni.com",
                "pornstarbyface.com",
                "tabootube.to",
                "www.camhub.cc",
                "www.crazywebcams.com",
                "www.famousboard.com",
                "www.freexcafe.com",
                "www.mymleak.net",
                "www.newzealandgirls.co.nz",
                "www.onlynude.men",
                "www.tabootube.xxx",
                "youchat.it"
            ]
        },
        {
            "rule": "ptcdw\\.com\\/cifra\\/script",
            "cookies": 0,
            "fingerprinting": 0,
            "subdomains": [],
            "apis": {},
            "sites": 18,
            "prevalence": 0.000127,
            "cnames": [],
            "responseHashes": [
                "44c1e2a7f8c2ba1a3e689bfb184c37783ed8a8fcf221f2f4b1cf9bcf7ba0d21b",
                "61eba190c2156d7889039a7b326219aa70c941b30a83717cb831406c7c60b416"
            ],
            "type": "Script",
            "firstPartyCookies": {},
            "firstPartyCookiesSent": {},
            "exampleSites": [
                "ok.xxx",
                "de.ok.xxx",
                "de.perfektdamen.co",
                "de.pornhat.com",
                "es.ok.xxx",
                "fr.perfectgirls.xxx",
                "fr.pornhat.com",
                "hello.porn",
                "hi.okxxx1.com",
                "it.ok.xxx",
                "it.pornhat.com",
                "max.porn",
                "okxxx1.com",
                "pornstars.tube",
                "www.perfektdamen.co",
                "www.perfectgirls.xxx",
                "www.pornhat.one",
                "www.pornhat.com"
            ]
        },
        {
            "rule": "ptcdw\\.com\\/cifra",
            "cookies": 0,
            "fingerprinting": 0,
            "subdomains": [],
            "apis": {},
            "sites": 18,
            "prevalence": 0.000127,
            "cnames": [],
            "responseHashes": [
                "51f4e8c7b2ebb8bb3ee0774576676c034eb540c4592c0f5b05d77d42b5664450",
                "f80c78b37ddf342e5ae5cbab0d99018b8710693df5055abb7b0fa9adef761138",
                "545139efe49730321b171715d04e666f5b192772967c3a82eca10e992e316c35",
                "dec69a67817b68160b5c2e82fecca3ad33217863e111f0bfa74bbf910d268f66",
                "9d6c5db29685dda4ca07ec6953b8f914efb2041401bde26b4a4cf64cb660af8d",
                "13e3287a4c8e761771a48499553c8de0b1a15ef3763754ac65aa95db14d9ea18",
                "946bc5e3fcd3ec476c96611fbc1a86ba2e88b8024b3625f50d694da8ce606518",
                "095c4725ef234ddbd2d1befc0fedf12274add6f291a63444b21cfc6ada58f63e",
                "66ebc25a5f9db74f542c6029836fa5675bbed00cd028dbd7fa52688c51dddd32",
                "e3048ba756a175e01bf5d58fdf7abdffae6fd6e8130947df7b15ffa0ff377327",
                "09e7bc9ad50d512dd224c8072a7ec759b706e94bbab57a5071db3766efa51d4e",
                "7d837e36dfcd622a25be8860c3546b183244ba154bca398b3f6f122264201a7c",
                "223828dba67a98a1230c2748f1e256079ad06656f53c020b1241173d2286db91",
                "a369ace29438ca84e8055ddbf13e4fbfa2ade0ff22f4075f7f92788cdeec60fd",
                "4dca66a39d291036d0aea5b605cedb9c2acc412bde26bdbd28325b13548f97c2",
                "4515244e3264d81e4657611e05aa5875c43a997bd56b2734297b31da89d8329c",
                "8ae8f039d3e28d41c63214ea9c060cb7e8d2f99625d0909c3b63d1840bf8e1ca"
            ],
            "type": "Document",
            "firstPartyCookies": {},
            "firstPartyCookiesSent": {},
            "exampleSites": [
                "ok.xxx",
                "de.ok.xxx",
                "de.perfektdamen.co",
                "de.pornhat.com",
                "es.ok.xxx",
                "fr.perfectgirls.xxx",
                "fr.pornhat.com",
                "hello.porn",
                "hi.okxxx1.com",
                "it.ok.xxx",
                "it.pornhat.com",
                "max.porn",
                "okxxx1.com",
                "pornstars.tube",
                "www.perfektdamen.co",
                "www.perfectgirls.xxx",
                "www.pornhat.one",
                "www.pornhat.com"
            ]
        },
        {
            "rule": "ptcdw\\.com\\/video-banner\\/",
            "cookies": 0,
            "fingerprinting": 1,
            "subdomains": [],
            "apis": {
                "window.innerHeight": 2,
                "window.innerWidth": 2
            },
            "sites": 4,
            "prevalence": 0.0000283,
            "cnames": [],
            "responseHashes": [
                "b255572050318d351ac13c6563ee455aa984eff7608da85e6e4ea4a6118ab410",
                "fa417efd0a6f61508141548bad7fab1a217fea85ef0202aa5ee79c4be9a8035b",
                "1cff89df5e042c01f05b02e34a97b4f6353dd927531b0c84118b8a4b5fa47798"
            ],
            "type": "Document",
            "firstPartyCookies": {},
            "firstPartyCookiesSent": {},
            "exampleSites": [
                "escortdirectory-uk.com",
                "escortdirectory-usa.com",
                "shemale.uk",
                "xlamma.com"
            ]
        },
        {
            "rule": "ptcdw\\.com\\/natlf\\/lf\\/ch\\/",
            "cookies": 0,
            "fingerprinting": 1,
            "subdomains": [],
            "apis": {
                "window.innerHeight": 3,
                "window.innerWidth": 3
            },
            "sites": 4,
            "prevalence": 0.0000283,
            "cnames": [],
            "responseHashes": [
                "62870f39862b80957cf12466f7ed42e2ce194f26e3fcd5ee9b5db81b0d1198e7",
                "f584eadd18bf06122238399ae5ef96701432d9216191c1a02033377397bf6ef0"
            ],
            "type": "Document",
            "firstPartyCookies": {},
            "firstPartyCookiesSent": {},