{
    "domain": "puabvo.com",
    "owner": {},
    "source": [
        "DuckDuckGo-US"
    ],
    "prevalence": 0.000382,
    "sites": 54,
    "subdomains": [],
    "cnames": [],
    "fingerprinting": 1,
    "resources": [
        {
            "rule": "puabvo\\.com\\/code\\/native\\.js",
            "cookies": 0,
            "fingerprinting": 1,
            "subdomains": [],
            "apis": {
                "Document.cookie getter": 28
            },
            "sites": 35,
            "prevalence": 0.000248,
            "cnames": [],
            "responseHashes": [
                "0ed68940ecb62b8d5404f6cef12dd5838330fd1c96b0341660fb0b282f1e75e9",
                "79a656c6bfbb4bfe727b940a8ea4e0844f284339e1220dd105d6fa5c68c8add8",
                "40d5f1f963df900ad95132cdc0bf3aada3832a53510252d8959df4f9c0a8bfc9",
                "2bae88ccc51db265c41f7191be305aef3b3d4398aee0980bd282bd10a69aabd8",
                "1fc5eb7660fe2a0e5e98eb77145ba2e69bd21b66f7526b69cd465a8c093c2def",
                "7e421d3f471d6045a58bbbde51dfa249009bf4c1a3899c8e17dd10fcfd9a23ba",
                "127b0e9ce7ce510a8e05e2f48850667bc08fe512aa09ea14558ffb43693b3f50",
                "8f4d214c2832c3b4a8b4eea8c74947b96cd93b393b2b5c05d628fa8b6353ae9e",
                "37405c6236071bb88bf5db1bc221422ffbe6f08b500afff66e905d3315f14a34",
                "1d8d9a554802a7d6612de62606f699300de0846d43a9349b3d082d75b9af2cc3",
                "c274f4f6d0b0bf9d0602d8eea8746122e20b751e5c1339213d181bdfd7a82b43",
                "baaba8e5638283f03905272b04df50bbd1eedceb07fa16b883fca698500a5e36",
                "bd0cf44c7417c173fb4d73f2025e6392ef6197f1cd483df6a9368655f2ad8c71",
                "23a739d83d7fb68fdad625ef857c48b3a844317c35e51391843249ffdd35fabe",
                "4c1b0114fe901dd021027ecbd206aa164c80a1a834fad737e83c1cc0f069d100",
                "b070f14058a50d5bd23a90f97e05f4e59477f73c0450ebb299894f62567fcc74",
                "16025aa37e1189a81efdddc957ac8ef5a10a86f545e24386e1547c7f14d65242",
                "4785abca5ee884f5a06b664cd9745d9e92c924994df0b35557dae46a0ccb619b",
                "18a0695b7de4b0897afa1a86c4abc3bd98ed960415f76f1a3cd874d1f5c9b7e8",
                "ad4c2edc4d9c133c37417f24a30f411a3ce4f3bb7e0404f749e39890bafded1c",
                "fb4e17f181d958d199c244d7429be34f88d3cab409404cb2f0e872483f4d8f52",
                "10b97be494451fd2157f3b445c0aa88f9917ec128a96f8aa3aa60a7061ae6af1",
                "3b370e6517377e8fe5a6f3725973c1f771c70a4bdd3d1acb0d16b55fad97f4b6",
                "108644cb118e157df624e0f8b5f3173991986386c4177942efaae213588e6d43",
                "14ae9ecdaf5a2acffb057f3e97f28f3c340473cc82de1d24b3b782c95f59ebdd",
                "ab41b9142481c183eb7cc5537218216356750b484e3229d1c41b7255713220e0",
                "5e106bf8a3128fa3e5690ffbc38c586927a2b2d33619070268ba93c41942cba2",
                "82b5ca4cfca28d1c89809f5e62be18ce6b64ad9e9644f4cb6f0d2bb9b736eefd",
                "becef7e018ca81311b4709b304f29da086f9389e92fe3789a3523f6b70194cfd"
            ],
            "type": "Script",
            "firstPartyCookies": {},
            "firstPartyCookiesSent": {},
            "exampleSites": [
                "xxnxx.live",
                "animalsexdog.net",
                "zoozhamster.com",
                "freeanimalporn.tv",
                "zoosexwithanimals.net",
                "zoofreeporn.com",
                "pornozo.me",
                "xxxvideoszoo.com",
                "zooporn.blog",
                "zoopornmd.com",
                "www.freeanimalporn.tv",
                "zoo-xnxx.com",
                "zooxvideos.blog",
                "animalzoosex.world",
                "pornzoovideos.com",
                "zoo-xvideos.com",
                "zoofiliaporno.blog",
                "desipornhub.org",
                "zerkiss.cc",
                "xnxx.lgbt"
            ]
        }
    ],
    "categories": [],
    "performance": {},
    "cookies": 0,
    "topInitiators": [
        {
            "domain": "first party",
            "prevalence": 0.9259259259259259
        },
        {
            "domain": "vulesecdn.click",
            "prevalence": 0.07407407407407407
        }
    ],
    "types": {
        "Script": 35
    },
    "nameservers": []
}