{
    "domain": "r-ad.ne.jp",
    "owner": {},
    "source": [
        "DuckDuckGo-US"
    ],
    "prevalence": 0.0000637,
    "sites": 9,
    "subdomains": [
        "tm"
    ],
    "cnames": [],
    "fingerprinting": 1,
    "resources": [
        {
            "rule": "r-ad\\.ne\\.jp\\/cv",
            "cookies": 0.0000637,
            "fingerprinting": 0,
            "subdomains": [
                "tm"
            ],
            "apis": {},
            "sites": 9,
            "prevalence": 0.0000637,
            "cnames": [],
            "responseHashes": [
                "e3b0c44298fc1c149afbf4c8996fb92427ae41e4649b934ca495991b7852b855",
                "95a32d3664187879a21d5908a42df1321062e88cf391bd69ba4666a635afba7f",
                "72530e6b6cbcff7ce3b67db075436bed7eda072785a0032eda08938d41f14380",
                "a186da2e47dcc824cd241e8699a8bbe27c8f695cf57c6e8752c0499615d1fb1b",
                "65bda43ada5c2e87b9ac999407db1880dcd5e0bd98e503d2e09adc04c88a45a4",
                "1b92aab087dd9642391a7f6ce4e57a34f8673cf4ffbd7c76e8e805f2978eb658",
                "8b0e2f9bffbaa975e73101181e47c86c83999c3a0887b9981c752f1e96320a95",
                "2c55cbc29b5c60cfec8227326d7b46bd42021c56d6927b59c8e6148ae2b95be5"
            ],
            "type": "Script",
            "firstPartyCookies": {},
            "firstPartyCookiesSent": {
                "r_ad_token1": 0.0000070733363512901765,
                "r_ad_token2": 0.0000070733363512901765
            },
            "exampleSites": [
                "hotpepper.jp",
                "beauty.hotpepper.jp",
                "shingakunet.com",
                "suumo.jp",
                "www.carsensor.net",
                "www.hotpepper.jp",
                "www.topvalu.net",
                "www.workman.co.jp",
                "zexy.net"
            ]
        }
    ],
    "categories": [],
    "performance": {},
    "cookies": 0.0000637,
    "topInitiators": [
        {
            "domain": "googletagmanager.com",
            "prevalence": 0.6428571428571429
        },
        {
            "domain": "first party",
            "prevalence": 0.35714285714285715
        }
    ],
    "types": {
        "Script": 9
    },
    "nameservers": [
        "ns-380.awsdns-47.com",
        "ns-516.awsdns-00.net",
        "ns-1211.awsdns-23.org",
        "ns-2034.awsdns-62.co.uk"
    ]
}