{
    "domain": "rcsmetrics.it",
    "owner": {
        "name": "RCS Mediagroup S.p.A",
        "displayName": "RCS Mediagroup"
    },
    "source": [
        "DuckDuckGo-US"
    ],
    "prevalence": 0.0000707,
    "sites": 10,
    "subdomains": [
        "smetrics",
        "dmpmetrics"
    ],
    "cnames": [],
    "fingerprinting": 1,
    "resources": [
        {
            "rule": "rcsmetrics\\.it\\/id",
            "cookies": 0.0000637,
            "fingerprinting": 0,
            "subdomains": [
                "smetrics"
            ],
            "apis": {},
            "sites": 9,
            "prevalence": 0.0000637,
            "cnames": [],
            "responseHashes": [
                "fad1e022198fae13c09ff8a867db29365af33e45606b19d12682deb6332c9379",
                "b58bbb5af479879c86367882ae7be2c85ec5ff88be350b649429a9fca6622cc3",
                "6f14fa23fbeedbc2ab9039bbe6409295b6297978c7024033d6395c7a56bf395a",
                "87fe5d707671497f80f6f2bfbbbf8b996d20a31386b3f25070cad848406330a0",
                "2a1ad47c6cad87290710799c00a57c6913ef3de874ad070669281ec7a0dd7d55",
                "161924e457e8dc56e7159a72af31c344a91608d63b9f6a6e155c8999d3236d09"
            ],
            "type": "XHR",
            "firstPartyCookies": {},
            "firstPartyCookiesSent": {
                "s_fid": 0.00004244001810774106,
                "s_fid_old": 0.00004244001810774106,
                "UESeg": 0.00003536668175645088
            },
            "exampleSites": [
                "la7.it",
                "www.fcinter1908.it",
                "www.gazzetta.it",
                "www.giroditalia.it",
                "www.iodonna.it",
                "www.la7.it",
                "www.open.online",
                "www.unionesarda.it",
                "www.violanews.com"
            ]
        },
        {
            "rule": "rcsmetrics\\.it\\/",
            "cookies": 0.0000354,
            "fingerprinting": 1,
            "subdomains": [
                "dmpmetrics"
            ],
            "apis": {
                "Document.cookie getter": 5,
                "Document.cookie setter": 5
            },
            "sites": 6,
            "prevalence": 0.0000424,
            "cnames": [],
            "responseHashes": [
                "a0c8dda5521b14ea824a013a2ad53abb5cfdfaf78ba1dbc2aaf55793763b9fd3"
            ],
            "type": "Script",
            "firstPartyCookies": {
                "UESeg": {
                    "ttl": 31104000,
                    "length": 38,
                    "prevalence": 0.00003536668175645088,
                    "uniqueness": 1
                }
            },
            "firstPartyCookiesSent": {},
            "exampleSites": [
                "fcinter1908.it",
                "www.gazzetta.it",
                "www.giroditalia.it",
                "www.iodonna.it",
                "www.la7.it",
                "www.violanews.com"
            ]
        }
    ],
    "categories": [],
    "performance": {},
    "cookies": 0.0000707,
    "topInitiators": [
        {
            "domain": "gazzettaobjects.it",
            "prevalence": 0.46153846153846156
        },
        {
            "domain": "tiqcdn.com",
            "prevalence": 0.2692307692307692
        },
        {
            "domain": "rcsobjects.it",
            "prevalence": 0.23076923076923078
        },
        {
            "domain": "rum.us-east-1.amazonaws.com",
            "prevalence": 0.038461538461538464
        }
    ],
    "types": {
        "XHR": 9,
        "Script": 6
    },
    "nameservers": [
        "dnsgeo6.tuonomeregistrar.net",
        "dnsgeo5.tuonomeregistrar.com"
    ]
}