{
    "domain": "redfastlabs.com",
    "owner": {},
    "source": [
        "DuckDuckGo-US"
    ],
    "prevalence": 0.000262,
    "sites": 37,
    "subdomains": [
        "a91b1a35-fbd1-490b-96fc-4d5f4e94e3f3",
        "99bad415-a15a-4792-bd4c-dd79f2848ebb",
        "1fd4972a-a5e7-4b86-92a7-2c6375ba14ea",
        "f09f1d36-b84e-46ce-a972-e643ab51dad7",
        "2bd7f85b-c9c0-44cb-a345-50c51f0c0567",
        "01e7a205-a967-499a-bb8b-7f8e6c870759",
        "c5ae3b90-d8c4-4a2f-8774-4856a74d56b8",
        "a1882387-4666-4392-bdc4-bfb21518a3ca",
        "144c3146-0ceb-4476-9fba-04f8dbce33e3",
        "35a7c448-91af-45bd-acff-7e1530ad5971",
        "685453e5-4cfd-43ff-bac9-a49c34b4b976",
        "ff4521da-f364-47a6-9576-6f078891a991",
        "6cc9b666-1186-4ad5-ad4c-e6707986cbdd"
    ],
    "cnames": [],
    "fingerprinting": 2,
    "resources": [
        {
            "rule": "redfastlabs\\.com\\/assets\\/redfast\\.js",
            "cookies": 0,
            "fingerprinting": 1,
            "subdomains": [
                "a91b1a35-fbd1-490b-96fc-4d5f4e94e3f3",
                "99bad415-a15a-4792-bd4c-dd79f2848ebb",
                "1fd4972a-a5e7-4b86-92a7-2c6375ba14ea",
                "f09f1d36-b84e-46ce-a972-e643ab51dad7",
                "2bd7f85b-c9c0-44cb-a345-50c51f0c0567",
                "01e7a205-a967-499a-bb8b-7f8e6c870759"
            ],
            "apis": {
                "Navigator.prototype.userAgent": 11,
                "window.sessionStorage": 12,
                "Navigator.prototype.platform": 11,
                "Document.cookie getter": 4,
                "window.localStorage": 11,
                "Event.prototype.timeStamp": 8,
                "Date.prototype.getTime": 5
            },
            "sites": 17,
            "prevalence": 0.00012,
            "cnames": [],
            "responseHashes": [
                "289a7b2d03237dac4fdd82f3eda699e166b040c23b743b1ede292acf0246aeb3",
                "861161d589b12705b2fbaf5a57315527f769c3e4c131bf3ad165240cb702717d",
                "98e178841fade2392fc8deea8513f761a7ed5bcaef1cfde68a153ed36ea3a703",
                "276c87ece3c05c093c173bb20c93838f939ebb5cc71a31107f7689deb828b2e0",
                "908a4845fd3ee1feee78e4bb75894bee84d732050a89131662e15528d86284c9"
            ],
            "type": "Script",
            "firstPartyCookies": {},
            "firstPartyCookiesSent": {},
            "exampleSites": [
                "247sports.com",
                "co.milesplit.com",
                "ks.milesplit.com",
                "ny.milesplit.com",
                "pa.milesplit.com",
                "tv.varsity.com",
                "va.milesplit.com",
                "watch.plex.tv",
                "www.citizenm.com",
                "www.flobikes.com",
                "www.floracing.com",
                "www.flotrack.org",
                "www.flowrestling.org",
                "www.nfhsnetwork.com",
                "www.plex.tv",
                "www.tfrrs.org",
                "www.thesimsresource.com"
            ]
        },
        {
            "rule": "redfastlabs\\.com\\/assets\\/brig\\.umd\\.min\\.App\\.js",
            "cookies": 0,
            "fingerprinting": 1,
            "subdomains": [
                "a91b1a35-fbd1-490b-96fc-4d5f4e94e3f3",
                "c5ae3b90-d8c4-4a2f-8774-4856a74d56b8",
                "a1882387-4666-4392-bdc4-bfb21518a3ca",
                "99bad415-a15a-4792-bd4c-dd79f2848ebb",
                "1fd4972a-a5e7-4b86-92a7-2c6375ba14ea",
                "f09f1d36-b84e-46ce-a972-e643ab51dad7",
                "144c3146-0ceb-4476-9fba-04f8dbce33e3",
                "35a7c448-91af-45bd-acff-7e1530ad5971",
                "2bd7f85b-c9c0-44cb-a345-50c51f0c0567",
                "685453e5-4cfd-43ff-bac9-a49c34b4b976",
                "ff4521da-f364-47a6-9576-6f078891a991",
                "01e7a205-a967-499a-bb8b-7f8e6c870759"
            ],
            "apis": {
                "Navigator.prototype.userAgent": 16,
                "window.localStorage": 16
            },
            "sites": 20,
            "prevalence": 0.000141,
            "cnames": [],
            "responseHashes": [
                "6dda04e1a55905207bfd9b2725e269bb03d5075a76fa7b417bed5084bbc29096",
                "7c84abf8a3649b5b7b324df14a29e719c9461c54e1b16d43f25bad7904d66741",
                "f890366e88dfaf5016bdbf6d2f23739ef2dff2f5549ca2956bd0bf49a132f7b3",
                "5c95ddfb18188f7a8e61e148b0b8b905220cffdfad1024822ce14b0de80ee548",
                "b304b007dc6ecc351d5c556ac762e8fc4ec53e125dfda47d300651bb6aeea7cd",
                "548e2d649e0cd619a6e9c68d99709bccb230ab650b8d50b4c74365f40cbfc4c2",
                "f92d5ffe940be507a42d49258e2c098d1dab9d474cf4c7962614856b45d18179",
                "57a109d114009fa4613bed81d1189f0743f2d4de70b98a0a65ae34b6490e269e",
                "dc6e97e0f8b99a415fa904607dbdae6427401623b28affc6b7c5627899d26611",
                "72e328ee1c9cf16c2a97e73111fb342913801cdb44af89026b285f8067f9f355",
                "d53cf1bcf074cb6191c977d58dc8b22d0482fa17a82699425ed1aef4bd5a66a6"
            ],
            "type": "Script",
            "firstPartyCookies": {},
            "firstPartyCookiesSent": {},
            "exampleSites": [
                "247sports.com",
                "britbox.com",
                "nation.foxnews.com",
                "try.nation.foxnews.com",
                "tv.varsity.com",
                "watch.plex.tv",
                "www.britbox.com",
                "www.citizenm.com",
                "www.flobikes.com",
                "www.floracing.com",
                "www.flotrack.org",
                "www.flowrestling.org",
                "www.fox.com",
                "www.mindvalley.com",
                "www.nfhsnetwork.com",
                "www.ntathome.com",
                "www.plex.tv",
                "www.tennischannel.com",
                "www.tfrrs.org",
                "www.thesimsresource.com"
            ]
        },
        {
            "rule": "redfastlabs\\.com\\/assets\\/bundle\\.js",
            "cookies": 0,
            "fingerprinting": 1,
            "subdomains": [
                "c5ae3b90-d8c4-4a2f-8774-4856a74d56b8",
                "6cc9b666-1186-4ad5-ad4c-e6707986cbdd",
                "a1882387-4666-4392-bdc4-bfb21518a3ca",
                "144c3146-0ceb-4476-9fba-04f8dbce33e3",
                "35a7c448-91af-45bd-acff-7e1530ad5971",
                "685453e5-4cfd-43ff-bac9-a49c34b4b976",
                "ff4521da-f364-47a6-9576-6f078891a991"
            ],
            "apis": {
                "Navigator.prototype.userAgent": 6,
                "Event.prototype.timeStamp": 6,
                "window.sessionStorage": 7,
                "Date.prototype.getTime": 6,
                "Navigator.prototype.platform": 6,
                "Document.cookie getter": 4,
                "window.localStorage": 7
            },
            "sites": 9,
            "prevalence": 0.0000637,
            "cnames": [],
            "responseHashes": [
                "5526d77423b32566c4adc13989010dd1178af8e3dbce37c729d0fce2b498f69b",
                "31bd75256c53e9c7ea5bb60bfc3e49e96872b26adfa3bbf72694ce601c02ff55",
                "2349be587b98c9668d4f6818ad465ac185b80ba67c0e36c7214d1b3017e176de",
                "3c0da40b3ad93af73b22f3444f2a5a96c985a5e772cfa7bdb90e538d4b808151",
                "49b23dce3c7114d28ce934e5031ca88bacb00a3e3b915393ef77e13d138f53c3",
                "a217f993c75bc266b720ec64a6c8d0092ed0a662b052684223dce1dbb37359a9"
            ],
            "type": "Script",
            "firstPartyCookies": {},
            "firstPartyCookiesSent": {},