{
    "domain": "reklon.net",
    "owner": {},
    "source": [
        "DuckDuckGo-US"
    ],
    "prevalence": 0.000113,
    "sites": 16,
    "subdomains": [
        "spyglass"
    ],
    "cnames": [],
    "fingerprinting": 3,
    "resources": [
        {
            "rule": "reklon\\.net\\/api\\/spots\\/362547",
            "cookies": 0.0000707,
            "fingerprinting": 0,
            "subdomains": [
                "spyglass"
            ],
            "apis": {},
            "sites": 10,
            "prevalence": 0.0000707,
            "cnames": [],
            "responseHashes": [
                "a5acf5ce94a30cbfae9a4435810ce931ecebdbf3f03b1aece6e2ad02d1e4a121",
                "2c60999065e6d550045ea3b0a03f5ea6b25afe24fc19aeae428a3843fef5102e",
                "1ac5bc0cb4a02424316c0881df0a6f28a837e8f7d6a904ffcde73c20bc851f19",
                "0adda55cf25b3747b80d288e59f6dcd243d1b83a20cff2405b0bca0b48d60551",
                "18dd890a9d7694ca62501d91c4ab52d435cd1cf61b2ca064b8af6900484c1ece",
                "1a9071349ded817daab09c20f5ca988c3e78072d346ab0627ab7437a714b0873",
                "cbfe1d59ecb56def5ede080bc4f3fae676f5fc6b0b60099b3cb7493a8fcc657a",
                "26d49a87c3b479306b9a74d89c1376479b181bfccc0439e1863bc52294e58d5e",
                "7fa434754d386bf05e9ca98bd4eb6687e1ba430e6d9511eadd934654564a6a61"
            ],
            "type": "Document",
            "firstPartyCookies": {},
            "firstPartyCookiesSent": {},
            "exampleSites": [
                "18nudeteens.net",
                "blackporn24.com",
                "blowjobs.pro",
                "lesbianporn8.net",
                "milfporn8.net",
                "momsex.tv",
                "pornteentube.tv",
                "teenfuckhd.com",
                "teenporn24.net",
                "thematureporn.net"
            ]
        },
        {
            "rule": "reklon\\.net\\/api\\/spots\\/362548",
            "cookies": 0.0000707,
            "fingerprinting": 0,
            "subdomains": [
                "spyglass"
            ],
            "apis": {},
            "sites": 10,
            "prevalence": 0.0000707,
            "cnames": [],
            "responseHashes": [
                "8493f0d08c818312cb298662b02ebf0c8d6455239dc8711cbbd8eb760f894ae0",
                "bc01bfbd61b71e0282a0f4f48260c244957f79e1cb3d5366ccaecaa26e4175a9",
                "e3103c9ff0fdbf45af78a587100dcd58222c1f0d79fb874fdf2edf85836244fa",
                "d3a28fbdab1e785a2919b7b2763ccc0c84dce8bbffbacf9620de58080e30f235",
                "dfeb1712c3ab0abf5e122437a85a8c6699a27fdf9d96c2136d8a88341918b7fb",
                "67b857f902721b2a1b10f49a7a9ca52ec8c65fa657201325b6e5715b3fc5528d",
                "7004cd58b5efff88a0f3cfbd43686ed7e0c93748e9959541989dd502087d2a53",
                "a903579cfabb2ef7a8426ad5bdd743c292368bc71dc79421cb756c8c8a4abe47",
                "5f8ebfdca62dde508ff107547fefa6f38b632b20a7ef2c852b8d9743cc3db006"
            ],
            "type": "Document",
            "firstPartyCookies": {},
            "firstPartyCookiesSent": {},
            "exampleSites": [
                "18nudeteens.net",
                "blackporn24.com",
                "blowjobs.pro",
                "lesbianporn8.net",
                "milfporn8.net",
                "momsex.tv",
                "pornteentube.tv",
                "teenfuckhd.com",
                "teenporn24.net",
                "thematureporn.net"
            ]
        },
        {
            "rule": "reklon\\.net\\/api\\/spots\\/362549",
            "cookies": 0.0000707,
            "fingerprinting": 0,
            "subdomains": [
                "spyglass"
            ],
            "apis": {},
            "sites": 10,
            "prevalence": 0.0000707,
            "cnames": [],
            "responseHashes": [
                "3f726b762b21efe5d528c9eef83e2927813a15bbd500fb5e5169dbe535514532",
                "eafb928fb155a297f772da873ed1cf5f48e69384ab64abd53ee90eb661636f0e",
                "009487b199256f425514bc6f58f5bf86dafcc3c1763e8ff7e0fe9ad9a6d77127",
                "a91fb1a1a55ec3c2934a3608629ad91793761ef9f80a7e9eb11dcf1893f21afe",
                "43c1aab9c698d396778820afe3f0f0880b1b0c2d9b0ba191b8f85572d2832ad3",
                "a92511473d58717767bed6c2c6c0de1363a30c931196f631c6123a2169e5ac74",
                "4c9bf83e969ecd8689bea99f011dfefe98d5cdb1d5d7e6a7eef7780959452af1",
                "3910d441be67392e0857c8feb7b67d53911e0262dd4da6b55b4b56fea66e22d2",
                "e886303590576d6238a28b2d84f6c0d41ae1c6df24781e136e1d262b62d2cd2d"
            ],
            "type": "Document",
            "firstPartyCookies": {},
            "firstPartyCookiesSent": {},
            "exampleSites": [
                "18nudeteens.net",
                "blackporn24.com",
                "blowjobs.pro",
                "lesbianporn8.net",
                "milfporn8.net",
                "momsex.tv",
                "pornteentube.tv",
                "teenfuckhd.com",
                "teenporn24.net",
                "thematureporn.net"
            ]
        }
    ],
    "categories": [],
    "performance": {},
    "cookies": 0.000113,
    "topInitiators": [
        {
            "domain": "first party",
            "prevalence": 1
        }
    ],
    "types": {
        "Document": 30
    },
    "nameservers": [
        "cleo.ns.cloudflare.com",
        "elaine.ns.cloudflare.com"
    ]
}