{
    "domain": "remarketstats.com",
    "owner": {},
    "source": [
        "DuckDuckGo-US"
    ],
    "prevalence": 0.000255,
    "sites": 36,
    "subdomains": [
        "a"
    ],
    "cnames": [],
    "fingerprinting": 1,
    "resources": [
        {
            "rule": "remarketstats\\.com\\/px\\/smart\\/",
            "cookies": 0,
            "fingerprinting": 0,
            "subdomains": [
                "a"
            ],
            "apis": {},
            "sites": 9,
            "prevalence": 0.0000637,
            "cnames": [],
            "responseHashes": [
                "e3b0c44298fc1c149afbf4c8996fb92427ae41e4649b934ca495991b7852b855"
            ],
            "type": "Image",
            "firstPartyCookies": {},
            "firstPartyCookiesSent": {},
            "exampleSites": [
                "castawaystravel.com",
                "coinledger.io",
                "jointheflyover.com",
                "notice.co",
                "parkingaccess.com",
                "rncstore.com",
                "www.index.dev",
                "www.sitejabber.com",
                "www.thehcginstitute.com"
            ]
        },
        {
            "rule": "remarketstats\\.com\\/px\\/smart\\/",
            "cookies": 0,
            "fingerprinting": 1,
            "subdomains": [
                "a"
            ],
            "apis": {
                "Notification.permission": 7,
                "Navigator.prototype.plugins": 8
            },
            "sites": 19,
            "prevalence": 0.000134,
            "cnames": [],
            "responseHashes": [
                "a9ff4f3824a9d5aa4c7ada4aa75c662bd65c61c47e8c6434ffee78c2078cdcad",
                "211b69d6eaa1d3dbf2efc08f97d440596ae1c77dc01c6dc44732e1e965b5a0a7",
                "c0b3123e83f3a7e70df8e60ba966aaf0b2e109b700285b6a30c40c1acd59c0ea",
                "da592c612ce60e0110eae6afa372426a333abb5d5d597c0edd946795a7d81b03",
                "f3ebd75a2c923d35b564a65c02ca8c16a2de8bc0190fc6b50d5bf17d9a4cba23",
                "05c4250e70fefe28ee0aaad1aefe9faf66dccdfa17a4919cb8235d61705cb7ba",
                "d871e6f273876692128fea9417a8f001a8e39cc4cca5ac744af277d208e44124",
                "c94d91e8543eaa1780d53e313ad5f4d002d938d8247036ee010998ef36379f70",
                "ba3e934e34a04cbbca29ee7cdda13d5efeb5b755c64e0fb482e14757b1ec9bad",
                "c16154ef1aac3a63fc4068f6c75cb65c36c8d479aaad75607f52cbc55bcf1b69",
                "0a5c025195b3926c4003a5fbdf3afa3b123774b125cbaffc4cabf5f2a3d4a76d",
                "403f34984cf4c1214bbe17e2ef1b51b9f1665a2dfd87e7847f9532712cfa26aa",
                "3f588cefefebf9ee69241df57152c2ae52d97669115322554d654df9139edb83"
            ],
            "type": "Script",
            "firstPartyCookies": {},
            "firstPartyCookiesSent": {
                "cl5412ca8i8mvu_uid": 0.0000070733363512901765
            },
            "exampleSites": [
                "graniteshares.com",
                "m.theepochtimes.com",
                "renewalbyandersen.com",
                "trendingpoliticsnews.com",
                "www.artofliving.org",
                "www.cambriafunds.com",
                "www.catholictothemax.com",
                "www.eotechinc.com",
                "www.greenindustrypros.com",
                "www.myteeproducts.com",
                "www.ntd.com",
                "www.raveis.com",
                "www.renewalbyandersen.com",
                "www.resortrealty.com",
                "www.theceshop.com",
                "www.theepochtimes.com",
                "www.ustreasuryetf.com",
                "www.whitesfarmsupply.com",
                "www.woodlandscenter.org"
            ]
        }
    ],
    "categories": [],
    "performance": {},
    "cookies": 0,
    "topInitiators": [
        {
            "domain": "googletagmanager.com",
            "prevalence": 0.4358974358974359
        },
        {
            "domain": "trovo-tag.com",
            "prevalence": 0.2564102564102564
        },
        {
            "domain": "first party",
            "prevalence": 0.1794871794871795
        },
        {
            "domain": "geoedge.be",
            "prevalence": 0.05128205128205128
        },
        {
            "domain": "proofpoint.com",
            "prevalence": 0.05128205128205128
        },
        {
            "domain": "pixelboom.co",
            "prevalence": 0.02564102564102564
        }
    ],
    "types": {
        "Image": 9,
        "Script": 19
    },
    "nameservers": [
        "emma.ns.cloudflare.com",
        "rick.ns.cloudflare.com"
    ]
}