{
    "domain": "reputon.com",
    "owner": {},
    "source": [
        "DuckDuckGo-US"
    ],
    "prevalence": 0.000163,
    "sites": 23,
    "subdomains": [
        "feedback",
        "grw",
        "tmnls",
        "ebrw",
        "cdn.tmnls",
        "cdn.grw",
        "ytb"
    ],
    "cnames": [],
    "fingerprinting": 1,
    "resources": [
        {
            "rule": "reputon\\.com\\/app\\/storefront\\/widget",
            "cookies": 0,
            "fingerprinting": 0,
            "subdomains": [
                "feedback",
                "grw",
                "tmnls",
                "ebrw"
            ],
            "apis": {},
            "sites": 16,
            "prevalence": 0.000113,
            "cnames": [],
            "responseHashes": [
                "834838806670e465f37743a529e517ed8d99dd83e9bc7ddbb3ef9c83843f0da9",
                "8e600d5ceab767a73dcd2ebc164908eeed79111054d205976db27291f24586b7",
                "1900ad392fbd267f2d995e4574aef527195f375640186fcc7942fad2c8834d96",
                "c3a820ed9c1a25460cbc8adbdf685c3341e0c3822096b323717b6e219a027d0f",
                "c942d66a82c3a285d888cf389468a8af322c34754afb606600d36588286a4f19",
                "d2fa3f5b94f099805f10504da0d09ff3097dcf7a02935b8759b86159726fe7b7",
                "bc106a2894c64e1b8293b788a80d2fc1e6c1d8ece476dea2d1c912d18e67709e",
                "755d0354bc1da8808d9c714e38be18ab11768c9283ba8c37777fabdd133c2232",
                "1d74ff898edf6329d5b2025e4029b65851631d70aa8c56ae762a488c0522b5c8",
                "c6d44e72236b1629ebeba61914576b680d92c4a09068fdd1019e2e6e7dc64f00",
                "f14a97cad1462010810d5b1689661eed5a47711e6a79fe9e2242e8c493ac6612",
                "18248f0cba4750cf66254af857d5423746c54f81f62821afdd1278c8b8ab11e6",
                "d3d38e9fb9db7d7a67b6587ec7510ae9bf643c6b7805c6aafd1d2071dd50d351",
                "11178be9389cae1ca44d03577e20cd41cb482c6c004f0d36211a6f175b3ab5d1",
                "7f8a138ad0ea1e961558f1be2db3367a17b99a286ab7ef419208005f84e927db"
            ],
            "type": "Fetch",
            "firstPartyCookies": {},
            "firstPartyCookiesSent": {},
            "exampleSites": [
                "advancedtruckparts.com",
                "cabinetstogo.com",
                "comfort-works.com",
                "cutleryandmore.com",
                "kamerastore.com",
                "lumberliquidators.com",
                "skyfiaudio.com",
                "superarbor.io",
                "www.craftoutlet.com",
                "www.foxhoundbeecompany.com",
                "www.gogreensolar.com",
                "www.grillpartsamerica.com",
                "www.juvent.com",
                "www.legendaryautointeriors.com",
                "www.strapcode.com",
                "www.tcoflyfishing.com"
            ]
        },
        {
            "rule": "reputon\\.com\\/assets\\/widget\\.js",
            "cookies": 0,
            "fingerprinting": 1,
            "subdomains": [
                "cdn.tmnls",
                "cdn.grw"
            ],
            "apis": {
                "Document.cookie getter": 3,
                "window.innerWidth": 1,
                "Navigator.prototype.platform": 1,
                "Navigator.prototype.userAgent": 1,
                "Screen.prototype.width": 1,
                "Screen.prototype.height": 1,
                "Date.prototype.getTime": 1
            },
            "sites": 7,
            "prevalence": 0.0000495,
            "cnames": [],
            "responseHashes": [
                "5139785d299e4825eed31d70b9b916c60b7216dc58c0375f59c8c52a3b1d4ba1"
            ],
            "type": "Script",
            "firstPartyCookies": {},
            "firstPartyCookiesSent": {},
            "exampleSites": [
                "als-gardencenter.com",
                "cabinetstogo.com",
                "cutleryandmore.com",
                "kamerastore.com",
                "superarbor.io",
                "tkcustom.com",
                "www.strapcode.com"
            ]
        },
        {
            "rule": "reputon\\.com\\/app\\/storefront\\/content",
            "cookies": 0,
            "fingerprinting": 0,
            "subdomains": [
                "ytb"
            ],
            "apis": {},
            "sites": 3,
            "prevalence": 0.0000212,
            "cnames": [],
            "responseHashes": [
                "223966fa136c6d72e85fa373c5a00ebdb96f15c13c539dfd565c11dca5bd69a0"
            ],
            "type": "Fetch",
            "firstPartyCookies": {},
            "firstPartyCookiesSent": {},
            "exampleSites": [
                "drstanfield.com",
                "schachtspindle.com",
                "sdhqoffroad.com"
            ]
        }
    ],
    "categories": [],
    "performance": {},
    "cookies": 0,
    "topInitiators": [
        {
            "domain": "first party",
            "prevalence": 0.8787878787878788
        },
        {
            "domain": "intelligems.io",
            "prevalence": 0.030303030303030304
        },
        {
            "domain": "minmaxify.com",
            "prevalence": 0.030303030303030304
        },
        {
            "domain": "shopify.com",
            "prevalence": 0.030303030303030304
        },
        {
            "domain": "unpkg.com",
            "prevalence": 0.030303030303030304
        }
    ],
    "types": {
        "Fetch": 19,
        "Script": 7
    },
    "nameservers": [
        "ns-92.awsdns-11.com",
        "ns-1581.awsdns-05.co.uk",
        "ns-1121.awsdns-12.org",
        "ns-923.awsdns-51.net"
    ]
}