{
    "domain": "responsivevoice.org",
    "owner": {
        "name": "ExitReality",
        "displayName": "ExitReality"
    },
    "source": [
        "DuckDuckGo-US"
    ],
    "prevalence": 0.000283,
    "sites": 40,
    "subdomains": [
        "code"
    ],
    "cnames": [],
    "fingerprinting": 2,
    "resources": [
        {
            "rule": "responsivevoice\\.org\\/responsivevoice\\.js",
            "cookies": 0,
            "fingerprinting": 2,
            "subdomains": [
                "code"
            ],
            "apis": {
                "Navigator.prototype.userAgent": 9,
                "speechSynthesis.__proto__.getVoices": 16,
                "Navigator.prototype.languages": 18
            },
            "sites": 24,
            "prevalence": 0.00017,
            "cnames": [],
            "responseHashes": [
                "bf165b0a8448f3db3bc25bd301d1ab1e8a420a80ed42a268e235b635a6395226",
                "7f98abfb91b5369e1e949d26c0517d038053a653e4b4b5d18b845936be77cd7a",
                "edb33b2d083e3639395999f596ab1302b569bbf0354a37e468fc2eccea2cb211",
                "0d0fe8db2e949d23dbe2e77f32370b5ca32bc7c52a1217ec191433f98587a4ba",
                "64614f7d057b46d1181ed0ada1fb80842476086e37452ce4de072819a54c60dc",
                "ceb1f77481d2fa6c9e2bf69a5f5c687f0b129e98e26550a0c7ce27b2c191a8e7",
                "f3e65c559c56c869f64acf7965d8e8761ddeaa0d9dd42654386634668af94e4c",
                "3467321dcdd616a69d68d8350ae7780bafc6f44b125fbfdce1fa6c4639d911b7",
                "ef179b8cc6c94e9b520087f2843406b24b63b0ece2381c4645d5243f71e39bfc",
                "e77bc7a614d0f4ee55a598a06a2083903efe2c881ab2435fd55b62395aef6f8c",
                "5e41d5fb3b7c301c68a9cbb83d9d6c1c94d71b31f51f50ca65abb05dbe159424",
                "5f4e734b5b83750755bc7c2de3420bff6fd6f1cf1bbae5d7406a2e754764feb3",
                "8a2344c3f014cb8368b42b31aaa747670b82f7865c3c8dc655fa0d92fd8e2183",
                "e0e56a96aeee7e9c4a7fd1969dc66bf531d4b4be4bb3c7ef8bfb2a1df6612530"
            ],
            "type": "Script",
            "firstPartyCookies": {},
            "firstPartyCookiesSent": {},
            "exampleSites": [
                "www.marriage.com",
                "www.buenamusica.com",
                "manilastandard.net",
                "www.mobilecountyal.gov",
                "guruhitech.com",
                "www.sabcnews.com",
                "www.ministrymagazine.org",
                "orbitaltoday.com",
                "www.activenews.ro",
                "usaselfdefensecenters.com",
                "spectator.org",
                "www.romajidesu.com",
                "israelmyglory.org",
                "antarvasnasexkahani.com",
                "mycharisma.com",
                "sharpologist.com",
                "invaliditaediritti.it",
                "biologydictionary.net",
                "rockstarintel.com",
                "www.bibliatodo.com"
            ]
        },
        {
            "rule": "responsivevoice\\.org\\/1\\.8\\.3\\/responsivevoice\\.js",
            "cookies": 0,
            "fingerprinting": 2,
            "subdomains": [
                "code"
            ],
            "apis": {
                "speechSynthesis.__proto__.getVoices": 1,
                "Navigator.prototype.languages": 1
            },
            "sites": 2,
            "prevalence": 0.0000141,
            "cnames": [],
            "responseHashes": [
                "97e1030fc0e97330ec1379b13c174648d877954902606455c089ae5a128f206d"
            ],
            "type": "Script",
            "firstPartyCookies": {},
            "firstPartyCookiesSent": {},
            "exampleSites": [
                "invaliditaediritti.it",
                "www.sexverhalen.com"
            ]
        },
        {
            "rule": "responsivevoice\\.org\\/responsivevoice\\.js",
            "cookies": 0,
            "fingerprinting": 0,
            "subdomains": [
                "code"
            ],
            "apis": {},
            "sites": 2,
            "prevalence": 0.0000141,
            "cnames": [],
            "responseHashes": [],
            "type": "Fetch",
            "firstPartyCookies": {},
            "firstPartyCookiesSent": {},
            "exampleSites": [
                "factandmyth.com",
                "www.factandmyth.com"
            ]
        },
        {
            "rule": "responsivevoice\\.org\\/wp-content\\/uploads\\/2014\\/08\\/95x15\\.png",
            "cookies": 0,
            "fingerprinting": 0,
            "subdomains": [],
            "apis": {},
            "sites": 2,
            "prevalence": 0.0000141,
            "cnames": [],
            "responseHashes": [
                "14d21589f9f1d9546a6b7f5a8e1690e809621283b869b3b164d9bbe9dd9dd129"
            ],
            "type": "Image",
            "firstPartyCookies": {},
            "firstPartyCookiesSent": {},
            "exampleSites": [
                "romajidesu.com",
                "www.romajidesu.com"
            ]
        }
    ],
    "categories": [],
    "performance": {},
    "cookies": 0,
    "topInitiators": [
        {
            "domain": "first party",
            "prevalence": 1
        }
    ],
    "types": {
        "Script": 26,
        "Fetch": 2,
        "Image": 2
    },
    "nameservers": [
        "kanye.ns.cloudflare.com",
        "lila.ns.cloudflare.com"
    ]
}