{
    "domain": "retargetly.com",
    "owner": {
        "name": "Retargetly LLC",
        "displayName": "Retargetly"
    },
    "source": [
        "DuckDuckGo-US"
    ],
    "prevalence": 0.000276,
    "sites": 39,
    "subdomains": [
        "api",
        "app"
    ],
    "cnames": [],
    "fingerprinting": 2,
    "resources": [
        {
            "rule": "retargetly\\.com\\/loader",
            "cookies": 0.000233,
            "fingerprinting": 2,
            "subdomains": [
                "api"
            ],
            "apis": {
                "Navigator.prototype.userAgent": 23,
                "window.localStorage": 26,
                "Document.cookie getter": 23,
                "Date.prototype.getTime": 22,
                "NavigatorUAData.prototype.brands": 22,
                "Navigator.prototype.cookieEnabled": 22,
                "Document.cookie setter": 22,
                "NavigatorUAData.prototype.getHighEntropyValues": 7
            },
            "sites": 33,
            "prevalence": 0.000233,
            "cnames": [],
            "responseHashes": [
                "063e438fb0fea094728f28853c8208844dbc60569f5a18a13aa95212e12137db",
                "592c4a70be057557bc69800174cb69e00a6e3acdefe359a831b7d026fa14c868",
                "afe3c16867f095175a89fa705a26f2b7cc3bb37ec9a9d501b0717172e0c842ea",
                "42581b95c652c420e1a88e91c4f50f73ba601601a76fbb7ad421d9ac4ade5aec",
                "13738cf6cc8096db3064273eff2e5b8463edc2297276da34a30c98460a7d6698",
                "70e58e2dc270cfa97bc90e157d135d2bd0239e853a5e3cc9fae1c791c515c24d",
                "99d4fe5415947585a23db0e4f1e8572e75635e108b52190d348851225201778c",
                "1b5346749c2487d9e397acc909b139aed31f935aa7eca768c7bc6b7284ff4ea3"
            ],
            "type": "Script",
            "firstPartyCookies": {
                "_rlid": {
                    "ttl": 15552005,
                    "length": 36,
                    "prevalence": 0.00015561339972838389,
                    "uniqueness": 1
                },
                "_rl_sg": {
                    "ttl": 15552024,
                    "length": 276,
                    "prevalence": 0.0000070733363512901765,
                    "uniqueness": 1
                }
            },
            "firstPartyCookiesSent": {},
            "exampleSites": [
                "buenosairesherald.com",
                "www.24horas.cl",
                "expansion.mx",
                "www.conectate.com.do",
                "www.caracoltv.com",
                "www.elpais.com.co",
                "www.honda.com.br",
                "www.unotv.com",
                "www.att.com.mx",
                "www.cocinadelirante.com",
                "trome.com",
                "mirrorsports.co.uk",
                "www.ambito.com",
                "www.minutouno.com",
                "www.elespectador.com",
                "www.lacuarta.com",
                "www.excelsior.com.mx",
                "www.eluniversal.com.mx",
                "www.reelnews.com.ng",
                "www.milenio.com"
            ]
        },
        {
            "rule": "retargetly\\.com\\/api",
            "cookies": 0.000163,
            "fingerprinting": 0,
            "subdomains": [
                "api"
            ],
            "apis": {},
            "sites": 29,
            "prevalence": 0.000205,
            "cnames": [],
            "responseHashes": [],
            "type": "Document",
            "firstPartyCookies": {},
            "firstPartyCookiesSent": {
                "_rlid": 0.00016268673607967407,
                "lotame_domain_check": 0.000014146672702580353,
                "dy_fs_page": 0.0000070733363512901765,
                "_sharedID": 0.000014146672702580353,
                "__pid": 0.0000070733363512901765,
                "__utmc": 0.0000070733363512901765,
                "__utmz": 0.0000070733363512901765
            },
            "exampleSites": [
                "www.cocinadelirante.com",
                "buenosairesherald.com",
                "www.milenio.com",
                "www.eluniversal.com.mx",
                "www.att.com.mx",
                "www.elespectador.com",
                "www.ambito.com",
                "trome.com",
                "www.minutouno.com",
                "www.clubedohardware.com.br",
                "www.conectate.com.do",
                "www.canalnet.tv",
                "www.unotv.com",
                "www.tunota.com",
                "www.homes.co.jp",
                "www.caracoltv.com",
                "www.visitorlando.com",
                "www.excelsior.com.mx",
                "mirrorsports.co.uk",
                "www.elpais.com.co"
            ]
        },
        {
            "rule": "retargetly\\.com\\/sync",
            "cookies": 0,
            "fingerprinting": 0,
            "subdomains": [
                "api"
            ],
            "apis": {},
            "sites": 8,
            "prevalence": 0.0000566,
            "cnames": [],
            "responseHashes": [
                "1ee70acbd3b0edaf32c0d04341fe602fb7fd51d8924cd737287696b26f0ecae3"
            ],
            "type": "Fetch",
            "firstPartyCookies": {},
            "firstPartyCookiesSent": {
                "_rlid": 0.00004951335445903124
            },
            "exampleSites": [
                "buenosairesherald.com",
                "elcomercio.pe",
                "www.ambito.com",
                "www.att.com.mx",
                "www.claro.com.co",
                "www.eluniversal.com.mx",
                "www.excelsior.com.mx",
                "www.latercera.com"
            ]
        },
        {
            "rule": "retargetly\\.com\\/sync",
            "cookies": 0,
            "fingerprinting": 0,
            "subdomains": [
                "app",
                "api"
            ],
            "apis": {},
            "sites": 8,
            "prevalence": 0.0000566,
            "cnames": [],
            "responseHashes": [
                "1ee70acbd3b0edaf32c0d04341fe602fb7fd51d8924cd737287696b26f0ecae3"
            ],
            "type": "Image",
            "firstPartyCookies": {},
            "firstPartyCookiesSent": {},
            "exampleSites": [
                "buenosairesherald.com",
                "elcomercio.pe",
                "www.ambito.com",
                "www.att.com.mx",
                "www.claro.com.co",
                "www.eluniversal.com.mx",
                "www.excelsior.com.mx",
                "www.latercera.com"
            ]
        },
        {
            "rule": "retargetly\\.com\\/formtags",
            "cookies": 0.0000637,
            "fingerprinting": 0,
            "subdomains": [
                "api"
            ],
            "apis": {},
            "sites": 9,
            "prevalence": 0.0000637,
            "cnames": [],
            "responseHashes": [
                "e3b0c44298fc1c149afbf4c8996fb92427ae41e4649b934ca495991b7852b855",
                "bd6bc1694ae6d67d525f4d684710e16ecc88b70b6fe7b5905dc08a735fcd1ca9",
                "740187e1f38cdcc554a6b0708653d37e9c9bb87b5fac6fdc755bce3c7fae9421",
                "8e0ac4b32b6a14f2cfaefea18d80b1413fa1a018d194bb7d1d8ee7d670beeecd",
                "e110b8a9d0cbf2a6dc0613c5464d497baaef3aff99f37af491d28e3e630139cc",
                "8a01eb92881dfc2eae70703d8b26b235772190039c4f679b186237360da9a3d6"
            ],
            "type": "Script",
            "firstPartyCookies": {},
            "firstPartyCookiesSent": {},
            "exampleSites": [
                "elcomercio.pe",
                "www.ambito.com",
                "www.claro.com.co",
                "www.cocinadelirante.com",
                "www.elpais.com.co",
                "www.excelsior.com.mx",
                "www.minutouno.com",
                "www.tunota.com",
                "www.visitorlando.com"
            ]
        }
    ],
    "categories": [],
    "performance": {},