{
    "domain": "revinate.com",
    "owner": {},
    "source": [
        "DuckDuckGo-US"
    ],
    "prevalence": 0.00012,
    "sites": 17,
    "subdomains": [
        "twi",
        "guest-chat-service"
    ],
    "cnames": [],
    "fingerprinting": 1,
    "resources": [
        {
            "rule": "revinate\\.com\\/JavascriptPhoneNumber\\/js\\.aspx",
            "cookies": 0,
            "fingerprinting": 1,
            "subdomains": [
                "twi"
            ],
            "apis": {
                "Document.cookie getter": 11
            },
            "sites": 15,
            "prevalence": 0.000106,
            "cnames": [],
            "responseHashes": [
                "a08ab1ebdfab731312f19e9f697649d526965c2835eeb956e9bba16633fb48b4",
                "707007e03ac520a75c4e6952166c33e16e218982537656b28c95fd5bbb646419",
                "4947ac189945f73e0949f65e02070397cfa5c104dfa31f2460266ef0d1024015",
                "82e46d50a8dbd1fe13ed8a854189a018bd187f26d137916b366ee2990c8f91f8",
                "bd76f03a7d64ffc727d38f3d322c03f2aa9e46fecbf6c02b3a9c3551c252fcd8",
                "8057c5871537faf688379aca1920ada697a8ceb8b88d563275bb0d456a9216ae",
                "eba605b3a0748842170138b1258983aad7bd98f17e5a78a1468d4e2320617b78",
                "7566a6c5d95e5045b81879f65fb05b9c9b96d018173cc6e6ab93ac3cdb103db5",
                "7c05efc62e97d35268361969c0c6d11bc6a595766b1432859875184333207c3f",
                "dc7c9432bdb95ed928a8e99aa9e9bd4663e9fb1a717c927b759b25204d68b81b",
                "4cf97313f385c191f1023ca31c597cc5335bd37d26f191725f5f121116d6638e",
                "026b69c7824fa4ec72f0259a28b0b56fc61dde364a6e212b4abf8fe988b6bdf6",
                "2479a4d461f678e94fc86a07a3bb8399cd540282f3387c6c6bb1dd696c0eb8c3",
                "89225c7b17184fa61aaacbcee06a896c6d767e10513cf3e0f1647a3e79a0ebdf"
            ],
            "type": "Script",
            "firstPartyCookies": {},
            "firstPartyCookiesSent": {},
            "exampleSites": [
                "aubergeresorts.com",
                "bandondunesgolf.com",
                "evermoreresort.com",
                "kiawahresort.com",
                "salamanderresort.com",
                "sandvalley.com",
                "suncadia.com",
                "www.aspensnowmass.com",
                "www.cdaresort.com",
                "www.kohlerwisconsin.com",
                "www.mohonk.com",
                "www.nemacolin.com",
                "www.palmettodunes.com",
                "www.telluride.com",
                "www.thebreakers.com"
            ]
        },
        {
            "rule": "revinate\\.com\\/session",
            "cookies": 0,
            "fingerprinting": 0,
            "subdomains": [
                "guest-chat-service"
            ],
            "apis": {},
            "sites": 2,
            "prevalence": 0.0000141,
            "cnames": [],
            "responseHashes": [
                "da138e457a605907d39efbf36e55a1c07f7604c23f654b73e6e7e41e17a44ae4"
            ],
            "type": "Fetch",
            "firstPartyCookies": {},
            "firstPartyCookiesSent": {},
            "exampleSites": [
                "cdaresort.com",
                "www.telluride.com"
            ]
        }
    ],
    "categories": [],
    "performance": {},
    "cookies": 0,
    "topInitiators": [
        {
            "domain": "first party",
            "prevalence": 0.8095238095238095
        },
        {
            "domain": "navisperformance.com",
            "prevalence": 0.09523809523809523
        },
        {
            "domain": "googletagmanager.com",
            "prevalence": 0.047619047619047616
        },
        {
            "domain": "cookiebot.com",
            "prevalence": 0.047619047619047616
        }
    ],
    "types": {
        "Script": 15,
        "Fetch": 2
    },
    "nameservers": [
        "ns-77.awsdns-09.com",
        "ns-816.awsdns-38.net",
        "ns-1751.awsdns-26.co.uk",
        "ns-1524.awsdns-62.org"
    ]
}