{
    "domain": "revive-adserver.net",
    "owner": {},
    "source": [
        "DuckDuckGo-US"
    ],
    "prevalence": 0.000431,
    "sites": 61,
    "subdomains": [
        "servedby",
        "cdn"
    ],
    "cnames": [],
    "fingerprinting": 1,
    "resources": [
        {
            "rule": "revive-adserver\\.net\\/ajs\\.php",
            "cookies": 0.0000637,
            "fingerprinting": 0,
            "subdomains": [
                "servedby"
            ],
            "apis": {},
            "sites": 9,
            "prevalence": 0.0000637,
            "cnames": [],
            "responseHashes": [
                "72de8e3511458282dc3b4746c0305d92e4d9af910bfd2739375202b0d5b23513",
                "2870e9ebd12c73eaf82be1a1d27631f439fe49127912fe4d657c1b99cd0f0494",
                "8ef728eb3627963302fcaabd7927451a52fab9c7318971f461c1377f90be154f",
                "b22ff9292b59bd80822cfc5ccb92f1de2b9c7ce6b5f6fb18a3963a10bda189f3",
                "be3d183268232f70bc6972af93c81bec727c871e0c3cfed933c324dbfd95d0ee",
                "3d50bb804e06c246a38784c22c1e1f2d0e47c8faaf31e4f13dc235160bf26ad7",
                "ea776e7d9a910b51cd71b8359692796048822f780a99c740a13a74a4b204415d",
                "b050d5e8f487f754f6a31e6ef0ad5c49670d85f2c6a72522c2233ebf9f812f3c"
            ],
            "type": "Script",
            "firstPartyCookies": {},
            "firstPartyCookiesSent": {},
            "exampleSites": [
                "animehentaihub.com",
                "au.simpleescorts.com",
                "br.simpleescorts.com",
                "cl.simpleescorts.com",
                "deepfake-porn.com",
                "ie.simpleescorts.com",
                "it.simpleescorts.com",
                "uk.simpleescorts.com",
                "www.solotouch.com"
            ]
        },
        {
            "rule": "revive-adserver\\.net\\/lg\\.php",
            "cookies": 0.000233,
            "fingerprinting": 0,
            "subdomains": [
                "servedby"
            ],
            "apis": {},
            "sites": 34,
            "prevalence": 0.00024,
            "cnames": [],
            "responseHashes": [
                "e963e7196beb9123059ec3534b042ebcd1ef0a470fa568bfbebfeab2f33c4fda"
            ],
            "type": "Image",
            "firstPartyCookies": {},
            "firstPartyCookiesSent": {
                "_li_dcdm_c": 0.0000070733363512901765
            },
            "exampleSites": [
                "www.pedelecs.co.uk",
                "www.solotouch.com",
                "www.camptocamp.org",
                "www.servethehome.com",
                "www.sema.org",
                "www.catholicregister.org",
                "yachthub.com",
                "www.cricketworld.com",
                "christianbook.com",
                "www.simonandschuster.com",
                "www.directtextbook.com",
                "streamscharts.com",
                "caravan-forum.nl",
                "it.simpleescorts.com",
                "ie.simpleescorts.com",
                "www.gunstar.co.uk",
                "www.christianbook.com",
                "camperforum.nl",
                "webmail.infocert.it",
                "gatewaytoairguns.org"
            ]
        },
        {
            "rule": "revive-adserver\\.net\\/afr\\.php",
            "cookies": 0.0000495,
            "fingerprinting": 0,
            "subdomains": [
                "servedby"
            ],
            "apis": {},
            "sites": 7,
            "prevalence": 0.0000495,
            "cnames": [],
            "responseHashes": [
                "957a1aa1854276f31419f572309f5036f8c72d14881d8a354a763517b286d126",
                "dcc59a8f1932b7af02b9a4e91703bf207eb395d386b72869c21e995da95db8fe",
                "b159ef87c622da0ea786290dffa0d69afcfcbdd86cfd69f4fe8b9438dfa2b12e",
                "1eadb1f5b6708240dbed851dc26e2bca87560b8d3f8a725e0eefa553e492a9c3",
                "aa53b51831aabf766a6002ce53c03da18c6c26be1353b87fb2b55a792e0dd9cc",
                "039456bd98e5ea7f75b5050d5a53e593402aed0659584e2beab8c6600ab74452"
            ],
            "type": "Document",
            "firstPartyCookies": {},
            "firstPartyCookiesSent": {},
            "exampleSites": [
                "simpleescorts.com",
                "br.simpleescorts.com",
                "ie.simpleescorts.com",
                "it.simpleescorts.com",
                "uk.simpleescorts.com",
                "webmail.infocert.it",
                "www.easycredit-bbl.de"
            ]
        },
        {
            "rule": "revive-adserver\\.net\\/asyncjs\\.php",
            "cookies": 0.000191,
            "fingerprinting": 1,
            "subdomains": [
                "servedby"
            ],
            "apis": {
                "Notification.permission": 3,
                "Navigator.prototype.plugins": 3
            },
            "sites": 34,
            "prevalence": 0.00024,
            "cnames": [],
            "responseHashes": [
                "81fd531c6f6f28485a469a03298ac935eceb76e860e4db09a129933e38f506a9"
            ],
            "type": "Script",
            "firstPartyCookies": {},
            "firstPartyCookiesSent": {},
            "exampleSites": [
                "www.pedelecs.co.uk",
                "www.gunstar.co.uk",
                "www.christianbook.com",
                "www.cricketworld.com",
                "www.marijuanadoctors.com",
                "www.sema.org",
                "goatjournal.iamcountryside.com",
                "www.metatube.com",
                "usawrestlingevents.com",
                "www.servethehome.com",
                "www.camptocamp.org",
                "yachthub.com",
                "isexychat.com",
                "www.iamcountryside.com",
                "streamscharts.com",
                "www.choosept.com",
                "www.5min.at",
                "forums.pondboss.com",
                "www.woodenboat.com",
                "www.caionline.org"
            ]
        },
        {
            "rule": "revive-adserver\\.net\\/spcjs\\.php",
            "cookies": 0.00000707,
            "fingerprinting": 0,
            "subdomains": [
                "servedby"
            ],
            "apis": {},
            "sites": 5,
            "prevalence": 0.0000354,
            "cnames": [],
            "responseHashes": [
                "4a84207e8db5b3102e2e392ecf50df69d9c866dc6cdeeb0b31e4151578fb6139"
            ],
            "type": "Script",
            "firstPartyCookies": {},
            "firstPartyCookiesSent": {},
            "exampleSites": [
                "iamcountryside.com",
                "backyardpoultry.iamcountryside.com",
                "goatjournal.iamcountryside.com",
                "musicrow.com",
                "www.iamcountryside.com"
            ]
        },
        {
            "rule": "revive-adserver\\.net\\/asyncspc\\.php",
            "cookies": 0.000156,
            "fingerprinting": 0,
            "subdomains": [
                "servedby"
            ],
            "apis": {},
            "sites": 22,
            "prevalence": 0.000156,
            "cnames": [],