{
    "domain": "ringpublishing.com",
    "owner": {},
    "source": [
        "DuckDuckGo-US"
    ],
    "prevalence": 0.000141,
    "sites": 20,
    "subdomains": [
        "cmp",
        "recommendations-onet.aureus"
    ],
    "cnames": [],
    "fingerprinting": 0,
    "resources": [
        {
            "rule": "ringpublishing\\.com\\/1746213\\/get-config",
            "cookies": 0.000134,
            "fingerprinting": 0,
            "subdomains": [
                "cmp"
            ],
            "apis": {},
            "sites": 19,
            "prevalence": 0.000134,
            "cnames": [],
            "responseHashes": [
                "c2e75e67ab6c141897e91a5d66303e6f8c3b864514161bbd5a2b2eefcd932957",
                "df49a47f744ffeca7bd879679dab486791d50071121fc34576b0129f7bb9969f",
                "2a29ceb8499a52e08804c5d65cc5e77c2d149843855db72d638117aef6fffa7c",
                "0810716f0a99441be250b2c106639b467d9423fbaf3833b7ca574ffbf41d6436",
                "97de6c4b985ef8ac88dbfd037581db5c49c921898d4ad9a8e6d9a37bac3b96f7",
                "a51e6cfbd3f7e9ba0620357a8e91d06f1406ccff2c728c681d8b92a8336f6f8d",
                "d7cb228732abc74f746e0430652685ef39fe050497991dd8d637f97957d73aac",
                "4e25823bae1daf05052128400f04b694790f712279a91be4311cde271e28e5b5",
                "229fb148769121e6bb52114ba81a1943c122a78f6adb5896f0acf586705a1a72",
                "c1a245cbe09fd3a21b85008c0ee1986db44a6814406ab648054f62e323856130",
                "7c52ff9f0f90949657a299e5ab2007cec40f541581a32a2576e1ad701f8c3e50",
                "98bf22104b0b1b1f0be786ca3b206465ffd954ba2bead495f075c504319cb4b4"
            ],
            "type": "Fetch",
            "firstPartyCookies": {},
            "firstPartyCookiesSent": {},
            "exampleSites": [
                "businessinsider.com.pl",
                "jakdojade.pl",
                "kobieta.onet.pl",
                "kultura.onet.pl",
                "ludzie.fakt.pl",
                "poczta.onet.pl",
                "pogoda.onet.pl",
                "programtv.onet.pl",
                "przegladsportowy.onet.pl",
                "wiadomosci.onet.pl",
                "www.auto-swiat.pl",
                "www.fakt.pl",
                "www.komputerswiat.pl",
                "www.medonet.pl",
                "www.newsweek.pl",
                "www.ofeminin.pl",
                "www.onet.pl",
                "www.skapiec.pl",
                "zapytaj.onet.pl"
            ]
        },
        {
            "rule": "ringpublishing\\.com\\/v1\\/recommend",
            "cookies": 0.0000141,
            "fingerprinting": 0,
            "subdomains": [
                "recommendations-onet.aureus"
            ],
            "apis": {},
            "sites": 2,
            "prevalence": 0.0000141,
            "cnames": [],
            "responseHashes": [],
            "type": "Preflight",
            "firstPartyCookies": {},
            "firstPartyCookiesSent": {},
            "exampleSites": [
                "onet.pl",
                "www.onet.pl"
            ]
        },
        {
            "rule": "ringpublishing\\.com\\/v1\\/recommend",
            "cookies": 0.0000141,
            "fingerprinting": 0,
            "subdomains": [
                "recommendations-onet.aureus"
            ],
            "apis": {},
            "sites": 2,
            "prevalence": 0.0000141,
            "cnames": [],
            "responseHashes": [
                "8b5ddc262d8e1734ed646eb6aed541f49b2fdcebbc96c58f60d2bbca58e7d5a0"
            ],
            "type": "Fetch",
            "firstPartyCookies": {},
            "firstPartyCookiesSent": {},
            "exampleSites": [
                "onet.pl",
                "www.onet.pl"
            ]
        }
    ],
    "categories": [],
    "performance": {},
    "cookies": 0.000141,
    "topInitiators": [
        {
            "domain": "first party",
            "prevalence": 0.6666666666666666
        },
        {
            "domain": "onet.pl",
            "prevalence": 0.2727272727272727
        },
        {
            "domain": "pulsembed.eu",
            "prevalence": 0.030303030303030304
        },
        {
            "domain": "ocdn.eu",
            "prevalence": 0.030303030303030304
        }
    ],
    "types": {
        "Fetch": 21,
        "Preflight": 2
    },
    "nameservers": [
        "ns52.ringpublishing.net",
        "ns51.ringpublishing.net",
        "ns50.ringpublishing.net",
        "ns49.ringpublishing.net"
    ]
}