{
    "domain": "riverhit.com",
    "owner": {},
    "source": [
        "DuckDuckGo-US"
    ],
    "prevalence": 0.0000778,
    "sites": 11,
    "subdomains": [
        "t"
    ],
    "cnames": [],
    "fingerprinting": 1,
    "resources": [
        {
            "rule": "riverhit\\.com\\/vast\\/",
            "cookies": 0.0000566,
            "fingerprinting": 0,
            "subdomains": [
                "t"
            ],
            "apis": {},
            "sites": 8,
            "prevalence": 0.0000566,
            "cnames": [],
            "responseHashes": [
                "cc0a178a8b3c7ae30b2de0ff162abca3ed4c74428585b4d1b2e89bee0ce7d01d",
                "955683044a2e658d0b93b79666b8b60b619a4b67e25168d9fa1931a05d0f05ba",
                "32ccad5c856f1af189632bd45113aded4e162693ffd670e3f966e8405cb3fe09",
                "aab45dae3d452d360311ba0373a5d6b3321523123fd2cb6f2e44e18eadaddf4b",
                "f603f12968673a9c107a021498c95b34a46c82c207f21eb5fd9dc51cf0830464",
                "bfde0f7d9807c010e7dbd4a34852ba31d277407e467bd67f4b5dfd6a7d9290d0",
                "1e9338f5a222610e31588654e4cdb3f3a74f89532041bc2324673f03ebb9a294"
            ],
            "type": "Fetch",
            "firstPartyCookies": {},
            "firstPartyCookiesSent": {},
            "exampleSites": [
                "analnoe24.com",
                "analporno.club",
                "analnoeporno.in",
                "letsjerk.tv",
                "pornobomba.top",
                "pornodom.fun",
                "pornodomashka.pro",
                "www.analdin.com"
            ]
        },
        {
            "rule": "riverhit\\.com\\/vast\\/",
            "cookies": 0.0000141,
            "fingerprinting": 0,
            "subdomains": [
                "t"
            ],
            "apis": {},
            "sites": 2,
            "prevalence": 0.0000141,
            "cnames": [],
            "responseHashes": [],
            "type": "Image",
            "firstPartyCookies": {},
            "firstPartyCookiesSent": {},
            "exampleSites": [
                "analdin.com",
                "www.analdin.com"
            ]
        }
    ],
    "categories": [],
    "performance": {},
    "cookies": 0.0000707,
    "topInitiators": [
        {
            "domain": "qunis.ru",
            "prevalence": 0.46153846153846156
        },
        {
            "domain": "first party",
            "prevalence": 0.3076923076923077
        },
        {
            "domain": "addin1.name",
            "prevalence": 0.23076923076923078
        }
    ],
    "types": {
        "Fetch": 8,
        "Image": 2
    },
    "nameservers": [
        "dell.ns.cloudflare.com",
        "ray.ns.cloudflare.com"
    ]
}