{
    "domain": "rmishe.com",
    "owner": {},
    "source": [
        "DuckDuckGo-US"
    ],
    "prevalence": 0.000134,
    "sites": 19,
    "subdomains": [
        "go"
    ],
    "cnames": [],
    "fingerprinting": 1,
    "resources": [
        {
            "rule": "rmishe\\.com\\/smartpop\\/25884174083fc117a119562a26e204df198d90b211db9731eee8c2e3ef110d63",
            "cookies": 0.0000707,
            "fingerprinting": 0,
            "subdomains": [
                "go"
            ],
            "apis": {},
            "sites": 10,
            "prevalence": 0.0000707,
            "cnames": [],
            "responseHashes": [
                "a305cbe82a612be4e54963e87745c9d74d6a8a19b1a57a60d295b2b6c78d5730",
                "83c9748d2ecdfd645cccd20f374db1c749a94bb7a4845771099c1aa05f5a8611",
                "08e7971d05c5edd8d75289c3b079d83763e25fabb1e6bba462f16855c6b71a9d",
                "29c857094e0b6d8da94fafc62294677fd25e494d8d7d7b4ab069511a62cd168e",
                "395f2b256afb3ed25da039c0d55487ccda2b87b666dc1de31bb657891c1ee86d",
                "9570893a0067293fb6b85ef6d6c19b2d7d7bdd46c35eaa5b40d9b5b2b5d8dd8d",
                "2802694a56669f9af37f9da0b5beee1eb45856c97178ca06f69a29a96b2cb834",
                "a4089313733bc12ee4c2def01d056b11a221e0c90e647d957a245ef3ebfa6c48",
                "a6ee2deb4c65fb18de1e7ee9f07d1081c023876c5d9d2411567c1f6f49acd3e1"
            ],
            "type": "XHR",
            "firstPartyCookies": {},
            "firstPartyCookiesSent": {},
            "exampleSites": [
                "xgroovy.com",
                "de.xgroovy.com",
                "es.xgroovy.com",
                "fr.xgroovy.com",
                "it.xgroovy.com",
                "jp.xgroovy.com",
                "nl.xgroovy.com",
                "pl.xgroovy.com",
                "pt.xgroovy.com",
                "rt.xgroovy.com"
            ]
        },
        {
            "rule": "rmishe\\.com\\/smartpop\\/662caa72b7c524d066b181904a6fe35b35c20b36796cca3110a610b44239cb2f",
            "cookies": 0.0000141,
            "fingerprinting": 0,
            "subdomains": [
                "go"
            ],
            "apis": {},
            "sites": 2,
            "prevalence": 0.0000141,
            "cnames": [],
            "responseHashes": [
                "864c6d86508d49cca0a99837ac7fcfdae65aba22146ba36f14f93767c898b503"
            ],
            "type": "XHR",
            "firstPartyCookies": {},
            "firstPartyCookiesSent": {},
            "exampleSites": [
                "eroprofile.com",
                "m.eroprofile.com"
            ]
        },
        {
            "rule": "rmishe\\.com\\/smartpop\\/59ef313facbc9721e6352f21712b38d33f6f8bafc59b9e175022a80031747846",
            "cookies": 0.0000212,
            "fingerprinting": 0,
            "subdomains": [
                "go"
            ],
            "apis": {},
            "sites": 4,
            "prevalence": 0.0000283,
            "cnames": [],
            "responseHashes": [],
            "type": "Document",
            "firstPartyCookies": {},
            "firstPartyCookiesSent": {},
            "exampleSites": [
                "dnaav.com",
                "www.jieav.com",
                "www.miliav.com",
                "www.qinav.com"
            ]
        }
    ],
    "categories": [],
    "performance": {},
    "cookies": 0.000127,
    "topInitiators": [
        {
            "domain": "eunow4u.com",
            "prevalence": 0.5238095238095238
        },
        {
            "domain": "first party",
            "prevalence": 0.38095238095238093
        },
        {
            "domain": "tsyndicate.com",
            "prevalence": 0.09523809523809523
        }
    ],
    "types": {
        "XHR": 12,
        "Document": 4
    },
    "nameservers": [
        "ali.ns.cloudflare.com",
        "kolton.ns.cloudflare.com"
    ]
}