{
    "domain": "rollconnection.com",
    "owner": {},
    "source": [
        "DuckDuckGo-US"
    ],
    "prevalence": 0.000424,
    "sites": 60,
    "subdomains": [],
    "cnames": [],
    "fingerprinting": 2,
    "resources": [
        {
            "rule": "rollconnection\\.com\\/j\\/ca61b1a518e6b630ce7ef9ee81d1dfdf459f91\\.main\\.js",
            "cookies": 0.0000849,
            "fingerprinting": 2,
            "subdomains": [],
            "apis": {
                "window.sessionStorage": 42,
                "window.localStorage": 40,
                "Date.prototype.getTimezoneOffset": 34,
                "CookieStore.prototype.getAll": 34,
                "CookieStore.prototype.set": 12,
                "Notification.permission": 8,
                "Navigator.prototype.userAgent": 35,
                "HTMLCanvasElement.prototype.toDataURL": 29
            },
            "sites": 45,
            "prevalence": 0.000318,
            "cnames": [],
            "responseHashes": [
                "f6f163663d273184b686a69170de14c08002a1f802538c284e9e397954a1ddf3",
                "bf78c789d308345f196b1c017b25511e3d238f3e155c30090b0c306d0942090e",
                "b1ba6f4cd18b485e22b7235c14ceab82bd263734745e05088964f2246f056419",
                "137ade94369e64c43f7fdbf8ba5f24650064831f56596af31ba8e4d7678f202c",
                "dbb0835dd234fc64f0307fab57ebe308746e71856f6088fbd4d627cc5dc85005",
                "6b082e2f6a523fef8a1ba5eb228adc3b8eb18915277db666fd8e690a7d04355c",
                "4ae4be2bd7af99aea554f283cda13d2774fbf4e84b92caaaa8859326aa9da3e9",
                "d094979e22186e15ca1f61c04c475de120a1f2facfec085f7010c07ad31b58e3",
                "769038755b4b8e0892d1a4edefc8add7df55d45c15fa1d1aef237a465a6202ff",
                "d54b34e1a3061325565e75d80951b222fcdc98cb548fb7742bb6b54f3763df2b",
                "1ad89cf3935046a8cb6e12504e7d19beb8db88e98e723434aeec8a62f6c7b660",
                "355cd617d4470c72bd580a68e3ed4885b99c86043b3aba43fd6d91e30d19ab49",
                "c99e36ff56b7666c8615147147fb143a2f53a99f6127daa002ad2125a7bde981",
                "78d0b5c0e8b48fda836addc1461f4a62fb1a3c2980c7fa07e4e52a299931402f",
                "9f0183862b42a3ca59012a7fd1925f32fbb1180505a484953b12a4ca8643c942",
                "cc7e6ee82e92227d525ad964fc9aa0ccb73cef48fe77ac889c313f4ec3e9c7d9",
                "ba8133d41bb3a1d92cb2c74990f16009ceb4708d69086869ba3855a64ed06949",
                "71882e54a75736995f0f37e851e67ebfc8c49e47fc4d84a4e30456cdcec86530",
                "290efbd6f3b39dd41d83f7ee1ad6920b8d4681ae09f420f3882d9df5f70fea07",
                "e8840c1b5d42d858a0db84177a4cc4c0e23dc02ca6196d130098187d39861837",
                "b145a1e61beb2650ca75fbc72a2ab23f5ea7bb9a78d27fd4cc031671b7aed679",
                "2a6d500688bf02fcea1f398adea8253653db528acf7c8334f11d37aa4c1cfce9",
                "19d78a3b5f2bcdfec477b6290a2ddd4dfed254d604d86fa64488f02c7c25bf34",
                "bc8e0c294efae912eeebd187b22c0d52d6139f78a4a388584c4053d31bf4d392",
                "14bdfdef7c863995f13b98c44cc48177d687122cc9571c199a9b283e3c64462e",
                "4f25483de2a82e17619567ecc99b0b620d516dc3a0f57aafc95a41fc0cac1585",
                "24477aac83a1ba16215678503ff3bf41e398d922b1256d04a8a2d7b4de20994b",
                "d90e2ad8a86c94eb700ad8249328c232cdde346f6645d4ce23c967e1885d023d",
                "bd5d1487ca0cc9f4b0561e72a2c409b8dd8a7ea455b9f1a85bbd2d57bc35a8a0",
                "441b8ac8e98a996705a726a3ce4d6ea957a8c7199fe59ecba4e8c6b180cc0480",
                "1952bac267cde5088170e2c8075422e68bf4eb88cd0784e214122fa40578bfb8",
                "dd36900cd984c97456b8542919f9b44eb3e32cb52d5d4f0c967e7eb11cfaa4a7",
                "7136fedf49231c6be17868f043204fd063734d3e6946d880b66bbf5e44fb9b20",
                "362cdbf9a5e8254ca3ec500b898dc7321047c2d5fd5fa8e6e8ed00ef2f304532",
                "ae981b3baf2f700a740205390e8cd6a916d69de7e78a47090f1f2704d078a850",
                "0e881f56d3c4915e2de7bb55e633bb98b31c3a5834a9fbaeafc2e701f1fd1049",
                "3e48f2de8a4bdf06b065932f4eee09b84fd6e0b23015dc8d0946844ee8b6138e",
                "024ef2808fe0c663e0bd55b9e10d775eeb8496880281a3e7a9c44c8262a62d0e",
                "b3a60dc64ea11ee435c7cc2e8b42e7ab8d59691a7e9f3613ec5c38a20866bfc8",
                "27ad13a8628533c3b523476673f33c22918ac855fa48bd34c670f7c26ee43c00",
                "4bf74eb31955562600660ffc005fb7967ece0b2f9d26a75c78ec6c29bd5b2f6c"
            ],
            "type": "Script",
            "firstPartyCookies": {},
            "firstPartyCookiesSent": {},
            "exampleSites": [
                "www.pinstripealley.com",
                "www.behindthesteelcurtain.com",
                "www.truebluela.com",
                "www.stampedeblue.com",
                "www.mccoveychronicles.com",
                "www.thefalcoholic.com",
                "www.batterypower.com",
                "www.lookoutlanding.com",
                "www.azdesertswarm.com",
                "www.bloggingtheboys.com",
                "www.goldenstateofmind.com",
                "www.blessyouboys.com",
                "www.camdenchat.com",
                "www.poundingtherock.com",
                "www.maizenbrew.com",
                "www.arrowheadpride.com",
                "www.buffalorumblings.com",
                "www.barcablaugranes.com",
                "www.mmafighting.com",
                "www.milehighreport.com"
            ]
        }
    ],
    "categories": [],
    "performance": {},
    "cookies": 0.000127,
    "topInitiators": [
        {
            "domain": "first party",
            "prevalence": 1
        }
    ],
    "types": {
        "Script": 45
    },
    "nameservers": [
        "ns-151.awsdns-18.com",
        "ns-801.awsdns-36.net",
        "ns-1737.awsdns-25.co.uk",
        "ns-1340.awsdns-39.org"
    ]
}