{
    "domain": "rss2json.com",
    "owner": {},
    "source": [
        "DuckDuckGo-US"
    ],
    "prevalence": 0.000127,
    "sites": 18,
    "subdomains": [
        "api"
    ],
    "cnames": [],
    "fingerprinting": 0,
    "resources": [
        {
            "rule": "rss2json\\.com\\/v1\\/api\\.json",
            "cookies": 0,
            "fingerprinting": 0,
            "subdomains": [
                "api"
            ],
            "apis": {},
            "sites": 11,
            "prevalence": 0.0000778,
            "cnames": [],
            "responseHashes": [
                "63521d2344b00d18b753b86bf24a1fb3ee683984619cdaafb0f7b9899d352daa",
                "d6132da5cf7af1a393f00d76697f2014cb1573055b21705079c680f30dd3238b",
                "8b98bae2fcdf7eaa3cf095ec59abd9edbcbdb2fa117b9c85719da29e376bdc65",
                "4bc803433fcff97939a49719f5dbd973e881edd2e67de7f1e2101629147ef8a0",
                "2dafb54297376da3fae2ef2add778a61e675030605adece0e60d5b0e7458b030",
                "a9847f9246984d2a0338cf284e5809b5a8ff62d3a8539176f47b5785f42becb9",
                "31e1f8ad3ed52568141797137d10b2675fdd1ab4a94b9db2019345814bf4f8a7",
                "e425929dd2935a6f58fdef34e20feea928bf884a5438c822d823a21a68819ddd"
            ],
            "type": "XHR",
            "firstPartyCookies": {},
            "firstPartyCookiesSent": {},
            "exampleSites": [
                "cornea.is",
                "forum.corsair.com",
                "rapidradios.com",
                "vintagemachinery.org",
                "www.ams.org",
                "www.cadence.com",
                "www.matrixgames.com",
                "www.onlineclarity.co.uk",
                "www.planetemu.net",
                "www.slcc.edu",
                "www.vintagemachinery.org"
            ]
        },
        {
            "rule": "rss2json\\.com\\/v1\\/api\\.json",
            "cookies": 0,
            "fingerprinting": 0,
            "subdomains": [
                "api"
            ],
            "apis": {},
            "sites": 3,
            "prevalence": 0.0000212,
            "cnames": [],
            "responseHashes": [
                "217287dd57e257b5ee7bd0c1eedc8404edebc651764d00125f94411668c85e0f"
            ],
            "type": "Script",
            "firstPartyCookies": {},
            "firstPartyCookiesSent": {},
            "exampleSites": [
                "maryland.gov",
                "mde.maryland.gov",
                "www.citytech.cuny.edu"
            ]
        },
        {
            "rule": "rss2json\\.com\\/v1\\/api\\.json",
            "cookies": 0,
            "fingerprinting": 0,
            "subdomains": [
                "api"
            ],
            "apis": {},
            "sites": 3,
            "prevalence": 0.0000212,
            "cnames": [],
            "responseHashes": [
                "fb41a0ce0259c6de91dae7fa45cd271c53b730e18bf08cca5e7108f563d1f995",
                "969f45b6f8c45c4f76bb335c9ac1a0895a5ce51970e7e5f253d3cb27818759c9"
            ],
            "type": "Fetch",
            "firstPartyCookies": {},
            "firstPartyCookiesSent": {},
            "exampleSites": [
                "novelai.net",
                "pondking.com",
                "www.andertons.co.uk"
            ]
        }
    ],
    "categories": [],
    "performance": {},
    "cookies": 0,
    "topInitiators": [
        {
            "domain": "first party",
            "prevalence": 0.6285714285714286
        },
        {
            "domain": "ajax.googleapis.com",
            "prevalence": 0.17142857142857143
        },
        {
            "domain": "invisioncic.com",
            "prevalence": 0.08571428571428572
        },
        {
            "domain": "jquery.com",
            "prevalence": 0.08571428571428572
        },
        {
            "domain": "bigcommerce.com",
            "prevalence": 0.02857142857142857
        }
    ],
    "types": {
        "XHR": 11,
        "Script": 3,
        "Fetch": 3
    },
    "nameservers": [
        "ben.ns.cloudflare.com",
        "dawn.ns.cloudflare.com"
    ]
}