{
    "domain": "rtbrenab.net",
    "owner": {},
    "source": [
        "DuckDuckGo-US"
    ],
    "prevalence": 0.000304,
    "sites": 43,
    "subdomains": [],
    "cnames": [],
    "fingerprinting": 0,
    "resources": [
        {
            "rule": "rtbrenab\\.net\\/get\\/",
            "cookies": 0,
            "fingerprinting": 0,
            "subdomains": [],
            "apis": {},
            "sites": 35,
            "prevalence": 0.000248,
            "cnames": [],
            "responseHashes": [
                "4a5b315ee98f02bd615b4aa80eaba39f04e55b89b0c2e943e28431b175f5eb66",
                "8729752100b2543e7d7099f20d7e9460f9cb66de5807a6398ac88577dc3835b7",
                "489189473f2bb5e81a8a045927d12115cc1789971fa8c9c3dd8847152c8b7e08",
                "3cb061db1f0472f66bd165863c6722d95553d1f3315dd9b4b55bbb406cc66752",
                "b399252822f8284949cec26b3e2c476dc82cd5c577dcad8c2dd93677a06457ce",
                "81f4caf35bd8c55eaea81fc5f0e74b855bd60311b6b0d6e01170b630eeed2d9f",
                "9d9582181fdbef7f0222dd2c90c6a74d9a5980235c880ad01e7f186156bd2551",
                "16d15b5b2a634f26187900067954bb02cc9f2508c76c84893a1045b15f5d4978",
                "faa20cdb4cfb262e745159ffd17219d773a5fbdb358344c1617d4a736b1a4087",
                "4a9eac08537d2ce8c38764ebdd943d847f873c15e15424c0f703f0b03cfa348f",
                "14fd8c57f8db42ea8331cc18c388867bd5dbf8bfd2cacb521cc604cc198537a9",
                "e02112e7637cec35e8addddc5416528e00d5f9e4565a484665f949c124d3c930",
                "877e91f2e6961388d4d43776fd0cd3e0d2eff984f6566825e57d3fc0a202a833",
                "f66455779dd3996801aecee8f2521c2245ae8e68c00760dfa8872cd3751cb2c6",
                "bc568fee637a91930e854610066d423e2c249634386ae66089e793314554aa35",
                "d59999429fc76ce4adab8cd109ce06c6739af05deaf1cbb8e9df6ab7ea5c287b",
                "53b11648f14c757922c91230dd524622ce6b5d9bc65e5fe94e971d8ca66fad49"
            ],
            "type": "Document",
            "firstPartyCookies": {},
            "firstPartyCookiesSent": {},
            "exampleSites": [
                "hiper.cool",
                "indobokep2025.blogspot.com",
                "jilboob.cfd",
                "hentai-for.net",
                "online.hentai-hub.net",
                "indianpornpictures.com",
                "justthegays.com",
                "moredesi.com",
                "footstockings.com",
                "bestrapeporn.com",
                "ruleporn.com",
                "www.porn-comic.com",
                "epornerpics.com",
                "www.gruposdelinks.com.br",
                "www.pornfd.com",
                "www.masalafun.com",
                "3hentai.net",
                "www.pornhits.com",
                "fr.3hentai.net",
                "chop.one"
            ]
        },
        {
            "rule": "rtbrenab\\.net\\/banner\\/in\\/show\\/",
            "cookies": 0,
            "fingerprinting": 0,
            "subdomains": [],
            "apis": {},
            "sites": 22,
            "prevalence": 0.000156,
            "cnames": [],
            "responseHashes": [
                "1866961a029c65376fefb7f2ba1e6187e09ff50ea58d97dedfd72c197947d002"
            ],
            "type": "Image",
            "firstPartyCookies": {},
            "firstPartyCookiesSent": {},
            "exampleSites": [
                "3hentai.net",
                "www.pornfd.com",
                "www.yourxflare.com",
                "jilboob.cfd",
                "www.pornworms.com",
                "fre.3hentai.net",
                "www.porn-comic.com",
                "pt.3hentai.net",
                "ru.3hentai.net",
                "masalafun.com",
                "xphoto.name",
                "chop.one",
                "epornerpics.com",
                "brutaljav.com",
                "www.trendyporn.com",
                "eropic.cc",
                "www.gruposdelinks.com.br",
                "www.masalafun.com",
                "heavyfetish.com",
                "pornotaran.com"
            ]
        },
        {
            "rule": "rtbrenab\\.net\\/banner\\/in\\/view\\/",
            "cookies": 0,
            "fingerprinting": 0,
            "subdomains": [],
            "apis": {},
            "sites": 7,
            "prevalence": 0.0000495,
            "cnames": [],
            "responseHashes": [
                "e3b0c44298fc1c149afbf4c8996fb92427ae41e4649b934ca495991b7852b855"
            ],
            "type": "XHR",
            "firstPartyCookies": {},
            "firstPartyCookiesSent": {},
            "exampleSites": [
                "chop.one",
                "masalafun.com",
                "www.masalafun.com",
                "www.porn-comic.com",
                "www.pornworms.com",
                "www.trendyporn.com",
                "www.yourxflare.com"
            ]
        }
    ],
    "categories": [],
    "performance": {},
    "cookies": 0,
    "topInitiators": [
        {
            "domain": "cabnnr.com",
            "prevalence": 0.8666666666666667
        },
        {
            "domain": "first party",
            "prevalence": 0.13333333333333333
        }
    ],
    "types": {
        "Document": 35,
        "Image": 22,
        "XHR": 7
    },
    "nameservers": [
        "ns1.digitalocean.com",
        "ns2.digitalocean.com",
        "ns3.digitalocean.com"
    ]
}