{
    "domain": "safevisit.online",
    "owner": {},
    "source": [
        "DuckDuckGo-US"
    ],
    "prevalence": 0.00108,
    "sites": 152,
    "subdomains": [
        "ghs4"
    ],
    "cnames": [],
    "fingerprinting": 1,
    "resources": [
        {
            "rule": "safevisit\\.online\\/",
            "cookies": 0.000439,
            "fingerprinting": 1,
            "subdomains": [],
            "apis": {
                "Document.cookie getter": 69,
                "Date.prototype.getTime": 54,
                "Document.cookie setter": 62,
                "Navigator.prototype.language": 64
            },
            "sites": 111,
            "prevalence": 0.000785,
            "cnames": [],
            "responseHashes": [
                "daec899d4301a09135c5c253e9031bc4509bb341caaefca7341387f7b34a98f0",
                "936ed8ed27be8764cc5c586f86cb1f602f44fc1204ebc25ddd20e64177ea0c6f",
                "40b910a3528bcb6fb955c420ec676aa96b492b9d6a09eadf04bacdde9de4640c",
                "4debcaec161d025c1f8ed4932903b2094a7f54a4ef7c6bf3afe49bf518872eff",
                "5239991703979e24e79c7eaa87c040b85a15f767f848641e3fd4d2a81ef526cc",
                "8a3779fba55db5cf4d24efb3e1355e557f5f6ea458598adfc222c65665429b91",
                "9c58d319525c334573d29deaeff48366e329608500dafd4491a4c6a57d0bfda5",
                "3c1299e0706411959e7fa49a1cdad641b8503b30f27ebcea49e8da7648c3bb62",
                "254a3c8c0aefaa6ef3bedbc1861f1bb2879ec078954a6aaae329e867add4d8ff",
                "239a234ebdd05c87af0f637bdab5946ac2a8bef5cdde47e1db5de31cd3e57744",
                "8208b48a3ab78c9ed6404e3d54f227106714c0895a15593263ee1f6038ad7d74",
                "42f4663f4d6da1ed9624e12d97172f943466831db27510f2f852adbc7b9a1715",
                "ddf846b0bf333b1c8388357d68e17b6b01396db9ef4f671b0a9c22cd6d7f32f3",
                "3aaa40f303ce66b6877455e52b294b9e5325142a80d3909fdb15d73384c3b7e9",
                "ed9056d739a68a3f563f8a3142017ffd2acee5ea9f13be129160f3a5452dc70d",
                "d9c901ad2f5079995bec6b9058f592cd356c6ade23566b5c7e4d0848243b1008",
                "7f6f7b6c42377e3fff072440e2acd3cf93ccf3ff8cd9c306fe8399c8e6d97525",
                "66544537825f190641bd0e5a9a2fa96a8efbb38ae1454ad51d534ac6f6b12b61",
                "9e072d69b25dd2f62a72e098f3502a303ef08ea60113d0139a5bfee5e4282f10",
                "b9e69987cd9776a3ea4cd5edd2d1d153617cc38e1dfad883b288ccc9ecd81a64",
                "d9c58f11a4214b735abf2ab7b9619e4a7301b8bec55035c660b38d703de452d8",
                "b72222a633f8f7aea0f2e2f3b02e613b9b19cb2ed0042596734f89dd3d0dfb76",
                "683369e7274ad538c05f48701a9f744483cd00741fea3804083bd682ce8f492d",
                "0a22bc23317158a9d5d1295a8109c93643a34945a192feb53082cf0beb8ecd39",
                "330cf694c688b712824058aea86f9ec185c4baccaa9448cece31ecd1bde6adc8",
                "ac7daf2710728c7679a190f59d16aa4f65b2fdbb23dd78e776ce350f1117f577",
                "ea07bcc97edb2438e7dc6986f9fc25b815cde5506acdd62eaa55fd4ef98f1212",
                "81a4d42a2dd26cb4b8c6f6749197c1d55e881e865934f8d3b32da9dbb2e5a83c",
                "ce88391795889ad9cd48465bf3c0b11ffd5e0193af843824ce83ea571df77465",
                "8024571f791b8c58654421ef88d126726b81daaed71128a6e068f08072ac1b2d",
                "58058d86d2b025435756072649490fe8d76be942241dc9fb9986e39f606a39be",
                "c624c2988f863b601c882e129dd49cabd0bbaf41afdc5ead6c43eeba00a4e22d",
                "a6c9685da905564628a9827c1e91d9855cbac0d5be38fce477a11a4648735595",
                "c78b4f606ca612265dff7d81c6e934537d9c159feb520d5f5baf8aea262f2bad",
                "3867a8bedbc29df3dcba1bf785dc8fb16cead70dcfc145bb7d99f2c241a591d5",
                "6100cc051f3173a4aec85769c30365a5e6d6b9560324f61aedb4c60093c1ee38",
                "459558aa891b5b0282e4cb741bdd0b1fb08a157e9b4e7a535186d4f044ef9a18",
                "53fea263de475da85156458cf2f31622e661864a2520e5688cbcf1ee722f5438",
                "4fe2635d05e279b803317097f11e88afee6cbc7e1f14e6b7d985d0e45b030a64",
                "9356d15542d107c24fe2c7a79a028023f112959e86b6439c3e08b3a0d0d372e3",
                "959f07ec18ade40df60b984785bba73fbe12f12ec83f20b96a5c588fa8d504b6",
                "a7e598055152eeb875074b3fd26b8f51953f4bcf959af77c2bed82020e971a49",
                "e26f55b4cada742e8d77774ba8418b3baabf4d61be93ce26d10dfa96c8ee9611",
                "d3c002d50b757ec5deef9ffa50c793d7f00fc6c457d959e258b525c17d898cff",
                "2b35f951f4c0a02fb9d96c68dcb7d58336e72d5157ac9ab3ecc1d3d4e3744bf1",
                "585cae57a1b45ed5c9f31b30c98887d9222b6eb54cfebbb31144b3332d132c05",
                "c4d08c10b126e51f753adf97fd68050d0c9f099ea4910e74aec5bedc40e45617",
                "69ab5cbc6b1a5ae8a070e1d85c237b87443a4bb9918848c42bc315eade4914d1",
                "c59702efa6d6102b3cb8baae2fc3be56106ba82a5bad5e490a8f2b863f1d7146",
                "34bed1543974f82daccca469634db966e54f3c97881a4e71febd596fd7d06840",
                "c9ae09beb9e464d4a30b3ddfda30eeb5570cc2433adb3755f853d70c957db12b",
                "67e7a2b071c670a1fde3d53f30f5f5a2089bce1e0384bedd82a30494a7268561",
                "31c6660a235d369d438bda73ff010f083e06534175b93f5e905a0b3eb30368f3",
                "2088290aa63af34d2b5c863665847b1dcf292b502e427ebaa9f71e5a65355c0d",
                "a0151332617e594a38703b5a9b9fc0aa93e965b5b942633fd17ca900baa7e181",
                "7e79bf46113d60fb322cee6820d547a71ecaf20f6744579f16e8ce31cca7578d",
                "f5b6d9bca998bbd30f234c120d0b7e2b013e6415fdf479ed51b7b5583d775557",
                "ce822167da3e4bb0429f5e436939679486eeb151b564bca04a94182bd637306b",
                "7c9c7f904949ca7c662803c6b12d82415b62d0cad48aae90f931da505f6c190b",
                "47232ff94b9b6ba13c6e693b1925e2b6b5b861ea0582e7cd775110d92c3c973e",
                "6b8f3a0d87c317d75dc83cc32afde9801c2e9d9e859667564e607ffc866ff60c",
                "0ec169de7a68de4f25aaa9054f8f692663ff85bed0461783c58849ec499e68c3",
                "662f6c7947e6b6470eb3b59e68ffdab0ec071636724e5efba982c086479e85bd",
                "3265beff02fa34486dc18add4ce06651cb59b212e60da32e43067942aee24a4d",
                "fd6a32ba2c5efa969a9da8c186288cf614a8142f2d6c9dcebf02836334a1490a",
                "3c4c0911d5cca117aa88611789d4bddb6a0122235dee27a5e7f7ece8c8435d6a",
                "ebb8b6fd98308450a48bfee8c2b92c6c604128e4058a361d2aa3b65f694a9163",
                "56c287b7fee422521fe5a4d683ff598f7dd5b8b47b9eaa409f7c9e42cd27803d",
                "cad86a08ee2004538c5acfcf615d68281ffaa6433d04fe9fb003c61d553025cc",
                "791d350b085eb8e0d4be068db95d9352ae9ab9b442345f5cc90626b13775ed3b",
                "914036a81decf94ea2245a96ea9d202785d3111ee5f802334215371427e46b25",
                "d2aa308340896c7eb78e308ca95e34386401c8b1b934549fd10725bb322d9b5e",
                "553b1c033f78aba84d30cdf03f7ec586285cfb03de1806e19711c23aa358d094",
                "7ef9c943516692af029f9aa1d785eb482ee5c6d0a78eafeb0db8f1bdf201c950",
                "b6ab72fd7f73bed26d4a2161fc67b3a9a1e60ad21aa8c99ea7ded1e304a4a4c9",
                "1513512d435b26eee552b57e2e74e7583dff55dc8d707c1f86e76195bb080c0f",
                "f734e7af4de8c95ffb9380dfa230e172fd12c49275f8c7dc7bf10207fbde5b82",
                "3ccd578983da4d1526a6083ab5cb866754ebbbe2f74e88d41daffe97f2463934",
                "d9e2280c4378eb84dca90f476f2214b4d7d2208430d5484f23c8e6aa8560bd76",
                "297caa74ea4c6956a80a2d484080e13d3e04aed746de46f38f4a59f9d6bb3231",
                "48daced72763fa09646b5e703df5bd85285c867692b9ba7a913114f7e735ad65",
                "fc80bec5f3da8777a33e4aea97dcc01f402e805fa0d2f131063cd3121c60ac6b",
                "9394e8ff8a57c4729672b96f5d1476f625ce340e3a6598d141e344128abf0e68",
                "173e7bcaa4ff09fb66e92b4d50ccf1d6855ec8f9d590f493f2db646cb2684355",
                "4fdebcdac649df277972a80071eebb644bef9d069fcb80c5ee0610ac294cd75e",
                "efd78cc53b6bb356e37c4f869d2ebb7cf0a3323a91b3bfa4ea12f828782485d0",
