{
    "domain": "sealsubscriptions.com",
    "owner": {},
    "source": [
        "DuckDuckGo-US"
    ],
    "prevalence": 0.000318,
    "sites": 45,
    "subdomains": [
        "cdn-app",
        "app"
    ],
    "cnames": [],
    "fingerprinting": 1,
    "resources": [
        {
            "rule": "sealsubscriptions\\.com\\/shopify\\/public\\/js\\/sealsubscriptions-main\\.js",
            "cookies": 0,
            "fingerprinting": 1,
            "subdomains": [
                "cdn-app"
            ],
            "apis": {
                "Navigator.prototype.userAgent": 17
            },
            "sites": 34,
            "prevalence": 0.00024,
            "cnames": [],
            "responseHashes": [
                "cb041518d1b0d08c96117536f0b2ceeb4506af2c5643c9160f8bbb4c2b2458d6",
                "7eb70257593da06f682a3ddda54a9d260d4fc514f645237f5ca74b08f8da61a6",
                "56dfd21530d7e65a5aeb4b2c6072c6c1723ca816e91bf2e57686fa0a9c043242",
                "561b92564bf7ee4eb4e6de02dca72ed4028958de013b2fd7dc802b947da85f79",
                "71c2620f418cba47e653ce6d69b09a141eea88426d89e131d0fb7e574f9db86b",
                "d853daf658f643669ed972a948d4682e235d7f5a0dad82c1557adca582be0372",
                "33a871728e68bc8795b8e3095a6818346fda2dccd9b26afd1afd993dad1a166b",
                "584136fbbd0a09e45a5375804e13b55178943583a9d469d9348ec338803cdc14",
                "c2810662d25f518ee3478f3fa86be339e6b8e98051f4797c2f61e8b5db906cc7",
                "49c726526ed83d8acaa492cfafb9dc1ae87fcfdd4615980bb72858ece8fe2ae5",
                "3aea3cee735f2f98f18cec6d1cec65d1220b7b69e9db8b42c8a2abea31104e4c",
                "5051f19189d63528d2272cee47c30baee59653421ea6ba39b2f8678cbe7e8b44",
                "6c2d59140f4e84df8dc94641d9687616e2c8d48b75c92dbf4b52efbb9d651e07",
                "0e5ffe6fe2a3ae603ef147863f0b578828701765541ce7329e6583a680aaf5b8",
                "da5715d1ceec7063fe5de9ba6e78fa686248edabc22fb950e3b3a35f56037c1d",
                "05c08d1d81b0e62df9456808cd602c4071a5c34c36570b36dc648dfa8619ac4c",
                "41bfa836742b8d625b3c7d9dc234c1e35efa26c0e4832b89bcfe7498bb840fb2",
                "0f029b1496b519d4d7acdf84981e4d0c2036be00d4abed51f09db02ab6c55e84",
                "e71051e746cc0f6c6491da4eb3c54181ad95b070817bc9c2b55bba24659947cb",
                "348e4e243027b4b025fd52edf8fcdcd64d6b0631a9562bea21925ef9f1f160c5",
                "fdf89ad8089ac5ace9e4a756695a9cb33650971b747d95feaaabb56a8a266ffa",
                "0e36e0772562bce98c2b4e00b785b5157fa8df8a6d224d581140a55cffe605eb",
                "d49dbca8b1a7c82e9cf530da25a2513303a3f55e7d3b19b322e82f1b7908755a",
                "036fa9e7fa516b1cceea51cf2250e4f1d2fdbef7f20950a31578efe474517c82",
                "01ba4719c80b6fe911b091a7c05124b64eeece964e09c058ef8f9805daca546b",
                "d2cea388b005080f01c3ea1dcb7aa85a8e71a179c61ced4417931e3714a52529"
            ],
            "type": "Script",
            "firstPartyCookies": {},
            "firstPartyCookiesSent": {},
            "exampleSites": [
                "hobbyhouseneedleworks.com",
                "bluebonnetnutrition.com",
                "villagehatshop.com",
                "www.vapestore.co.uk",
                "methyl-life.com",
                "conceiveplus.com",
                "www.gistyarn.com",
                "www.jimmybeanswool.com",
                "www.schreinersgardens.com",
                "www.villagehatshop.com",
                "ev-lectron.com",
                "drinkh2tab.com",
                "www.namacbd.com",
                "www.alarmsystemstore.com",
                "designeroptics.com",
                "www.mavaquadoc.com",
                "www.americanapipedream.com",
                "nature-heart.de",
                "www.vinatura.store",
                "casadesante.com"
            ]
        },
        {
            "rule": "sealsubscriptions\\.com\\/shopify\\/public\\/js\\/seal-ac-module\\.js",
            "cookies": 0,
            "fingerprinting": 0,
            "subdomains": [
                "cdn-app"
            ],
            "apis": {},
            "sites": 25,
            "prevalence": 0.000177,
            "cnames": [],
            "responseHashes": [
                "7b79a7c96f61c685dd3e802bb493ee5d9b283e30cbc5c23afdb2515f4f80d715",
                "5ae3793e018eedf1f5ba255989fd7cf44d241aa576ec49d86fa19870407bbb0d",
                "9927b18fa613dfd39e1d2cb7c334486c55034148660618140ac439ab9593d213",
                "a14e701f7d9427d4b011ccecb52f4758b1ecda52bdedfe93ac13b2725d9f8d7e",
                "d63d03b915d65f40262e7e6f07026961d9d6261bb9bb03393336e183fef4b090",
                "4684f71311549d1772f0249da3c1e23a5b7ce72a2c23e1c803514125e16aff00",
                "7e170e9b39df213c239a30fe4843ebb6da9ca0ebc9e30789983e1d2f5665b9f5",
                "9eedc09ab5e65528487d04a9915cea444fd8eebc536637012f078363fdd415a5",
                "db880420b1340e027315c1c97f554758563db77261762408ec3a670710176ed7",
                "c6d2697934f765cbe206336607a08eb9317e5cdfbe93bf3ee9857c0587ccda84",
                "5f7aa8d93cc28d9bae094285372f531ca620d9332b9c7b93d542eb28d3b50886",
                "def316d77ad7e6634ccd62930745931151f10cbd826e5a18f6a4f6469d28d4b6",
                "68c4fda1dbb31b405f5aeed81704eee7911224a6b8dfbb33fe95bc199d6b635f",
                "5f4256c7796221252d477062d68c5b66b955f6de07e579aa6a2c5b48817ac2ad",
                "bee1df2d9ffc0ace37f9951da2de4358fdf92316096c38fda3b1101061ad3dea",
                "997aa0bdc59773927bb15b416569da2bca0abd50cb5925a93b83c7537204c8f8",
                "6a8ddde1c31f29f8d399a6896e9c165c0cba3ea5fceef497000c415d93465b38",
                "414da0b02b2dfbb5da50d4799c22b8f93a04e8d7dd27b60869ee831d45ceff63",
                "5d3d7424dbb16449c18b06ebec8d904d49d4d1fa3b47034f51ec5e09ea926943",
                "8e424787386926f92b44a2f99c8a2d7e78eb4cfd8f2ee0830e22975b45267223",
                "8b84465c0e262c552ed3bf647ddc919b76225b80e4e9614df3d6485dfe3ef836",
                "ca11d4abe6acdb13eef8ae9da64e597bf52533d0af63aa8950bc8d0b25267f36",
                "91cf3db9ad71b1dfb718b4c450215b32f91d7866abc80a8d04e553bef12b4ee9"
            ],
            "type": "Script",
            "firstPartyCookies": {},
            "firstPartyCookiesSent": {},
            "exampleSites": [
                "www.gistyarn.com",
                "www.greenbelly.co",
                "eatprima.com",
                "www.namacbd.com",
                "siraya.tech",
                "www.aquapurefilters.com",
                "www.alarmsystemstore.com",
                "www.cleetusmcfarland.com",
                "drinkh2tab.com",
                "nature-heart.de",
                "genucel.com",
                "lgparts.com",
                "www.eightvape.com",
                "subimods.com",
                "annagriffin.com",
                "methyl-life.com",
                "www.jimmybeanswool.com",
                "thehookuptackle.com",
                "ev-lectron.com",
                "bluebonnetnutrition.com"
            ]
        },
        {
            "rule": "sealsubscriptions\\.com\\/shopify\\/public\\/css\\/style\\.css",
            "cookies": 0,
            "fingerprinting": 0,
            "subdomains": [
                "cdn-app"
            ],
            "apis": {},
            "sites": 25,
            "prevalence": 0.000177,
            "cnames": [],