{
    "domain": "sitedataprocessing.com",
    "owner": {},
    "source": [
        "DuckDuckGo-US"
    ],
    "prevalence": 0.000552,
    "sites": 78,
    "subdomains": [
        "fe"
    ],
    "cnames": [],
    "fingerprinting": 1,
    "resources": [
        {
            "rule": "sitedataprocessing\\.com\\/fewv1\\/ProcessRawEvent\\.aspx",
            "cookies": 0.000205,
            "fingerprinting": 1,
            "subdomains": [
                "fe"
            ],
            "apis": {
                "Document.cookie setter": 10
            },
            "sites": 29,
            "prevalence": 0.000205,
            "cnames": [],
            "responseHashes": [
                "bded2630e4092c63d1237a3179eeb8f99fdef70614306793f8dbe7c1ad29c7cb",
                "18288f48bd55760f89e4c9b20f00eb8c5ace16eefb04005d14da5874221eb2ec",
                "38d00642309345d5f25fea4e3179ab1a79e018e4f4ddce3e7d750c240fe2441a",
                "924201cf61dd9d52dca435df1ca3786ebe265ab271ed3b6a9662ec0cc1b4d7be",
                "6a5cf2772756d993cc70ae1c07f717008f9a9578008e76fabd087d9f1c4019ef",
                "02e8fb0c89192e842e3a983a46aa8367c45633f3911e9c98abc9fc0156cb0f81",
                "b3a7a4b59adbf7c1f8f316badc25aa4c5f264902607091470b304c25719f7b30",
                "9cff7093ed8ed5689e0eb2453d666af58cf7fb7c25cdf987b72ecda25ae9e19a",
                "18b1ffc7710d229a36c89901974a4b2ec621d40e9400041966448741aa284d51",
                "139042abb6ef3d4470ffb40218476374d1c5eeff2a4a6c161f887abcaffc2ea2",
                "24750b3faaa6d0bbfe6f1fa978619a361945b2756f722bee79f76bb8f9938f00",
                "690aa0f5da3611dec9c3dd3c16263635ed7cace22d4877190d7766a3e92d5231",
                "b78fa765d88f937b2a7ff6b3481942c0490750773ca359b9615a11efec370e8d",
                "44610c0c6d4f6a343f923eee45202abb4d190df4dfd18e7eb6ea72572faa2ed9",
                "b507f7b3bcd4ad5e244211c6fcc69532ef6b8a6570a1e458e7f7c56120559a61",
                "a3839603704d2f9aaad85d3f1de652956e3f2375038bd5e6c0b50411ec284633",
                "82119778e58353d31e9ee237b9edd94d6109d1182acc4874767154ff62e1a40f",
                "0aafb18a07450ece54586a4bd3418266dcd21f76f3af469a748e5a740a622a9c",
                "357cb8a6dd4b2a4ddaca0bb8c31df939533cbb635441ea4b204f72e11764ec13",
                "cc1cb66316cddc572234c4be8c4f5406ccbf6abf819f421c4c6ba8e89db014bf",
                "f75b1ffb19814b78e8c605d6759fc0bbb41efac839f6ad186146b628e0a4b1b5"
            ],
            "type": "Script",
            "firstPartyCookies": {
                "vv_session_id": {
                    "ttl": 1805,
                    "length": 46,
                    "prevalence": 0.00007073336351290176,
                    "uniqueness": 1
                },
                "vv_visitor_id": {
                    "ttl": 94694405,
                    "length": 31,
                    "prevalence": 0.00007073336351290176,
                    "uniqueness": 1
                }
            },
            "firstPartyCookiesSent": {
                "IR_gbd": 0.00003536668175645088,
                "_li_dcdm_c": 0.0000636600271616116,
                "shop_name": 0.0000070733363512901765
            },
            "exampleSites": [
                "store.moma.org",
                "www.cb2.com",
                "tomboyx.com",
                "cuyana.com",
                "polywood.com",
                "quakermarine.com",
                "www.vionicshoes.com",
                "www.lillypulitzer.com",
                "jmclaughlin.com",
                "lillypulitzer.com",
                "www.jmclaughlin.com",
                "havenly.com",
                "spotandtango.com",
                "www.dwr.com",
                "grundens.com",
                "store.hermanmiller.com",
                "www.polywood.com",
                "evereve.com",
                "www.eastfork.com",
                "www.everlane.com"
            ]
        },
        {
            "rule": "sitedataprocessing\\.com\\/fewv1\\/ProcessStats\\.aspx",
            "cookies": 0.000113,
            "fingerprinting": 1,
            "subdomains": [
                "fe"
            ],
            "apis": {
                "Document.cookie setter": 16
            },
            "sites": 23,
            "prevalence": 0.000163,
            "cnames": [],
            "responseHashes": [
                "e3b0c44298fc1c149afbf4c8996fb92427ae41e4649b934ca495991b7852b855",
                "094d7fc48494f5810b8769f95956be053d38802e7cfd6c63553f3face44f8997",
                "e8ba606b9832ff1d3f121b70fe006945754b2aed387c06b26a96fc29b206b4b3",
                "ad6cb67a2c2b06ed05e712b0559ce95062325c6fe2f5ed6b26c13031ceff36ba",
                "391db1bf87569e1e6c3a6729aa4323396732bedc6d6612a62657221a2de40cbf",
                "74d9e134f1fdf30a6e47a9da21cf5a4a733d9aa9efe4585d560916affae52a3a",
                "c9654119beeb036303805968bc3460abb6ac508ca3eb7f810dfa97a5b584964e",
                "4525d7f92729d2772ae9574c86b96f44e3e81b048641deef1cd695ba521425c9",
                "33dc3d0406b4f8b1867eff6f91c4ca69b1c751094807fffe346a6ae171516fb0",
                "78cab8a49339219635d1aa62e221070701dfb031cb345bc46afc135a1ef9dc83",
                "e30722786f99282f27fbd6bb595e183ff1fe982793ea8fd613fdbbebcbb3791a",
                "52ffb76b9e60844a006ef3b3093a3d933c522ac11d63d4d1577b0290dd4b5dc6",
                "7569539ef293b6609ebdc765f559d5543fe8093907569816ca8bef5938b2c2be",
                "624214c24acd0e4d99f8228016185df9cb88fbda26260ce44316adb99e4d03ae",
                "56a9c3d6c4be54eebbfd39f1a4f378ba24a0ac033b31d94701465e25f41664fe",
                "340917ef30cafe5e3ff2d9d0708dd2fca356ba00aa24ed3049a02a6aa83b172e",
                "d6c27837a43eee09759220b3ba8ef9bf53eb3acd1687e17046810d97fd9776c1",
                "f2e168a005fd0a273db127c5a567b2caefc4218f9064f8373c50bd2460b6ab35"
            ],
            "type": "Script",
            "firstPartyCookies": {
                "vv_session_id": {
                    "ttl": 1804,
                    "length": 46,
                    "prevalence": 0.00011317338162064282,
                    "uniqueness": 1
                },
                "vv_visitor_id": {
                    "ttl": 94694405,
                    "length": 31,
                    "prevalence": 0.00011317338162064282,
                    "uniqueness": 1
                }
            },
            "firstPartyCookiesSent": {
                "_li_dcdm_c": 0.00007780669986419194,
                "lotame_domain_check": 0.000014146672702580353
            },
            "exampleSites": [
                "www.aetv.com",
                "www.epochtimes.com",
                "www.coachup.com",
                "www.mylifetime.com",
                "tjvnews.com",
                "ministrywatch.com",
                "www.growingproduce.com",
                "superiorpluspropane.com",
                "www.visualvisitor.com",
                "nealschaffer.com",
                "mises.org",
                "www.jns.org",
                "equusmagazine.com",
                "www.jameco.com",
                "www.theepochtimes.com",
                "horsetrailertrader.com",
                "www.israel21c.org",
                "www.mccd.edu",
                "www.windowfilmdepot.com",
                "www.tierrafarm.com"
            ]
        },
        {
            "rule": "sitedataprocessing\\.com\\/consent\\/cookieconsent\\.min\\.css",
            "cookies": 0,
            "fingerprinting": 0,
            "subdomains": [
                "fe"
            ],
            "apis": {},
            "sites": 6,
            "prevalence": 0.0000424,
            "cnames": [],
            "responseHashes": [
                "cd0d0b6e50ff01ff2f3a9a70d7cfb66a7c6cb9acf7a566325568be6d3bd31fc4"
            ],
            "type": "Stylesheet",
            "firstPartyCookies": {},
            "firstPartyCookiesSent": {},