{
    "domain": "sitkainsights.com",
    "owner": {},
    "source": [
        "DuckDuckGo-US"
    ],
    "prevalence": 0.000092,
    "sites": 13,
    "subdomains": [
        "dashboard"
    ],
    "cnames": [],
    "fingerprinting": 0,
    "resources": [
        {
            "rule": "sitkainsights\\.com\\/feedback\\/embed",
            "cookies": 0,
            "fingerprinting": 0,
            "subdomains": [
                "dashboard"
            ],
            "apis": {},
            "sites": 5,
            "prevalence": 0.0000354,
            "cnames": [],
            "responseHashes": [
                "2931b8f1f49ad5261302d3c21b13c5f2e1c9806ba12540cc271d460f7dc2e3f2",
                "435e0e99e6c94fc063074152a2239594aef72f49aa00678a155c82c647c7e189",
                "57b8940989f7a7e95ca21fbe74b5ddb907bcd629f501b49cad373e5323ffc6c6",
                "c8a820633588ecf267846754e4deef0f02a8c015dd125b11c0d7dc14ba46bad4"
            ],
            "type": "Script",
            "firstPartyCookies": {},
            "firstPartyCookiesSent": {},
            "exampleSites": [
                "tacoma.gov",
                "www.missionfed.com",
                "www.multicare.org",
                "www.thehumanesociety.org",
                "www.tvc.org"
            ]
        },
        {
            "rule": "sitkainsights\\.com\\/feedback\\/embedload\\/",
            "cookies": 0,
            "fingerprinting": 0,
            "subdomains": [
                "dashboard"
            ],
            "apis": {},
            "sites": 9,
            "prevalence": 0.0000637,
            "cnames": [],
            "responseHashes": [
                "b49794aae4e3afb9760f19410c4023314ecf8bb88b20345c44eda7c082a8ea4f",
                "6a0cf43296af62de6cba4ecde44120cb1b807267e2382a0f3fa44d9f8497232e",
                "729733f98420d38e2164428ad57257268f775f24ccbfdce1e0a602de41742857",
                "340c3d16569128cd435524a6f53ad04b8b6143aebe3dd79dc18fb602492555c5",
                "159352179b66ae7d63c0b14db36a598b201795e8632821cb57d01afbdcba2785",
                "8628333da76e1500a8ef784d7254294d2b9f054128a6783589bbb92623d0d103",
                "6ccd44e3bb3eca0af0f47d9f1cecf0c26f69e7a62fc1b2dfd59ebe191122d1e8"
            ],
            "type": "Script",
            "firstPartyCookies": {},
            "firstPartyCookiesSent": {},
            "exampleSites": [
                "tacoma.gov",
                "www.bendoregon.gov",
                "www.missionfed.com",
                "www.multicare.org",
                "www.mytpu.org",
                "www.parkstacoma.gov",
                "www.thefair.com",
                "www.thehumanesociety.org",
                "www.tvc.org"
            ]
        },
        {
            "rule": "sitkainsights\\.com\\/feedback\\/embed\\/",
            "cookies": 0,
            "fingerprinting": 0,
            "subdomains": [
                "dashboard"
            ],
            "apis": {},
            "sites": 4,
            "prevalence": 0.0000283,
            "cnames": [],
            "responseHashes": [
                "a25edd3f10e1101e00387cb28fed99cdf336214628cbf83b565ae2740159158b",
                "b8eab2cfbe9d76df18c0ceb0c30b5b53e027b25d1c92d49753c2492da177c32a",
                "b8d6808266c784a3ae5d621106b791d1f5fb32c016e57e1d0a694e4e3f4e997c"
            ],
            "type": "Script",
            "firstPartyCookies": {},
            "firstPartyCookiesSent": {},
            "exampleSites": [
                "bendoregon.gov",
                "www.mytpu.org",
                "www.parkstacoma.gov",
                "www.thefair.com"
            ]
        }
    ],
    "categories": [],
    "performance": {},
    "cookies": 0,
    "topInitiators": [
        {
            "domain": "first party",
            "prevalence": 0.7894736842105263
        },
        {
            "domain": "gearlabnw.net",
            "prevalence": 0.15789473684210525
        },
        {
            "domain": "googletagmanager.com",
            "prevalence": 0.05263157894736842
        }
    ],
    "types": {
        "Script": 18
    },
    "nameservers": [
        "clark.ns.cloudflare.com",
        "emily.ns.cloudflare.com"
    ]
}