{
    "domain": "smct.co",
    "owner": {
        "name": "SMARTER CLICK TECHNOLOGY LTD",
        "displayName": "SMARTER CLICK"
    },
    "source": [
        "DuckDuckGo-US"
    ],
    "prevalence": 0.000545,
    "sites": 77,
    "subdomains": [
        "events",
        "ls"
    ],
    "cnames": [],
    "fingerprinting": 1,
    "resources": [
        {
            "rule": "smct\\.co\\/tm\\/",
            "cookies": 0,
            "fingerprinting": 1,
            "subdomains": [],
            "apis": {
                "window.sessionStorage": 24,
                "window.localStorage": 2
            },
            "sites": 43,
            "prevalence": 0.000304,
            "cnames": [],
            "responseHashes": [
                "bdaef20a8c4b08fb60e45f37b8ebec1939541b63afba9cfeb382419fea67cf87",
                "a43183220a978a404532f15bf4e7405e380d5af82d7c7fee52303a7e8e29ebaa",
                "f3495cc3ae3a66b2283607a64155336a10e67abf35c7ac98d39a4e15699c678a",
                "9ea087f8f46d9deadc129c6fcf777ace98ef78a3c957103e5bd2e64c04750d7f",
                "e110756b2aeab477dd132053f572a3b32d4688c5b7408ac5199df8b3767a3106",
                "ba3c66a3f6af55d1650abacf15218d04acf688df33286e267bddec5d94296c5f",
                "4f4827a810575634feb27cc0abd237df24be2f903b0d13f02cab25f79a0bb897",
                "8cb1512b332a152f7317d49ce546f3e791cbb7d99da74501f556290c45e24fbd",
                "a73a0880ef4d13000bb04a5cfefb90ca91fa013fb860ec590ca3a3949d67a4b0",
                "f119e1766badaa3c7cdffa4812ccb544c0ea45f0b9ffa52f1d21ce8ce3d057c5",
                "2851b3eb199cb8e676100101496eef4529aa38946147fb65107a61f244cd1dea",
                "811c6f1025758ce4ce065c79c1916aa5b02d4b6ece29495059caab80bb2f722e",
                "7e69154c64cb9cdbb629fe3e58edd055d41b98e2c00e10fe7fb5431ddfb10758",
                "d76b54f9da4858af8caa5d2f3f68d4ef7704017f58c018276941eda71a625600",
                "147a2dfe46b9342c87157a387e279a3372d097acfb0e64926177c7e92785c2bc",
                "a66ffa21c6a938458c58b495aad30cb968b8757f67674947a436b2532e81f13f",
                "06593f32a16558165d33a3c5e3c43a1549ae68d2e438e5c00a5374d79cae54f1",
                "1c55fef21664381dbff0301d9b869a43e8b7bdb7c49bd731ac1434736a64d406",
                "44e944f14f871d659b99eb4a67e47f4c44b12f8b1d845ef1d3719885be61d3c6",
                "ae649702ca788e04c562055e1fe4a0398a809e9b49ed92d473c01922a7f5bc50",
                "484689a9719185af716e78a2d79fa4e85066207f993514e88b909cbba04acd77",
                "9a9d1159e5e97df275bb49da0ac3ad7a3d7d3a96bd0cba53f8c6548a3d71efa2",
                "1cf8048772b34ddd1440dcc8f93fe7c9c045f29d32bb695b3228ad87e8646f8b",
                "35f821bc57680410719dbb11647917595152881ad4a4803a445e0ce62045fa25",
                "25d0da849a95d41f7f2ec4369b14d815e93931a9cc29669405349105f53f5215",
                "0df1ab91fe08a578da85ee8b52a8bab091dc84523a5323e71dc1ab08fd09a3f2",
                "29ed114df89c7c288048e39b1c8d2150e4a6eed5a6586ab0b5edfff34cef5047",
                "d6a2f36f5ebe9f9e738423fcdd93f1d9a509a92d8e9b9ad99adb98cfcc1fcae1",
                "b34c0c497ace5795974dcf8f4bd6da3605e905d3c604df3bc29b524f3d28b968",
                "4162d3db5be548bdcf783aa328a2d20b1cab263cd49782ba09f1cb590bb16220",
                "56225bc5144b53a0ade5a120aa31caf9ea56552804f3a0f1e10567406ad6a118",
                "fb6e7c88d7f37bc650fdf219832087181c05b95f3a28b4a2c18c4c83018f56f9",
                "b301e39b1af8babc050236e8846fe61c2ac1e33d6fd3d9aea43ad5b8d6242dcd",
                "5810b1355bc0c6d359c4c444afe1c3f1825d1571fe0394668c9986441162e3cb",
                "ef0f3509bd447640cefcffb7a4361022a7ccffec01832390eb05084eb3f780d6",
                "662809c58038ec8811612cd992ae3b7d471f9b1094ca834a9dff5b63e5e2e04b",
                "9f4eb50457071b5c4ba857bcf8223a48e1de94f2b8d69d1cdf91d29b7cdc2781"
            ],
            "type": "Script",
            "firstPartyCookies": {},
            "firstPartyCookiesSent": {
                "IR_gbd": 0.00002122000905387053
            },
            "exampleSites": [
                "www.clippervacations.com",
                "www.arrowvideo.com",
                "www.parcel2go.com",
                "us.no7beauty.com",
                "login.frontier.com",
                "www.condorcycles.com",
                "www.moneygram.com",
                "frontier.com",
                "www.bondara.co.uk",
                "www.wildsecrets.com",
                "www.dynamicbrands.com",
                "www.drsamrobbins.com",
                "www.campingworld.co.uk",
                "www.leedsbradfordairport.co.uk",
                "www.jessops.com",
                "www.eyeglasses.com",
                "classiccars.com",
                "www.natgeokids.com",
                "neurogum.com",
                "www.forevernew.com.au"
            ]
        },
        {
            "rule": "smct\\.co\\/tm",
            "cookies": 0,
            "fingerprinting": 1,
            "subdomains": [],
            "apis": {
                "window.sessionStorage": 10,
                "window.name": 1,
                "window.localStorage": 2
            },
            "sites": 21,
            "prevalence": 0.000149,
            "cnames": [],
            "responseHashes": [
                "89ce633469be63261ddfa3c9c32125ff52f3fea5fa21784480d36d87248da6e5",
                "5a50e9d701f09eb152b55b0a6c49a2b7f84930f2de1e5d0857e46d85b19421ae",
                "0748dac3f207ee7cfd07b93c8c537c2fd956a1d8579018c2ab2c725d4c4d1428",
                "1a0a70bedc865ce51c15f9a2506d4d9fc159050b6c271ce454a20eb781ebbce9",
                "35f821bc57680410719dbb11647917595152881ad4a4803a445e0ce62045fa25",
                "3ef310d934dfbe00430cf2812ccaf00024953bf2f089112d9adaf88fefc1e743",
                "ea048cc5509589dfeda5f354a9d4fe027045470dad438d018ab894386aa44d38",
                "e3b0c44298fc1c149afbf4c8996fb92427ae41e4649b934ca495991b7852b855",
                "7dc491bbc411024ce5ae9b41fedc78a9b5499e6f4a44841779cc808eb2f9eaa1",
                "0e04367473da717ba4eb33ea9ab8ad09d6f27c0f382e92e0d6b1bb0f46bf7e3e",
                "82d5d417431e99f1f374bce8a0963d1543d7a1be155243d3b7cb50e29abcc1ae",
                "9f3325835713f7a509c8a5481d1da381f2b9b3dfeae2a20292c92c5234e08517",
                "8c54ca40138fbe1b8e925fcd37bd652a84913473d09b2f8e1f8fcb1edcc5f93d",
                "29c1348f417a7fe929d7b2e49b047eb71c94eba40646f0b58cc33e2764e5324b",
                "f9f9ae71c70033a00a8827ea4e512cf5e2094eb4adb4d3422ec293a2e1a1b206",
                "a73a0880ef4d13000bb04a5cfefb90ca91fa013fb860ec590ca3a3949d67a4b0"
            ],
            "type": "Script",
            "firstPartyCookies": {},
            "firstPartyCookiesSent": {},
            "exampleSites": [
                "myprotein.com",
                "smarty.co.uk",
                "www.fredolsencruises.com",
                "www.musicmagpie.co.uk",
                "www.princetonreview.com",
                "www.kabum.com.br",
                "www.trivago.com",
                "www.gtech.co.uk",
                "www.trivago.co.uk",
                "www.trivago.de",
                "www.hivehome.com",
                "startselect.com",
                "shop.ordnancesurvey.co.uk",
                "www.rac.co.uk",
                "www.conforama.es",
                "www.decluttr.com",
                "www.pdsa.org.uk",
                "www.madeiramadeira.com.br",
                "www.arrowvideo.com",
                "www.ninjakitchen.de"
            ]
        },
        {
            "rule": "smct\\.co\\/event",
            "cookies": 0,
            "fingerprinting": 0,
            "subdomains": [
                "events"
            ],
            "apis": {},
            "sites": 4,
            "prevalence": 0.0000283,
            "cnames": [],
            "responseHashes": [
                "63f31f9a5988f712d22db3ca02b89ba5603b65abffe69cb8d7900bbf21264b34"
            ],
            "type": "Image",