{
    "domain": "smsbump.com",
    "owner": {},
    "source": [
        "DuckDuckGo-US"
    ],
    "prevalence": 0.000226,
    "sites": 32,
    "subdomains": [
        "subscription-forms",
        "forms",
        "forms-akamai"
    ],
    "cnames": [],
    "fingerprinting": 2,
    "resources": [
        {
            "rule": "smsbump\\.com\\/quick-subscribe-check",
            "cookies": 0,
            "fingerprinting": 0,
            "subdomains": [
                "subscription-forms"
            ],
            "apis": {},
            "sites": 24,
            "prevalence": 0.00017,
            "cnames": [],
            "responseHashes": [
                "13b21c882e0f361f7e6dbf3af78bc5b1a4414f9547ec965af4d53f8e7f476438",
                "a1de3b6315a3cedfb5ecd9d8a81662141e6cb014330747fe3f2daafe876f532c",
                "722253f354bb593b50c6f1875757d3870c94ae2d822035b5c909c3263319b785",
                "96b2a1862e829d73e15512603f93e7ce37c55892b48f83bb1a3437f8290a69ef",
                "fe73692b35884a55efd325aaf953d155faac93538aba090bdff9d91c64f9426b",
                "51f8639dc44f389c524b914f4d70507ea21d34c487962075e1e5837a6fe61397",
                "8071e9ae21870d51c36991413f2144c773b549fd421d51065680fa0df3fc7dbf",
                "264d8b8474dc1bccda1e49c04fef469e9cbad0306968e09d2d677dab699a3384",
                "545c810d359c7a01b783cc41232492e45b12638f92d1ed8970e997b42badfdda",
                "bb4edf8b66ecb1b84524c72b5396605e4c0571a012033456f809068d20327015",
                "d8c3bab4ea20cdf63611423fd0c0627d528509475ef1873e68fe49c7dd449666",
                "790c4bcb57a87b732b8f55a99c0df74f09b239bd3430dabb37b52e595fe55e69",
                "50668b007e427491d2dcde94b5f71570cde59e4f6ef9c3e6dcfdac93e4d0c56c",
                "a8fe4f52d9ca961f4f194c3b3df0e6c3e0d9d9eb0a5260d0ae0ab3ff3e79882f",
                "9695826ab0753c5670fa061dd4f4829d3c38ed02e6a0e4073d2dbaa9bac7bc36",
                "94d4f41ed94383b1df3945bec8c1d65054c59327af9d13cc8265da0c49a49a43",
                "2188fb4e8bb892dbc52f36f9ca09682821a7daea5c3416d76bdcd42f51a3a840",
                "7e656274cb467b1e5ea68c40f18467378755218d86f189d8327a6e4ceedc30aa"
            ],
            "type": "Fetch",
            "firstPartyCookies": {},
            "firstPartyCookiesSent": {},
            "exampleSites": [
                "ferrymorse.com",
                "pyrexhome.com",
                "www.parksproject.us",
                "www.lonewolfpaintball.com",
                "www.cosrx.com",
                "corelle.com",
                "woodturnerswonders.com",
                "greenhousemegastore.com",
                "www.batteryjunction.com",
                "golfcartstuff.com",
                "www.underoutfit.com",
                "hylands.com",
                "shop.ccs.com",
                "www.spigen.com",
                "everglades.farm",
                "www.threebirdnest.com",
                "astronomics.com",
                "highhorseperformance.com",
                "dazzledry.com",
                "www.nestbedding.com"
            ]
        },
        {
            "rule": "smsbump\\.com\\/681672\\/form_226398\\.js",
            "cookies": 0.0000141,
            "fingerprinting": 1,
            "subdomains": [
                "forms"
            ],
            "apis": {
                "Navigator.prototype.userAgent": 2,
                "window.localStorage": 2,
                "Document.cookie getter": 2,
                "window.sessionStorage": 2,
                "window.innerWidth": 2,
                "window.innerHeight": 2,
                "Document.cookie setter": 2
            },
            "sites": 2,
            "prevalence": 0.0000141,
            "cnames": [],
            "responseHashes": [
                "4752bc0a527f81331f94597780494f34257f3729060283ace49753a914ca66ca"
            ],
            "type": "Script",
            "firstPartyCookies": {
                "smsbump_form_pages_session226398": {
                    "ttl": null,
                    "length": 1,
                    "prevalence": 0.000014146672702580353,
                    "uniqueness": 0.5
                }
            },
            "firstPartyCookiesSent": {},
            "exampleSites": [
                "batteryjunction.com",
                "www.batteryjunction.com"
            ]
        },
        {
            "rule": "smsbump\\.com\\/681672\\/form_225634\\.js",
            "cookies": 0.0000141,
            "fingerprinting": 2,
            "subdomains": [
                "forms"
            ],
            "apis": {
                "Navigator.prototype.userAgent": 2,
                "window.localStorage": 2,
                "Document.cookie getter": 2,
                "window.sessionStorage": 2,
                "window.innerWidth": 2,
                "window.innerHeight": 2,
                "Document.cookie setter": 2,
                "Screen.prototype.availWidth": 2,
                "Screen.prototype.availHeight": 2,
                "Date.prototype.getTime": 2
            },
            "sites": 2,
            "prevalence": 0.0000141,
            "cnames": [],
            "responseHashes": [
                "fbc35e52462f917d156ef4bc88971c63907fe0a2aed0d88b27f1ce16e5fb0f73"
            ],
            "type": "Script",
            "firstPartyCookies": {
                "smsbump_form_pages_session225634": {
                    "ttl": null,
                    "length": 1,
                    "prevalence": 0.000014146672702580353,
                    "uniqueness": 0.5
                },
                "smbimpr225634": {
                    "ttl": 43212,
                    "length": 36,
                    "prevalence": 0.000014146672702580353,
                    "uniqueness": 1
                }
            },
            "firstPartyCookiesSent": {},
            "exampleSites": [
                "batteryjunction.com",
                "www.batteryjunction.com"
            ]
        },
        {
            "rule": "smsbump\\.com\\/static_config\\/countries\\.json",
            "cookies": 0,
            "fingerprinting": 0,
            "subdomains": [
                "forms-akamai"
            ],
            "apis": {},
            "sites": 9,
            "prevalence": 0.0000637,
            "cnames": [],
            "responseHashes": [
                "4bc32414a922ebb34cee1d5b048a4097a1dc8935e948cc38c734740b8ef09485"
            ],
            "type": "Fetch",
            "firstPartyCookies": {},
            "firstPartyCookiesSent": {},
            "exampleSites": [
                "batteryjunction.com",
                "dazzledry.com",
                "hylands.com",
                "shop.ccs.com",
                "www.batteryjunction.com",
                "www.cosrx.com",
                "www.spigen.com",
                "www.threebirdnest.com",
                "www.underoutfit.com"
            ]
        },
        {
            "rule": "smsbump\\.com\\/681672\\/user_file67181682ddf14\\.png",
            "cookies": 0,
            "fingerprinting": 0,
            "subdomains": [
                "forms-akamai"
            ],
            "apis": {},
            "sites": 2,
            "prevalence": 0.0000141,
            "cnames": [],
            "responseHashes": [
                "ef226fe292971a2156ad3f39862c025d6cc1dc65a1544d445f63db68d19a03a5"
            ],
            "type": "Image",
            "firstPartyCookies": {},
            "firstPartyCookiesSent": {},
            "exampleSites": [
                "batteryjunction.com",
                "www.batteryjunction.com"
            ]
        },
        {
            "rule": "smsbump\\.com\\/681672\\/6b2607866e484cad13c04c7a1a168d16\\.jpeg",
            "cookies": 0,
            "fingerprinting": 0,
            "subdomains": [
                "forms"
            ],
            "apis": {},
            "sites": 2,
            "prevalence": 0.0000141,
            "cnames": [],