{
    "domain": "socy.pro",
    "owner": {},
    "source": [
        "DuckDuckGo-US"
    ],
    "prevalence": 0.0000424,
    "sites": 6,
    "subdomains": [
        "gra7-mat",
        "bhs5-mat",
        "rbx-mat"
    ],
    "cnames": [],
    "fingerprinting": 0,
    "resources": [
        {
            "rule": "socy\\.pro\\/mat\\.php\\/check",
            "cookies": 0,
            "fingerprinting": 0,
            "subdomains": [
                "gra7-mat",
                "bhs5-mat",
                "rbx-mat"
            ],
            "apis": {},
            "sites": 6,
            "prevalence": 0.0000424,
            "cnames": [],
            "responseHashes": [
                "1bd8311ec0948bfa2afe4ee0c3adadab0b45ab0aa93689d03040bc4b96a38fa6",
                "48ba729e7c693e1685579d5a108b9631f7e4272ad0e48b82d814ad525d814cbf",
                "5ce8f9283403a332b3f0f3ac89a2d302582fdfc13e78f54fdbd0536827c2f14f",
                "029414a5545e286a9f2f22eed082be5645ed1b5c8e0135f437bee60fadbbf140",
                "7f1773a02e000ccfe3d2db6fdbc397893d2a09fb3ee7fc57d6e1867edacf9282"
            ],
            "type": "XHR",
            "firstPartyCookies": {},
            "firstPartyCookiesSent": {},
            "exampleSites": [
                "cadenaser.com",
                "caracol.com.co",
                "los40.com",
                "www.europapress.es",
                "www.telva.com",
                "www.wradio.com.co"
            ]
        },
        {
            "rule": "socy\\.pro\\/mat\\.php\\/api\\/xandr_usermapping",
            "cookies": 0,
            "fingerprinting": 0,
            "subdomains": [
                "gra7-mat",
                "bhs5-mat",
                "rbx-mat"
            ],
            "apis": {},
            "sites": 5,
            "prevalence": 0.0000354,
            "cnames": [],
            "responseHashes": [
                "b39f13f795aaea8e60face84d54e92c7bc6b6962d07461acfcda8e6d5a4a5831",
                "33eb9c86799d70d8e8fdfc3470a70b89eb22ad21b44d7960c1aeb7cbc081f338",
                "ee1847a930a0beef1a5f2e770dbd1e1bf8457631596a4f25870817d44cd7011e",
                "ac32f15dae4f94f051c296d0d93b6b37c5f59b75d1c28b89037c41798d960640"
            ],
            "type": "Script",
            "firstPartyCookies": {},
            "firstPartyCookiesSent": {
                "_MAT_XUM_": 0.000028293345405160706,
                "SPC_XUM": 0.000028293345405160706
            },
            "exampleSites": [
                "cadenaser.com",
                "caracol.com.co",
                "los40.com",
                "www.europapress.es",
                "www.wradio.com.co"
            ]
        }
    ],
    "categories": [],
    "performance": {},
    "cookies": 0,
    "topInitiators": [
        {
            "domain": "socy.es",
            "prevalence": 1
        }
    ],
    "types": {
        "XHR": 6,
        "Script": 5
    },
    "nameservers": [
        "henry.ns.cloudflare.com",
        "ruth.ns.cloudflare.com"
    ]
}