{
    "domain": "sp-gn.com",
    "owner": {},
    "source": [
        "DuckDuckGo-US"
    ],
    "prevalence": 0.000453,
    "sites": 64,
    "subdomains": [],
    "cnames": [],
    "fingerprinting": 0,
    "resources": [
        {
            "rule": "sp-gn\\.com\\/u",
            "cookies": 0,
            "fingerprinting": 0,
            "subdomains": [],
            "apis": {},
            "sites": 61,
            "prevalence": 0.000431,
            "cnames": [],
            "responseHashes": [
                "a47927bf8de47a46f6565589ad3af8d8d9bc46e1ca1f6aaec7eedd7e4de9c384",
                "91a387f5a48134e463935777b948e43f1a0e088af976c64e38c8cdc5c79f69f3",
                "da4d00d72146532a3c8309986e25e23f571b1e5b9e2f6d9f7770fd5e6ec8a3ad",
                "61be428286b0e2c9dd726e894f604a925c966939d7183a359ae1760f4a153f2a",
                "dde2b3ceeb673874c53daff35a3d69b9667db118b27152eaf9435e7314189b85",
                "6aed5f56935c76f12490c5beeee4cf1b2e82f2e8938a948954b13a3347e7a7c5",
                "5c4569949fda684527feaa634ec60ed818da85bc1fba923efc243e39a03aa707",
                "e620a41957cbd3dd6d198dedbd199ebab6966a1d983ce6fd67fc601af5677269",
                "249213dad736042ccd283471d7a7ce291580ddcc788ec04f8760b346cf09f559",
                "37d3a14e05144122ae1047030c60847ace154f309d8c0231d19b29eeacc6041b",
                "cea4a73a6a2c8e9cd0f2f886352ed145d6c3dcee380b43869d79273302ce050a",
                "2c55fd1ee6af0892f3c3c39dec23d4eb443b0ff03832dbdce8a8ca819a5b105d",
                "efa5238d9fea9b7a9f6ee6faad050fe5282a8ff8789ef891823d85241da0b569",
                "1f90547ea7276d8f0f06fcfc57bf3dcfe32f0932aac48a88d8b455a50ef9a5c6",
                "643c7312bb9f9581cac60e134c34046f51b56fb01925cfcab67b2ad6d232dc02",
                "6f25074e378c5d7572cab8cb8275b154f7b1c5030895de0579dfece7cf8d125c",
                "02efd6397e8dad9d502eedec6aaa6afa32acc67b7c5b0894baa0f89b12c41a03",
                "bac96ecc863cac4a83e1c008c1d3d7843a0c3a7b59c61c62f32dc2aca10f2d10",
                "db0bdd5e070a5aaebb4b3acea2fd00243c64e1ba9658e2f17c3aa51e1cb01910",
                "eee20718eb5f14cd6e951f1d0cc7008773ffd1089391a0a070d513008e70d2ef",
                "268ae24854448f9a8e42ce6f86f40a72579af9bce2d7d35443a8a256e4b932a2",
                "98895dda248824f87685554dea07faf1abb2eb4afabde6da3a132153b7a6f586",
                "f7dba2601789f45cdbcbe4957cc9da971414d6ef3b18e05ca6ddc4fb29d056ba",
                "6584ad7e6df0ba041b8a773841004de24d4779631a37b704c9e7968d1f7427bf",
                "9984d655eac177df7c04947cb1bb83fe353381b4617b76d4747b247405715af4",
                "1ad47d440193aea10c93917e5a5b60dcda9c1c89b445a5883552b42f3f762214",
                "8429378413d1753e5466d674bc7c2fd903c14c93e36ca5e02ade043894184a75",
                "2ec257e2ede32a4be458dc23bbaebf09d5f5c37cb4ab511bee214b74aa88095c",
                "d69808d2dbb876333f1ba8e36025893cadbb8b043f981c2b2f72d5deca84c60d",
                "33419bb2965d3bdf0c5924d90a21260737d189645787cde873ae0b2359c0e3b3",
                "1c71672234df0bc1f9e653ba6894936ef2ed7c0c2477c302e96a7a07554ced37",
                "9a1e6c6ed1075b1c1abdfd1af587dcbf7dfdf4a3b7797a5a3ff8c1fc4c4a47ab",
                "888a2ee43e3c588aa608558a3506b830b83a9ab52cfb6456c3fbe3f04d96ea63",
                "9b0dc265ce9a3e27c13944ce3bd73005eaac8a2efc61db8c036cd16ef6ae64d3",
                "74b381e7e2a4921eb3e077d66223fc817c1b8b671993419598cdfb20fa9e42a3",
                "4924c5cff95fa17b245d4b7aefe4204fb2627df7eace5dd22e566a4a49b694b0",
                "cd044fbfe7fed3be0275ce461c83738fad8c4bf96058c6a1fbe112d08c9308c1",
                "8e9a7666580bb80082eccc7655103a87113dda4d2de0c8a9ba2a86c3ac41f291",
                "a9da304cbd06f87872f18ec09cf0c120baf143413ef8694d94ff0879f7924262",
                "6178f9c3db03024fa90bb795c0c1d9d559ce4ad3ed14edb372cd67f9784da72b",
                "8b3beb0eb487e91df3c740f5f177138cff77fb522fa30592c7b6499cdf68a5ce",
                "decfb7a381de96c2a93f219bf430698feef6f9b91fc68c5da2eadcb1ef7a0838",
                "154dc78ff055c60bbb1258422e0f089ee307c3c917bfc19f72f3e3e5a6cc7bb6",
                "4a650d53b7fad0613c978402142adb4d75919d949602ecd152893497b31b7496",
                "4592fd410f39f4ae08b8c985ef0a316ad6af8a13a8b076ae3af82f57848b5923",
                "13ece49a2a37493fa670f0e4b148c66fad07cb0dec8b8fb76fd67a367590764d",
                "abd50bf6d7ad28bf0dc01833af9b06b0deddc15f8d3bcb5de7a2f3d2af5db246"
            ],
            "type": "Script",
            "firstPartyCookies": {},
            "firstPartyCookiesSent": {},
            "exampleSites": [
                "ncode.syosetu.com",
                "bandung.viva.co.id",
                "www.its-mo.com",
                "www.alphapolis.co.jp",
                "serai.jp",
                "www.kurashiru.com",
                "animesoku.com",
                "1geki.jp",
                "tinhte.vn",
                "ekitan.com",
                "nana-press.com",
                "agora-web.jp",
                "macaro-ni.jp",
                "jin115.com",
                "www.sarthaks.com",
                "www.intipseleb.com",
                "khoahoc.vietjack.com",
                "animanch.com",
                "chisou-media.jp",
                "bbs.animanch.com"
            ]
        }
    ],
    "categories": [],
    "performance": {},
    "cookies": 0,
    "topInitiators": [
        {
            "domain": "geniee.jp",
            "prevalence": 0.9393939393939394
        },
        {
            "domain": "geoedge.be",
            "prevalence": 0.045454545454545456
        },
        {
            "domain": "first party",
            "prevalence": 0.015151515151515152
        }
    ],
    "types": {
        "Script": 61
    },
    "nameservers": [
        "ns-909.awsdns-49.net",
        "ns-161.awsdns-20.com",
        "ns-1540.awsdns-00.co.uk",
        "ns-1533.awsdns-63.org"
    ]
}