{
    "domain": "sp-trk.com",
    "owner": {},
    "source": [
        "DuckDuckGo-US"
    ],
    "prevalence": 0.000226,
    "sites": 32,
    "subdomains": [],
    "cnames": [],
    "fingerprinting": 3,
    "resources": [
        {
            "rule": "sp-trk\\.com\\/u",
            "cookies": 0,
            "fingerprinting": 0,
            "subdomains": [],
            "apis": {},
            "sites": 31,
            "prevalence": 0.000219,
            "cnames": [],
            "responseHashes": [
                "1eace72df93d71d7ed4b407f1b0b9e8504285a6ca6b63da41a4f164e015f2c85",
                "85d664729c0555f13bf2bc38141df3ac06a67a796bed008fd55eabbf3afe1db4",
                "cc83f0156111da7b35010d58d98d16ba50cb1971a038a33bbd20587d9600eca6",
                "d47f395a58f0be6f5cfc74f249085b884b0bf9894025a4b5f34729e711558469",
                "113b61cd22a690f8adebc7ad87b0dad35be14cc4fb1852638d8f0f0bb5453b8d",
                "aaede3af97711cce23b94a2fa7667a9ca3e2ed8bb51aaa843f388a42e80eb828",
                "918c4f37d0a97aaa079f245db8e074cf0794964d479601410624130281c4cc60",
                "99f41abc8b852a79608706d2b53b76b2d65e5cb6056a5d2f511dbc251b7b6314",
                "ad4f47df6725677832441619bd22177f3e30a0f52746eae3825dea5925adcf8d",
                "bc3b8bcead25d40625dc31491cd4b5f9dee21f55f2cdd049b7ee751783f8e56c",
                "7466a06ca2f8e8b857854240b6dd75e960c1cf7a9435b89d50f5cea9f25b127e",
                "2b5294002f1ca966b16136edb87907347af0be561ea5cb1b2d8b9002248cd8e2",
                "8d5804cf033636f6299d70bf018ef041d744059d1603b8a7fb611cd5397fff60",
                "e62c78dd43f48487ac3594d33fbe8293d581e1de75996d8de65982380c165367",
                "1dfc2f96feb8946d598cc04e74e25fbf90daaa8932cce8825264d194220441a5",
                "8192f008415bc1b5e078028ce098d0aca118489417046f68fa6f11f7b2e97080",
                "45fe312e2dafd2f36579a76a13212b42743d3d10011f21dfa6376c075396f4b0",
                "51ac9d53d402b06e2dad1bd2612ccf9b9aedd19edc6b6e166ee451f4aecc345f",
                "49c2c157da54d562656b2b013cc012f5a895f01d876b83c66664b3b86f9da965",
                "9c989e1905138599489269e669e6ee71d449d87301ef0fd3dbef226307d6b5e5",
                "a829d138b195544f26baa6f5dabe9c6aa166bcaa9e6a774fbcca7edd553cedde",
                "c576c46ad3caa6b6a7bf1c41127504f32435be2bddeda943012f5ea711f24cb7",
                "1d6b55978ed363fb7588417a7be75d06aa4a81dced2a3bbe132453a253dc78ab",
                "bb80f37985593670f9a69a7c5dfbe2908330b222a701fdf1e8d661edfd6797ca",
                "6d7bd16ef4efc28ecc667239315ee369fc6a02b17e17fbf12628a40a5d6298ce",
                "843028af040626c799d99a59bf9e8def45639b67e0b5cb7b2d38cf7be9247189",
                "644d9e7aae526d9b8fe00126492ea9c0112835b84a80c604461a2cbe5414848d",
                "27b12e66aec3049188780d589cc98949cbadaa6b0302eb4457374e729ce0d7bb",
                "7e38257b977d56c611db851eacc5eaa20db07a0a8fcb2e7b1187cd7767bb397a",
                "a37f5b88bc7c3af3f1310e0a2c6698f38bc39307f239ba94bdbdd35ce40433af"
            ],
            "type": "Script",
            "firstPartyCookies": {},
            "firstPartyCookiesSent": {},
            "exampleSites": [
                "biz.moneyforward.com",
                "www.baitoru.com",
                "www.creema.jp",
                "s.kakaku.com",
                "shopping.bookoff.co.jp",
                "netmall.hardoff.co.jp",
                "www.e-sogi.com",
                "www.zurich.co.jp",
                "network.mobile.rakuten.co.jp",
                "www.freee.co.jp",
                "www.hatarako.net",
                "kimini.online",
                "www.princehotels.co.jp",
                "www2.panasonic.biz",
                "store.united-arrows.co.jp",
                "www.skylark.co.jp",
                "travel.rakuten.co.jp",
                "baito.mynavi.jp",
                "221616.com",
                "coconala.com"
            ]
        },
        {
            "rule": "sp-trk\\.com\\/t\\/gvti2l7u",
            "cookies": 0.00000707,
            "fingerprinting": 3,
            "subdomains": [],
            "apis": {
                "Date.prototype.getTime": 2,
                "Navigator.prototype.webdriver": 2,
                "Screen.prototype.orientation": 2,
                "Navigator.prototype.platform": 2,
                "Navigator.prototype.language": 2,
                "Screen.prototype.width": 2,
                "Screen.prototype.height": 2,
                "Screen.prototype.availLeft": 2,
                "Screen.prototype.availTop": 2,
                "window.screenX": 2,
                "window.screenY": 2,
                "window.outerWidth": 2,
                "window.outerHeight": 2,
                "Screen.prototype.availWidth": 2,
                "Screen.prototype.availHeight": 2,
                "Screen.prototype.colorDepth": 2,
                "window.devicePixelRatio": 2,
                "Intl.DateTimeFormat.prototype.resolvedOptions": 2,
                "Date.prototype.getTimezoneOffset": 2,
                "Navigator.prototype.hardwareConcurrency": 2,
                "Navigator.prototype.deviceMemory": 2,
                "window.sessionStorage": 2,
                "window.localStorage": 2,
                "window.screenLeft": 1,
                "Notification.permission": 1,
                "window.indexedDB": 1,
                "Navigator.prototype.maxTouchPoints": 1,
                "WebGLRenderingContext.prototype.getExtension": 1,
                "WebGLRenderingContext.prototype.getParameter": 1,
                "Document.cookie setter": 1,
                "Document.cookie getter": 1,
                "Navigator.prototype.javaEnabled": 1,
                "window.innerWidth": 1,
                "window.innerHeight": 1,
                "Navigator.prototype.connection": 1,
                "HTMLCanvasElement.prototype.toDataURL": 1
            },
            "sites": 2,
            "prevalence": 0.0000141,
            "cnames": [],
            "responseHashes": [
                "09bc15a621322c70f8e2b418e5671be344180d3f946ba3e4cf8574b539d6f4c6"
            ],
            "type": "Script",
            "firstPartyCookies": {
                "t": {
                    "ttl": -184540985,
                    "length": 1,
                    "prevalence": 0.0000070733363512901765,
                    "uniqueness": 1
                }
            },
            "firstPartyCookiesSent": {},
            "exampleSites": [
                "kakaku.com",
                "s.kakaku.com"
            ]
        },
        {
            "rule": "sp-trk\\.com\\/i\\/gvti2l7u",
            "cookies": 0,
            "fingerprinting": 0,
            "subdomains": [],
            "apis": {},
            "sites": 2,
            "prevalence": 0.0000141,
            "cnames": [],
            "responseHashes": [],
            "type": "XHR",
            "firstPartyCookies": {},
            "firstPartyCookiesSent": {},
            "exampleSites": [
                "kakaku.com",
                "s.kakaku.com"
            ]
        },
        {
            "rule": "sp-trk\\.com\\/t\\/cziqhlwq",
            "cookies": 0.0000141,
            "fingerprinting": 3,
            "subdomains": [],
            "apis": {
                "Date.prototype.getTime": 2,
                "Navigator.prototype.webdriver": 2,
                "Screen.prototype.orientation": 2,
                "Navigator.prototype.platform": 2,
                "Navigator.prototype.language": 2,
                "Screen.prototype.width": 2,
                "Screen.prototype.height": 2,
                "Screen.prototype.availLeft": 2,
                "Screen.prototype.availTop": 2,
                "window.screenX": 2,
                "window.screenLeft": 1,
                "window.screenY": 2,
                "window.outerWidth": 2,
                "window.outerHeight": 2,
                "Screen.prototype.availWidth": 2,