{
    "domain": "spbx.app",
    "owner": {},
    "source": [
        "DuckDuckGo-US"
    ],
    "prevalence": 0.000106,
    "sites": 15,
    "subdomains": [
        "api.wire"
    ],
    "cnames": [],
    "fingerprinting": 0,
    "resources": [
        {
            "rule": "spbx\\.app\\/wire\\.js",
            "cookies": 0,
            "fingerprinting": 0,
            "subdomains": [
                "api.wire"
            ],
            "apis": {},
            "sites": 13,
            "prevalence": 0.000092,
            "cnames": [],
            "responseHashes": [
                "584420fa43bb10af096ec99700b2cf3a94a5ff9c8655ac5f15a567e1c24fbeda",
                "fb68197e83edaa81c69e9d07d34093e8e0e99c1b945429e82907fda647b6d759",
                "ae70a9166d3ab2964f919c7a79a2b3269eb083e43179f0a47a18dbc22ef7adb0",
                "d323d9e5da666b75fbcc9163ea08b94e0f655aec463ffe5c66e9731350e937b4",
                "f4bf9da9b6f0b93f623c94fb61dc2441bb72c33b4ade9c0194c1113ea7c8631b",
                "d875104a20e3e08190b9fec817738573d0260b889900f7c5243dddf4472a114b",
                "717cb66937c935a6b38be50c06c31f7881163b4ca055d560e57429bb6dbd2f0d",
                "e6f55befabf196eafeaff4ccf82e1e75c44df27048fecb2ab1499ef953a90588",
                "82b819890761e5afb0f8b373e2597caa36399fc826172d50215f3d51f7ac80aa",
                "ff372171d295b5ae9f490d004321c4cfa901678a9385e53833a2795bd3fd928b"
            ],
            "type": "Script",
            "firstPartyCookies": {},
            "firstPartyCookiesSent": {},
            "exampleSites": [
                "belmontabbeycollege.edu",
                "login.zoominfo.com",
                "satellitephonestore.com",
                "www.amli.com",
                "www.bw.edu",
                "www.firstcommunitybank.com",
                "www.moffitt.org",
                "www.njpbs.org",
                "www.pointloma.edu",
                "www.su.edu",
                "www.thirteen.org",
                "www.wliw.org",
                "www.zoominfo.com"
            ]
        },
        {
            "rule": "spbx\\.app\\/wire",
            "cookies": 0,
            "fingerprinting": 0,
            "subdomains": [
                "api.wire"
            ],
            "apis": {},
            "sites": 6,
            "prevalence": 0.0000424,
            "cnames": [],
            "responseHashes": [
                "cabd3794891ab0cdcb9fde329dac37980d9b6f944169ac838eb3068e5da17748"
            ],
            "type": "Image",
            "firstPartyCookies": {},
            "firstPartyCookiesSent": {
                "lotame_domain_check": 0.0000070733363512901765
            },
            "exampleSites": [
                "zoominfo.com",
                "www.bw.edu",
                "www.pointloma.edu",
                "www.su.edu",
                "www.thirteen.org",
                "www.zoominfo.com"
            ]
        }
    ],
    "categories": [],
    "performance": {},
    "cookies": 0,
    "topInitiators": [
        {
            "domain": "googletagmanager.com",
            "prevalence": 0.6666666666666666
        },
        {
            "domain": "first party",
            "prevalence": 0.2222222222222222
        },
        {
            "domain": "cookielaw.org",
            "prevalence": 0.1111111111111111
        }
    ],
    "types": {
        "Script": 13,
        "Image": 6
    },
    "nameservers": [
        "ns-1872.awsdns-42.co.uk",
        "ns-1198.awsdns-21.org",
        "ns-27.awsdns-03.com",
        "ns-692.awsdns-22.net"
    ]
}