{
    "domain": "sskzlabs.com",
    "owner": {},
    "source": [
        "DuckDuckGo-US"
    ],
    "prevalence": 0.000262,
    "sites": 37,
    "subdomains": [
        "pbjs"
    ],
    "cnames": [],
    "fingerprinting": 0,
    "resources": [
        {
            "rule": "sskzlabs\\.com\\/bid",
            "cookies": 0,
            "fingerprinting": 0,
            "subdomains": [
                "pbjs"
            ],
            "apis": {},
            "sites": 25,
            "prevalence": 0.000177,
            "cnames": [],
            "responseHashes": [
                "616fb41fabdc5d91c70d471ac35f9317e73f09879d24ca97605e4b2f27d9ff54",
                "9686dd65bcbde656c1065cd847b396d93204b068e5c7dbc855b99b4aa367512e",
                "2280ccd880b2f8fa27411b38e52ad992f6b6fbd822d510bbc1027873cd16798a",
                "5edb99c8cc71ae85a8d11f9d1f2f3621bad8041cccf81d8edc283ad1c627be46",
                "9ae98a7945373a69ccc178b55f888975ec4b0ce9fb8f473131a092d8dcbedd4e",
                "bf87fbcd884ea0da274dc97a798497985c7afdd8bdb611024f2d064f24a202f0",
                "08fefcddb30b8dc71fdd09014bd89c54f6bb6db5049385b731d6c5ea6caafce9",
                "2e3e03e9261263f7c78dfb0c0b7d288741965cd9399a0288e20fa34c833c4190",
                "b687d717c09ef585bef5190c75d71d93198121678c783dc808b2d6c8b25c6877",
                "a88c228d913febc4f52eac26eb20827cd92c50edf65c31b43b4779b7a9cb7889",
                "c9f9a7bfa748e9be836aabe426da51e5882e6095769a4e3970246edce4ab4e11",
                "35fbc18a2386a7dff1080a5275f83c73c7f7849f065cab4b0889dc7d1476309d",
                "9ac2eff2d999ef48624b9f13d6f681b89d2bcf9a7cb0ff69624b356d93bd99ab",
                "b96832f62b59969ad895a7817c4d75157c70915efa0c18b63a90516a37224759"
            ],
            "type": "Fetch",
            "firstPartyCookies": {},
            "firstPartyCookiesSent": {},
            "exampleSites": [
                "www.thepoke.com",
                "viadeo.journaldunet.com",
                "int.soccerway.com",
                "bricolage.linternaute.com",
                "salud.ccm.net",
                "tennisuptodate.com",
                "www.commentcamarche.net",
                "de.ccm.net",
                "linternaute.com",
                "thetab.com",
                "mazdas247.com",
                "www.filmtv.it",
                "www.linternaute.com",
                "us.soccerway.com",
                "forums.commentcamarche.net",
                "forum-auto.caradisiac.com",
                "www.linternaute.fr",
                "copainsdavant.linternaute.com",
                "es.ccm.net",
                "www.entertainmentdaily.com"
            ]
        },
        {
            "rule": "sskzlabs\\.com\\/notify",
            "cookies": 0,
            "fingerprinting": 0,
            "subdomains": [
                "pbjs"
            ],
            "apis": {},
            "sites": 22,
            "prevalence": 0.000156,
            "cnames": [],
            "responseHashes": [
                "616fb41fabdc5d91c70d471ac35f9317e73f09879d24ca97605e4b2f27d9ff54",
                "0978a902a0fb392b3e98918c2f0811b50d5b2f0f9f5dd12f2f7c823dbcc9f1be",
                "1da61c99335857fda1462a22fc9b578b2bc62bb337f978440cab228d6b531733",
                "d90fc38adc04d78df9b1a464ceb4c528906a97d8e062fa2c5eb3fcac602353c0",
                "5edb99c8cc71ae85a8d11f9d1f2f3621bad8041cccf81d8edc283ad1c627be46",
                "9ae98a7945373a69ccc178b55f888975ec4b0ce9fb8f473131a092d8dcbedd4e",
                "0bec46321eccde277357feb8280a9b5a74eb3a819bf90e55154e7e871a98d95b",
                "77ca53a8f6928ed9aeae138cb654445086b3e765b489dca1d5f2a7c5530da2c5",
                "1b10eb3862b5823ca9c90ef2d09a9738df2d6fdd7d4b316c1265ebc13b675127",
                "b687d717c09ef585bef5190c75d71d93198121678c783dc808b2d6c8b25c6877",
                "5a82a9b03cdbd60fb4bb2fb052ac460035f82263cd8eb347cdb1bd8033785013",
                "7311a9f40678610338af6dc71e73ff7aeb3251adec9c25529057b761f828735d",
                "de9cf5baa27ec1fd2d3a5a0e3f0623fca00b07b8e5ba98578051c5b7945d9138",
                "5b178dc85c1c58e7f6f47f6ec6d02bfd8daee2e558958b509343e9bf93e06863",
                "e6b0c54aa9755289318c3f6741aa1ef3965f099f622d089ca9f83c2d9a351e4a",
                "2456e689c43ac3b9b549e702c070f07b73a8663f9c5f744ab84a4cc3228d1e5d",
                "a8c65cec70b15bca7217bb05214b3a3b835c23f82dd4e293a9ec0bd69af4710a",
                "04796e2222ef9af691768ed01e86e23d3e76ed68891fc70ecd6647f93264abd2",
                "286f904b6210b897fe1f38eb0be171736b544474c4dc60d3206e5038979045d7"
            ],
            "type": "XHR",
            "firstPartyCookies": {},
            "firstPartyCookiesSent": {},
            "exampleSites": [
                "linternaute.com",
                "www.honestjohn.co.uk",
                "de.ccm.net",
                "forum-auto.caradisiac.com",
                "salud.ccm.net",
                "www.programme-tv.com",
                "countryeconomy.com",
                "ccm.net",
                "tennisuptodate.com",
                "www.diritto.it",
                "copainsdavant.linternaute.com",
                "forums.bluemoon-mcfc.co.uk",
                "www.linternaute.com",
                "vans.honestjohn.co.uk",
                "classics.honestjohn.co.uk",
                "www.filmtv.it",
                "es.ccm.net",
                "www.societe.com",
                "mazdas247.com",
                "www.fiscoetasse.com"
            ]
        }
    ],
    "categories": [],
    "performance": {},
    "cookies": 0,
    "topInitiators": [
        {
            "domain": "ayads.co",
            "prevalence": 0.42105263157894735
        },
        {
            "domain": "hubvisor.io",
            "prevalence": 0.14035087719298245
        },
        {
            "domain": "digitalbox.workers.dev",
            "prevalence": 0.12280701754385964
        },
        {
            "domain": "ccmbg.com",
            "prevalence": 0.07017543859649122
        },
        {
            "domain": "manageo.com",
            "prevalence": 0.07017543859649122
        },
        {
            "domain": "lngtdv.com",
            "prevalence": 0.05263157894736842
        },
        {
            "domain": "snack-media.com",
            "prevalence": 0.05263157894736842
        },
        {
            "domain": "s3wfg.com",
            "prevalence": 0.03508771929824561
        },
        {
            "domain": "first party",
            "prevalence": 0.017543859649122806
        },
        {
            "domain": "adplay.it",
            "prevalence": 0.017543859649122806
        }
    ],
    "types": {
        "Fetch": 25,
        "XHR": 22
    },
    "nameservers": [
        "ns-17.awsdns-02.com",
        "ns-527.awsdns-01.net",
        "ns-1541.awsdns-00.co.uk",
        "ns-1076.awsdns-06.org"
    ]
}