{
    "domain": "stapecdn.com",
    "owner": {},
    "source": [
        "DuckDuckGo-US"
    ],
    "prevalence": 0.000835,
    "sites": 118,
    "subdomains": [
        "sp"
    ],
    "cnames": [],
    "fingerprinting": 1,
    "resources": [
        {
            "rule": "stapecdn\\.com\\/widget\\/script",
            "cookies": 0,
            "fingerprinting": 1,
            "subdomains": [
                "sp"
            ],
            "apis": {
                "Navigator.prototype.userAgent": 11,
                "Date.prototype.getTime": 15,
                "window.localStorage": 9
            },
            "sites": 32,
            "prevalence": 0.000226,
            "cnames": [],
            "responseHashes": [
                "b57284fe09bf09911a198c60221f9b282c5a492ec7264b40733b5db8591fc6bc",
                "85d22a6644ae56228a16bc05d168cdb21a1203964eedc4e886181bc69fd2411f",
                "23eb98b74ea8db7429339692fba474fc8e2ed2d965c6f01fb2c66c85b0562319",
                "bed901c82c49cf79db9767fd4085f1ba60f5f04d12a9d1c5b6c9b70e240a8e82",
                "3ce844ae7566117d1af0c132b4acfda7badd668273b8c1c1ee930b93ccbdd359",
                "e57e83b89f1583600a3cb50f030ed9a3ba374d8c1bca6c7b9baa7ea0857444a9",
                "de3c5d062a6ae5242f4f0c0b6eaf78f9c8edaf4b3d15611f6b1a1bfda71f1559",
                "b96802e3560913c68dd306890b85b8f6cddabf1b03bb49afe200aa3099652adf",
                "366a3308a88ff60e6e5a7d03b1487197cf5ac767a615908a38f064b33abce3f1",
                "5e2865c9a9dc94c31023f100fdf139309f3d949a2ee31d643167c910eb9e4a4b",
                "87836152335c4b4d4928f67d5cadef1fd7371c99a4766bbbc4cfae22d2812e8a",
                "d80a388abdfb50e9b89f8339d92802d5c132fb5ade433042efe0fe0cfa94373a",
                "fde32b6f8e25e822d6ea151ea8f5a85ce09f4b157a38d95b68e8b66b25947d8f",
                "6124f26e7d8b2c0fdcb4bb784a460d24345dc7f6e416722f1d91ec94c76978cf",
                "4f37e02c9c5904fdbc7b2851460915ecd77cafc1a469a195a396d3e0e8db27aa",
                "52f4cbb0f61bf41b54feebae00ec336b81343bc93f5fa63843e61669b391dd40",
                "ba043bd99edb3dee900ebcf3a5b0426367fd2878c1c4889b007f416bae5b4948",
                "f7b48ad9663bdcb012aac3014e0b8a3bd49785f7180fe7f7673c30f22136f5be",
                "458ea08d26642b0afa04dfd4235893c4375ecf94d4785b17ece6e9ac974ac414",
                "fec18441d7b61de56ba33b7bd52ccca9f10580dc1dd696346f392f7d94358435",
                "91db1edba9a585f2f0ae066bcad11d769ef3cdb7ac9565d5d170254249e4a527",
                "2e323c9a20404a7aa4d0d2522a49301cef20d2e7fd182922d39b8bdc65cd594d",
                "f086668b7807e935193752f4d68fc18b6e95fa52ee0acd2f9fd5b373a74609e2",
                "19fe8ef648891dfc0fed75514e0bc4270eae0b00370bbc1a877683f09c62ada5",
                "0ded8a04d67288436462b26bcb8b372443faf14d1225f12480e0eb6ac279e1a1",
                "64317b86573d7b30b114548ad3845dc7f95b3d3b0406da243190c3a6a8f7134e",
                "d7ad85cc02a15fc373a0f101ac24410b5932b77cae8530b88366d2d6facc5740",
                "0d1b85a3750cd3aee605b07f6803a3b72139d366f60ff91a155e4812948b4e62",
                "fe1562fa71dcc7079cdfe38e4f957fb608f7095b60dfb0a403d801f40a81d46c",
                "5330de1f3bf0455a880cde7c13da7b168d51c6a17a3c5784afe4d053d7cb71f5"
            ],
            "type": "Script",
            "firstPartyCookies": {},
            "firstPartyCookiesSent": {},
            "exampleSites": [
                "cleansimpleeats.com",
                "www.escortradar.com",
                "www.truecable.com",
                "wooxstore.com",
                "scandinavianbiolabs.com",
                "www.thedressoutlet.com",
                "uswatersystems.com",
                "www.thespicehouse.com",
                "www.petdoors.com",
                "takomogolf.com",
                "www.uvskinz.com",
                "www.revitsport.com",
                "oseamalibu.com",
                "www.theshowerheadstore.com",
                "www.nixplay.com",
                "drannacabeca.com",
                "www.shockwarehouse.com",
                "tuttletwins.com",
                "issautomotive.com",
                "letsliveitup.com"
            ]
        },
        {
            "rule": "stapecdn\\.com\\/widget\\/setting",
            "cookies": 0,
            "fingerprinting": 0,
            "subdomains": [
                "sp"
            ],
            "apis": {},
            "sites": 25,
            "prevalence": 0.000177,
            "cnames": [],
            "responseHashes": [
                "8a2d8fe2e25620038313d84317c276484b59d362d03c272d9196090dbc7fb369",
                "7186241c4d60c86670719bb528182e6ca6c5d9ad8c23b1073c8e3d71b0bf72c2",
                "2ea47a6b41e7281fd82e0107f9d6eb9881758eb3c7b90a7b15e2f239315847a8",
                "08ef7b537d98d6133b561809476f963b4bfb48f2453dde36cccd347a12acbde2",
                "ff34b84595cacc78040ed8001d26d6dc5b0833da38c7e143e0c3df4a0cc75e3b",
                "f9b35d5e45dd1d51e9db02897c29f0234ebfbfdc3a8c9fe6f309213b3c1761f3",
                "4bec3d53da56e52fd4dd60003b9c753120257f52989e6ee235f5ea38d6a66ced",
                "ec8d427f73ea19edc78063caaa13543d5b0ea0b75c66afdd9aafd282526d8eac",
                "6cff9ba5e33df5dd3f56daee90df4522411a5a08e91b7a53f625a96eeba30ac8",
                "a7a93a32ec1671076037e3b94d60a185706597db91769b9a3f362a29444f7e27",
                "a8df78c9765cb57e77a9c76941011d24bb126eac9274fea09d9bd71be0a537ab",
                "70b1c1f6cf03614a021a130509e970c76e0a997f6f1166dcf62b658949889bab",
                "b23ce5d5418d5bf94bcb579102679e2a4da20d03d079278c48cb43db78dcfe9a",
                "a3adfd0cfa0a9e11f0d5f2e6d4d5f3321fed2aa9fe817a2e4213c2e26ccaaf95",
                "bc38412c87faf8089f207a93900b19a12bce56af1efa1240976c566b10fdbd30",
                "5c06fd82c200f612883ccae8ff017a01f945763e52d771fbcd74537e740cb73f",
                "3088cd45a3664b91acf0cd8f3206602525099db2ac94f6f9f28865e3dd80aca4",
                "4b924c24aca141c61c024b3032b3f357411c95a35e852e5bd45aa624dadfd4f8",
                "f0916f1b3181a21b24b0b9ed42852f821bac795e7963a969e4ea04fe3ad233d6",
                "35380693ea1a38bc3bedf72aef505ac55be6b279bdc3dd27ddf4273109a94353",
                "c0665f1d08dcfcfa2e3e1e825685a1dd7a0edde3f88010ca7d83eb69dff960e1",
                "264e51957e5e454c19195dfa94535dd6555418ec4cdebf6270ee1e59406c11da",
                "d0fd80716c7e0fd75e50d708121d80bf962117bf774f689484e4033b7a8f3209"
            ],
            "type": "Fetch",
            "firstPartyCookies": {},
            "firstPartyCookiesSent": {},
            "exampleSites": [
                "takomogolf.com",
                "healthandtechreviews.com",
                "www.theshowerheadstore.com",
                "www.thespicehouse.com",
                "issautomotive.com",
                "pockethose.com",
                "letsliveitup.com",
                "southeastsoftwash.com",
                "tuttletwins.com",
                "omre.co",
                "www.uvskinz.com",
                "www.revitsport.com",
                "www.nixplay.com",
                "www.shockwarehouse.com",
                "cleansimpleeats.com",
                "uswatersystems.com",
                "everythingfor420.com",
                "www.truecable.com",
                "www.equipfoods.com",
                "wooxstore.com"
            ]
        },
        {
            "rule": "stapecdn\\.com\\/dtag\\/v8\\.js",
            "cookies": 0,
            "fingerprinting": 1,
            "subdomains": [],
            "apis": {
                "window.innerWidth": 36,
                "window.innerHeight": 36,
                "Screen.prototype.width": 35,
                "Screen.prototype.height": 35
            },
            "sites": 58,
            "prevalence": 0.00041,
            "cnames": [],
            "responseHashes": [
                "99f2d8044a24b9817bc31c4e3f6c34c24ff4e05557ca70dcd2631f790785d8a9"
            ],
            "type": "Script",