{
    "domain": "theetheks.com",
    "owner": {},
    "source": [
        "DuckDuckGo-US"
    ],
    "prevalence": 0.000127,
    "sites": 18,
    "subdomains": [],
    "cnames": [],
    "fingerprinting": 3,
    "resources": [
        {
            "rule": "theetheks\\.com\\/400\\/7938571",
            "cookies": 0.0000778,
            "fingerprinting": 0,
            "subdomains": [],
            "apis": {},
            "sites": 11,
            "prevalence": 0.0000778,
            "cnames": [],
            "responseHashes": [
                "020525d15d39bb44460d7d89f61d5286574ae67aec1ad424958cc0505b1b7e42",
                "976fa2da26cc225dd528c1bbca1c26e0f8755567009538d5308d4ca9d5888a0b",
                "ff4acee74e805653adde9be38ee71d4ff71e5f235474d3ecb72591a0a64893f0",
                "b6ae40d073ef7b0598607c1cb7614e05384fd607191a51aedd9704f231473a6e",
                "684a4680a994e1018144e5f87f64a9ca3ab6f758cdc3fc1e5965bccf98f29302",
                "3614a85cd9f093bca55db74d965c6bc0cd8077643b26c65f1c67e364f27b5907",
                "8bfe3df256228c45fa85d32cac5cc390349a77e72928f0ec0b0ebe4ffd910de7",
                "baee222b205e303d977e359c59a1f17d58a242570aad2b6a9456f953d901c8a9"
            ],
            "type": "Script",
            "firstPartyCookies": {},
            "firstPartyCookiesSent": {},
            "exampleSites": [
                "amoytoge.shop",
                "bokepasli.org",
                "bokepbinal.com",
                "bokepcrot.credit",
                "bokepidn.vip",
                "bokepindoh.jmsbo.com",
                "bokepindoxxi.us",
                "bokeptoket.cc",
                "bokepvir.org",
                "perbokepan.xyz",
                "tv21.brh21.xyz"
            ]
        },
        {
            "rule": "theetheks\\.com\\/500\\/7938571",
            "cookies": 0.00000707,
            "fingerprinting": 0,
            "subdomains": [],
            "apis": {},
            "sites": 2,
            "prevalence": 0.0000141,
            "cnames": [],
            "responseHashes": [],
            "type": "XHR",
            "firstPartyCookies": {},
            "firstPartyCookiesSent": {},
            "exampleSites": [
                "bokepidn.vip",
                "tv21.brh21.xyz"
            ]
        }
    ],
    "categories": [],
    "performance": {},
    "cookies": 0.000127,
    "topInitiators": [
        {
            "domain": "luluvdo.com",
            "prevalence": 0.3684210526315789
        },
        {
            "domain": "lulu.st",
            "prevalence": 0.21052631578947367
        },
        {
            "domain": "adschill.com",
            "prevalence": 0.15789473684210525
        },
        {
            "domain": "pubfuture-ad.com",
            "prevalence": 0.15789473684210525
        },
        {
            "domain": "naupsakiwhy.com",
            "prevalence": 0.05263157894736842
        },
        {
            "domain": "johnalwayssame.com",
            "prevalence": 0.05263157894736842
        }
    ],
    "types": {
        "Script": 11,
        "XHR": 2
    },
    "nameservers": [
        "ns-1360.awsdns-42.org",
        "ns-2007.awsdns-58.co.uk",
        "ns-262.awsdns-32.com",
        "ns-938.awsdns-53.net"
    ]
}