{
    "domain": "threewoodslose.com",
    "owner": {},
    "source": [
        "DuckDuckGo-US"
    ],
    "prevalence": 0.00017,
    "sites": 24,
    "subdomains": [],
    "cnames": [],
    "fingerprinting": 0,
    "resources": [
        {
            "rule": "threewoodslose\\.com\\/services\\/",
            "cookies": 0,
            "fingerprinting": 0,
            "subdomains": [],
            "apis": {},
            "sites": 24,
            "prevalence": 0.00017,
            "cnames": [],
            "responseHashes": [
                "e451484d5d8828180e9998e4c647cb8b1b05209df3fe292335079f481fabe623",
                "76cbc590292a9b0b53eee57081f8fc7b9193ac9c0b1d563c3af7d97346552a8e",
                "428527249387308243fbf023190c1f774541349096f586918591bdca37b35dc8",
                "8a51b86ebd9df1de8ac1f95d878a7234a6e94d6a331fe696fd7a568b90c87516",
                "e837bc2b2d745fc101ca81f4572794561853d782e8d0e308990cf3c3aaa4440d",
                "6cea90a6207a57f7cb5394a88261684168df519458e1cf92212e91d823266da8",
                "a9c040ed775aa650333a50a549387a3e59ac2fdf97d9d584eb480c91302f4945",
                "3bae1002e60d43bd4296a8c5f4f46fad59142773133e0d0a530358ab11ab2d81",
                "1a8947b526a6c91a58ec0f5711b840e8cc0b75ff04ee4ad951cccecd08ad07aa",
                "22189f075f7354e664ec9b8cb99190fd2c3d57662f34811ce20dcccc3ad60443",
                "17bd2a68e3f0d4b1465847126298769f6b80c23ccb54ecef14da07b83e442a8a",
                "a18cf0fa2f8dee58e77bd65767e76845552111a239d797916aa55790408ab641",
                "b650e66fcd7efc2e5100d6b67fe1a072d36ab509eae070abe83e62f3531b64b2",
                "d2d6070090efa89a8ff5fd8968b59fc4f4b3eb4f075269113b7139a64a4d0483",
                "ba4fe8180cf85b7e67f1a1c76e7bcbd14e4b36a5c67406ab0c419215affe233f",
                "2d6a887b5cde65eab22190b8239c5aa899e8c902346bfdbba2c0bd642b426e94",
                "15cca251ffc84b2018252f468d426891f598f9a5e80f3d9f9d98b000ca9deb24",
                "ff13544b5c1a2bd95ceced0793ddc4c9fc67b920d681f97ff9d1afb6ff994027",
                "baf296570e6663f277cabd69d15a61bc91d0540d5121e33a691bbbf6d0556052",
                "909e46788ef5001734052816f9a40e6f02ea7aed675128c10b513ef3634b13c7",
                "47f640e7d2c537eea653b05d0159dfb0167560f1293d1927ef97a843721c1202",
                "5560f530f7d900b83de0469e8201693a8fe659bceef40eda75251b55bcdc887f",
                "6035ddaeaa0ba476cc5b5f35445bb4d3665d9bf43686136fa6405a03adfafe85"
            ],
            "type": "Script",
            "firstPartyCookies": {},
            "firstPartyCookiesSent": {},
            "exampleSites": [
                "sexru.xyz",
                "wwv.babushky.club",
                "eropic.cc",
                "pornopyanie.info",
                "domashka.site",
                "kavabunga.org",
                "pornozrelie.com",
                "xcelebs.ru",
                "erotica-film.net",
                "siski.name",
                "pornopyanie.xyz",
                "vsegda-pomnim.com",
                "pornoanal.me",
                "goliedevushki.club",
                "topdevka.com",
                "teenochka.xyz",
                "russkoeporno.site",
                "pornokran.cc",
                "huivortu.com",
                "zrelieporno.com"
            ]
        }
    ],
    "categories": [],
    "performance": {},
    "cookies": 0,
    "topInitiators": [
        {
            "domain": "first party",
            "prevalence": 1
        }
    ],
    "types": {
        "Script": 24
    },
    "nameservers": [
        "dns2.registrar-servers.com",
        "dns1.registrar-servers.com"
    ]
}