{
    "domain": "trck.house",
    "owner": {},
    "source": [
        "DuckDuckGo-US"
    ],
    "prevalence": 0.000141,
    "sites": 20,
    "subdomains": [],
    "cnames": [],
    "fingerprinting": 0,
    "resources": [
        {
            "rule": "trck\\.house\\/p\\.js",
            "cookies": 0.000113,
            "fingerprinting": 0,
            "subdomains": [],
            "apis": {},
            "sites": 16,
            "prevalence": 0.000113,
            "cnames": [],
            "responseHashes": [
                "a236f6e5c1803b3cf55f61598bc886f62426a5c936f3f26ae3f04e16755cb942",
                "58ab1868513a7fac9593bbeab79c1abd12ac5b7eb9d889fa8d931ce486757f52",
                "f02731aac6f086cedb8a7c06a6cb00ff37e2006a686c216a8624d236d8c42505",
                "b8a9a8ecac30bb62c4f75d1ecf0d4cba2584c726a242e8d5264f6019dd1b52bc",
                "e2c0e91e97c7cbef42521f00bcb9e74dc7087f76ec3cc07fc0753db2231ca375",
                "39ac7f48e0f41c8b2ceb6f12a89b43388733e8bc73e2aafc0d6165474a1bae7c",
                "2d42588990335fa8ab5e505ff76b02f80deb66d6ba26f489972c2903d53600be",
                "638cbb0f9f1ca1dc3d9768da69f3dce3177ddc9b6b77e7f105b6bb4c9c5630c8",
                "829146f97dc5aa8a2cd8ee54e87352a540833fd52ff3897e4847a0f0b02bfbcc",
                "5d39ce74f90e96ce4927a14b84353576aa67bf232fc680dd7be2d4ca4dddfb8d",
                "aa03c2dd69ba07dbdee3bbbd6883e600a38e32dc3295c965b8860f032152a023",
                "35e7d455c1facb963be29b07643df546dd9338586f8286b6cac370e09cf2e074",
                "9f22c49d447dc91d2fcd25f71ee750210493d5dad498cd5a147a3e192bfb4733",
                "5915f7fee29f8bbe084a1327d797be117a2298ac00adc63c56c870e9458dbabc",
                "434f79261729e8585d7c9891f210892fee5922b56ad53012847671b92dd63af4"
            ],
            "type": "Script",
            "firstPartyCookies": {},
            "firstPartyCookiesSent": {},
            "exampleSites": [
                "antarvasnasexkahani.net",
                "bunmanga.com",
                "desibahu.com",
                "forced-sex.net",
                "girl-rape.com",
                "girlsreleased.com",
                "komikindo.cloud",
                "maturerape.com",
                "mcpe-planet.com",
                "mcpedl.org",
                "pornomobi.xyz",
                "pornosubtitula2.com",
                "rapeporn.tv",
                "scatxtube.com",
                "sex-young.com",
                "www.xporn.tv"
            ]
        }
    ],
    "categories": [],
    "performance": {},
    "cookies": 0.000141,
    "topInitiators": [
        {
            "domain": "news-byabuye.live",
            "prevalence": 0.15
        },
        {
            "domain": "hotbbuvaja.cc",
            "prevalence": 0.15
        },
        {
            "domain": "hotbrunocu.com",
            "prevalence": 0.1
        },
        {
            "domain": "news-bfujufa.cc",
            "prevalence": 0.1
        },
        {
            "domain": "news-xvuwabi.live",
            "prevalence": 0.1
        },
        {
            "domain": "hotblurume.cc",
            "prevalence": 0.05
        },
        {
            "domain": "hotbgafiya.today",
            "prevalence": 0.05
        },
        {
            "domain": "hotbzonebe.today",
            "prevalence": 0.05
        },
        {
            "domain": "hotbwekupi.com",
            "prevalence": 0.05
        },
        {
            "domain": "hotbboxuzu.com",
            "prevalence": 0.05
        }
    ],
    "types": {
        "Script": 16
    },
    "nameservers": [
        "ns1.phnshost.com",
        "ns2.phnshost.com"
    ]
}