{
    "domain": "trmzum.com",
    "owner": {},
    "source": [
        "DuckDuckGo-US"
    ],
    "prevalence": 0.000474,
    "sites": 67,
    "subdomains": [
        "live"
    ],
    "cnames": [],
    "fingerprinting": 2,
    "resources": [
        {
            "rule": "trmzum\\.com\\/loadeactrl\\.go",
            "cookies": 0,
            "fingerprinting": 2,
            "subdomains": [
                "live"
            ],
            "apis": {
                "Screen.prototype.availHeight": 10,
                "Screen.prototype.availWidth": 10,
                "Date.prototype.getTime": 10,
                "window.sessionStorage": 10,
                "Screen.prototype.height": 9,
                "Screen.prototype.width": 9,
                "window.innerHeight": 9,
                "window.innerWidth": 10,
                "window.localStorage": 9,
                "HTMLMediaElement.prototype.canPlayType": 5
            },
            "sites": 12,
            "prevalence": 0.0000849,
            "cnames": [],
            "responseHashes": [
                "aaccca351d8556f5c233cdabcb96387f5ecd1abd8d749b41b226af1067648f5f",
                "be8ed804aa8da21c0d3b1b621115242158958c18b9f696ee95d759c24bda2333",
                "0a60da5b82b05d9254cd6bf178d7cae466046a286406e6cbb2dcc7ce66af3513",
                "7c177b904260ecbd25c6ec39d5cccda09d9a47fcda813fc48b0bb3d0efb09720",
                "906d2b8a397167f22726192cbfa41838573410477e557fb4a873d6d2d28f6531",
                "06256e71c64cd292643adf44bb0c00440ea411d5c8c641fe9b41f96e59a3f96a",
                "5c435b149fba1b830da29598de4746ef0fcf61f3f6940b7f5393820daa8547dd",
                "d2350344a70993e5cf567d08de7a723122489c70c9f02f65b092a3d5f43ef384",
                "f63b60232f3ffe372fe307ad8c6785ce4365ac9236b4fb83cb890ca225563b1a",
                "9598f6bee6db045548dd927a3a1715fc99be97bd90caf4de61025c6a7e5e5c3e",
                "149db473c7bfb3106022be6d1ac62f1170185f718eb5e1a2401fdd7f5fc8610c"
            ],
            "type": "Script",
            "firstPartyCookies": {},
            "firstPartyCookiesSent": {},
            "exampleSites": [
                "babesrater.com",
                "cumfacegenerator.com",
                "dirtyship.com",
                "hornysimp.com",
                "kittyporntube.com",
                "lewdstars.com",
                "prothots.com",
                "sexythots.com",
                "thotslife.com",
                "www.luscious.net",
                "www.partycelebs.com",
                "www.totallynsfw.com"
            ]
        },
        {
            "rule": "trmzum\\.com\\/vast\\.go",
            "cookies": 0,
            "fingerprinting": 0,
            "subdomains": [
                "live"
            ],
            "apis": {},
            "sites": 22,
            "prevalence": 0.000156,
            "cnames": [],
            "responseHashes": [
                "41bd5a5ca9aae159ffd9c503dc23c5b07b3bd47d29fb97244fdebe0088cd4a7f",
                "751be8cea4e8241ea206fca53e23ca5fe51d43e0abd31d774134c83d3563d7f1",
                "b84bc29a24b371a7673de6c32bc646d6ddddfdab7b065889f592dfcf47c77afc",
                "e7ef74c0ba1c79b647421f1692a643ae627414ca25c6ae8868859cbf86072b17",
                "cb1b56a0eaafde90e988f26c2f8c11a9ab414339091f249e65022f84171f3521",
                "e79f8624f77d924ad533f097bc5c248d34ed785c6cd36fa2bdf68004b57db929",
                "2d11edd8514bdf39f75867c30da00ddf595ddaf6d54653c9e3d4dc9a69f5d746",
                "6649a9380a180b4dcb42696b6a04b7cc067a17913ea7dc3af483d8a2f9d41c26",
                "0c53ca95dc8211212df636f35d1a81fd8caeef52923aeb411564dfb33c212f2c",
                "f6f47699fabda5d6bab10548782f0b604f7ccbafa79a2ef86537492a5da31649",
                "fcbeab4b37b1775b6783317a4f0373c28c5d5656c0750f66bcfcd6e858f6401e",
                "894bc35877d181e0628afb099412473a12bdd43c81c0c6a25bbeeb0cb44ef0cd",
                "2b35d0aad3d1b0c8afa4f164108819bac466222a1b33f8b9e1b5fa622ebc32fa",
                "ba8281803aa72089ccf5ca1da093505223246e912e6be114eb00450fb416b12e",
                "f2bfa751d1b2a6cdb0685d95c7e7c2bd8da72a23c13d8b5f15a5ba9ace47dad7",
                "8bb60e595d2667eeb59671d1120d78eee16c84d644405114b9c13c24047e0e8d",
                "768a63530ee1dedd3c0cceb66097d38a38c33b7c8fc67fce9f71866eacd51408",
                "1cf14d528a44c0ef51df4b76013f6466401bfa1bb0b213c845b786b92ee0d32a",
                "8dd4b0219755c6181cd3a38ccef64549b54d4da0d937230b5af4d5c6daf0e22e",
                "c00b73eadd784d5171340ea903500f7286ba6542535c71ff1571e31e651724b3",
                "39083490b59a1b2e53003f5c31d8b47998e0cf92b2be9487555e0c8b945e6c4d"
            ],
            "type": "Fetch",
            "firstPartyCookies": {},
            "firstPartyCookiesSent": {},
            "exampleSites": [
                "pornado.co",
                "hog.tv",
                "www.masalafun.com",
                "v.pornditt.com",
                "pornkai.com",
                "de.hdsex.org",
                "www.antarvasna3.com",
                "www.xozilla.com",
                "jp.spankbang.com",
                "chinaporn.tv",
                "hdsex2.com",
                "tubesafari.com",
                "masalafun.com",
                "fr.spankbang.com",
                "www.analdin.xxx",
                "fuqqt.com",
                "www.fullvideos.xxx",
                "hdsex.org",
                "xnxxhd.tv",
                "gay.bingo"
            ]
        },
        {
            "rule": "trmzum\\.com\\/eactrl\\.go",
            "cookies": 0,
            "fingerprinting": 0,
            "subdomains": [
                "live"
            ],
            "apis": {},
            "sites": 11,
            "prevalence": 0.0000778,
            "cnames": [],
            "responseHashes": [
                "8bf4221c2e90479e2d0402a45070b95b9e05227594ef4cfabde5e53b706dd54f",
                "de8053ff418c27ce319c4173ee482e7946b8344e0dbdf3ab0022309ccf3c4dcd",
                "78aa33fb4ad7b7e67c55a8a6fbdd48b35e98042383440d39b58d9ebff09810cb",
                "bbff1ed5ed331f1133383415c0acbd67d0f82df3071f5e5c48a7e465db3d6e7f",
                "f2348aba17be0615ccb2fdf9ed3b96b2cb8cbfdfb8511d4abf690c135901593c",
                "d2f13eb7fd424ea608de8f2a0bc75014d60dcc3a91e24afaec95c10b2b319943",
                "0e867dcc2f09f95906e93393f7e8c442277c555ddceb53059d7673b86ef55a2f",
                "22085feba2b01d53b1c10365a3332cad5f36a04514886393aad59bd9a76911ea",
                "f1f098aab5cac9384dee829e597be2de43feb2e309b9a8e2f1cae8b230d6c5df",
                "8592009d192050ebddc285316ef15d33c3c5eeb2c4e1af869353fb745859f790"
            ],
            "type": "XHR",
            "firstPartyCookies": {},
            "firstPartyCookiesSent": {},
            "exampleSites": [
                "cumfacegenerator.com",
                "dirtyship.com",
                "hornysimp.com",
                "kittyporntube.com",
                "lewdstars.com",
                "prothots.com",
                "sexythots.com",
                "thotslife.com",
                "www.luscious.net",
                "www.partycelebs.com",
                "www.totallynsfw.com"
            ]
        },
        {
            "rule": "trmzum\\.com\\/static\\.go",
            "cookies": 0,
            "fingerprinting": 0,
            "subdomains": [
                "live"
            ],
            "apis": {},
            "sites": 11,
            "prevalence": 0.0000778,
            "cnames": [],
            "responseHashes": [
                "6e5f5448522bfc58655f0fe84c9169c9d4793932224b97d9471be6d67f182463"
            ],
            "type": "Stylesheet",
            "firstPartyCookies": {},
            "firstPartyCookiesSent": {},