{
    "domain": "trovo-tag.com",
    "owner": {},
    "source": [
        "DuckDuckGo-US"
    ],
    "prevalence": 0.000389,
    "sites": 55,
    "subdomains": [
        "tag"
    ],
    "cnames": [],
    "fingerprinting": 1,
    "resources": [
        {
            "rule": "trovo-tag\\.com\\/ldc\\.js",
            "cookies": 0,
            "fingerprinting": 1,
            "subdomains": [
                "tag"
            ],
            "apis": {
                "Date.prototype.getTime": 5
            },
            "sites": 33,
            "prevalence": 0.000233,
            "cnames": [],
            "responseHashes": [
                "2230a38d18ac949519c5b6724c2d5d576df90750d6759e959c0f44863ae75b63",
                "6337232c5d7292cb459cb360df716e3ddb9fe122366c9b3208d623f9342cbc96",
                "3d66e8cb0f9ba74fcf9e816e728f21d707b42e120355d095a681508202b1ab57",
                "f5772d9f3b9b90d121d3a0d78663cd7c4f02fa892639cd04ce686289af903fa6",
                "25175ee82aebe269360ff25f521b24f8244ab13e988973e082b6a42e787c600e",
                "d7bd3227b69d2cf51cab10205b93e305f28ca3de8951531d02d9b4247daaf26c",
                "9e2b1ba1b12510d76f9e3bda7b41840f956051a135ec8ddec2df7b2fda7e7310",
                "4019befdb7b7099f9da67b849614b7f4c32c99479aedf6568f59d920d1cd692f",
                "b899d02cafe598d3d3ec16f3ed52992708eb5fed7c9d4da4bf381f9829c831b2",
                "bead0f727ba7c7ed0e25da235a8dac698b6627dd5457e464be03244167c8064c",
                "3eddd45a4d694a01263a14bf2d970a264de667a40af234a24c12cb4f016ee10c",
                "4edfba53a5e8bb962d3f1d6eb3dcec65a12e8341e3d10d602b925991de422a90",
                "7574700dfb7315050005829892b515a8f3abc388ad87ab38d5ebbec4d2454b1b",
                "db16a7fa09d4298566331ec55ba3986cf6a75d8b64c20d6431a2498cd1231ae1",
                "b0f974f5314f032aaebd0a9873d57e344817cc46797dd5a3401a27f9f4f01c57",
                "227bd7798e54ca7b209029ebb8d5b8f7b6c4b315bf65e3c6a8a8e4469297a147",
                "f305799f9c3fd838e2cfda495190181ea9398f089e98dddf821c4c05dcedad33",
                "da38f0d8f76d4b1dd93a51efb74bde9d379095122363a3e3a5b5013beb22d31b",
                "a23b7bb28a6a90dc94d2d7ef1678888a2b5325bfb493d42a9cd626bacaf40e76",
                "9fb4c8aa36b567c4eded011d02da708fb03db9250f1977aa2eebcdfb510b3ce4",
                "ed769e2e838b32bb3afcaf0909fa30cfa14158ade8fa75ddcafc8dafb384dadf",
                "f01cab2a328613701a63087c07ed2a35014fd8178f0687b920261d93b8c3b350",
                "f7b1730c0c390f668f6e29280c09d8a2c6ec0800d3b1a98d400deace5ad2bad9",
                "18ce1e9b5ec9a1c98c29a478633a6bb698deb0994781747124637aa35ebcccde",
                "f8a6b6df09beade3b58ffa6277b9fc0cbfbf4d386dde152c19674cc23a97304c",
                "0e3f2bcec2e5e20a4e53b14e7f6fe0cb5ca15f06a0c6dd19cb80254047fd4808",
                "03a8612293000e59f8c6e278d5622dff448c6ffa3f259e78b5a7ec3f7ce0c8f8",
                "2570451f24ff3b79a9e564659b4e769c6df8188367df02c8ac7b6d433477758d",
                "8e5ca2ac778f9ffa1a9c54bfbbb14c70e181d493f86f6bb1ca035c8ef9b9bbf2",
                "c0f5b34dac350f02f72f552ac962241cb857164c62f0511d558cd84763c2af66"
            ],
            "type": "Script",
            "firstPartyCookies": {},
            "firstPartyCookiesSent": {},
            "exampleSites": [
                "arizonarestaurantweek.com",
                "www.westword.com",
                "www.eindata.com",
                "www.dallasobserver.com",
                "secureframe.com",
                "parkingaccess.com",
                "learn.valur.com",
                "www.theticket.com",
                "www.handwrytten.com",
                "www.wisdomonline.org",
                "www.shoesensation.com",
                "www.1000bulbs.com",
                "www.unitedcapitalsource.com",
                "www.shuttlefare.com",
                "www.riogrande.com",
                "www.miaminewtimes.com",
                "tengtoolsusa.com",
                "www.pamperedchef.com",
                "www.method.me",
                "notice.co"
            ]
        },
        {
            "rule": "trovo-tag\\.com\\/ae5dd4565d8ae40d03f357b9d789ca48un",
            "cookies": 0,
            "fingerprinting": 0,
            "subdomains": [
                "tag"
            ],
            "apis": {},
            "sites": 2,
            "prevalence": 0.0000141,
            "cnames": [],
            "responseHashes": [],
            "type": "Document",
            "firstPartyCookies": {},
            "firstPartyCookiesSent": {},
            "exampleSites": [
                "eotechinc.com",
                "www.eotechinc.com"
            ]
        },
        {
            "rule": "trovo-tag\\.com\\/xqqvKo2907gSTnz3",
            "cookies": 0,
            "fingerprinting": 0,
            "subdomains": [
                "tag"
            ],
            "apis": {},
            "sites": 2,
            "prevalence": 0.0000141,
            "cnames": [],
            "responseHashes": [
                "e2be06a1bc65dd0df3d79a54a503453c0ca92285d8e718171944779c6e92bdda"
            ],
            "type": "Document",
            "firstPartyCookies": {},
            "firstPartyCookiesSent": {},
            "exampleSites": [
                "index.dev",
                "www.index.dev"
            ]
        },
        {
            "rule": "trovo-tag\\.com\\/fubrfrafngvba",
            "cookies": 0,
            "fingerprinting": 0,
            "subdomains": [
                "tag"
            ],
            "apis": {},
            "sites": 2,
            "prevalence": 0.0000141,
            "cnames": [],
            "responseHashes": [],
            "type": "Document",
            "firstPartyCookies": {},
            "firstPartyCookiesSent": {
                "thrive_lp": 0.000014146672702580353
            },
            "exampleSites": [
                "shoesensation.com",
                "www.shoesensation.com"
            ]
        },
        {
            "rule": "trovo-tag\\.com\\/cbc6cbd7365d9d24f6dd7167529f449c",
            "cookies": 0,
            "fingerprinting": 0,
            "subdomains": [
                "tag"
            ],
            "apis": {},
            "sites": 2,
            "prevalence": 0.0000141,
            "cnames": [],
            "responseHashes": [
                "d0c7e022315924c1f1ddfea2b7934b5bb2c2131ab2aab2de18d0075b699950f5"
            ],
            "type": "Document",
            "firstPartyCookies": {},
            "firstPartyCookiesSent": {},
            "exampleSites": [
                "sitejabber.com",
                "www.sitejabber.com"
            ]
        },
        {
            "rule": "trovo-tag\\.com\\/01be6ceb703f94475d2704d6ae2290c3",
            "cookies": 0,
            "fingerprinting": 0,
            "subdomains": [
                "tag"
            ],
            "apis": {},
            "sites": 2,
            "prevalence": 0.0000141,
            "cnames": [],
            "responseHashes": [],
            "type": "Document",
            "firstPartyCookies": {},
            "firstPartyCookiesSent": {},
            "exampleSites": [
                "thehcginstitute.com",
                "www.thehcginstitute.com"
            ]
        }
    ],
    "categories": [],
    "performance": {},
    "cookies": 0,
    "topInitiators": [
        {
            "domain": "leadsy.ai",
            "prevalence": 0.2714285714285714
        },
        {
            "domain": "first party",
            "prevalence": 0.21428571428571427
        },
        {
            "domain": "googletagmanager.com",
            "prevalence": 0.18571428571428572
        },
        {
            "domain": "prospectdesk.ai",
            "prevalence": 0.07142857142857142
        },
        {
            "domain": "untitledfirm.com",
            "prevalence": 0.07142857142857142
        },
        {
            "domain": "osano.com",