{
    "domain": "trustberrie.com",
    "owner": {},
    "source": [
        "DuckDuckGo-US"
    ],
    "prevalence": 0.000127,
    "sites": 18,
    "subdomains": [
        "cdn"
    ],
    "cnames": [],
    "fingerprinting": 0,
    "resources": [
        {
            "rule": "trustberrie\\.com\\/zn\\/1eff3e50-ef6a-6f26-8f11-5fa73f8240b8",
            "cookies": 0.0000495,
            "fingerprinting": 0,
            "subdomains": [],
            "apis": {},
            "sites": 7,
            "prevalence": 0.0000495,
            "cnames": [],
            "responseHashes": [
                "5c3295e05ee54685e982bfd9ad6fd83b1d1437f405edbb4ec67552fb1cf095d0",
                "a9ebf9c65c6504502712079dcd466a70b6fa3701785dda4442cb463809a7b410",
                "e06412a87cc52d17d30d2b317f325fa4c26eaf81a061a8b04ed4a4ead40da145",
                "c9fe3f701b5bd6bf3dcbf537796efbf07103102c42af1bde8ebd6b3591bcbb18",
                "03eafe5c8efcb3800dae2ead718148f8a61c246a152c6ed42f9866e1ac33855b",
                "e1e2a2e995763fcb7632f1632ab37ad2b7b7eab40fc12a2c1c2a5dfac7ebe25b"
            ],
            "type": "Document",
            "firstPartyCookies": {},
            "firstPartyCookiesSent": {},
            "exampleSites": [
                "fapcat.com",
                "de.fapcat.com",
                "es.fapcat.com",
                "fr.fapcat.com",
                "ru.fapcat.com",
                "www.fapcat.com",
                "zh.fapcat.com"
            ]
        },
        {
            "rule": "trustberrie\\.com\\/creatives\\/1ef0c8d8-a995-6be6-9236-d719d94d190b\\/d70ee4e4c16a405376e988105a1ac07e1c723c9c\\.gif",
            "cookies": 0,
            "fingerprinting": 0,
            "subdomains": [
                "cdn"
            ],
            "apis": {},
            "sites": 3,
            "prevalence": 0.0000212,
            "cnames": [],
            "responseHashes": [
                "06da21a8bfab955f2e55e337a1b241e76bb946b3f1d9751a6939ea08ad2dfd89"
            ],
            "type": "Image",
            "firstPartyCookies": {},
            "firstPartyCookiesSent": {},
            "exampleSites": [
                "fapcat.com",
                "de.fapcat.com",
                "www.fapcat.com"
            ]
        },
        {
            "rule": "trustberrie\\.com\\/overlays\\/1ef0c8d8-a995-6be6-9236-d719d94d190b\\/d6f73d0a973ce52a700962699949795a406e4217\\.png",
            "cookies": 0,
            "fingerprinting": 0,
            "subdomains": [
                "cdn"
            ],
            "apis": {},
            "sites": 2,
            "prevalence": 0.0000141,
            "cnames": [],
            "responseHashes": [
                "fbbf65f0899b7dee8d4d6667037d09a877a9f3fc1a8dd4ac771d2264d86a52ac"
            ],
            "type": "Image",
            "firstPartyCookies": {},
            "firstPartyCookiesSent": {},
            "exampleSites": [
                "heavyfetish.com",
                "www.xxbrits.com"
            ]
        },
        {
            "rule": "trustberrie\\.com\\/zn\\/1efbd837-06de-608c-8a24-977b38a0f5ec",
            "cookies": 0.0000141,
            "fingerprinting": 0,
            "subdomains": [],
            "apis": {},
            "sites": 2,
            "prevalence": 0.0000141,
            "cnames": [],
            "responseHashes": [
                "90a7e4c6c1eaf3681e6b80501e59ec5437843f42d81e0dc1ccf153135ccc6fc8"
            ],
            "type": "Document",
            "firstPartyCookies": {},
            "firstPartyCookiesSent": {},
            "exampleSites": [
                "freexcafe.com",
                "www.freexcafe.com"
            ]
        },
        {
            "rule": "trustberrie\\.com\\/overlays\\/1ef0c8d8-a995-6be6-9236-d719d94d190b\\/0af125ad17b9fec054696b85659d94029f204391\\.gif",
            "cookies": 0,
            "fingerprinting": 0,
            "subdomains": [
                "cdn"
            ],
            "apis": {},
            "sites": 2,
            "prevalence": 0.0000141,
            "cnames": [],
            "responseHashes": [
                "41774569750f55f99d79f25f588883d41e06f4d1695ba9563d404160b60c43aa"
            ],
            "type": "Image",
            "firstPartyCookies": {},
            "firstPartyCookiesSent": {},
            "exampleSites": [
                "freexcafe.com",
                "www.freexcafe.com"
            ]
        }
    ],
    "categories": [],
    "performance": {},
    "cookies": 0.000127,
    "topInitiators": [
        {
            "domain": "first party",
            "prevalence": 0.7777777777777778
        },
        {
            "domain": "juicyads.com",
            "prevalence": 0.2222222222222222
        }
    ],
    "types": {
        "Document": 9,
        "Image": 7
    },
    "nameservers": [
        "tina.ns.cloudflare.com",
        "langston.ns.cloudflare.com"
    ]
}