{
    "domain": "tryggehandel.net",
    "owner": {},
    "source": [
        "DuckDuckGo-US"
    ],
    "prevalence": 0.0000707,
    "sites": 10,
    "subdomains": [
        "cert"
    ],
    "cnames": [],
    "fingerprinting": 0,
    "resources": [
        {
            "rule": "tryggehandel\\.net\\/js\\/script\\.js",
            "cookies": 0,
            "fingerprinting": 0,
            "subdomains": [
                "cert"
            ],
            "apis": {},
            "sites": 10,
            "prevalence": 0.0000707,
            "cnames": [],
            "responseHashes": [
                "cb7b90a5fedeec1b75743f289032bfc300732b4399382dfc5e5d35afe700a5d9",
                "8c6ca04fcfd87ce88c1dbccb8aed33412873fb544a9def35e6c11aed420a64ac",
                "7403608935dd5a97ab1b23fcd55efde778b63444c29dfca4adbca9b89ba7f66b",
                "2ef41f0ba7e31d6bdd1b05f182314b98bac0a0643a68e4ed985172a820251826",
                "4c258aa4654d50e7028993366b2bd15f8aebdfc766d90306228c5d867cf48472",
                "4b74d851e923bd1128dfb3c8e892ed882069d2579c1c2e9cf2f42ef592f278d1",
                "93ec31440b8c9e49a6ef5b8cf152fc04ce6cf15699712061ef8a5e3054ecc45d",
                "db58226a09b466c4820fcbec80d51f86be21303eaca9141db2ffa24675495e72",
                "a90238ae45d36d00ff2ca952d79f38b351df1f8f7164aa1d5ac3a31e6c851364"
            ],
            "type": "Script",
            "firstPartyCookies": {},
            "firstPartyCookiesSent": {},
            "exampleSites": [
                "jysk.se",
                "k-bygg.se",
                "nelly.com",
                "verktygsboden.se",
                "www.byggmax.se",
                "www.cykloteket.se",
                "www.cykelkraft.se",
                "www.mio.se",
                "www.proffsmagasinet.se",
                "www.sinful.se"
            ]
        },
        {
            "rule": "tryggehandel\\.net\\/js\\/logo\\.svg",
            "cookies": 0,
            "fingerprinting": 0,
            "subdomains": [
                "cert"
            ],
            "apis": {},
            "sites": 3,
            "prevalence": 0.0000212,
            "cnames": [],
            "responseHashes": [
                "4314d6624fd87b0b6c7823e96cc187db4c248d37078701eba1ce8608b5a221e3"
            ],
            "type": "Image",
            "firstPartyCookies": {},
            "firstPartyCookiesSent": {},
            "exampleSites": [
                "verktygsboden.se",
                "www.cykloteket.se",
                "www.proffsmagasinet.se"
            ]
        }
    ],
    "categories": [],
    "performance": {},
    "cookies": 0,
    "topInitiators": [
        {
            "domain": "first party",
            "prevalence": 1
        }
    ],
    "types": {
        "Script": 10,
        "Image": 3
    },
    "nameservers": [
        "keanu.ns.cloudflare.com",
        "ophelia.ns.cloudflare.com"
    ]
}