{
    "domain": "tubecup.net",
    "owner": {},
    "source": [
        "DuckDuckGo-US"
    ],
    "prevalence": 0.000502,
    "sites": 71,
    "subdomains": [
        "notification"
    ],
    "cnames": [],
    "fingerprinting": 0,
    "resources": [
        {
            "rule": "tubecup\\.net\\/tags",
            "cookies": 0,
            "fingerprinting": 0,
            "subdomains": [
                "notification"
            ],
            "apis": {},
            "sites": 56,
            "prevalence": 0.000396,
            "cnames": [],
            "responseHashes": [
                "285b30f8b4732e829eec0faa2d8e9b9932242d47aa522578bd5de297f7807ca1",
                "952dc51beb18425cf34eaf229842e1dd170fc50edac8db9d4b5b0a590ea49b57",
                "d191165bbd8b280f73c9a0b09847ced8bbaf8c27f4d23554edb1e20362dc5f99",
                "40cae0e3d11edbe8b2a4a7e883a587ed385f245716b3717b0ff611c696a795f2",
                "3d43d4029d960b08031eeba0ed146734a387846ecafe381223d44b7524330837",
                "df7f9d5265d5edd7173c749872052f767b1655f219ebf5216c6e434051fa1d70",
                "e3b0c44298fc1c149afbf4c8996fb92427ae41e4649b934ca495991b7852b855",
                "85c34df2031192e6145b6b236a327c7e113e5b2e33606ae44da50bb8f95b606a",
                "03789a9498379e80dd25aa32450972b6bfca9b60b7c3cd2bcf67b9e6b5516622",
                "31c1395e626ca6c3e540360291b225f09d78e26e416182cca718d6ab2ca63425",
                "8bc505e75a427ccc55bb7f6471481bc4941de3ed8517e6c436d8cfa01802c70c",
                "4c00d0c8c5c625e62dd6a2c3bf06ae90f448830ceaee832e755887f5df1c45e5",
                "73046b7e22d7ca6eefceb4fa2185be21f4599cde1e8c9d2072c36779017e1dcb",
                "adda3fe758206d578c51b7ed728e0fe5c59219ed6b050b148e8d52c2deca77eb",
                "cb80285d557ed3d507459e7ea201ef5458ae06c282d7bfddcd5e7ea8d55027e7",
                "1eebafe9b37ea52bf9cd28a6136978f43338108d158d37776ecee7a5a97e30ce",
                "3debb928d8783257b14fad86db701bd1aafedee3593e31975100f5c85e83a969",
                "ebafbc2696384140f5ed1e4273ef9db395bcbfee02f03d3b573d656462cbeadd",
                "1d5cb258e31e0e13798498bd35f4685300d947c32abab9f0dbd59897e28cb73e",
                "e8f356af7d62a9501e8ae492b230a018331aa9dfa9a36f75d75f0dc4f8107704",
                "3038604cba1dc014b21c9b272bd09c9d7833d1ff889566d2607a38d009d0b519",
                "ab0fbe5ffe314aab4d7c2c6d84698fc3e6fc0a569eca871133e3227f5fc69e76",
                "ae15e68a017269733291bccf9337f93c16ddca00adee7e5f9ae3e11a6b82be49",
                "ac1072be319dcfdd0fc338723809cb461172faad432561708bbb75be6acbc840",
                "4595e9065fb19ac95efe3e493815ccc93eb70213930c6bf6ec50dc29e05ab839",
                "7d19804314c2c30dc89eddcaaae5b0889dd89c93950d401abb1d2defbea0ee5c",
                "f24b00b6a7cb7e43cd54e3643bc9b3a54e7002410d37be6eca66dce25846b13e",
                "82bdb289cb7f18c5bc94f503c05484994d85dee2e637aed046db2e0775eee766",
                "1330a845331253280a23cebd8c4fbd20273333850bf17bcde458621cba69df8f",
                "0bc70b45ef1a513a85227b6c8b91f462d2b0210fb77cfab1f62e33b20b1002a1",
                "579c6afac7bdb0fa46ba927155df95372ffb4fa8388c30439ff0166d8c550437",
                "d8e8ebc43fc0b59d6ba7a94694004f67e10fd4c588a1734d387d31152936f059",
                "73f592fa3a5cd1c30705aeb978dfe2787107d36d428a71cfa9850bb29bb8fc03",
                "133a3336730e838782b51ec0cdf2c653e956398710dc0f2c8fc884542466471f",
                "439f7617b160266dc941d678ea62e6e6d692c1b6ae9d620902ea2b64620328c3",
                "83124432e41ac7e078b7d8f03121697e2b4504401d45dd84d0a17a08a3138fae",
                "03270c949a22b28798a64df03f470162bddb26c39f2a800a2b6f5d6be42397d5"
            ],
            "type": "XHR",
            "firstPartyCookies": {},
            "firstPartyCookiesSent": {},
            "exampleSites": [
                "www.uvporn.com",
                "hamarivasna.net",
                "nudepixe.eu",
                "www.pornfd.com",
                "masalaseen.net",
                "titis.org",
                "xxxvideo.world",
                "hindi-porn.pro",
                "desipornmms.com",
                "www.pornkai.cc",
                "masahub.com",
                "nudes18.fun",
                "bunkr-albums.io",
                "desixx.top",
                "cartoonporn24.com",
                "indiansexmms.co",
                "www.newarabsex.com",
                "sexbaba.co",
                "yumxxx.com",
                "pornovideoshub.com"
            ]
        },
        {
            "rule": "tubecup\\.net\\/med\\/info",
            "cookies": 0,
            "fingerprinting": 0,
            "subdomains": [
                "notification"
            ],
            "apis": {},
            "sites": 3,
            "prevalence": 0.0000212,
            "cnames": [],
            "responseHashes": [
                "e3b0c44298fc1c149afbf4c8996fb92427ae41e4649b934ca495991b7852b855"
            ],
            "type": "Image",
            "firstPartyCookies": {},
            "firstPartyCookiesSent": {},
            "exampleSites": [
                "desimyhub.net",
                "masahub.com",
                "masalaseen.net"
            ]
        },
        {
            "rule": "tubecup\\.net\\/in\\/subscription-offers",
            "cookies": 0,
            "fingerprinting": 0,
            "subdomains": [
                "notification"
            ],
            "apis": {},
            "sites": 5,
            "prevalence": 0.0000354,
            "cnames": [],
            "responseHashes": [
                "e3b0c44298fc1c149afbf4c8996fb92427ae41e4649b934ca495991b7852b855"
            ],
            "type": "Image",
            "firstPartyCookies": {},
            "firstPartyCookiesSent": {},
            "exampleSites": [
                "nude1.eu",
                "nudepixe.eu",
                "nudisto.eu",
                "pornbimbo.com",
                "pornoswank.name"
            ]
        }
    ],
    "categories": [],
    "performance": {},
    "cookies": 0,
    "topInitiators": [
        {
            "domain": "9a4f937e0f.com",
            "prevalence": 0.4939759036144578
        },
        {
            "domain": "wpadmngr.com",
            "prevalence": 0.42168674698795183
        },
        {
            "domain": "wpshsdk.com",
            "prevalence": 0.08433734939759036
        }
    ],
    "types": {
        "XHR": 56,
        "Image": 8
    },
    "nameservers": [
        "kay.ns.cloudflare.com",
        "gabe.ns.cloudflare.com"
    ]
}