{
    "domain": "typesense.net",
    "owner": {},
    "source": [
        "DuckDuckGo-US"
    ],
    "prevalence": 0.00012,
    "sites": 17,
    "subdomains": [
        "qv1r53nie02jh6kdp-1.a1",
        "06dxqa9tiyshlok1p.a1",
        "fpxjn9o34qewa60yp.a1",
        "etmzpxgvnid370fyp.a1",
        "7o6gcria01zhbq8pp-1.a1",
        "u085pmqt23axywcfp.a1",
        "prqm05oz4jnhgek9p.a1",
        "gk6e3zbyuntvc5dap.a1",
        "gpi0c6n2831k9shyp-1.a1",
        "kjvn6r1caotq07dlp.a1",
        "eap1gtvsjbd4xhiyp.a1"
    ],
    "cnames": [],
    "fingerprinting": 0,
    "resources": [
        {
            "rule": "typesense\\.net\\/multi_search",
            "cookies": 0,
            "fingerprinting": 0,
            "subdomains": [
                "qv1r53nie02jh6kdp-1.a1",
                "06dxqa9tiyshlok1p.a1",
                "fpxjn9o34qewa60yp.a1",
                "etmzpxgvnid370fyp.a1",
                "7o6gcria01zhbq8pp-1.a1",
                "u085pmqt23axywcfp.a1",
                "prqm05oz4jnhgek9p.a1",
                "gk6e3zbyuntvc5dap.a1",
                "gpi0c6n2831k9shyp-1.a1",
                "kjvn6r1caotq07dlp.a1",
                "eap1gtvsjbd4xhiyp.a1"
            ],
            "apis": {},
            "sites": 11,
            "prevalence": 0.0000778,
            "cnames": [],
            "responseHashes": [
                "329b5bfc2c5727c78bfd31f15495700819d3001fbc3542f662a1616c81a506b4",
                "8a2f798f4602464e69edda4e8ce2ac6d20e0c0e4f411df9112d092c82e4b1e68",
                "cc9c7bca7f34d65fb96b1a73961c747cc3e29b4f55620bc7fc876a4fd2f1127a",
                "8ba5aea2e67bf588a06bdc053d55e4553f9bd14f71c29a5d2963d52a13dba279",
                "4e2541da2746f13fe4ade07de301b52e2b684fc8ae460434b5bd1115e0700c97",
                "e853ee4f2d3062504b62884208f97e207693049a74dfd2b93802732517114840",
                "56526589f66f0be88475ba679dd8a8552917f85a557ef361406566e83206f11d",
                "f50e17794edaca1c147e3b6e7ff02ae1ecd71a2ce6e5c6cacbbec230b07ad8d3",
                "a5fc449906f520d2c78dc91ecf351024a9972d949dd3890b78f634f6bd03fb13",
                "af17f19d86ec4dc921e75a46128bb8dc28b65f4f891402032c495758136ff543"
            ],
            "type": "XHR",
            "firstPartyCookies": {},
            "firstPartyCookiesSent": {},
            "exampleSites": [
                "aoeyewear.com",
                "creator.nightcafe.studio",
                "pangobooks.com",
                "spicychat.ai",
                "thomasjfrank.com",
                "www.agriland.ie",
                "www.bolius.dk",
                "www.datadoghq.com",
                "www.goodsmileus.com",
                "www.pcdiga.com",
                "www.tecnomat.it"
            ]
        },
        {
            "rule": "typesense\\.net\\/multi_search",
            "cookies": 0,
            "fingerprinting": 0,
            "subdomains": [
                "kjvn6r1caotq07dlp.a1",
                "eap1gtvsjbd4xhiyp.a1"
            ],
            "apis": {},
            "sites": 3,
            "prevalence": 0.0000212,
            "cnames": [],
            "responseHashes": [],
            "type": "Preflight",
            "firstPartyCookies": {},
            "firstPartyCookiesSent": {},
            "exampleSites": [
                "pcdiga.com",
                "www.pcdiga.com",
                "www.tecnomat.it"
            ]
        }
    ],
    "categories": [],
    "performance": {},
    "cookies": 0,
    "topInitiators": [
        {
            "domain": "first party",
            "prevalence": 0.8333333333333334
        },
        {
            "domain": "sentry-cdn.com",
            "prevalence": 0.06666666666666667
        },
        {
            "domain": "d1g0anzmct8mgm.cloudfront.net",
            "prevalence": 0.03333333333333333
        },
        {
            "domain": "getlasso.co",
            "prevalence": 0.03333333333333333
        },
        {
            "domain": "jsdelivr.net",
            "prevalence": 0.03333333333333333
        }
    ],
    "types": {
        "XHR": 11,
        "Preflight": 3
    },
    "nameservers": [
        "ns-202.awsdns-25.com",
        "ns-792.awsdns-35.net",
        "ns-1041.awsdns-02.org",
        "ns-1990.awsdns-56.co.uk"
    ]
}