{
    "domain": "ui-avatars.com",
    "owner": {},
    "source": [
        "DuckDuckGo-US"
    ],
    "prevalence": 0.000184,
    "sites": 26,
    "subdomains": [
        "eu"
    ],
    "cnames": [],
    "fingerprinting": 0,
    "resources": [
        {
            "rule": "ui-avatars\\.com\\/api\\/",
            "cookies": 0,
            "fingerprinting": 0,
            "subdomains": [
                "eu"
            ],
            "apis": {},
            "sites": 25,
            "prevalence": 0.000177,
            "cnames": [],
            "responseHashes": [
                "9534667fabc0d71f0e89f8287022d8ae37752d9a0483b62933067039cc104ede",
                "b6604bf91cd9ed3b00c9a04c0e5b1232876b21c6998a112f3342418b1b40dc60",
                "bb0d8490d3251758462f5a3baa0ad7b79277cd5827be4718e03fef446399682a",
                "c839828dc2f440e4a8dd54744220fa4f02e5922da2b5702ca1a0aeb8f6583ff3",
                "b743bc68eab1e87a22e63e0f6b97f08d926750a5da6e407a4c6693bdc9ecb940",
                "e1311076797989dd4bab503f6f7cf119b017ed27466a0597251f6bd42ae060e2",
                "c26978ed79fd0d667e8da0edc0d0673445d5d82837ffbda31885208684bf2791",
                "737d1dece3065c26e15fe7ccf8c2b71e9ae5e2bef18b04484c024834b3cc0760",
                "3f2a00043f1fcb082a5c8a42541ba8d015a3390993811f872ecb9dfab892c00f",
                "8286d1c988b1ef7630069467766760850c23f5f1f94b4bc8d07fba717cedcfb2",
                "4bb21e70271272c29c60e2d9d28cb748219751cdad3dde43c86dc9627de992e0",
                "7be6b6e34b625996894cf689072b04168ef40b1c37f6b78fdc2532e62daf62af",
                "723b58edbbdf2f093daec4bd944cecffa4a633ee3c913f7eecb14fca93ed4330",
                "77aaa51c304b8450b9f571ab3178b52a90c26775a68239b1ee0d1095562b54ad",
                "c39292647d6bfcf9ab671886470dcd169eaea0d601542bbc5737f90a7862cad9",
                "d569822bcff0611b86b1aa62b74f4784a80d2dad7f1e020ebf53ff301f566474",
                "6ccf284ee45f1be949d7731b83a13864a2e5c6da06042a5ed1f40217cd239b8b",
                "99be28a11d2afe6352b219f8675ae0b324f297d3ba91fb32dc0e3f2ddefbb0e9",
                "d3ee0df9c75220a03284663333c3a23aac002cd070c931d47d6be1c2b7935b97",
                "67f2a87ae67ecdcdc60f7eaef32a42aaeeeee9260b225192de68e8ca0057dfec",
                "dcfdc252eb032e1ca63a8bb963641d690bcc4960226e0ed6a5346fccc130ab83",
                "af6e6ffa6ba8075c5acaa5c864224cd8b78a700dc01353e5ae0414b3fc95d8f9"
            ],
            "type": "Image",
            "firstPartyCookies": {},
            "firstPartyCookiesSent": {},
            "exampleSites": [
                "tixel.com",
                "lemberglaw.com",
                "mychords.net",
                "tasteasianfood.com",
                "www.studentville.it",
                "polyhaven.com",
                "www.frugalconfessions.com",
                "www.senior65.com",
                "www.html.it",
                "wargamesatlantic.com",
                "www.roamingtheusa.com",
                "archivebate.cc",
                "thegardeningcook.com",
                "fromto.travel",
                "citizen.digital",
                "vintagerecipeproject.com",
                "archivebate.com",
                "sustainmycrafthabit.com",
                "www.orwhateveryoudo.com",
                "myfundedfutures.com"
            ]
        }
    ],
    "categories": [],
    "performance": {},
    "cookies": 0,
    "topInitiators": [
        {
            "domain": "first party",
            "prevalence": 0.7657657657657657
        },
        {
            "domain": "thereviewsplace.com",
            "prevalence": 0.12612612612612611
        },
        {
            "domain": "reviewsonmywebsite.com",
            "prevalence": 0.06306306306306306
        },
        {
            "domain": "tagembed.com",
            "prevalence": 0.04504504504504504
        }
    ],
    "types": {
        "Image": 25
    },
    "nameservers": [
        "will.ns.cloudflare.com",
        "leah.ns.cloudflare.com"
    ]
}