{
    "domain": "uidsync.net",
    "owner": {},
    "source": [
        "DuckDuckGo-US"
    ],
    "prevalence": 0.000368,
    "sites": 52,
    "subdomains": [],
    "cnames": [],
    "fingerprinting": 0,
    "resources": [
        {
            "rule": "uidsync\\.net\\/sync",
            "cookies": 0.000276,
            "fingerprinting": 0,
            "subdomains": [],
            "apis": {},
            "sites": 39,
            "prevalence": 0.000276,
            "cnames": [],
            "responseHashes": [
                "375b4fd779e0ef6f2c0173f9aae706bb03c834b412c70dd7c9290c5a19533b5c",
                "0a7b694dd64127c011eefbb37e0655e0798b7199f5502879fb67cf5ab9c0927b",
                "b375b72af01a21112d501e60a65e7822a9dd0505c447ad93915abba9ade58009",
                "e8a95e53946a1ea7fd226b5182201e43ab7f85b3534f4f0a5f61f09622ada3ff",
                "56a359cd2fa43c94b1fbbd47523b091a76fa17a1b10864378793190b164db257",
                "7bedc5965ab51b6d044d1782f43a5e1ddd2b9f07bfaf10b851f4e48416a7336b",
                "d56e1be1dfb6a2e1073e31535f5d358d168510f4b5cf4ac0726c9a4573015378",
                "6da33699ec89e8d5317e05a43d58533a28340bed3e604bb380601c5944f630ba",
                "3195125b51df01eb3ff75f21b0ffcd1f03a359086f92e8fe335ac41864eb2ce9",
                "ae6856bd706d44bcb41d72f6f0d6530a9c6d701fdb28cf128d440bc6e823a566",
                "f05448029828e05d1bb928665977a6c7e971f8518e864770319ab89bad7111b0",
                "3dc3e89b1aec6f485dd6888f1fa53637160bcccb7fedcef2a82d7f4b3538e770",
                "375d50090945df6977e6a4e0673486ab559fa73a321f94d6982ecdf6be99bc67",
                "c93ac1eb527e0f63945b796b1861f853c10ff54b4dd4a93d32336d18ef166726",
                "f0e5995e9229aa6fdcdccc1a67f5ea50d85390782e2fdee1a1266f03530e91e6",
                "c6774d52a3913cd3c3fb3ac84595a62b1af0fda0a35019dc94d8308d6e635cf8",
                "d8fefe051b8aa341272e23480326df2398ed150bd350f35673a40666030bb2c8",
                "8a1ff355700c909ff53b4a97289dee63bca5d0cd418cc3cbe79e3ed4caf30bf7",
                "a4852eb1949531b8f1b3bbd9829de4c7a590ef94c451832228b4171e57bed1b5",
                "16f99b0d712ddcc42aee1617fc241e095f4fbc4dbfe5d42b04c9e7ce0de287a4",
                "8589c3fb3361ae6d2887f5944fc199a03bf916aea12ac3048fdc46e9350dfa42",
                "5ff656ec771b4278332093fa5d15b8f48006cbef1c9e8fe0950c2aa2a5f6a3b1",
                "a79e7b2afd552b59f405300228149334f3c82239fd0417ec494d790dbdf23132",
                "038f6a18234f7ee9f3b7e10ff94408d8fedfa4af1659e0587b18345b417a31d8",
                "14f91be43129c365fa7fbb4991a18c777ae136ce3bab14e27a6445904a93f5bb",
                "3a0b186dea5168a9a007de709fc01adc3bace7a61f545942fcf3f7999d917174",
                "9479fb0aaaea1aee93072a1ac830d6f917588095c5afb079c16a928e4104e98b",
                "891fef775f6c132caa1284c5601374b1ad86be1856c644acadb6ae5eb153d063",
                "961af24887058fbff85feaa4b942b4a4a734ec35061a9b75521b68472f2c5c47",
                "bdb5c4e2ca1ab51059aafa9441897c3c8dc90faa29bd0ba6de1188ba56ab913a",
                "0795b117a7210d432f264c6f74e78b5b78b6898705625b768bc4dd5d27971eba",
                "a9d4e14ba184492223f80781c1ccb42e00fd7e86591f26585843f9510faff520",
                "42a823bb04bdfb778b314d9058c0208423b3f133289bb060a76f2f1a66980204",
                "38826f654c97bfa1aa836a1aa33a1c7fefa5873c6cd52558a8d61047a08de494"
            ],
            "type": "Fetch",
            "firstPartyCookies": {},
            "firstPartyCookiesSent": {},
            "exampleSites": [
                "download.cnet.com",
                "thesportsgrail.com",
                "www.cakesparadise.fr",
                "amkstation.com",
                "www.kotaku.id",
                "clickthis.blog",
                "filehippo.com",
                "simontok.en.softonic.com",
                "www.sourcecodester.com",
                "auralcrave.com",
                "catholicsaints.day",
                "apksim.com",
                "thenaturallivingsite.com",
                "getmodsapk.com",
                "apkbigs.com",
                "philnews.ph",
                "tamilyogi.bz",
                "honista.com",
                "mixjio.com",
                "www.sewakost.web.id"
            ]
        },
        {
            "rule": "uidsync\\.net\\/sync",
            "cookies": 0,
            "fingerprinting": 0,
            "subdomains": [],
            "apis": {},
            "sites": 39,
            "prevalence": 0.000276,
            "cnames": [],
            "responseHashes": [],
            "type": "Preflight",
            "firstPartyCookies": {},
            "firstPartyCookiesSent": {},
            "exampleSites": [
                "download.cnet.com",
                "vipbox.to",
                "lookmovie2.to",
                "filehippo.com",
                "honista.com",
                "philnews.ph",
                "www.oflikeminds.com",
                "v2.youconvert.net",
                "www.sourcecodester.com",
                "vidmate.en.softonic.com",
                "thenaturallivingsite.com",
                "apkbigs.com",
                "www.opensubtitles.org",
                "5play.org",
                "en.softonic.com",
                "instapro.social",
                "www.airplayguru.com",
                "yappe.in",
                "amkstation.com",
                "apksim.com"
            ]
        }
    ],
    "categories": [],
    "performance": {},
    "cookies": 0.000368,
    "topInitiators": [
        {
            "domain": "push-sdk.com",
            "prevalence": 0.8490566037735849
        },
        {
            "domain": "push-sdk.net",
            "prevalence": 0.09433962264150944
        },
        {
            "domain": "system-notify.app",
            "prevalence": 0.05660377358490566
        }
    ],
    "types": {
        "Fetch": 39,
        "Preflight": 39
    },
    "nameservers": [
        "aspen.ns.cloudflare.com",
        "braden.ns.cloudflare.com"
    ]
}