{
    "domain": "ukankingwithea.com",
    "owner": {},
    "source": [
        "DuckDuckGo-US"
    ],
    "prevalence": 0.00017,
    "sites": 24,
    "subdomains": [],
    "cnames": [],
    "fingerprinting": 0,
    "resources": [
        {
            "rule": "ukankingwithea\\.com\\/",
            "cookies": 0.000156,
            "fingerprinting": 0,
            "subdomains": [],
            "apis": {},
            "sites": 22,
            "prevalence": 0.000156,
            "cnames": [],
            "responseHashes": [
                "2b32d6e5207cae516c357bdd322c3f017146de47515a4ff1a8921e2ad4d355ff",
                "ed408921c807b4dc47145e35a57eae6bdf7291c597c84fe45a81299b5525ebd2",
                "fd148fdc9d3e8464f05cd048047554719df651a87c3481e71cdb8a6a2cf64b7b",
                "1b935a1d93387a96921c4cea36f4a9303cce4db25ea9faec045164c48558aacf",
                "66f251e0035d090d34fa77ab810b9b731624ab0f4398f2dadcb9e45110771a0e",
                "04aaf1acc8633b0028d12682a1cf6fa73eca09861125eaf2049a3b7b41aa7e27",
                "16a3044c6f9d06fccb5b6e9fe30b2c3a77ed77623a5b6dd25062510a8e36447d",
                "258545ce136cddfd92f33365ccad08dff220fba2cb1b35f85b97833f53981b67",
                "6a48a91b6cafa1a5f2e4fb3c2dc11add8e0c224bed39b31b6c4cd569b5c41310",
                "deaa49c038c0cb6fbc6361b3a5099e4b2b3cf1bcc02e02ac3c79eb2ff7b46c44",
                "e09bd5137f99decfb71074f536ec62ee97a90397b205e7790716945ea58ab74f",
                "251c2b60bbaefd95be95287d633995cbce14b03cebb711cf961a8c2ef71b3a8f",
                "63ea03bf6dd1c93eb3e29486ee99070408056d69e954d4a2f0bd235fa6d466c7",
                "016c6abca4b374c27d2f6b12b83f3b1a5163983e6dfdebb18af466c53675eee6",
                "a8400ae2d5857e184dd9fcf815604a03c87717e51294bd5cee12c9347c2d981a",
                "168846d616efadd8468dd0babbde04e9fb071d04a8f9b2986d8d0b0af823bc27",
                "523dcd4f419eb48817aa5c7f0d267b603693f68f723ec874d019437d42644b3c",
                "a3d8d2a5357c95430670fcc9a2b7d6ea4d0d59e7a0a96ea34050cf9f19232749",
                "4d50c7f9f587fad459b7a981d0b5d8fec77c6a3c26045ce32e2a9fa97958f5b6",
                "f9364d3a68318cbabf5df82e6aa27a73698f73b935484c39d3a4b122c3bb85e6",
                "d184e0608567f6b860a7b4dbc3c457fd5d284f02fea9e32944bae0860af1b6b7"
            ],
            "type": "Fetch",
            "firstPartyCookies": {},
            "firstPartyCookiesSent": {},
            "exampleSites": [
                "grouplink.pk",
                "xnxx.club",
                "www.hardreset.info",
                "doodvids.blogspot.com",
                "www.xoffline.com",
                "realgrouplinks.com",
                "www.youngpussy.pics",
                "sarappinay.net",
                "shareonline.vg",
                "klimaxxi.net",
                "gamefabrique.com",
                "memektembem.cfd",
                "hentag.com",
                "vokeptube.blogspot.com",
                "vulgarx.com",
                "dodcrot.blogspot.com",
                "pabporn.com",
                "ranksapk.com",
                "www.amateuretsexe.com",
                "steamygamer.com"
            ]
        },
        {
            "rule": "ukankingwithea\\.com\\/asd100\\.bin",
            "cookies": 0,
            "fingerprinting": 0,
            "subdomains": [],
            "apis": {},
            "sites": 13,
            "prevalence": 0.000092,
            "cnames": [],
            "responseHashes": [],
            "type": "Fetch",
            "firstPartyCookies": {},
            "firstPartyCookiesSent": {},
            "exampleSites": [
                "dodcrot.blogspot.com",
                "doodvids.blogspot.com",
                "hentag.com",
                "klimaxxi.net",
                "lovingsiren.net",
                "memektembem.cfd",
                "pabporn.com",
                "sarappinay.net",
                "vokeptube.blogspot.com",
                "vulgarx.com",
                "www.amateuretsexe.com",
                "www.youngpussy.pics",
                "xnxx.club"
            ]
        }
    ],
    "categories": [],
    "performance": {},
    "cookies": 0.00017,
    "topInitiators": [
        {
            "domain": "d1f05vr3sjsuy7.cloudfront.net",
            "prevalence": 0.44680851063829785
        },
        {
            "domain": "dcbbwymp1bhlf.cloudfront.net",
            "prevalence": 0.10638297872340426
        },
        {
            "domain": "d1pdf4c3hchi80.cloudfront.net",
            "prevalence": 0.0851063829787234
        },
        {
            "domain": "dq3yxnlzwhcys.cloudfront.net",
            "prevalence": 0.0851063829787234
        },
        {
            "domain": "d1dtl43j681tft.cloudfront.net",
            "prevalence": 0.06382978723404255
        },
        {
            "domain": "d1ha41wacubcnb.cloudfront.net",
            "prevalence": 0.0425531914893617
        },
        {
            "domain": "d1pwvobm9k031m.cloudfront.net",
            "prevalence": 0.0425531914893617
        },
        {
            "domain": "d1ue5xz1lnqk0d.cloudfront.net",
            "prevalence": 0.0425531914893617
        },
        {
            "domain": "d9r4lqt28t1fm.cloudfront.net",
            "prevalence": 0.02127659574468085
        },
        {
            "domain": "d3vvrup2jpfiep.cloudfront.net",
            "prevalence": 0.02127659574468085
        }
    ],
    "types": {
        "Fetch": 35
    },
    "nameservers": [
        "demi.ns.cloudflare.com",
        "aiden.ns.cloudflare.com"
    ]
}