{
    "domain": "userlike.com",
    "owner": {},
    "source": [
        "DuckDuckGo-US"
    ],
    "prevalence": 0.000205,
    "sites": 29,
    "subdomains": [
        "api",
        "userlike-cdn-operators"
    ],
    "cnames": [],
    "fingerprinting": 0,
    "resources": [
        {
            "rule": "userlike\\.com\\/api\\/um\\/chat\\/button\\/check\\/",
            "cookies": 0,
            "fingerprinting": 0,
            "subdomains": [
                "api"
            ],
            "apis": {},
            "sites": 28,
            "prevalence": 0.000198,
            "cnames": [],
            "responseHashes": [
                "af2baf50e0d352a7da20f90743fb4700d11a6a3dba577183b598f41d734227fc",
                "639ba8c3ea64e94a5494c5e081b3f394bf03976071e75a66cc5e5d757ede4b8d",
                "cb1e26b391e9c87cbffbfddcf24e31730a4e5197b1b32fe07acf1eb6e4940901",
                "0959a98ba1e2352ad3a5f4775c2d0e506eafc72dfee78e1166edba45d5808ad8",
                "8bab1845f5d8a3d44d212dc0a20990211f0b2a2189bfa3ef7ccf070995716096",
                "6f6486dd630cb10888ae5200eaf7165970ec36c6b7a218d846c73a2813bddf4f",
                "9d77c6912a3dff5acf2b4c14c0beabc09dc40fda2eb4383705777dbd3f3f874d",
                "424ce84f6b66c7679914189149db9c46a388eb075b750770cbb3e95d17c85003",
                "5191273c5060c5c58bc7fc1f7ba7464db82825fc90c2cc5742a80f8357766b0c",
                "d34e3908c67437ee058a9f3d89f65fbc7548fa47caff9c61f80ca77c3c35f860",
                "bb2e5082b2ae22e83368d324ff68aa740b978a5308b1e12d45f71698ec00506e",
                "f61fd73b6b3aaae026195757dcbfb790311b6c354abb68ad175bdafa58a51c4b",
                "a3a6490c05dbae192fbb88b9e97f400afaeedf0b02d9fda87cbbe398487a728b",
                "84943299b88219f92fc9c39f653bd3938bff0ff3090ed26f4222bb49c3e80218",
                "d2cd35e4176757e50737e60e9eb93dfbf89399b695b5661dc98672af1992e076",
                "ce3e157a171ee728019106c7a7419a2592659137410f0b455a548794a75e1cd0",
                "e0cfcc89faaae0eb95033d92887e1c69ca9d22766de45053f114a039ef8e02f4",
                "bb49220203f766941fc93b17732de88a2288736277122109aff267964bc2ba8f",
                "aaab163e3115a78571c32c3aff881d6bd8108e7d6832602286a2de91ab283256",
                "d7755d95b48baf20ea35bd68e3a82f500d8bfbe615948cac5d219a3a846b41bb",
                "6d27cf95314cf7949bfe8f23f2c45d06453bb3ad6405b31d57cea257be2e5ec8"
            ],
            "type": "Fetch",
            "firstPartyCookies": {},
            "firstPartyCookiesSent": {},
            "exampleSites": [
                "www.landefeld.de",
                "www.statista.com",
                "www.thenaturalsapphirecompany.com",
                "www.muenchen.travel",
                "www.apotheke.de",
                "www.offgridtec.com",
                "www.mercedes-benz.fr",
                "www.prisjakt.no",
                "www.espace-aubade.fr",
                "www.boker.de",
                "www.we-online.com",
                "www.munich.travel",
                "pricespy.co.nz",
                "www.mercedes-benz.it",
                "www.wunderlich.de",
                "www.prisjakt.nu",
                "www.avl.nl",
                "www.toyota.de",
                "www.hoffmann-group.com",
                "www.mercedes-benz.co.uk"
            ]
        },
        {
            "rule": "userlike\\.com\\/bb9e4ec8699c16275b92e8968b93f1bcc706d1dcaab9b63818a710cb9e3a0730_320x320\\.jpg",
            "cookies": 0,
            "fingerprinting": 0,
            "subdomains": [
                "userlike-cdn-operators"
            ],
            "apis": {},
            "sites": 2,
            "prevalence": 0.0000141,
            "cnames": [],
            "responseHashes": [
                "1c1e25918e77ccb96dd57932feb2327d36da9ca8e96479f87357d67dc1484bfc"
            ],
            "type": "Image",
            "firstPartyCookies": {},
            "firstPartyCookiesSent": {},
            "exampleSites": [
                "espace-aubade.fr",
                "www.espace-aubade.fr"
            ]
        },
        {
            "rule": "userlike\\.com\\/539399d7b2c733532da9f656b2816a7b7f661906a27d5e14658e61cfe1a876ca_320x320\\.jpg",
            "cookies": 0,
            "fingerprinting": 0,
            "subdomains": [
                "userlike-cdn-operators"
            ],
            "apis": {},
            "sites": 2,
            "prevalence": 0.0000141,
            "cnames": [],
            "responseHashes": [
                "52e7ce1371d1ef39ad6755ebcdcae69d927d8ac7f5cee5a0a5e9b0736a5cbad5"
            ],
            "type": "Image",
            "firstPartyCookies": {},
            "firstPartyCookiesSent": {},
            "exampleSites": [
                "mercedes-benz.fr",
                "www.mercedes-benz.fr"
            ]
        },
        {
            "rule": "userlike\\.com\\/0066c2acb343ce01700084fbbb4e45d7761474dceee1f9018be084e451f68d49_320x320\\.jpg",
            "cookies": 0,
            "fingerprinting": 0,
            "subdomains": [
                "userlike-cdn-operators"
            ],
            "apis": {},
            "sites": 2,
            "prevalence": 0.0000141,
            "cnames": [],
            "responseHashes": [
                "7c83fb189ba15fc06e7f09aa1ac9992b69379166e0e71c7f5aac6d2fc52edbc9"
            ],
            "type": "Image",
            "firstPartyCookies": {},
            "firstPartyCookiesSent": {},
            "exampleSites": [
                "offgridtec.com",
                "www.offgridtec.com"
            ]
        },
        {
            "rule": "userlike\\.com\\/4f021b97519cb2c4a4e931bb2918ddf301981206bb7a2d97786d048ce89e97f0_320x320\\.jpg",
            "cookies": 0,
            "fingerprinting": 0,
            "subdomains": [
                "userlike-cdn-operators"
            ],
            "apis": {},
            "sites": 2,
            "prevalence": 0.0000141,
            "cnames": [],
            "responseHashes": [
                "b21e926f8b667267784f6f11bb984b7aaf4adcf43cc4717e7cdd79293e67e95c"
            ],
            "type": "Image",
            "firstPartyCookies": {},
            "firstPartyCookiesSent": {},
            "exampleSites": [
                "we-online.com",
                "www.we-online.com"
            ]
        }
    ],
    "categories": [],
    "performance": {},
    "cookies": 0,
    "topInitiators": [
        {
            "domain": "b-cdn.net",
            "prevalence": 1
        }
    ],
    "types": {
        "Fetch": 28,
        "Image": 8
    },
    "nameservers": [
        "a.myradns.net",
        "b.myradns.net",
        "c.myradns.net"
    ]
}