{
    "domain": "vidcrunch.com",
    "owner": {},
    "source": [
        "DuckDuckGo-US"
    ],
    "prevalence": 0.000141,
    "sites": 20,
    "subdomains": [
        "tg1",
        "servt",
        "cdn",
        "serv"
    ],
    "cnames": [],
    "fingerprinting": 1,
    "resources": [
        {
            "rule": "vidcrunch\\.com\\/api\\/adserver\\/spt",
            "cookies": 0,
            "fingerprinting": 1,
            "subdomains": [
                "tg1"
            ],
            "apis": {
                "Navigator.prototype.userAgent": 10,
                "Navigator.prototype.appVersion": 11
            },
            "sites": 17,
            "prevalence": 0.00012,
            "cnames": [],
            "responseHashes": [
                "4241dca0bb9feb2034dc793a70804020a2b9bd5d63cc80064beda2704a91f7a7",
                "d9957bfec08d1a5e6acc49529f139b5c0fdd25f7dfd6f5b64d2f3e9f491f7de9",
                "c95c05619a9ce3e81f2de138ab7e607ddeddfcecc1005272ad25744fc635b2ba",
                "5c21e45863bd29a77f2991d8c506175465c42eb6d40dc3737a31e0f819f6a1c7",
                "22b7d40896759eb5b19905308bbfa8354b324b4b621703a0ee6f5d521b1bd510",
                "524038bcfa8ea6bf6c7c2c7153bca264bc37d5a82a8d4ba2bcc4cc81de1cf135",
                "6f76a689a2a4021f7e16e9ea51788abbee14d9d28d41acf75d3df8bb1c5424af",
                "6f4ba34b732b7c1f286c390cc3ad7e6042ad87b22ad75f8da903662da330b1c7",
                "b933785fff9df7f3befef73f1bb9b1f3fe34e6aa1190a5aaebbc0d62dc717616",
                "7714fa7c57288640df3273c2db148f7ac98b43e5997b90ae15e9e294f35a89eb",
                "e9b0544d6265a5d348ec143889431a1dabf5a180be302b148dc1bf6d5256527f",
                "4c1f0cdca38ba8b758a9a610229413788a241461afb91f1bf8303c05eb498ff5",
                "3c7aa94a462437fb2db56cd3c09b74f3967bec9ac123a35e72deb0fb16d517ca",
                "931d8ea17283fd78d13f6216598b443185568bdec1a9f4bd7a9923feff3fae46"
            ],
            "type": "Script",
            "firstPartyCookies": {},
            "firstPartyCookiesSent": {},
            "exampleSites": [
                "citizen.digital",
                "quantrimang.com",
                "randomwordgenerator.com",
                "telanganatoday.com",
                "tiz-cycling-live.io",
                "www.animesonglyrics.com",
                "www.aplustopper.com",
                "www.delftstack.com",
                "www.gamingdeputy.com",
                "www.hinditracks.in",
                "www.humanizeaitext.org",
                "www.prabhatkhabar.com",
                "www.prothomalo.com",
                "www.rvmnews.com",
                "www.shaalaa.com",
                "www.studyrankers.com",
                "www.suomisanakirja.fi"
            ]
        },
        {
            "rule": "vidcrunch\\.com\\/track",
            "cookies": 0.000099,
            "fingerprinting": 0,
            "subdomains": [
                "servt"
            ],
            "apis": {},
            "sites": 15,
            "prevalence": 0.000106,
            "cnames": [],
            "responseHashes": [
                "e3b0c44298fc1c149afbf4c8996fb92427ae41e4649b934ca495991b7852b855"
            ],
            "type": "Image",
            "firstPartyCookies": {},
            "firstPartyCookiesSent": {
                "lotame_domain_check": 0.0000070733363512901765
            },
            "exampleSites": [
                "citizen.digital",
                "quantrimang.com",
                "randomwordgenerator.com",
                "tiz-cycling-live.io",
                "www.animesonglyrics.com",
                "www.aplustopper.com",
                "www.delftstack.com",
                "www.gamingdeputy.com",
                "www.hinditracks.in",
                "www.humanizeaitext.org",
                "www.prothomalo.com",
                "www.rvmnews.com",
                "www.shaalaa.com",
                "www.studyrankers.com",
                "www.suomisanakirja.fi"
            ]
        },
        {
            "rule": "vidcrunch\\.com\\/integrations\\/vidcrunch\\.svg",
            "cookies": 0,
            "fingerprinting": 0,
            "subdomains": [
                "cdn"
            ],
            "apis": {},
            "sites": 7,
            "prevalence": 0.0000495,
            "cnames": [],
            "responseHashes": [
                "ab1382c70c0a537459c8eec56c1d9f6a66caab98eccb6b7fa057309aae36c99e"
            ],
            "type": "Image",
            "firstPartyCookies": {},
            "firstPartyCookiesSent": {},
            "exampleSites": [
                "citizen.digital",
                "quantrimang.com",
                "www.animesonglyrics.com",
                "www.aplustopper.com",
                "www.humanizeaitext.org",
                "www.shaalaa.com",
                "www.studyrankers.com"
            ]
        },
        {
            "rule": "vidcrunch\\.com\\/api\\/adserver\\/tag\\/",
            "cookies": 0.0000778,
            "fingerprinting": 0,
            "subdomains": [
                "serv"
            ],
            "apis": {},
            "sites": 11,
            "prevalence": 0.0000778,
            "cnames": [],
            "responseHashes": [
                "aaa3646acb152cb445d73558cad711bd3beef9ffa1f2c42397fa243cf82f2a50",
                "414d877ab1723e9d6f2588ef119d4d0432d136e89232109006d988d0a156d697",
                "b6e25b4980b660aae811052ea89eb899b9086fb82a52c15b17ab72bfb9dda7cf",
                "883046d1b57537232d0e8fcc26b49937ebe19b6faee881bc9d31bccfdd9d90ba",
                "9aac9e77126fa9395048ed67d7fa2debde9d8171d5fc2f0ef82f7737318b5bc4",
                "8baad65e104806ba768066d1f81eb95a598bf7580fa95e06f5a3ffd74ccfa38a",
                "690c147cc3b6a8845c3faf59c679d01f3b2e45571bc5267cddb879c2ec707397",
                "d124263be92e9dbac8c7779e1cb381bd808e6118468b9ded4c62e4f376732e45",
                "f6fb1af72229205a26f6c8108d198610dc0b629c5767536e722cefffa9990549"
            ],
            "type": "XHR",
            "firstPartyCookies": {},
            "firstPartyCookiesSent": {
                "lotame_domain_check": 0.0000070733363512901765
            },
            "exampleSites": [
                "citizen.digital",
                "quantrimang.com",
                "www.animesonglyrics.com",
                "www.aplustopper.com",
                "www.delftstack.com",
                "www.gamingdeputy.com",
                "www.humanizeaitext.org",
                "www.rvmnews.com",
                "www.shaalaa.com",
                "www.studyrankers.com",
                "www.suomisanakirja.fi"
            ]
        },
        {
            "rule": "vidcrunch\\.com\\/track",
            "cookies": 0.0000141,
            "fingerprinting": 0,
            "subdomains": [
                "servt"
            ],
            "apis": {},
            "sites": 2,
            "prevalence": 0.0000141,
            "cnames": [],
            "responseHashes": [],
            "type": "Ping",
            "firstPartyCookies": {},
            "firstPartyCookiesSent": {},
            "exampleSites": [
                "delftstack.com",
                "www.shaalaa.com"
            ]
        }
    ],
    "categories": [],
    "performance": {},
    "cookies": 0.00012,
    "topInitiators": [
        {
            "domain": "aniview.com",
            "prevalence": 0.48148148148148145
        },
        {
            "domain": "first party",
            "prevalence": 0.25925925925925924
        },
        {
            "domain": "avplayer.com",
            "prevalence": 0.14814814814814814
        },
        {
            "domain": "doubleclick.net",
            "prevalence": 0.09259259259259259
        },
        {
            "domain": "papayads.net",
            "prevalence": 0.018518518518518517
        }
    ],
    "types": {
        "Script": 17,
        "Image": 22,
        "XHR": 11,
        "Ping": 2
    },