{
    "domain": "vipads.cc",
    "owner": {},
    "source": [
        "DuckDuckGo-US"
    ],
    "prevalence": 0.000156,
    "sites": 22,
    "subdomains": [
        "cdn",
        "pv"
    ],
    "cnames": [],
    "fingerprinting": 0,
    "resources": [
        {
            "rule": "vipads\\.cc\\/ad\\.png",
            "cookies": 0,
            "fingerprinting": 0,
            "subdomains": [
                "cdn"
            ],
            "apis": {},
            "sites": 22,
            "prevalence": 0.000156,
            "cnames": [],
            "responseHashes": [
                "1d35f71ed1e7e3f5410d85f3da4811051cd5d8949f07c6dbe26ba780edbd41f4"
            ],
            "type": "Image",
            "firstPartyCookies": {},
            "firstPartyCookiesSent": {},
            "exampleSites": [
                "viet69hihi.com",
                "javtopxx.com",
                "phimsexs1.net",
                "3xchina.net",
                "sex-viet69.net",
                "cliphotvietnam.com",
                "sexvietsub4.com",
                "hentaiz-a1.com",
                "hentaiz.im",
                "phevkl.im",
                "clipvn69.com",
                "dongsex.ink",
                "fanxxx.org",
                "javgg.sex",
                "phimsex-a1.com",
                "cliphotvns.lol",
                "sextop1.nl",
                "s.javhay1.com",
                "sexvietmoinhat.com",
                "sexvn69.cam"
            ]
        },
        {
            "rule": "vipads\\.cc\\/pv\\.php",
            "cookies": 0,
            "fingerprinting": 0,
            "subdomains": [
                "pv"
            ],
            "apis": {},
            "sites": 22,
            "prevalence": 0.000156,
            "cnames": [],
            "responseHashes": [
                "506ca9a675b176d418f068a939a7bcdf64378657b6618ddd0d87d1c85a9db83a",
                "9586146dd295ad12edc7c09329ce0191bcdf8d531be9ec4ba541d7c21c224f7a",
                "033a3741cb6ce27317d1c0f817e2e26f6a0f29f0df35f58eda3da29bcd83e44e",
                "297920d85ad8e21dd99330640205056dd3134935dd72341ba24844b49f8696f7",
                "d8deeea50b0f1b136e79b54182d1c3c198e5dc3975c25a193eaa35c5a9cdb231",
                "0061c63f258c4963f7a96f22ac3e00591e472549277bc75434ed9f10ee75b21d",
                "81c49ae4969f94ba222554244a54611f7866b7e9b2792db3697cad28efa4685a",
                "b8cba3a705db72392d7905fadec7e8f87b7cff4e9ea375a2d6089edffdca7301",
                "168dc48d86b853052973bee735b98a5710d02ee7af85a2451e1712cb576da8f6",
                "f66114fd2a9b0707246b7f7fe2ac7d0d9c759bf1836d5ea03665d87f9c24ec8b",
                "5ea0bd8611d2ef972cf03f58e2325876081fc52df1513db1495344c328f6efb1",
                "49de7435b8f5890fa953cbf5578d09036fec83da87e8bfd596fdef577df4fae5",
                "6626663e5677dbb5c5fffe9cc376a2bf4116b874e4efd1c4cd944647ac308a4f",
                "d0a6d763963bf8f1d73604520e24dcfa1be8e658e0f05cdb8f32b33de628591e",
                "3637339c15cf04d1b9feb4781aad8da84447a2521a2d798143717025ee02dd4f",
                "78e442cfeab79166232321d918b45c64aa79a73e0fd97938768fa50119ac2f52",
                "903f976b14c99abdb364d1a50e5e899cb5ec82b5dd7a819b7e6dd7dbdf28c0bc",
                "427503445f15cd5187dfb192e3af64a26b66a3697fbfc321a2544f9c9a526194",
                "03871bf672afdb393f2129011ed28171bc6b6867071414d12824c8502f0085ba",
                "1bad6b8cf97131fceab8543e81f7757195fbb1d36b376ee994ad1cf17699c464",
                "6c650bfe0d4ee1bea7b1d457b4ce78e97b9b300d9dbccb148f5d3d100df8b572"
            ],
            "type": "XHR",
            "firstPartyCookies": {},
            "firstPartyCookiesSent": {},
            "exampleSites": [
                "cliphotvietnam.com",
                "3xchina.net",
                "hentaiz-a1.com",
                "sextop1.nl",
                "sexvn69.cam",
                "javgg.sex",
                "sex.xinh3x.me",
                "fanxxx.org",
                "viet69hihi.com",
                "phevkl.im",
                "sexvietmoinhat.com",
                "hentaiz.im",
                "s.javhay1.com",
                "javtopxx.com",
                "vlxvn.com",
                "cliphotvns.lol",
                "phimsexs1.net",
                "sex-viet69.net",
                "sexvietsub4.com",
                "phimsex-a1.com"
            ]
        }
    ],
    "categories": [],
    "performance": {},
    "cookies": 0,
    "topInitiators": [
        {
            "domain": "vipads.live",
            "prevalence": 1
        }
    ],
    "types": {
        "Image": 22,
        "XHR": 22
    },
    "nameservers": [
        "kami.ns.cloudflare.com",
        "skip.ns.cloudflare.com"
    ]
}