{
    "domain": "vntsm.io",
    "owner": {},
    "source": [
        "DuckDuckGo-US"
    ],
    "prevalence": 0.00131,
    "sites": 185,
    "subdomains": [
        "hb"
    ],
    "cnames": [],
    "fingerprinting": 0,
    "resources": [
        {
            "rule": "vntsm\\.io\\/content\\.html",
            "cookies": 0,
            "fingerprinting": 0,
            "subdomains": [
                "hb"
            ],
            "apis": {},
            "sites": 124,
            "prevalence": 0.000877,
            "cnames": [],
            "responseHashes": [
                "ce8368e5b8e9f2f066acc6284578c00021aea742c4c7c7ec2836c232a5f8b1f8",
                "0d60ff563e24bc10610b92341969c8e70dcb1a21e8059799260787d1ddd5d4f4",
                "5c44760a7243aabfd57c233f6bf949d71cb81b7a0ddc47dbb00518a690476406",
                "ea80dc2a20d05db3eca8feaaea83ecd30a1e6161a8f8b56a721ca698bdd70aad",
                "08b9b8057caf1690ea426d710d88238f591ead8e0e06352326422c0ce80f2986",
                "f882436be6c7e5801de93fbe7b80a2053ce33d84c1320054a2e8b637db9cd2f7",
                "738f76cdf44fc879e6e99510296211944544cbd7872c3f0c01838f982da51ad6",
                "2ad84c566de21f7a87ca30fb5d5850568dc56cd77b5f65081b240945cae3f62d",
                "febdb14fd9fe92165091b95fccfaf3d07cd93ea97eaa226233283eef2b2e0387",
                "4c94d758fb9bc3d51fa46338faf1e90d8e704a252bcc87f52857d1b1736d4373",
                "cb1c18801cc5f223c6e78505705a0de701d724bfc860d0ce959592ec1e73b63e",
                "f1970edcb6749421f09194223ac41dd2a4060603b90812a5341e1f5b6b192069"
            ],
            "type": "Fetch",
            "firstPartyCookies": {},
            "firstPartyCookiesSent": {},
            "exampleSites": [
                "myanimelist.net",
                "stabfish.io",
                "www.besteveralbums.com",
                "ucngame.com",
                "www.belloflostsouls.net",
                "framed.wtf",
                "www.playstationtrophies.org",
                "shellshock.io",
                "www.eft-ammo.com",
                "spaceidle.game-vault.net",
                "garticphone.com",
                "www.overtake.gg",
                "openfront.io",
                "forums.civfanatics.com",
                "www.smbc-comics.com",
                "gamedev.net",
                "playmotox3m.com",
                "openguessr.com",
                "www.pokemoncoders.com",
                "www.101soundboards.com"
            ]
        }
    ],
    "categories": [],
    "performance": {},
    "cookies": 0,
    "topInitiators": [
        {
            "domain": "vntsm.com",
            "prevalence": 0.7288888888888889
        },
        {
            "domain": "adinplay.com",
            "prevalence": 0.16444444444444445
        },
        {
            "domain": "first party",
            "prevalence": 0.09777777777777778
        },
        {
            "domain": "ravenjs.com",
            "prevalence": 0.008888888888888889
        }
    ],
    "types": {
        "Fetch": 124
    },
    "nameservers": [
        "ns-99.awsdns-12.com",
        "ns-1655.awsdns-14.co.uk",
        "ns-1245.awsdns-27.org",
        "ns-866.awsdns-44.net"
    ]
}