{
    "domain": "vstserv.com",
    "owner": {},
    "source": [
        "DuckDuckGo-US"
    ],
    "prevalence": 0.0000849,
    "sites": 12,
    "subdomains": [
        "vast"
    ],
    "cnames": [],
    "fingerprinting": 0,
    "resources": [
        {
            "rule": "vstserv\\.com\\/vast",
            "cookies": 0,
            "fingerprinting": 0,
            "subdomains": [
                "vast"
            ],
            "apis": {},
            "sites": 12,
            "prevalence": 0.0000849,
            "cnames": [],
            "responseHashes": [],
            "type": "Preflight",
            "firstPartyCookies": {},
            "firstPartyCookiesSent": {},
            "exampleSites": [
                "bdsmx.tube",
                "chiralism.net",
                "hdzog.com",
                "hotmovs.com",
                "shemalez.com",
                "thegay.com",
                "transtxxx.com",
                "tubepornclassic.com",
                "upornia.com",
                "vjav.com",
                "www.pornhits.com",
                "xjav.tube"
            ]
        },
        {
            "rule": "vstserv\\.com\\/vast",
            "cookies": 0,
            "fingerprinting": 0,
            "subdomains": [
                "vast"
            ],
            "apis": {},
            "sites": 12,
            "prevalence": 0.0000849,
            "cnames": [],
            "responseHashes": [
                "5490b9a83ed00f508ad226dea2f61cb558ac59536ffa8f5c260333c63bf5f05c",
                "d2421b5d8a986da78d010c5d56941e47f119d9d915337506dfb1c0a18781b9b3",
                "94690980f73f663169b42ed321ea11ec78b485fb427062798eb98b7dbad93ca6",
                "799849cb5c8802089aae41790ed2c0e69901f99f74d470ff0cf34718c1ae6f95",
                "4ba4de32494d0d7f713185baa7542b0819ae35f116e27cad74beee0b1dd1c9fd",
                "71777dc6e79701d24f25d9439b1c5532e252bdf861eeea5216127b6d2e4ceedd",
                "393ae7f1ad0921ca7c235cb7b9481ab34748a7fb551e39c57094891c69828380",
                "25c9d0a75ae1d1720fe6ed1ba609a7c5f907105d7b19e152a325796c159183f8",
                "ddf094584b1e15e044b7182abee9f00facb8fe284141e25244eb9c39a0e2e2e7",
                "0080640758f0312da0919875f961dbf10b2f27180be9f4cb9fe560724431f344"
            ],
            "type": "XHR",
            "firstPartyCookies": {},
            "firstPartyCookiesSent": {},
            "exampleSites": [
                "bdsmx.tube",
                "chiralism.net",
                "hdzog.com",
                "hotmovs.com",
                "shemalez.com",
                "thegay.com",
                "transtxxx.com",
                "tubepornclassic.com",
                "upornia.com",
                "vjav.com",
                "www.pornhits.com",
                "xjav.tube"
            ]
        }
    ],
    "categories": [],
    "performance": {},
    "cookies": 0,
    "topInitiators": [
        {
            "domain": "first party",
            "prevalence": 0.8333333333333334
        },
        {
            "domain": "vjav.com",
            "prevalence": 0.08333333333333333
        },
        {
            "domain": "nv7s.com",
            "prevalence": 0.08333333333333333
        }
    ],
    "types": {
        "Preflight": 12,
        "XHR": 12
    },
    "nameservers": [
        "dilbert.ns.cloudflare.com",
        "asa.ns.cloudflare.com"
    ]
}