{
    "domain": "whatfinger.com",
    "owner": {},
    "source": [
        "DuckDuckGo-US"
    ],
    "prevalence": 0.000099,
    "sites": 14,
    "subdomains": [
        "choiceclips"
    ],
    "cnames": [],
    "fingerprinting": 0,
    "resources": [
        {
            "rule": "whatfinger\\.com\\/widgets\\/aznew-wfw\\.js",
            "cookies": 0,
            "fingerprinting": 0,
            "subdomains": [
                "choiceclips"
            ],
            "apis": {},
            "sites": 9,
            "prevalence": 0.0000637,
            "cnames": [],
            "responseHashes": [
                "d4eaec858474f17cfe2930fc1de5994621679c350b330a66fb7f420aadaf81c1"
            ],
            "type": "Script",
            "firstPartyCookies": {},
            "firstPartyCookiesSent": {},
            "exampleSites": [
                "canadafreepress.com",
                "slaynews.com",
                "theamericantribune.com",
                "thewashingtonstandard.com",
                "vidmax.com",
                "wltreport.com",
                "www.lifezette.com",
                "www.rvmnews.com",
                "www.theburningplatform.com"
            ]
        },
        {
            "rule": "whatfinger\\.com\\/widgets\\/server\\/azwidget-videos\\.php",
            "cookies": 0,
            "fingerprinting": 0,
            "subdomains": [
                "choiceclips"
            ],
            "apis": {},
            "sites": 10,
            "prevalence": 0.0000707,
            "cnames": [],
            "responseHashes": [
                "cd3f2c808fa23a0677418acd6f5294994dd0988e847fb9bcee2f4dc8f6efe4d3",
                "41e741d31ad368cc90ec5fc6235fe4940aa513db246bd765c4343110ec247dce",
                "2c9e98725eb4e96f19256c761a27ad6796753abab45770fb9710b292f4d7f1e4",
                "9782b743b758d597ead851a343ac381f6add256eb9083a1ff51f5346ce0d6295",
                "1ed5ff116e2bd50348c9bd569ae7f2d2fc2a4f890edec24059e5c7ceea0dc1b4",
                "8c9bb4eafd9262b386da58714219fe6b72dc638588c23946a45398aa7a4bbd62",
                "6910ff475541218f901c0cfafce8c0cc1acb9501607ffeae7fe0d5586739ed8c",
                "d4328bfe3ef381f1a94301fc368b6d73dde8b59c05253367a393aefc007e156e",
                "e3b0c44298fc1c149afbf4c8996fb92427ae41e4649b934ca495991b7852b855"
            ],
            "type": "XHR",
            "firstPartyCookies": {},
            "firstPartyCookiesSent": {},
            "exampleSites": [
                "canadafreepress.com",
                "slaynews.com",
                "theamericantribune.com",
                "thewashingtonstandard.com",
                "vidmax.com",
                "wltreport.com",
                "www.lifezette.com",
                "www.rvmnews.com",
                "www.theburningplatform.com",
                "www.theorganicprepper.com"
            ]
        },
        {
            "rule": "whatfinger\\.com\\/wp-content\\/uploads\\/2025\\/05\\/Screenshot-2025-05-14-213233\\.png",
            "cookies": 0,
            "fingerprinting": 0,
            "subdomains": [
                "choiceclips"
            ],
            "apis": {},
            "sites": 9,
            "prevalence": 0.0000637,
            "cnames": [],
            "responseHashes": [
                "cb45cad7b14853ea0f225a2533e444f5c0751f43292c39d0b41dc26fb5ae9a59"
            ],
            "type": "Image",
            "firstPartyCookies": {},
            "firstPartyCookiesSent": {},
            "exampleSites": [
                "canadafreepress.com",
                "slaynews.com",
                "theamericantribune.com",
                "thewashingtonstandard.com",
                "vidmax.com",
                "wltreport.com",
                "www.lifezette.com",
                "www.rvmnews.com",
                "www.theburningplatform.com"
            ]
        },
        {
            "rule": "whatfinger\\.com\\/wp-content\\/uploads\\/2025\\/05\\/Screenshot-2025-05-14-172459\\.png",
            "cookies": 0,
            "fingerprinting": 0,
            "subdomains": [
                "choiceclips"
            ],
            "apis": {},
            "sites": 9,
            "prevalence": 0.0000637,
            "cnames": [],
            "responseHashes": [
                "c01e677651841802d038d1d9dc335229951601d549555eb5de066da2f8faf6ac"
            ],
            "type": "Image",
            "firstPartyCookies": {},
            "firstPartyCookiesSent": {},
            "exampleSites": [
                "canadafreepress.com",
                "slaynews.com",
                "theamericantribune.com",
                "thewashingtonstandard.com",
                "vidmax.com",
                "wltreport.com",
                "www.lifezette.com",
                "www.rvmnews.com",
                "www.theburningplatform.com"
            ]
        },
        {
            "rule": "whatfinger\\.com\\/wp-content\\/uploads\\/2025\\/05\\/Screenshot-2025-05-14-112930\\.png",
            "cookies": 0,
            "fingerprinting": 0,
            "subdomains": [
                "choiceclips"
            ],
            "apis": {},
            "sites": 8,
            "prevalence": 0.0000566,
            "cnames": [],
            "responseHashes": [
                "135dafcb9e73556e063982246c23fb05db07fee1a743a22ddd2c72f8b65900fa"
            ],
            "type": "Image",
            "firstPartyCookies": {},
            "firstPartyCookiesSent": {},
            "exampleSites": [
                "canadafreepress.com",
                "slaynews.com",
                "theamericantribune.com",
                "thewashingtonstandard.com",
                "vidmax.com",
                "wltreport.com",
                "www.lifezette.com",
                "www.theburningplatform.com"
            ]
        },
        {
            "rule": "whatfinger\\.com\\/wp-content\\/uploads\\/2025\\/05\\/Screenshot-2025-05-14-112450\\.png",
            "cookies": 0,
            "fingerprinting": 0,
            "subdomains": [
                "choiceclips"
            ],
            "apis": {},
            "sites": 5,
            "prevalence": 0.0000354,
            "cnames": [],
            "responseHashes": [
                "75dedafd7b76542608e8a1030af9f2e6aea425e2a8733d0934a59828819d1b6f"
            ],
            "type": "Image",
            "firstPartyCookies": {},
            "firstPartyCookiesSent": {},
            "exampleSites": [
                "canadafreepress.com",
                "slaynews.com",
                "theamericantribune.com",
                "vidmax.com",
                "www.theburningplatform.com"
            ]
        },
        {
            "rule": "whatfinger\\.com\\/wp-content\\/uploads\\/2025\\/05\\/Screenshot-2025-05-14-112021\\.png",
            "cookies": 0,
            "fingerprinting": 0,
            "subdomains": [
                "choiceclips"
            ],
            "apis": {},
            "sites": 2,
            "prevalence": 0.0000141,
            "cnames": [],
            "responseHashes": [
                "292b3dea102bc4decbaf816a417332e82b6e18f75d408fcb2e6e4ae2b48c9156"
            ],
            "type": "Image",
            "firstPartyCookies": {},
            "firstPartyCookiesSent": {},
            "exampleSites": [
                "canadafreepress.com",
                "vidmax.com"
            ]
        },
        {
            "rule": "whatfinger\\.com\\/wp-content\\/uploads\\/2025\\/05\\/Screenshot-2025-05-13-171002\\.png",
            "cookies": 0,
            "fingerprinting": 0,
            "subdomains": [
                "choiceclips"
            ],
            "apis": {},
            "sites": 2,
            "prevalence": 0.0000141,
            "cnames": [],
            "responseHashes": [
                "155cd741344fcf370df668b9e6061ff69d1b81e470a9e1d028e5333c075857dd"
            ],
            "type": "Image",
            "firstPartyCookies": {},