{
    "domain": "whizzco.com",
    "owner": {},
    "source": [
        "DuckDuckGo-US"
    ],
    "prevalence": 0.00017,
    "sites": 24,
    "subdomains": [
        "cdn",
        "api"
    ],
    "cnames": [],
    "fingerprinting": 0,
    "resources": [
        {
            "rule": "whizzco\\.com\\/scripts\\/widget\\/widget_v3\\.js",
            "cookies": 0,
            "fingerprinting": 0,
            "subdomains": [
                "cdn"
            ],
            "apis": {},
            "sites": 15,
            "prevalence": 0.000106,
            "cnames": [],
            "responseHashes": [
                "66a536757505f560c6fdb31f960d8bc576f2f6dd9e6d03dcaf172f6cb3ac8950"
            ],
            "type": "Script",
            "firstPartyCookies": {},
            "firstPartyCookiesSent": {},
            "exampleSites": [
                "12tomatoes.com",
                "canadafreepress.com",
                "davidicke.com",
                "dustyoldthing.com",
                "novelbin.com",
                "patriots.win",
                "rollcall.com",
                "sofrep.com",
                "theanimalrescuesite.com",
                "thecelebinsider.com",
                "theheartysoul.com",
                "vidmax.com",
                "www.bizpacreview.com",
                "www.swimmingworldmagazine.com",
                "www.xonecole.com"
            ]
        },
        {
            "rule": "whizzco\\.com\\/demand\\/v1\\/rtads",
            "cookies": 0,
            "fingerprinting": 0,
            "subdomains": [
                "api"
            ],
            "apis": {},
            "sites": 15,
            "prevalence": 0.000106,
            "cnames": [],
            "responseHashes": [
                "0d5084ffa547ebb3331e4f6f3fd919aacf5d5fe687599002ce523154af6ee532",
                "ce81437b79e4e9798ec39cb3175e92344f1e203d28687d8f5193e342333edca3",
                "2de78551103d7874da99d6c3263267ecd31e7bca67dcbe807491135f5f98a25f",
                "f12b71171a99df944388d035dd8b40ba473689d79519d3a6022f65da7801ba23",
                "48e11126de28cb1a9857b1d10f3707078e7eb73404568f363cc922a34a719236",
                "f0787e867127bb506bb1f24b3b5468ad2ecf20e3585f46e134ab3e0596a6827a",
                "b610a63ecc67e47416b1c9510fcfc78e0c2a68e7dcc612e36e6ca02522732a88",
                "dfebdfc177c7da6d6dbad8509b74c8f2aac6cf2586c44f1cb3f484901152d411",
                "ab74090bbdbb679b693f6495dad68dc8907b9c1402a07558ded2fa859967f31d",
                "ed47138b7b51410a969edc2380b0412af08a15afdcf9d83e4fd9a104a15b965f",
                "11b5ed12e82194c56815cf8f4fc53a635e0100da2c7a847a07a58650ae2de684",
                "b6bb84a008e8ba5eef599fead6a2d4e5c947280fdd15f3dc5c944c2f2907505e",
                "08dba71b420fecad15b6a2615580f282de638cc1bbea791f55faf5fdedd8de27"
            ],
            "type": "XHR",
            "firstPartyCookies": {},
            "firstPartyCookiesSent": {},
            "exampleSites": [
                "12tomatoes.com",
                "canadafreepress.com",
                "davidicke.com",
                "dustyoldthing.com",
                "novelbin.com",
                "patriots.win",
                "quiltville.blogspot.com",
                "rollcall.com",
                "sofrep.com",
                "theanimalrescuesite.com",
                "thecelebinsider.com",
                "theheartysoul.com",
                "vidmax.com",
                "www.bizpacreview.com",
                "www.swimmingworldmagazine.com"
            ]
        },
        {
            "rule": "whizzco\\.com\\/demand\\/v1\\/rtads",
            "cookies": 0,
            "fingerprinting": 0,
            "subdomains": [
                "api"
            ],
            "apis": {},
            "sites": 15,
            "prevalence": 0.000106,
            "cnames": [],
            "responseHashes": [],
            "type": "Preflight",
            "firstPartyCookies": {},
            "firstPartyCookiesSent": {},
            "exampleSites": [
                "12tomatoes.com",
                "canadafreepress.com",
                "davidicke.com",
                "dustyoldthing.com",
                "novelbin.com",
                "patriots.win",
                "quiltville.blogspot.com",
                "rollcall.com",
                "sofrep.com",
                "theanimalrescuesite.com",
                "thecelebinsider.com",
                "theheartysoul.com",
                "vidmax.com",
                "www.bizpacreview.com",
                "www.swimmingworldmagazine.com"
            ]
        },
        {
            "rule": "whizzco\\.com\\/dtracking\\/v1\\/tshow",
            "cookies": 0,
            "fingerprinting": 0,
            "subdomains": [
                "api"
            ],
            "apis": {},
            "sites": 15,
            "prevalence": 0.000106,
            "cnames": [],
            "responseHashes": [
                "3d23d39a30bb7323f8ccfd64c52cf286138fba4f83e78f7edcf66703b7c23aaa"
            ],
            "type": "XHR",
            "firstPartyCookies": {},
            "firstPartyCookiesSent": {},
            "exampleSites": [
                "12tomatoes.com",
                "canadafreepress.com",
                "davidicke.com",
                "dustyoldthing.com",
                "novelbin.com",
                "patriots.win",
                "quiltville.blogspot.com",
                "rollcall.com",
                "sofrep.com",
                "theanimalrescuesite.com",
                "thecelebinsider.com",
                "theheartysoul.com",
                "vidmax.com",
                "www.bizpacreview.com",
                "www.swimmingworldmagazine.com"
            ]
        },
        {
            "rule": "whizzco\\.com\\/dtracking\\/v1\\/tshow",
            "cookies": 0,
            "fingerprinting": 0,
            "subdomains": [
                "api"
            ],
            "apis": {},
            "sites": 15,
            "prevalence": 0.000106,
            "cnames": [],
            "responseHashes": [],
            "type": "Preflight",
            "firstPartyCookies": {},
            "firstPartyCookiesSent": {},
            "exampleSites": [
                "12tomatoes.com",
                "canadafreepress.com",
                "davidicke.com",
                "dustyoldthing.com",
                "novelbin.com",
                "patriots.win",
                "quiltville.blogspot.com",
                "rollcall.com",
                "sofrep.com",
                "theanimalrescuesite.com",
                "thecelebinsider.com",
                "theheartysoul.com",
                "vidmax.com",
                "www.bizpacreview.com",
                "www.swimmingworldmagazine.com"
            ]
        },
        {
            "rule": "whizzco\\.com\\/scripts\\/widget\\/widget_t_v2\\.js",
            "cookies": 0,
            "fingerprinting": 0,
            "subdomains": [
                "cdn"
            ],
            "apis": {},
            "sites": 2,
            "prevalence": 0.0000141,
            "cnames": [],
            "responseHashes": [
                "85c01ed9a17ce71fb4d3fde1d985e4ed80c682c7a2d68f8a7c0640d091577e71"
            ],
            "type": "Script",
            "firstPartyCookies": {},
            "firstPartyCookiesSent": {},
            "exampleSites": [
                "quiltville.blogspot.com",
                "www.lucianne.com"
            ]
        }
    ],
    "categories": [],
    "performance": {},
    "cookies": 0,
    "topInitiators": [
        {
            "domain": "first party",
            "prevalence": 0.9230769230769231
        },
        {
            "domain": "pubfuture-ad.com",
            "prevalence": 0.038461538461538464
        },
        {
            "domain": "tinifycdn.com",
            "prevalence": 0.038461538461538464
        }
    ],
    "types": {
        "Script": 17,
        "XHR": 30,