{
    "domain": "wholesalegorilla.app",
    "owner": {},
    "source": [
        "DuckDuckGo-US"
    ],
    "prevalence": 0.00012,
    "sites": 17,
    "subdomains": [
        "www"
    ],
    "cnames": [],
    "fingerprinting": 1,
    "resources": [
        {
            "rule": "wholesalegorilla\\.app\\/shop_assets\\/wsg-index\\.js",
            "cookies": 0,
            "fingerprinting": 1,
            "subdomains": [
                "www"
            ],
            "apis": {
                "window.sessionStorage": 10
            },
            "sites": 14,
            "prevalence": 0.000099,
            "cnames": [],
            "responseHashes": [
                "ed8c174caae29871012bd18708e1072c63054aaa603a9a20f6c70e41c75e90cf",
                "6bc069b7b0df4debadeb92ac8e3014896db4bfc7443425a6956910f1b9c8e91c",
                "ec807237cabd17a19d0b6fe66a3bab6d6583df9724ab85354854713b63e78be7"
            ],
            "type": "Script",
            "firstPartyCookies": {},
            "firstPartyCookiesSent": {},
            "exampleSites": [
                "alleviatetherapy.com",
                "armament.com",
                "dosedaily.co",
                "eatfishwife.com",
                "elitesurvival.com",
                "mountainsmith.com",
                "puritycoffee.com",
                "rallitek.com",
                "singer-featherweight.com",
                "thesatanictemple.com",
                "truewerk.com",
                "www.flytanium.com",
                "www.knifejoy.com",
                "www.weizeus.com"
            ]
        },
        {
            "rule": "wholesalegorilla\\.app\\/proxy\\/basic-shop-info",
            "cookies": 0,
            "fingerprinting": 0,
            "subdomains": [
                "www"
            ],
            "apis": {},
            "sites": 13,
            "prevalence": 0.000092,
            "cnames": [],
            "responseHashes": [
                "ca3a9d3b9949ae29d147135b52617b64fff22b8f34ad232bb693c2192b47e043",
                "8e0ec5c0046a211a4587cc82b1db1c7a750aaf3a53f6130fe8162136ceb10e42",
                "70900faf8fad883b3393f094d75c569a6af93a0e02b08b8254e295ae53504831",
                "4d6f3368a6ab3c526afcd64c8180271b70aab1de57f00d8f728844c14688903d",
                "b81e8ef2d5f56375cf5e072c3f4d583260a6f9ab0d243a6938f0c0cacc839154",
                "06d1b2aea208525f0ad313e53d6fa18df51af3c01d9b9b97768c8bc35a5b7b1a",
                "4c4706cb4d706411b58f221b6a45556a8f133b08ee555ffe06807932d23731fe",
                "cf79d705eca2a43f907c884db18330e5eed2e2161c2d3c22bd2c42e3dcc0ad45",
                "91e96db0194df6302e9eaaf1003aa5e8a8ad69daaf54015b33e66e5af72554e3",
                "cfc735859b07933ce9a5d76ff2134c1647d7a0e42a510ca603117fbdf9ae150d",
                "c138965376b2a0b6df02688c045c82795ea59e422f5403f175a7bcc39823034a",
                "ff448e32f7a0f28b2ff7df81b2e7572d16fd6e4678daf2b26a5eec01b47b97d3"
            ],
            "type": "XHR",
            "firstPartyCookies": {},
            "firstPartyCookiesSent": {},
            "exampleSites": [
                "alleviatetherapy.com",
                "armament.com",
                "eatfishwife.com",
                "elitesurvival.com",
                "mountainsmith.com",
                "puritycoffee.com",
                "rallitek.com",
                "singer-featherweight.com",
                "thesatanictemple.com",
                "truewerk.com",
                "www.flytanium.com",
                "www.knifejoy.com",
                "www.weizeus.com"
            ]
        },
        {
            "rule": "wholesalegorilla\\.app\\/shop_assets\\/wsg-exclusions\\.js",
            "cookies": 0,
            "fingerprinting": 1,
            "subdomains": [
                "www"
            ],
            "apis": {
                "window.sessionStorage": 9,
                "Document.cookie getter": 8
            },
            "sites": 11,
            "prevalence": 0.0000778,
            "cnames": [],
            "responseHashes": [
                "823f3f98ee4e8ca5e78e90a97704cbed50e1fec78af9020d8f30238cf52e4ad5"
            ],
            "type": "Script",
            "firstPartyCookies": {},
            "firstPartyCookiesSent": {},
            "exampleSites": [
                "armament.com",
                "eatfishwife.com",
                "elitesurvival.com",
                "mountainsmith.com",
                "puritycoffee.com",
                "rallitek.com",
                "singer-featherweight.com",
                "truewerk.com",
                "www.flytanium.com",
                "www.knifejoy.com",
                "www.weizeus.com"
            ]
        }
    ],
    "categories": [],
    "performance": {},
    "cookies": 0,
    "topInitiators": [
        {
            "domain": "first party",
            "prevalence": 0.9534883720930233
        },
        {
            "domain": "donately.com",
            "prevalence": 0.023255813953488372
        },
        {
            "domain": "minmaxify.com",
            "prevalence": 0.023255813953488372
        }
    ],
    "types": {
        "Script": 25,
        "XHR": 13
    },
    "nameservers": [
        "roxy.ns.cloudflare.com",
        "vick.ns.cloudflare.com"
    ]
}