{
    "domain": "withflowersea.com",
    "owner": {},
    "source": [
        "DuckDuckGo-US"
    ],
    "prevalence": 0.000092,
    "sites": 13,
    "subdomains": [
        "obs",
        "ob"
    ],
    "cnames": [],
    "fingerprinting": 3,
    "resources": [
        {
            "rule": "withflowersea\\.com\\/ct",
            "cookies": 0.0000566,
            "fingerprinting": 0,
            "subdomains": [
                "obs"
            ],
            "apis": {},
            "sites": 8,
            "prevalence": 0.0000566,
            "cnames": [],
            "responseHashes": [
                "aa5bbf8abb071beb82dbb95d2b63649b9ca0f1110002d693f566ac19d36fb7c3",
                "86d7a86a3b83ee85958b77609a2fc82469eae490c43404dc8df06061a23c39f4",
                "ce8e9572ce465bdc6cc071a45498daf0173fdaf0b3c0cada8fcb89b71dde48c2",
                "0a0dfd6353315d51d8b0eacc32eac426dc06386266162c0152f1d426fc7ecc2a",
                "66ea0f0157280ad25b07868846a89323c597ae4ffe57a3ede3bed0a7c59b5844",
                "d0c4abff3060dfbe38618cfb7dc1b28317f87329532d67d3294bfb907b2f2432",
                "dddb5879a1c08c75715ed20e2de91fce2e8cacfe1ee1c8c4168b98a7cedea3aa"
            ],
            "type": "Script",
            "firstPartyCookies": {},
            "firstPartyCookiesSent": {
                "_cq_duid": 0.000028293345405160706,
                "_cq_suid": 0.000028293345405160706,
                "_ga": 0.000014146672702580353,
                "_uetvid": 0.0000070733363512901765
            },
            "exampleSites": [
                "integrity.com",
                "tipalti.com",
                "www.dairylandinsurance.com",
                "www.deel.com",
                "www.ibuypower.com",
                "www.plumbersstock.com",
                "www.sentry.com",
                "www.tank-depot.com"
            ]
        },
        {
            "rule": "withflowersea\\.com\\/tracker\\/tc_imp\\.gif",
            "cookies": 0,
            "fingerprinting": 0,
            "subdomains": [
                "obs"
            ],
            "apis": {},
            "sites": 8,
            "prevalence": 0.0000566,
            "cnames": [],
            "responseHashes": [
                "f4eef8263281c0b26486637831251059757bc3fdc4c3a48045a8ef8646b36e8f"
            ],
            "type": "Image",
            "firstPartyCookies": {},
            "firstPartyCookiesSent": {},
            "exampleSites": [
                "integrity.com",
                "tipalti.com",
                "www.dairylandinsurance.com",
                "www.deel.com",
                "www.ibuypower.com",
                "www.plumbersstock.com",
                "www.sentry.com",
                "www.tank-depot.com"
            ]
        },
        {
            "rule": "withflowersea\\.com\\/mon",
            "cookies": 0,
            "fingerprinting": 0,
            "subdomains": [
                "obs"
            ],
            "apis": {},
            "sites": 5,
            "prevalence": 0.0000354,
            "cnames": [],
            "responseHashes": [
                "e3b0c44298fc1c149afbf4c8996fb92427ae41e4649b934ca495991b7852b855"
            ],
            "type": "XHR",
            "firstPartyCookies": {},
            "firstPartyCookiesSent": {},
            "exampleSites": [
                "tipalti.com",
                "www.dairylandinsurance.com",
                "www.deel.com",
                "www.plumbersstock.com",
                "www.sentry.com"
            ]
        },
        {
            "rule": "withflowersea\\.com\\/i\\/47b14f0a950562611e314b8704bd3c4f\\.js",
            "cookies": 0.0000141,
            "fingerprinting": 3,
            "subdomains": [
                "ob"
            ],
            "apis": {
                "Navigator.prototype.userAgent": 2,
                "Document.cookie getter": 2,
                "Notification.permission": 2,
                "Navigator.prototype.plugins": 2,
                "Navigator.prototype.onLine": 2,
                "window.indexedDB": 2,
                "Navigator.prototype.platform": 2,
                "BarProp.prototype.visible": 2,
                "Date.prototype.getTime": 2,
                "Date.prototype.getTimezoneOffset": 2,
                "Navigator.prototype.permissions": 2,
                "window.localStorage": 2,
                "window.innerWidth": 2,
                "Navigator.prototype.webdriver": 2,
                "Navigator.prototype.mimeTypes": 2,
                "Screen.prototype.width": 2,
                "Screen.prototype.height": 2,
                "window.matchMedia(\"prefers-color-scheme\")": 2,
                "HTMLCanvasElement.prototype.toDataURL": 2,
                "Navigator.prototype.doNotTrack": 2,
                "Navigator.prototype.vendor": 2,
                "Navigator.prototype.hardwareConcurrency": 2,
                "window.screenY": 2,
                "window.screenX": 2,
                "window.screenTop": 2,
                "window.screenLeft": 2,
                "Screen.prototype.availTop": 2,
                "Screen.prototype.availLeft": 2,
                "window.devicePixelRatio": 2,
                "Screen.prototype.pixelDepth": 2,
                "Screen.prototype.colorDepth": 2,
                "Screen.prototype.availWidth": 2,
                "Screen.prototype.availHeight": 2,
                "window.outerWidth": 2,
                "window.outerHeight": 2,
                "window.innerHeight": 2,
                "window.name": 2,
                "Performance.prototype.memory": 2,
                "PerformanceTiming.prototype.navigationStart": 2,
                "Navigator.prototype.connection": 2,
                "Navigator.prototype.languages": 2,
                "Intl.DateTimeFormat.prototype.resolvedOptions": 2,
                "Screen.prototype.orientation": 2,
                "WebGLRenderingContext.prototype.getExtension": 2,
                "WebGLRenderingContext.prototype.getParameter": 2,
                "WebGLRenderingContext.prototype.getSupportedExtensions": 2,
                "Navigator.prototype.productSub": 2,
                "Navigator.prototype.product": 2,
                "Navigator.prototype.appName": 2,
                "Navigator.prototype.appCodeName": 2,
                "Navigator.prototype.deviceMemory": 2,
                "Navigator.prototype.maxTouchPoints": 2,
                "Navigator.prototype.keyboard": 2,
                "Document.cookie setter": 2,
                "window.sessionStorage": 2,
                "Navigator.prototype.getBattery": 2,
                "Navigator.prototype.mediaDevices": 2,
                "MediaDevices.prototype.enumerateDevices": 2,
                "URL.createObjectURL": 2,
                "speechSynthesis.__proto__.getVoices": 2
            },
            "sites": 2,
            "prevalence": 0.0000141,
            "cnames": [],
            "responseHashes": [
                "6998f5be76b60bdfc617951ce06dd9f8a552999dfd92c39b8ab6cb94f1c396d4"
            ],
            "type": "Script",
            "firstPartyCookies": {
                "_cq_duid": {
                    "ttl": 7884023,
                    "length": 29,
                    "prevalence": 0.000014146672702580353,
                    "uniqueness": 1
                },
                "_cq_suid": {
                    "ttl": null,
                    "length": 29,
                    "prevalence": 0.000014146672702580353,
                    "uniqueness": 1
                }
            },
            "firstPartyCookiesSent": {},
            "exampleSites": [
                "deel.com",
                "www.deel.com"
            ]
        },
        {
            "rule": "withflowersea\\.com\\/i\\/cbe12a8375f58b6cb593a0bebd48549e\\.js",
            "cookies": 0,
            "fingerprinting": 3,
            "subdomains": [
                "ob"
            ],