{
    "domain": "wmt.digital",
    "owner": {},
    "source": [
        "DuckDuckGo-US"
    ],
    "prevalence": 0.000255,
    "sites": 36,
    "subdomains": [
        "ads",
        "pusher"
    ],
    "cnames": [],
    "fingerprinting": 0,
    "resources": [
        {
            "rule": "wmt\\.digital\\/delivery\\/asyncjs\\.php",
            "cookies": 0.000092,
            "fingerprinting": 0,
            "subdomains": [
                "ads"
            ],
            "apis": {},
            "sites": 13,
            "prevalence": 0.000092,
            "cnames": [],
            "responseHashes": [
                "99e4bf6ef70146b8ae4a7e45f86af0bfa915f2219ede75b8e968197f367c07fc"
            ],
            "type": "Script",
            "firstPartyCookies": {},
            "firstPartyCookiesSent": {},
            "exampleSites": [
                "auburntigers.com",
                "byucougars.com",
                "gopsusports.com",
                "gostanford.com",
                "hawkeyesports.com",
                "hokiesports.com",
                "huskers.com",
                "idhsaa.org",
                "provolleyball.com",
                "themw.com",
                "ucfknights.com",
                "www.osaa.org",
                "www.wiaa.com"
            ]
        },
        {
            "rule": "wmt\\.digital\\/delivery\\/asyncspc\\.php",
            "cookies": 0.0000849,
            "fingerprinting": 0,
            "subdomains": [
                "ads"
            ],
            "apis": {},
            "sites": 12,
            "prevalence": 0.0000849,
            "cnames": [],
            "responseHashes": [
                "0a043f4f433305a58f8c73dfaa7d2ce710d50992d04b8e13938eb8add8d5fc81",
                "c395561cb23253183f255bc26b17afdd9276728d67ebb348df38dcfb8b7735ec",
                "0334822f811ac9321727078f2e96f22b77915316b82bd5cbf4292377a5c952d1",
                "321dfe2ae3f4fda6f9e7f7d7564d4ea2564524d81b6b86c11d77322226e998c9",
                "96cfc529a1e18dc9fb71a44ed4308f2d5d0dc209043968a2bc5188796d7a3d7b",
                "74b4ae446c030a6703cb07217e4c40115b6fdc1cbdfff3aa5f40ff4ddf5a2b9d",
                "2d9136972a8580c872739a8b279b9494eccefd122ff8533b12bab5a477d8209e",
                "7697526b272b1a494c61bbeed697b9d02c9511f9bb5143c43f4167c1de4ddbc3",
                "c23bebd259e7ece303818cb4e252dc5cbe77266ab3dd88895a1a150b292c7e8a",
                "ab8f5f1fb00a3b2585b2d915787057b964a4c7a5545f3b21a28704bd8d7bdef7",
                "95eab4460ad0f91556be1f6395467a529b9543b840f568724b360aa49a44187b"
            ],
            "type": "XHR",
            "firstPartyCookies": {},
            "firstPartyCookiesSent": {},
            "exampleSites": [
                "auburntigers.com",
                "byucougars.com",
                "gopsusports.com",
                "gostanford.com",
                "hokiesports.com",
                "huskers.com",
                "idhsaa.org",
                "provolleyball.com",
                "themw.com",
                "ucfknights.com",
                "www.osaa.org",
                "www.wiaa.com"
            ]
        },
        {
            "rule": "wmt\\.digital\\/delivery\\/lg\\.php",
            "cookies": 0.000113,
            "fingerprinting": 0,
            "subdomains": [
                "ads"
            ],
            "apis": {},
            "sites": 16,
            "prevalence": 0.000113,
            "cnames": [],
            "responseHashes": [
                "e963e7196beb9123059ec3534b042ebcd1ef0a470fa568bfbebfeab2f33c4fda"
            ],
            "type": "Image",
            "firstPartyCookies": {},
            "firstPartyCookiesSent": {},
            "exampleSites": [
                "auburntigers.com",
                "byucougars.com",
                "fightingirish.com",
                "gopsusports.com",
                "gostanford.com",
                "hokiesports.com",
                "huskers.com",
                "idhsaa.org",
                "lsusports.net",
                "provolleyball.com",
                "ramblinwreck.com",
                "themw.com",
                "ucfknights.com",
                "virginiasports.com",
                "www.osaa.org",
                "www.wiaa.com"
            ]
        },
        {
            "rule": "wmt\\.digital\\/delivery\\/ajs\\.php",
            "cookies": 0.0000495,
            "fingerprinting": 0,
            "subdomains": [
                "ads"
            ],
            "apis": {},
            "sites": 7,
            "prevalence": 0.0000495,
            "cnames": [],
            "responseHashes": [
                "f813cc63f3280e601771bfba3c090962aa8f1ed8cd972dc8f172b09cc80b2b10",
                "9884fae418fca975b7619daa816946cf771b1389fc77795b9cd2cf21e0ab1b3b",
                "27b5b54899c9140566973e04cd8ee56c1cc3ae508f5d9feb4d9c286acf05ca29",
                "1b57739919d898d8f04fba52eea1aaa3bd1ae0eb1c484092510357d23c57773e",
                "08ec85027900c5d5642c21bcc5cc1171a8b516a3e6e9580c23891de053e36179",
                "f697cb3eecddd810d427c09d4d2dc96a8cedeaebe08a3e5a0ad9ea953b3901fd"
            ],
            "type": "Script",
            "firstPartyCookies": {},
            "firstPartyCookiesSent": {},
            "exampleSites": [
                "clemsontigers.com",
                "fightingirish.com",
                "lsusports.net",
                "miamihurricanes.com",
                "ramblinwreck.com",
                "ukathletics.com",
                "virginiasports.com"
            ]
        },
        {
            "rule": "wmt\\.digital\\/app\\/g63176912rdhg7w7",
            "cookies": 0,
            "fingerprinting": 0,
            "subdomains": [
                "pusher"
            ],
            "apis": {},
            "sites": 2,
            "prevalence": 0.0000141,
            "cnames": [],
            "responseHashes": [],
            "type": "WebSocket",
            "firstPartyCookies": {},
            "firstPartyCookiesSent": {},
            "exampleSites": [
                "theufl.com",
                "www.theufl.com"
            ]
        }
    ],
    "categories": [],
    "performance": {},
    "cookies": 0.000233,
    "topInitiators": [
        {
            "domain": "first party",
            "prevalence": 0.8782051282051282
        },
        {
            "domain": "termly.io",
            "prevalence": 0.11538461538461539
        },
        {
            "domain": "wmt.games",
            "prevalence": 0.00641025641025641
        }
    ],
    "types": {
        "Script": 20,
        "XHR": 12,
        "Image": 16,
        "WebSocket": 2
    },
    "nameservers": [
        "ns-cloud-e2.googledomains.com",
        "ns-cloud-e1.googledomains.com",
        "ns-cloud-e3.googledomains.com",
        "ns-cloud-e4.googledomains.com"
    ]
}