{
    "domain": "xdisplay.site",
    "owner": {},
    "source": [
        "DuckDuckGo-US"
    ],
    "prevalence": 0.000163,
    "sites": 23,
    "subdomains": [],
    "cnames": [],
    "fingerprinting": 1,
    "resources": [
        {
            "rule": "xdisplay\\.site\\/inpage\\/",
            "cookies": 0.0000849,
            "fingerprinting": 1,
            "subdomains": [],
            "apis": {
                "Document.cookie getter": 12,
                "Document.cookie setter": 12,
                "Date.prototype.getTime": 4
            },
            "sites": 19,
            "prevalence": 0.000134,
            "cnames": [],
            "responseHashes": [
                "1992afb725c2b2adcc3bfce98eec2c1c72da4e0588d55c1ba62a18165603dac5",
                "7cfa77bbce7c26c12d48732858ff8f778a2e67d7cedd3635dcffb83c2048116f",
                "7a471bdef2a9fe2a1912defaecf334e264903b42ff50dfb5ca600899c90d51b4",
                "6d955c216a97fbe836f96a987c07fdc1fdea11670806b15a08dd5d087c495afb",
                "85bc18e6b1ff8ee1e62eac7a3e7ed356fa0872c01c557c151ff47e97f3ff9918",
                "d4f4189fa830b86b8929353fc668a77ed5346858100d08b3f6b16bac67b3c147",
                "984880174c6c6bd8c032ab0e543d4d45e4cb3ea3f43240b05a9932e5682b5c27",
                "05253015daccbc86a867302188180f4efc1f95ddccf99be761ab13eb0f89cd97",
                "f0ab437c400ae41b1549ad8cdbab2cf85832325b255b7217c072027b006a41e4",
                "8aa729488a0884a373319944cdd79ccd0c8a4791abbd7ed8a7daa7d8346e3c29",
                "7678969c17ed694c1db3a3f54f8837bbbb5c65a3331eccdef318b8c7b0a35614",
                "4a79a203929bb008c45902dcab8aa9c84db19b47a5b086a9c3496dd7b05e9e4c",
                "e84a8512d10d254743b879656cb99d92bd75d46e7757d930ca82ea11daa00b3b",
                "974cd54ee98c2b7fa6ca48528b02a934c61072dbcab904d1aeb742a6301a9b4d",
                "04d13c84aba8774a0db7efab84dc96f1df952392e27a86fae05788e93054f2de",
                "e065ce3a5c21b05f04954cdc92b2cd5c983e62f8b1c35193579d399fdcae1c89",
                "b9cee54bec6af4b6dc94e4866cd0577ac73c5939ee05c7df6a91a434096d55ba",
                "e7055644f44ff1d6c54a6ea60f5af3acf490f7311824651dc21f7ef3f532e180"
            ],
            "type": "Script",
            "firstPartyCookies": {
                "visit_inpage_2f828a51a18b8ace9a151476d6fab519": {
                    "ttl": 86401,
                    "length": 1,
                    "prevalence": 0.0000070733363512901765,
                    "uniqueness": 1
                },
                "visit_inpage_896c694f2f36cb664872f1ff12cda7d4": {
                    "ttl": 86401,
                    "length": 1,
                    "prevalence": 0.0000070733363512901765,
                    "uniqueness": 1
                },
                "visit_inpage_21272b7fbb88d55bb203a845772476f4": {
                    "ttl": 86403,
                    "length": 1,
                    "prevalence": 0.0000070733363512901765,
                    "uniqueness": 1
                },
                "visit_inpage_7d07fff8d1a3c100a9c25aa2de5e2e42": {
                    "ttl": 86402,
                    "length": 1,
                    "prevalence": 0.0000070733363512901765,
                    "uniqueness": 1
                },
                "visit_inpage_6b22aa10785792ba5aee9a9945e07c36": {
                    "ttl": 86401,
                    "length": 1,
                    "prevalence": 0.0000070733363512901765,
                    "uniqueness": 1
                },
                "visit_inpage_aa80f259f2273cae45861bf31472dab9": {
                    "ttl": 86404,
                    "length": 1,
                    "prevalence": 0.0000070733363512901765,
                    "uniqueness": 1
                },
                "visit_inpage_3ef641a1764e1970366d268142405214": {
                    "ttl": 86402,
                    "length": 1,
                    "prevalence": 0.0000070733363512901765,
                    "uniqueness": 1
                },
                "visit_inpage_8707166c0833a10ec12ffda845f317e0": {
                    "ttl": 86401,
                    "length": 1,
                    "prevalence": 0.0000070733363512901765,
                    "uniqueness": 1
                },
                "visit_inpage_7d72bb1a1004171a17d18cfd8b35125b": {
                    "ttl": 86401,
                    "length": 1,
                    "prevalence": 0.0000070733363512901765,
                    "uniqueness": 1
                },
                "visit_inpage_1c4f331b84393db173be39cc4aa719b2": {
                    "ttl": 86402,
                    "length": 1,
                    "prevalence": 0.0000070733363512901765,
                    "uniqueness": 1
                },
                "visit_inpage_9020131fc8b916d3f9df9f8955c759e3": {
                    "ttl": 86401,
                    "length": 1,
                    "prevalence": 0.0000070733363512901765,
                    "uniqueness": 1
                },
                "visit_inpage_5fe71baa076a95de3714998d9c745fe6": {
                    "ttl": 86402,
                    "length": 1,
                    "prevalence": 0.0000070733363512901765,
                    "uniqueness": 1
                }
            },
            "firstPartyCookiesSent": {},
            "exampleSites": [
                "2018porn.pro",
                "bestvideosex.xyz",
                "freshsexvideos.com",
                "olo.cool",
                "porm.guru",
                "sexvideos.host",
                "sexvideo.rodeo",
                "sextube.rodeo",
                "www.xxnx.kim",
                "www.xnxx.fit",
                "xnxxtv.cam",
                "xvideosx.one",
                "xnxx.kim",
                "xxx-sex.one",
                "xvedio.fun",
                "xxxvideo.best",
                "xxxmom.pro",
                "xxxporno.cam",
                "xxx-sex.org"
            ]
        },
        {
            "rule": "xdisplay\\.site\\/outstream\\/",
            "cookies": 0.0000707,
            "fingerprinting": 1,
            "subdomains": [],
            "apis": {
                "Document.cookie getter": 10,
                "Date.prototype.getTime": 4,
                "Document.cookie setter": 10
            },
            "sites": 17,
            "prevalence": 0.00012,
            "cnames": [],
            "responseHashes": [
                "76653461787dbaacf94dac294c62d94edcdf3856695422f617415f28e057f08c",
                "ab906a11b0e3d485fd19ed73608c22ee80b572faff771f70fb8d20465988f9b2",
                "3390a96a6e001a42075209ae07e3122650f2538ae8f7802e21d774f53386a61d",
                "187a9772772d18bd29e18bb051f789430599ca14aa1f0b96a91c6992a5f35b97",
                "84fdad54efe241891cab6209b4d2213c815eaba1ecc0927ffd7a988c2ee61fda",
                "73e4a8bef33a89aad5702c2b264baf31c8cba9f724505617c1126b7b363d38fe",
                "516a71f398619ff5dd009dfd1c940be6d3ff15488f2a6d55a3c07a667e6cf92a",
                "10e0a060984a525cd6f77fceef8cacb70c6aa59236af42a3aa6a458ec9561ffb",
                "1ec0ec295883c4b09b6d99eefb6e557591ba6dec70b89aba41110ee002461978",
                "2c8c4b598af0b9eee4a2d644e747dd877e07dc30316e9736debf3752a4cd7be6",
                "1955044aa50b0cda2b117a712f9a4607800ba361e8398880876f32e42be2510c",
                "90bdc0298f2ad0ab7bac2a3a18d97ea9ae948d99bd320db7a9d765588bba01d3",
                "d74ee67e3a6716cbd5ff9c40029da05313a0121fb5f8d89d48b6977e2fc502c0",
                "83ef8663b447f35ab6ded1787e16c5f6caf0a59a2d0f7d83e4d3b73e3ba0666e",
                "3452dcde7e797db3c7ebe2b07217e8dcdf666d32a129d5e564e6d30c5d9d4fb2",
                "6bd9433473e638a928a4beeac8bbf46284571165da8a58e8edce70ed99761603"
            ],
            "type": "Script",
            "firstPartyCookies": {
                "visit_top_300x250_2f828a51a18b8ace9a151476d6fab519": {
                    "ttl": 86402,
                    "length": 1,