{
    "domain": "xtraffix.com",
    "owner": {},
    "source": [
        "DuckDuckGo-US"
    ],
    "prevalence": 0.00012,
    "sites": 17,
    "subdomains": [],
    "cnames": [],
    "fingerprinting": 1,
    "resources": [
        {
            "rule": "xtraffix\\.com\\/ads\\/pop\\.php",
            "cookies": 0,
            "fingerprinting": 1,
            "subdomains": [],
            "apis": {
                "Document.cookie getter": 11,
                "Navigator.prototype.language": 11
            },
            "sites": 13,
            "prevalence": 0.000092,
            "cnames": [],
            "responseHashes": [
                "40562464256be06d1e621392f7b3e014b88230090585b4f1b42bd5b45fe63b95",
                "e57d4b02787432e358c9bd84bb2db573d876bbb34914b983ff13dd39f445a2de",
                "b5352220a4c9f3be37a6f442d8dd949eaf24f726418065e7418fb719d7845163",
                "8045101d7ce68f9a015bc6433d4628e6032f1f246c33e7a36452602eaa047034",
                "90ee5fc2e4d1b60b83dcd828971c4cd6ac55e24da4bc6a9b688a1ccdce72c30e",
                "86534b64ae3b8bc1900c734713c74bc5e146182bae7a223b526c923991a10044",
                "b5e0a182f8ed1a3bf0c84060aec7a58bbcbe4b04ac6811e2b6c3c3f2460e056b",
                "77e9d6c3cd14265dbeb14d2b36d6a826e4d26c68201cb4f2bd0ce6f6d1df51fa",
                "72df3e36f956460dea56a59e21d3563704a1da1251495b91b0e503fa37afd8f7"
            ],
            "type": "Script",
            "firstPartyCookies": {},
            "firstPartyCookiesSent": {},
            "exampleSites": [
                "bananasfamosas.com.br",
                "bucetaprime.com",
                "en.thehentai.net",
                "novinhabucetuda.com",
                "thehentai.net",
                "www.hentaihome.net",
                "www.pornocarioca.com",
                "www.sonovinhasbr.com",
                "xvideosporno.blog.br",
                "zoofiliabrasil.blog",
                "zoofiliaporno.blog",
                "zooporn.blog",
                "zooxvideos.blog"
            ]
        },
        {
            "rule": "xtraffix\\.com\\/ads\\/preroll\\.php",
            "cookies": 0,
            "fingerprinting": 1,
            "subdomains": [],
            "apis": {
                "Document.cookie getter": 4
            },
            "sites": 4,
            "prevalence": 0.0000283,
            "cnames": [],
            "responseHashes": [
                "b55869f1cab17c0fecabef02908a7c8096d7e98c5fe4950af5ac9d9153f2210c",
                "34c684d4edc70d5324af264c0ad1fc13e6c499cf1608889de224ee90c24aaa06",
                "a959cd16c4175831cf5f6a6c8e0bf281e08c44f31b63baf5473c7283c23b1a53"
            ],
            "type": "Script",
            "firstPartyCookies": {},
            "firstPartyCookiesSent": {},
            "exampleSites": [
                "bucetaprime.com",
                "clubeadulto.net",
                "novinhabucetuda.com",
                "zoofiliabrasil.blog"
            ]
        },
        {
            "rule": "xtraffix\\.com\\/wp-content\\/plugins\\/m18-gestor-ads-externo\\/public\\/preroll\\/vast\\.php",
            "cookies": 0,
            "fingerprinting": 0,
            "subdomains": [],
            "apis": {},
            "sites": 4,
            "prevalence": 0.0000283,
            "cnames": [],
            "responseHashes": [
                "0e3c9ba8df4992cfb3c4304f06e185511929566ba90b952f872a892ba5cc25db",
                "a934511ca58ac3273aff46c706f134dcdcd91eac1ab62e7f2544a39897e15135",
                "eb8e04daca5ce34ab998bfcc310cdd8206e0ffdeeb311b3726d878aa4a1ac2e8"
            ],
            "type": "XHR",
            "firstPartyCookies": {},
            "firstPartyCookiesSent": {},
            "exampleSites": [
                "bucetaprime.com",
                "clubeadulto.net",
                "novinhabucetuda.com",
                "zoofiliabrasil.blog"
            ]
        }
    ],
    "categories": [],
    "performance": {},
    "cookies": 0.00000707,
    "topInitiators": [
        {
            "domain": "first party",
            "prevalence": 0.9230769230769231
        },
        {
            "domain": "maxfullad.com",
            "prevalence": 0.07692307692307693
        }
    ],
    "types": {
        "Script": 17,
        "XHR": 4
    },
    "nameservers": [
        "dane.ns.cloudflare.com",
        "sofia.ns.cloudflare.com"
    ]
}