{
    "domain": "xtremepush.com",
    "owner": {},
    "source": [
        "DuckDuckGo-US"
    ],
    "prevalence": 0.000106,
    "sites": 15,
    "subdomains": [
        "api",
        "api-daa",
        "sdk.eu"
    ],
    "cnames": [],
    "fingerprinting": 0,
    "resources": [
        {
            "rule": "xtremepush\\.com\\/push\\/api\\/deviceCreate",
            "cookies": 0.0000707,
            "fingerprinting": 0,
            "subdomains": [
                "api",
                "api-daa",
                "sdk.eu"
            ],
            "apis": {},
            "sites": 11,
            "prevalence": 0.0000778,
            "cnames": [],
            "responseHashes": [
                "4c9a0437c47cf3f1e79c0cbbdef37cb7bd9006dbe512206977115536f6ff87ed",
                "5d06ae423e439d2d6228669bddbb598a062bc502e690c1594ac60a4020852187",
                "7245440c08f2e6fac468365c4def8a5708288203a989c13327948265bfc02157",
                "a9276f5688205efebe6b0dba567a27d89f28842e5ac2d8237cb92c0d70eae7b9",
                "582595ee6c8ae0a507f32e897cede2b70ab483784667fb8f8b4b083bd9d50bcf",
                "977b4840cb1a3f21d695a699a513b349de53d504ae889cfdc46d88f3db7b6ceb",
                "9ce9b60de6674ecaed03f16023164e91de4c6252c20b3e7249c22a5b53658c2a",
                "d4fd67e1753a01be7e03d78aac0b7d9afe1049c0124a8312baa97969f8c0c8ea",
                "e3514970245632f88a7f8a8966f93e8da9f2eca5cd442d925e3b009798faa0de",
                "a2751f39fa685845212fec83b03811e47c4fad81ac83832b81bf6aefbff4f970"
            ],
            "type": "XHR",
            "firstPartyCookies": {},
            "firstPartyCookiesSent": {},
            "exampleSites": [
                "entertainment.ie",
                "www.betcity.nl",
                "www.betonline.ag",
                "www.bettingodds.com",
                "www.dublinairport.com",
                "www.gametwist.com",
                "www.irishtimes.com",
                "www.oddschecker.com",
                "www.three.ie",
                "www.wildcasino.ag",
                "www.wowcher.co.uk"
            ]
        },
        {
            "rule": "xtremepush\\.com\\/push\\/api\\/deviceUpdate",
            "cookies": 0,
            "fingerprinting": 0,
            "subdomains": [
                "api",
                "api-daa",
                "sdk.eu"
            ],
            "apis": {},
            "sites": 10,
            "prevalence": 0.0000707,
            "cnames": [],
            "responseHashes": [
                "33cf9635b62dfc0a9f749b5e6a97c281d10b4791460559460658dc3220e9311f"
            ],
            "type": "XHR",
            "firstPartyCookies": {},
            "firstPartyCookiesSent": {},
            "exampleSites": [
                "betcity.nl",
                "www.betonline.ag",
                "www.bettingodds.com",
                "www.dublinairport.com",
                "www.gametwist.com",
                "www.irishtimes.com",
                "www.oddschecker.com",
                "www.three.ie",
                "www.wildcasino.ag",
                "www.wowcher.co.uk"
            ]
        },
        {
            "rule": "xtremepush\\.com\\/push\\/api\\/tagsHit",
            "cookies": 0,
            "fingerprinting": 0,
            "subdomains": [
                "api"
            ],
            "apis": {},
            "sites": 4,
            "prevalence": 0.0000283,
            "cnames": [],
            "responseHashes": [
                "33cf9635b62dfc0a9f749b5e6a97c281d10b4791460559460658dc3220e9311f"
            ],
            "type": "XHR",
            "firstPartyCookies": {},
            "firstPartyCookiesSent": {},
            "exampleSites": [
                "bettingodds.com",
                "www.bettingodds.com",
                "www.oddschecker.com",
                "www.wowcher.co.uk"
            ]
        },
        {
            "rule": "xtremepush\\.com\\/push\\/api\\/eventHit",
            "cookies": 0.0000283,
            "fingerprinting": 0,
            "subdomains": [
                "api-daa",
                "api",
                "sdk.eu"
            ],
            "apis": {},
            "sites": 4,
            "prevalence": 0.0000283,
            "cnames": [],
            "responseHashes": [
                "ed91436df65a32d3279eeef148d78d04bbb1126339fb56b572113478860c0642"
            ],
            "type": "XHR",
            "firstPartyCookies": {},
            "firstPartyCookiesSent": {},
            "exampleSites": [
                "dublinairport.com",
                "www.dublinairport.com",
                "www.oddschecker.com",
                "www.three.ie"
            ]
        }
    ],
    "categories": [],
    "performance": {},
    "cookies": 0.000099,
    "topInitiators": [
        {
            "domain": "webpu.sh",
            "prevalence": 0.5
        },
        {
            "domain": "first party",
            "prevalence": 0.46
        },
        {
            "domain": "gt-cdn.net",
            "prevalence": 0.04
        }
    ],
    "types": {
        "XHR": 29
    },
    "nameservers": [
        "ns-112.awsdns-14.com",
        "ns-781.awsdns-33.net",
        "ns-1751.awsdns-26.co.uk",
        "ns-1451.awsdns-53.org"
    ]
}