{
    "domain": "xxxjmp.com",
    "owner": {},
    "source": [
        "DuckDuckGo-US"
    ],
    "prevalence": 0.000156,
    "sites": 22,
    "subdomains": [
        "go",
        "creative"
    ],
    "cnames": [],
    "fingerprinting": 1,
    "resources": [
        {
            "rule": "xxxjmp\\.com\\/api\\/models\\/ts",
            "cookies": 0,
            "fingerprinting": 0,
            "subdomains": [
                "go"
            ],
            "apis": {},
            "sites": 13,
            "prevalence": 0.000092,
            "cnames": [],
            "responseHashes": [
                "591a4c93db8f17890f295d4f9925fa18d68f4a4a7e4c7f0a9fe176f1953a0161",
                "6d4a7dc9ba821244c1057ae0cdc787f684250a346b59ca2f1e7ebf386db99ed4",
                "34b193f714df53483e15af1c7aac1fe5f565a96928e82abc6629fc44dfb0a55b",
                "8788cb71e54118a5cc6034fb31c4391663010ee54a5b5d919369641ed68e1e37",
                "71096cee7f5cf70011b04f8916556ce01942f15c4d53d12a654af63ef09c5035",
                "a16ac08d45ecb94fee405c2051e99388957c353e0746f85262ce261730a4cabc",
                "28b2ff827a602ee75d7509d074c90693d6a85368be1d00d108410d33bd1839e8",
                "7b2b82b7adfb1b0760b9f7aec00acdb44a20d071282094206897e29dbd0ec832",
                "9273dd67ab04e70ec1ca5e62f63386aa15d7a8e080e0bfb2d077095039e98f94",
                "8fe4f2a01df3da499dd5b94621019bfe7c818d64b4265a9b49f4d1a02b312ab5",
                "0fd91165595c39ed26953aa08369e2022be420f9d6d367aa3ba49022c6db6313",
                "ee49228ac5b79f66a64a789fdb1ba6c6d58ff7fa13f719d04eb239afc23efa83"
            ],
            "type": "XHR",
            "firstPartyCookies": {},
            "firstPartyCookiesSent": {},
            "exampleSites": [
                "blackxxxgay.com",
                "cartoonporn24.com",
                "chineseav.net",
                "cutiecomics.com",
                "daftsex.net",
                "deepfakesporn.com",
                "javhd.icu",
                "jjavhd.net",
                "massagepornx.com",
                "pornhits.net",
                "pornobae.net",
                "pusatporn18.com",
                "thesexiestsite.com"
            ]
        },
        {
            "rule": "xxxjmp\\.com\\/smartpop\\/afa0924473ebc416215708dd4bc227b42d64c58d8c03749e916500cdf4e5a7f6",
            "cookies": 0.0000141,
            "fingerprinting": 0,
            "subdomains": [
                "go"
            ],
            "apis": {},
            "sites": 2,
            "prevalence": 0.0000141,
            "cnames": [],
            "responseHashes": [],
            "type": "Document",
            "firstPartyCookies": {},
            "firstPartyCookiesSent": {},
            "exampleSites": [
                "gate.cc",
                "celebgate.org"
            ]
        },
        {
            "rule": "xxxjmp\\.com\\/widgets\\/Spot\\/lib-auto\\.js",
            "cookies": 0,
            "fingerprinting": 2,
            "subdomains": [
                "creative"
            ],
            "apis": {
                "Navigator.prototype.userAgent": 4,
                "PerformanceTiming.prototype.navigationStart": 4,
                "window.innerHeight": 4,
                "window.innerWidth": 4,
                "Navigator.prototype.vendor": 3,
                "Navigator.prototype.language": 4,
                "MediaSource.isTypeSupported": 4,
                "Document.cookie getter": 4,
                "URL.createObjectURL": 4
            },
            "sites": 4,
            "prevalence": 0.0000283,
            "cnames": [],
            "responseHashes": [
                "4ef9cfd3428636ac438124a9f68f17ab632878655fbdcd2d835463afe15b628b"
            ],
            "type": "Script",
            "firstPartyCookies": {},
            "firstPartyCookiesSent": {},
            "exampleSites": [
                "porntrex.com",
                "www.porntrex.com",
                "www.porntrex.tv",
                "www.whoreshub.com"
            ]
        },
        {
            "rule": "xxxjmp\\.com\\/config",
            "cookies": 0,
            "fingerprinting": 0,
            "subdomains": [
                "go"
            ],
            "apis": {},
            "sites": 4,
            "prevalence": 0.0000283,
            "cnames": [],
            "responseHashes": [
                "0f9fe5e4280251c8403e36793074f46072d382cead155593ccf3644af6428812",
                "176517d0bf78ea1547338b30c4e80c5b65aaa66c9116ec66377da53a9a8a593d",
                "de329c4e387206bb3bb15bd3b10ff9c69102036332b0fb5b23f8a5fd869e1ba2"
            ],
            "type": "Fetch",
            "firstPartyCookies": {},
            "firstPartyCookiesSent": {},
            "exampleSites": [
                "porntrex.com",
                "www.porntrex.com",
                "www.porntrex.tv",
                "www.whoreshub.com"
            ]
        },
        {
            "rule": "xxxjmp\\.com\\/static\\/2025831e\\/s\\/widgets\\/Spot\\/lang\\/en\\.json",
            "cookies": 0,
            "fingerprinting": 0,
            "subdomains": [
                "creative"
            ],
            "apis": {},
            "sites": 4,
            "prevalence": 0.0000283,
            "cnames": [],
            "responseHashes": [],
            "type": "Fetch",
            "firstPartyCookies": {},
            "firstPartyCookiesSent": {},
            "exampleSites": [
                "porntrex.com",
                "www.porntrex.com",
                "www.porntrex.tv",
                "www.whoreshub.com"
            ]
        },
        {
            "rule": "xxxjmp\\.com\\/api\\/models",
            "cookies": 0,
            "fingerprinting": 0,
            "subdomains": [
                "go"
            ],
            "apis": {},
            "sites": 4,
            "prevalence": 0.0000283,
            "cnames": [],
            "responseHashes": [
                "ba82ebdb9ce2e408137a862bd0decb20a3f1cf3e9931f7c01b59b856330266e5",
                "67967825d0e960256bda08e7e923c2b1d0023a20946523f6bf748d5797da7e76",
                "79f46ac8d79b75b7ca88c497be070bd8cf1b5cdbc67c3930a3b8219192440d84"
            ],
            "type": "Fetch",
            "firstPartyCookies": {},
            "firstPartyCookiesSent": {},
            "exampleSites": [
                "porntrex.com",
                "www.porntrex.com",
                "www.porntrex.tv",
                "www.whoreshub.com"
            ]
        },
        {
            "rule": "xxxjmp\\.com\\/app\\/domain-checker\\/get-check",
            "cookies": 0,
            "fingerprinting": 0,
            "subdomains": [
                "go"
            ],
            "apis": {},
            "sites": 4,
            "prevalence": 0.0000283,
            "cnames": [],
            "responseHashes": [
                "0cb5975a9d95f76e6279d48d86f5be9f19f8786607372a855830e306e19b06c6",
                "ab374bedc46383733626659aa3ff4d052619b4479c3de05de876e61676a35c44",
                "d9573821187c22edaac5f4214a729b22731d55ec4bf3980d48d76a5a073ede6a"
            ],
            "type": "Fetch",
            "firstPartyCookies": {},
            "firstPartyCookiesSent": {},
            "exampleSites": [
                "porntrex.com",
                "www.porntrex.com",
                "www.porntrex.tv",
                "www.whoreshub.com"
            ]
        },
        {
            "rule": "xxxjmp\\.com\\/abc\\.gif",
            "cookies": 0,
            "fingerprinting": 0,
            "subdomains": [
                "go"
            ],
            "apis": {},
            "sites": 4,
            "prevalence": 0.0000283,
            "cnames": [],
            "responseHashes": [
                "e3b0c44298fc1c149afbf4c8996fb92427ae41e4649b934ca495991b7852b855"
            ],
            "type": "Image",
            "firstPartyCookies": {},
            "firstPartyCookiesSent": {},