{
    "domain": "ymmobi.com",
    "owner": {},
    "source": [
        "DuckDuckGo-US"
    ],
    "prevalence": 0.000509,
    "sites": 72,
    "subdomains": [
        "gw-iad-bid"
    ],
    "cnames": [],
    "fingerprinting": 0,
    "resources": [
        {
            "rule": "ymmobi\\.com\\/adx\\/user\\/sync",
            "cookies": 0.000269,
            "fingerprinting": 0,
            "subdomains": [
                "gw-iad-bid"
            ],
            "apis": {},
            "sites": 39,
            "prevalence": 0.000276,
            "cnames": [],
            "responseHashes": [
                "1ed70d02696722505ec82915a7dd9fbf2c512366d009b74bdbe37c9869c250a4",
                "e3b0c44298fc1c149afbf4c8996fb92427ae41e4649b934ca495991b7852b855",
                "d346801abbf9bb4e9e9a055239053d4ab5596514304f601a6c70604187acb744",
                "f4eef8263281c0b26486637831251059757bc3fdc4c3a48045a8ef8646b36e8f",
                "370dbc0a7e85181d81ecf29999a4782fc0fde9621e538b4d17887e2d1af1522d",
                "1866961a029c65376fefb7f2ba1e6187e09ff50ea58d97dedfd72c197947d002",
                "e970b95e5d1d2c00aecc244ec03e207fbe27bb28623081db791247ef1c11e3d3",
                "a9aae5afc0ffa215763382ce8fd0e5e9f655af606881dc64a5450c698390bc09",
                "568ab454c055f7876b08365cdc44d018d982a890eda07a1df058e337ea45e257"
            ],
            "type": "Image",
            "firstPartyCookies": {},
            "firstPartyCookiesSent": {},
            "exampleSites": [
                "usatoday.com",
                "forum.wordreference.com",
                "www.lejournaldelamaison.fr",
                "doujin-share.com",
                "camelcamelcamel.com",
                "www.howmanysyllables.com",
                "fuseandrelay.com",
                "www.indystar.com",
                "www.reelnews.com.ng",
                "switzerlanding.com",
                "www.clubedohardware.com.br",
                "yourstory.com",
                "spacecoastdaily.com",
                "onechicagocenter.com",
                "erokan.net",
                "4ege.ru",
                "www.andysautosport.com",
                "explainingthebook.com",
                "archive.jsonline.com",
                "www.israel21c.org"
            ]
        },
        {
            "rule": "ymmobi\\.com\\/dsp\\/user\\/sync",
            "cookies": 0.000106,
            "fingerprinting": 0,
            "subdomains": [
                "gw-iad-bid"
            ],
            "apis": {},
            "sites": 16,
            "prevalence": 0.000113,
            "cnames": [],
            "responseHashes": [
                "e3b0c44298fc1c149afbf4c8996fb92427ae41e4649b934ca495991b7852b855"
            ],
            "type": "Image",
            "firstPartyCookies": {},
            "firstPartyCookiesSent": {},
            "exampleSites": [
                "tenorshare.com",
                "bus.tutu.ru",
                "eur.vevor.com",
                "lightinthebox.com",
                "renogy.com",
                "startrekfleetcommand.com",
                "www.banki.ru",
                "www.flexispot.com",
                "www.fridayparts.com",
                "www.glassesshop.com",
                "www.hitpaw.com",
                "www.lightinthebox.com",
                "www.renogy.com",
                "www.seaart.ai",
                "www.tenorshare.com",
                "www.tenorshare.jp"
            ]
        },
        {
            "rule": "ymmobi\\.com\\/cookies",
            "cookies": 0.0000778,
            "fingerprinting": 0,
            "subdomains": [
                "gw-iad-bid"
            ],
            "apis": {},
            "sites": 13,
            "prevalence": 0.000092,
            "cnames": [],
            "responseHashes": [
                "e3b0c44298fc1c149afbf4c8996fb92427ae41e4649b934ca495991b7852b855"
            ],
            "type": "Image",
            "firstPartyCookies": {},
            "firstPartyCookiesSent": {},
            "exampleSites": [
                "tenorshare.com",
                "eur.vevor.com",
                "lightinthebox.com",
                "renogy.com",
                "www.flexispot.com",
                "www.fridayparts.com",
                "www.glassesshop.com",
                "www.hitpaw.com",
                "www.lightinthebox.com",
                "www.renogy.com",
                "www.seaart.ai",
                "www.tenorshare.com",
                "www.tenorshare.jp"
            ]
        },
        {
            "rule": "ymmobi\\.com\\/adx\\/user\\/sync",
            "cookies": 0.0000495,
            "fingerprinting": 0,
            "subdomains": [
                "gw-iad-bid"
            ],
            "apis": {},
            "sites": 11,
            "prevalence": 0.0000778,
            "cnames": [],
            "responseHashes": [],
            "type": "Document",
            "firstPartyCookies": {},
            "firstPartyCookiesSent": {},
            "exampleSites": [
                "amtrakguide.com",
                "jsonlint.com",
                "moottori.fi",
                "racingdudes.com",
                "smartlog.jp",
                "songmeanings.com",
                "vergewiki.com",
                "www.eastidahonews.com",
                "www.memedroid.com",
                "www.powerball.com",
                "www.sitepoint.com"
            ]
        }
    ],
    "categories": [],
    "performance": {},
    "cookies": 0.000481,
    "topInitiators": [
        {
            "domain": "clientgear.com",
            "prevalence": 0.3829787234042553
        },
        {
            "domain": "e-planning.net",
            "prevalence": 0.05319148936170213
        },
        {
            "domain": "hybrid.ai",
            "prevalence": 0.0425531914893617
        },
        {
            "domain": "pubmine.com",
            "prevalence": 0.0425531914893617
        },
        {
            "domain": "yandex.ru",
            "prevalence": 0.0425531914893617
        },
        {
            "domain": "taboola.com",
            "prevalence": 0.031914893617021274
        },
        {
            "domain": "pubmatic.com",
            "prevalence": 0.031914893617021274
        },
        {
            "domain": "betweendigital.com",
            "prevalence": 0.031914893617021274
        },
        {
            "domain": "tynt.com",
            "prevalence": 0.031914893617021274
        },
        {
            "domain": "yastatic.net",
            "prevalence": 0.02127659574468085
        }
    ],
    "types": {
        "Image": 68,
        "Document": 11
    },
    "nameservers": [
        "ns2.alidns.com",
        "ns1.alidns.com"
    ]
}