{
    "domain": "zergnet.com",
    "owner": {
        "name": "7hops.com Inc.",
        "displayName": "7hops.com"
    },
    "source": [
        "DuckDuckGo-US"
    ],
    "prevalence": 0.00034,
    "sites": 48,
    "subdomains": [
        "www"
    ],
    "cnames": [],
    "fingerprinting": 1,
    "resources": [
        {
            "rule": "zergnet\\.com\\/zerg\\.js",
            "cookies": 0,
            "fingerprinting": 1,
            "subdomains": [
                "www"
            ],
            "apis": {
                "Date.prototype.getTime": 30
            },
            "sites": 41,
            "prevalence": 0.00029,
            "cnames": [],
            "responseHashes": [
                "d5c0763f58139564fc05b52b63eec59f16b0425df60e933d22db7ee2d1118390",
                "bfc6a114375af5158f07e9d007e9fc12edc1e0cef50c07556ab93f71db3849cc",
                "2ada27e381d5c111863e7575541cd2f37a01de6b9b195863b69f2f0c7a664698",
                "8925609c19ea6da2418ecb2c1f7f73f4120963643407c6378bb3c1d0464bbe4d",
                "6dca87902ee020bb554e0f612925a74234ff3d9b6e21fe6fd7fc98d5a3ddacbd",
                "b222445b2c48a0de3f40c04da72eff356cdd7023e7ab38f4692ca0e73bda57a4",
                "51a6ff9842adb55f786bb160b6ebb67c86070fece6f179e8398df2a90a821733",
                "3f7c3e9e7f84e159aedcaa47213d9f75c7e0bfd28cbb73a73554703c35961e7e",
                "dd9f73d21d15e68374b4d83e388a0ae057cf3d712d70aa2e9982c13b5e1f24a2",
                "55498b12b6c9ddcb938ecc52cf5f2196bd3ed3ff7ad6b95cb231295a1d83db0e",
                "351c6120e0747ea8b580b312be26d855d9e9ebcc78d41956fb16b515b756ff60",
                "9fa59a7704dcf03eb81e54b076109f178d5f56060d0d3dfb78c8b4b14221fc68",
                "64b57bae1b919aa631d079eb687111c29b8de23d0a64f949beddbf3d92557fa6",
                "686f579264d16b9438d70d418599e978621be0a8ac4c87368a1e470d23ee87c0",
                "bbd53d8fc7e570efc1778d70927e3d659b62224f526d0ce403fe8621b5ff02a1",
                "43fdc40ee38fe6a7b60cdcbdaf3959ee694c312f605ae97bc61faa578627c19a",
                "59ddec596132e4a0a43569b4ee89c943f85f2858ff3009248144e22b6a658d20",
                "afdd6224b30377eba80fb1ef1b7b0f79ca9109232d18ee0f17727934bb4d416f",
                "b61be7e7f5844031c5058e2b70e5d9cf14ad3e3cf52a8f16e2e780ddcec46b1d",
                "456fda1da5a7060d299f9c394885bc6a7248e25aca3b985bcecbe9ad1e8e8135",
                "bdd7210935f5303fb13380745afe8d4f57559008a02f53afbff28b117ffb7e2f",
                "682660510264145fd68172e0354bc949c780cfda22999255e0479cf302d68f59",
                "c7994434a286a38ac843ead7d6d39842aead6f5edc65cee4d1266d3f7eed24eb",
                "194b66c090f4fc29649640c77703d063b89722ed45bd968fc115991a8e5f0fa5",
                "0f171b10f66df760b767817474f528627740bbf8372a393130bfd52708e723cd",
                "9c17ff43324f58e226aa1340078ded4145a360aee9a378a92cdfb5179cf326e9",
                "08dd68992d579722d7854198375581ff65501e67367df2b5ed4e11434bbf29b7",
                "dcc61b7be1f4d123f6d0cfb829c3af8f3937c433739dad54486cd04911ddbb61",
                "5edb18d29bf677524f7640d9bad1a69e42be6907fd0da0b2227a781f386c83e5",
                "8eea7309bd0bb9fe970a2589781fc5f7fee28efbf2a120f2ac8aa73e52871c19",
                "7f505d1a26d4d63d076af0a206cc444224a29b2329ad326ea95af02ee3f7429b",
                "e4106ea8b215c9cbdc9692ba30bbf4a2b3370758c43326f4246d02e42a0f1e6d",
                "fa85f6601d4c1bcf4512f50cbefdb063be61adec473930b390b627e07a395563",
                "33bfa012ece7688e6def9d424fefa0a63e7bf1f4f1e1c2ca610ee0f5e85a1a2f",
                "5788b58b307577243e6e00685fe5f46b37f338bf903d6945c202710063118212",
                "6f2f9a6db184cde73ec28264b2eea7ce9266466e1eb91f1177dc73d085ad0f0e"
            ],
            "type": "Script",
            "firstPartyCookies": {},
            "firstPartyCookiesSent": {},
            "exampleSites": [
                "www.hunker.com",
                "jalopnik.com",
                "www.moneydigest.com",
                "www.slashfilm.com",
                "www.rdrnews.com",
                "ontheflix.com",
                "pagesix.com",
                "www.svg.com",
                "rantingly.com",
                "www.grunge.com",
                "thenerdstash.com",
                "mensvariety.com",
                "www.psu.com",
                "www.glam.com",
                "www.thetakeout.com",
                "www.women.com",
                "themoderatevoice.com",
                "www.islands.com",
                "toofab.com",
                "www.sciencing.com"
            ]
        },
        {
            "rule": "zergnet\\.com\\/output\\.js",
            "cookies": 0.000255,
            "fingerprinting": 0,
            "subdomains": [
                "www"
            ],
            "apis": {},
            "sites": 36,
            "prevalence": 0.000255,
            "cnames": [],
            "responseHashes": [
                "71c64c00b657e11459f464df5cbc984326d617145340a76c92c748f9d2e2495c",
                "03bd53323f457a9657664bc2079df2e9c45561560b7043a5b8f83b93b8fc80cb",
                "d71dff137b8446dcb902edf35f1c8b720618532ef1dea0d25401fc7e699a9260",
                "5d868a682f45f7799d09b592937dc6c3b09a391ab19109fd21666b3feaa6960e",
                "44f6fc857e143b146d9e68c8dd43435396d589790f466a0d2129ba4a5da67c94",
                "fc9fcbca79e9fe126fc5c562d65e14c2f4230078f5669d58429db1fb64801339",
                "3d6a75b29e3ad3e3998d16686850fb1341d0bb30e3b95e9b8f247bb185526e9b",
                "672b06c5e005ffea6f451b91e1d5e0b62062e463d6931eb5befcbb2d1a40049a",
                "36e7ee552c8cdd3ef16299a6367837661e7d4d70d1167366d8c29bc33de5b3a6",
                "ae97ec0bf5e8a954f941681dbaa61ef3739553e21acfe134cd79c0f36b63eb7c",
                "dcb8abb8f11c906f40726dbd1063cd4f7557763a81d10092d0effeaabfc717ef",
                "32f5ea4ecd02c7aa5da21a23e5f26ad73c177d4f2c6431a4d83b04b4a471b356",
                "373c2478e5ab89a331ffaf9a9420f1cda5035dc09454300d6d1cc80b93ee5a21",
                "c5fc8850da12edd4da2cecc1dfb6d625d19e0d5cb4ed4f23a1e9ba811ca73be0",
                "0f458752728ab8ab40aa8b4360f9324926905848de938155f66bfbdfa46d2c65",
                "44ad41efbc74b2d8f2e86fea7fb63948b2dab70b10cca8a3e1debb558716809d",
                "067b25788e3d77868619a1996d20ae2298e00a4068c67966d1ac36bb7c691b6b",
                "3c241bcf478f71e70ddfb1169092bbf41188994642c5eeca3f5c64b58239353f",
                "86c9d7ecb1be16a1a6a441f53728862366c8676926f580e942ef0fbce83e9b0a",
                "b28fe90b7ff8385ffdc7bfbe60e56d8e517ce2ca826c98427153bb49c60942f3",
                "0b20d1cc098efd29c5966249c40337150abb487edee16145cb62620aaa0c1352",
                "5fdf95612e54a8ddef275dedb5a1b9b0ec36b4bf4d03f61428395b9496d9e32e",
                "fa7ca0197b55c02317d9204da2c08cba962af8f52861495384af6482b2379229",
                "007e993e93b37bbb113f17ea6f00d777505eec2de24109920932b9f8ddb082bf",
                "b84ccd11206d985e7d717982012d720a9bbb727c51c66d87d028b49d42af2f1b",
                "175d9d1387d7275385012af6f132db1cd13dd713afa7f03d5e38284087bcb663",
                "c1578eec435c68e7c7ac375b1796d8d299130d0d4a69f446dc9beb4ac7946599",
                "b743834968ff3d79c9437166695859f71872fca9fbcc67eeb08a8320983247d2",
                "e8e3acb7e69c9264700a3b3f582cfd1660e2f3e93f3437818fe72969a3c29b04",
                "ad202fe173ba2ab1b3e8b9e8979aa677836331900bdbd34e19981bb396833116",
                "2207705c8ae13d16ec5609b90d5b5509ec932b643eb52488e43323716fe1fdf5",
                "0a1ca4bb32203be747b5040ec01ec12ab9fcddd8f87dd6ee2f6824b193db675b",
                "ee741f794a7c3ab2a87799c853daf87122fa45cb9a5afbf1ea8b4518bed8191f",
                "89f7340b61935ca8afc9c5482b305f6770d46f29b9a133d08bac72807266655c"
            ],
            "type": "Script",
            "firstPartyCookies": {},
            "firstPartyCookiesSent": {},