{
    "domain": "ziyu.net",
    "owner": {},
    "source": [
        "DuckDuckGo-US"
    ],
    "prevalence": 0.000106,
    "sites": 15,
    "subdomains": [
        "rranking3",
        "rranking9",
        "rranking5",
        "rranking",
        "rranking4",
        "rranking8",
        "rranking13",
        "pranking11",
        "pranking9",
        "pranking10"
    ],
    "cnames": [],
    "fingerprinting": 0,
    "resources": [
        {
            "rule": "ziyu\\.net\\/rank\\.php",
            "cookies": 0,
            "fingerprinting": 0,
            "subdomains": [
                "rranking3",
                "rranking9",
                "rranking5",
                "rranking",
                "rranking4",
                "rranking8",
                "rranking13"
            ],
            "apis": {},
            "sites": 13,
            "prevalence": 0.000092,
            "cnames": [],
            "responseHashes": [
                "ce448353c0f31da211cf8b634c057295bd8728785d82599955804596b02cf2f5",
                "b5322935911f198365a40a0a7ae029c240f7d2057a8ab5dd56e0a6955951c55a",
                "3a6bc1290657e205148a9b88d8c9583f75a3f2d138e84937597a6abf83be7662",
                "002d0045b649f747248dba42b7805ce4b1769d5e7c58d4984397774ada47f2de",
                "d8e7a32023f57e183ba46d419e962f487cbe8b8d26cf478228cdbe4eebecd59a",
                "c492748121715ea37cdf8bd4692b83ce87b70adcf855324089d75ee949fbbc46",
                "40eeea4d2a517484b2b0a68e12782038cb87817674f8f2ca1db560637c3003f6",
                "e8d6fc760df978db378a076663f1a1a64df46d0f5f85b8ba97072bb144d85f08",
                "16aed83c9715671ef99fec232e02104d6c5bfaa0acdfdd7c19a887943662018e",
                "a8ec5cb687ea343c0b37505d787ddaec75e997c757c372cd8f6039ab0024c60a",
                "f80abc2678aa546673bd718b9a7f95f803ce7535250cf4f87f41a8945214b6b8"
            ],
            "type": "Script",
            "firstPartyCookies": {},
            "firstPartyCookiesSent": {},
            "exampleSites": [
                "adult-machiko.com",
                "erogame.tcs7.net",
                "erogazoumura.com",
                "g-mens.net",
                "jin115.com",
                "loveh.org",
                "moeero-library.com",
                "momoiro-ch.com",
                "news.tokimeki-s.com",
                "wanisokuhou.com",
                "www.anige-sokuhouvip.com",
                "www.eroero-gazou.net",
                "www.erogazou-mirunavi.com"
            ]
        },
        {
            "rule": "ziyu\\.net\\/rranking\\.gif",
            "cookies": 0,
            "fingerprinting": 0,
            "subdomains": [
                "rranking3",
                "rranking5",
                "rranking9",
                "rranking",
                "rranking4",
                "rranking8",
                "rranking13",
                "pranking11"
            ],
            "apis": {},
            "sites": 12,
            "prevalence": 0.0000849,
            "cnames": [],
            "responseHashes": [
                "336e57172db9a5bacb088db9a09adc96f449214ddf322ac5b07bcfa349e81820"
            ],
            "type": "Image",
            "firstPartyCookies": {},
            "firstPartyCookiesSent": {},
            "exampleSites": [
                "adult-machiko.com",
                "erogazoumura.com",
                "erogame.tcs7.net",
                "g-mens.net",
                "jin115.com",
                "loveh.org",
                "momoiro-ch.com",
                "news.tokimeki-s.com",
                "tokueromanga.com",
                "wanisokuhou.com",
                "www.anige-sokuhouvip.com",
                "www.eroero-gazou.net"
            ]
        },
        {
            "rule": "ziyu\\.net\\/img\\.php",
            "cookies": 0,
            "fingerprinting": 0,
            "subdomains": [
                "pranking9",
                "pranking11",
                "pranking10"
            ],
            "apis": {},
            "sites": 3,
            "prevalence": 0.0000212,
            "cnames": [],
            "responseHashes": [
                "336e57172db9a5bacb088db9a09adc96f449214ddf322ac5b07bcfa349e81820"
            ],
            "type": "Image",
            "firstPartyCookies": {},
            "firstPartyCookiesSent": {},
            "exampleSites": [
                "erogazoumura.com",
                "tokueromanga.com",
                "www.anige-sokuhouvip.com"
            ]
        }
    ],
    "categories": [],
    "performance": {},
    "cookies": 0,
    "topInitiators": [
        {
            "domain": "first party",
            "prevalence": 1
        }
    ],
    "types": {
        "Script": 13,
        "Image": 15
    },
    "nameservers": [
        "ns1.dns.ne.jp",
        "ns2.dns.ne.jp"
    ]
}