{
    "domain": "zoomengage.com",
    "owner": {},
    "source": [
        "DuckDuckGo-US"
    ],
    "prevalence": 0.0000495,
    "sites": 7,
    "subdomains": [
        "widgetver",
        "widgetapi"
    ],
    "cnames": [],
    "fingerprinting": 1,
    "resources": [
        {
            "rule": "zoomengage\\.com\\/js\\/za_widget_415b\\.js",
            "cookies": 0.0000354,
            "fingerprinting": 1,
            "subdomains": [
                "widgetver"
            ],
            "apis": {
                "Date.prototype.getTime": 5,
                "Navigator.prototype.userAgent": 5,
                "window.localStorage": 5,
                "Document.cookie getter": 5,
                "Document.cookie setter": 5,
                "window.sessionStorage": 1
            },
            "sites": 7,
            "prevalence": 0.0000495,
            "cnames": [],
            "responseHashes": [
                "054c0e443f42888338eb0c1b15157d3a141f5e151df9b5e20f05038e7b1428a8"
            ],
            "type": "Script",
            "firstPartyCookies": {
                "__za_cd_19763794": {
                    "ttl": 31536015,
                    "length": 43,
                    "prevalence": 0.0000070733363512901765,
                    "uniqueness": 1
                },
                "__za_19763794": {
                    "ttl": null,
                    "length": 175,
                    "prevalence": 0.0000070733363512901765,
                    "uniqueness": 1
                },
                "__za_cds_19763794": {
                    "ttl": null,
                    "length": 157,
                    "prevalence": 0.0000070733363512901765,
                    "uniqueness": 1
                },
                "__za_cd_19763452": {
                    "ttl": 31536008,
                    "length": 182,
                    "prevalence": 0.0000070733363512901765,
                    "uniqueness": 1
                },
                "__za_19763452": {
                    "ttl": null,
                    "length": 176,
                    "prevalence": 0.0000070733363512901765,
                    "uniqueness": 1
                },
                "__za_cds_19763452": {
                    "ttl": null,
                    "length": 387,
                    "prevalence": 0.0000070733363512901765,
                    "uniqueness": 1
                },
                "__za_cd_19762623": {
                    "ttl": 31536021,
                    "length": 101,
                    "prevalence": 0.0000070733363512901765,
                    "uniqueness": 1
                },
                "__za_19762623": {
                    "ttl": null,
                    "length": 177,
                    "prevalence": 0.0000070733363512901765,
                    "uniqueness": 1
                },
                "__za_cds_19762623": {
                    "ttl": null,
                    "length": 392,
                    "prevalence": 0.0000070733363512901765,
                    "uniqueness": 1
                },
                "__za_cd_19763177": {
                    "ttl": 31536010,
                    "length": 101,
                    "prevalence": 0.0000070733363512901765,
                    "uniqueness": 1
                },
                "__za_19763177": {
                    "ttl": null,
                    "length": 176,
                    "prevalence": 0.0000070733363512901765,
                    "uniqueness": 1
                },
                "__za_cds_19763177": {
                    "ttl": null,
                    "length": 345,
                    "prevalence": 0.0000070733363512901765,
                    "uniqueness": 1
                }
            },
            "firstPartyCookiesSent": {},
            "exampleSites": [
                "israelpost.co.il",
                "www.ace.co.il",
                "www.caesarstoneus.com",
                "www.infomed.co.il",
                "www.kolzchut.org.il",
                "www.nli.org.il",
                "www.payngo.co.il"
            ]
        },
        {
            "rule": "zoomengage\\.com\\/php\\/InitSessionApi\\.php",
            "cookies": 0,
            "fingerprinting": 0,
            "subdomains": [
                "widgetapi"
            ],
            "apis": {},
            "sites": 5,
            "prevalence": 0.0000354,
            "cnames": [],
            "responseHashes": [
                "831487637677a6c52f54cb465311d2bf820d2350553ee3287cabced0e4013f94",
                "c7c4018871f6be8b1d04bc46d9c1a24076e090f140b12fe7092e1088e90c3587",
                "1c22f9c818b3b35756c8828beb448c9ee0f7d5437ef0a3284778840bf91e57dc"
            ],
            "type": "Script",
            "firstPartyCookies": {},
            "firstPartyCookiesSent": {},
            "exampleSites": [
                "israelpost.co.il",
                "www.ace.co.il",
                "www.infomed.co.il",
                "www.kolzchut.org.il",
                "www.nli.org.il"
            ]
        },
        {
            "rule": "zoomengage\\.com\\/js\\/za_accessibility_415b\\.js",
            "cookies": 0,
            "fingerprinting": 0,
            "subdomains": [
                "widgetver"
            ],
            "apis": {},
            "sites": 2,
            "prevalence": 0.0000141,
            "cnames": [],
            "responseHashes": [
                "1a43d203814b5f3db09e32fe19d18aec66020e131b30bba64cdd6ab7a26d4516"
            ],
            "type": "Script",
            "firstPartyCookies": {},
            "firstPartyCookiesSent": {},
            "exampleSites": [
                "ace.co.il",
                "www.kolzchut.org.il"
            ]
        },
        {
            "rule": "zoomengage\\.com\\/php\\/AddActionApi\\.php",
            "cookies": 0,
            "fingerprinting": 0,
            "subdomains": [
                "widgetapi"
            ],
            "apis": {},
            "sites": 4,
            "prevalence": 0.0000283,
            "cnames": [],
            "responseHashes": [
                "c5664818c344e4ac060bff9a0ec6e47a2066bd035ed4fd009896ad78c2c95d24",
                "3adad4669c62fd3c7f6396f4ad0a3981390db479af1fb3459fe6e9ffa16fa406",
                "e99f363587e7e19ed90a8a834ab868f979c0efffb7b4f0eafa96e34fc94cfbc6"
            ],
            "type": "Script",
            "firstPartyCookies": {},
            "firstPartyCookiesSent": {},
            "exampleSites": [
                "ace.co.il",
                "www.ace.co.il",
                "www.kolzchut.org.il",
                "www.nli.org.il"
            ]
        }
    ],
    "categories": [],
    "performance": {},
    "cookies": 0.0000354,
    "topInitiators": [
        {
            "domain": "first party",
            "prevalence": 0.8148148148148148
        },
        {
            "domain": "d221oziut8gs4d.cloudfront.net",
            "prevalence": 0.14814814814814814
        },
        {
            "domain": "googletagmanager.com",
            "prevalence": 0.037037037037037035
        }
    ],
    "types": {
        "Script": 18
    },
    "nameservers": [
        "ns-2006.awsdns-58.co.uk",
        "ns-780.awsdns-33.net",
        "ns-338.awsdns-42.com",
        "ns-1473.awsdns-56.org"
    ]
}