{
    "domain": "zyrosite.com",
    "owner": {},
    "source": [
        "DuckDuckGo-US"
    ],
    "prevalence": 0.0000778,
    "sites": 11,
    "subdomains": [
        "cdn"
    ],
    "cnames": [],
    "fingerprinting": 0,
    "resources": [
        {
            "rule": "zyrosite\\.com\\/u1\\/google-fonts\\/font-faces",
            "cookies": 0.0000566,
            "fingerprinting": 0,
            "subdomains": [
                "cdn"
            ],
            "apis": {},
            "sites": 8,
            "prevalence": 0.0000566,
            "cnames": [],
            "responseHashes": [
                "90f21e70f8423f6e6790fa843ec6fc441218ce11480b3d952e62c9deb6c73c84",
                "cf7f07aa221356e9a9bc8720e808fcd4548c8978d82800f4a0811498942c6f90",
                "ba07489bc42a083156b71fd0927580aa2db1133bbf6a238781631ed64c074109",
                "d28fb4f031b6d1a1584a0ed7f19f19916b47ac928a060f88e48bdeb3a241b09a",
                "ec41f1d409bf0cc6441c2f9df0f09242288409df69c3fffc5a03702d564a447f",
                "ff9c286f07a38c183e81f93e46fd4967f14a0186acde6f4edac13acea902bcc0",
                "3ce63c8642340d07a70411d7afb357b0b20cf9dbf5af36bffa35a07ce8025ef3"
            ],
            "type": "Stylesheet",
            "firstPartyCookies": {},
            "firstPartyCookiesSent": {},
            "exampleSites": [
                "draftvietnam.com",
                "egyptianjewelry.com",
                "emmalovesadress.com",
                "gooncave.tv",
                "markssmallenginerepair.com",
                "thebrighterdaysclinic.com",
                "www.maineregistryofdeeds.com",
                "www.sinnwatch.com"
            ]
        },
        {
            "rule": "zyrosite\\.com\\/u1\\/google-fonts\\/font-file",
            "cookies": 0.0000566,
            "fingerprinting": 0,
            "subdomains": [
                "cdn"
            ],
            "apis": {},
            "sites": 8,
            "prevalence": 0.0000566,
            "cnames": [],
            "responseHashes": [
                "33337e7e4e2c82efcf2dc34897b87e6916e5ee77dea97596b5644dfa54ecdf55",
                "3d36135acf21c98f16430a3f6a47585e3e648814be599f8f929edd5a3eca3032",
                "9a7f8b355b87da642da819b4a85873de6c533223400bbd2cb711dbe1d551baea",
                "49ea207b06cdb63a6d6aac2c0fd19ad89129fc8bf8cb8c7aa6547ab05c30188e",
                "7b575236bc08757b5442e485fc1341170de80379af7d45622d14e4a4a2e9d117",
                "bfd9648e7a5ff48fb75dc61c129c332313de7484b341b65f45528648891570e1",
                "94921378c9e10aa9d5c82d9d807addabf5b9b44dab5d0ca57efa865bd225c844"
            ],
            "type": "Font",
            "firstPartyCookies": {},
            "firstPartyCookiesSent": {},
            "exampleSites": [
                "draftvietnam.com",
                "egyptianjewelry.com",
                "emmalovesadress.com",
                "gooncave.tv",
                "markssmallenginerepair.com",
                "thebrighterdaysclinic.com",
                "www.maineregistryofdeeds.com",
                "www.sinnwatch.com"
            ]
        }
    ],
    "categories": [],
    "performance": {},
    "cookies": 0.0000778,
    "topInitiators": [
        {
            "domain": "first party",
            "prevalence": 1
        }
    ],
    "types": {
        "Stylesheet": 8,
        "Font": 8
    },
    "nameservers": [
        "emily.ns.cloudflare.com",
        "terin.ns.cloudflare.com"
    ]
}