{
    "domain": "aditude.cloud",
    "owner": {},
    "source": [
        "DuckDuckGo-FR"
    ],
    "prevalence": 0.00113,
    "sites": 11,
    "subdomains": [
        "event-ingestor.judy.pnap"
    ],
    "cnames": [],
    "fingerprinting": 0,
    "resources": [
        {
            "rule": "aditude\\.cloud\\/v1\\/",
            "cookies": 0,
            "fingerprinting": 0,
            "subdomains": [
                "event-ingestor.judy.pnap"
            ],
            "apis": {},
            "sites": 11,
            "prevalence": 0.00113,
            "cnames": [],
            "responseHashes": [
                "baa3f7b5f7f5437163d8f2587354c5c16a659c5501aee5cfcf431f33ccf35f55",
                "3cb7ada5a359bee445a0b8f888e6ae5c0855587414cd913507a925a548553319",
                "f4f31f727504485a18e3a432ad750674d2a69641f06e7ba668df2f0c6b73bdf8",
                "2c06bde588606e500a97e547479a2698c59092623663f8593724b7f95186e983",
                "756c87351eda258c19ebc70a716c5d8642d753977dd257aacbf673d2e5fa3aa3",
                "c10e904a5bba584f91254272edef1d970d23d3ad026cbac17c984df771c2a094",
                "1d21d0a4d64be19f14d4cffc13280c3bc70e53699b7b8a88f463bf06790fe1f6",
                "ac0c8402fa6c44273ac41969f74d3e2b4218a29cf8a2f50225356a7078f13b8c",
                "ebef3f243e4d203635196948cbf7370c80a593a748d6ccf51783e7df0c7e80e3"
            ],
            "type": "Fetch",
            "firstPartyCookies": {},
            "firstPartyCookiesSent": {},
            "exampleSites": [
                "giphy.com",
                "mydramalist.com",
                "resistance71.wordpress.com",
                "www.avforums.com",
                "www.avclub.com",
                "www.dexerto.fr",
                "www.dexerto.com",
                "www.dealabs.com",
                "www.flightradar24.com",
                "www.horairesdouverture24.fr",
                "www.salon.com"
            ]
        }
    ],
    "categories": [],
    "performance": {},
    "cookies": 0,
    "topInitiators": [
        {
            "domain": "aditude.io",
            "prevalence": 0.5
        },
        {
            "domain": "script.ac",
            "prevalence": 0.3333333333333333
        },
        {
            "domain": "first party",
            "prevalence": 0.16666666666666666
        }
    ],
    "types": {
        "Fetch": 11
    },
    "nameservers": [
        "david.ns.cloudflare.com",
        "raina.ns.cloudflare.com"
    ]
}