{
    "domain": "app-spm.com",
    "owner": {},
    "source": [
        "DuckDuckGo-FR"
    ],
    "prevalence": 0.00113,
    "sites": 11,
    "subdomains": [],
    "cnames": [
        {
            "original": "marketing.rascol.com",
            "resolved": "app-spm.com"
        }
    ],
    "fingerprinting": 1,
    "resources": [
        {
            "rule": "app-spm\\.com\\/app\\.js",
            "cookies": 0.000102,
            "fingerprinting": 1,
            "subdomains": [],
            "apis": {
                "Navigator.prototype.userAgent": 9,
                "Notification.permission": 4,
                "Document.cookie getter": 4,
                "window.innerHeight": 1,
                "Date.prototype.getTime": 1,
                "Document.cookie setter": 1
            },
            "sites": 11,
            "prevalence": 0.00113,
            "cnames": [
                {
                    "original": "marketing.rascol.com",
                    "resolved": "app-spm.com"
                }
            ],
            "responseHashes": [
                "185b8c6ff6003536a8db21d35e5996ffb9cfd26177f35209b1d872afd96df006",
                "c8a02fcb0729b433fda7ec8e82919cc76292e5526c1ed6d8da3b4b62e83dc812",
                "f43efb9a25da5a93683154322e123d5b45ba1f9015efd06cc7dc9cdbdcc12fcc",
                "f55b06bf624f9cf14bea5c728ff4edb1c727fc11fefd2c119d322f2234754975",
                "e3b0c44298fc1c149afbf4c8996fb92427ae41e4649b934ca495991b7852b855",
                "713055ccdf7a4f02b9f34c9bd09af4b49afa62f321540fa8b946aa00d2cab81a",
                "4b0ffe1aeb8dfb2246598ded0e0db472c04244ef3f819ad712c89c4fcbdca38b",
                "2395b86db7e38fedac450b91329914a48b4d94e938e9baeb4c87306d75a24734",
                "d3c2c936baee5943393acf8d097f5beb59e27972399622f92401b916ab606c1f",
                "75cdb33abed72ffc8a2336d84e968a7a5a85c1dca2f6d32d0140e83f2b5294d1"
            ],
            "type": "Script",
            "firstPartyCookies": {
                "spm_no_receive_push": {
                    "ttl": 172812,
                    "length": 1,
                    "prevalence": 0.00010235414534288638,
                    "uniqueness": 1
                },
                "spm_receive_push_onset_delay": {
                    "ttl": 172812,
                    "length": 1,
                    "prevalence": 0.00010235414534288638,
                    "uniqueness": 1
                }
            },
            "firstPartyCookiesSent": {},
            "exampleSites": [
                "elec44.fr",
                "les-coupons-de-saint-pierre.fr",
                "ocarat.com",
                "www.apiculture.net",
                "www.auvieuxcampeur.fr",
                "www.esprit-barbecue.fr",
                "www.laminedefer.fr",
                "www.nutripure.fr",
                "www.pharmacodel.com",
                "www.rascol.com",
                "www.tech2roo.com"
            ]
        },
        {
            "rule": "app-spm\\.com\\/css\\/SpmAPI\\.css",
            "cookies": 0,
            "fingerprinting": 0,
            "subdomains": [],
            "apis": {},
            "sites": 10,
            "prevalence": 0.00102,
            "cnames": [
                {
                    "original": "marketing.rascol.com",
                    "resolved": "app-spm.com"
                }
            ],
            "responseHashes": [
                "e027fb3b8c150bc69f19acb1cb7e150dd81670ba8722bfc66b9b0aa0463e26b2"
            ],
            "type": "Stylesheet",
            "firstPartyCookies": {},
            "firstPartyCookiesSent": {},
            "exampleSites": [
                "elec44.fr",
                "les-coupons-de-saint-pierre.fr",
                "ocarat.com",
                "www.apiculture.net",
                "www.auvieuxcampeur.fr",
                "www.laminedefer.fr",
                "www.nutripure.fr",
                "www.pharmacodel.com",
                "www.rascol.com",
                "www.tech2roo.com"
            ]
        },
        {
            "rule": "app-spm\\.com\\/procedural_api\\/pages_views\\.php",
            "cookies": 0,
            "fingerprinting": 0,
            "subdomains": [],
            "apis": {},
            "sites": 10,
            "prevalence": 0.00102,
            "cnames": [
                {
                    "original": "marketing.rascol.com",
                    "resolved": "app-spm.com"
                }
            ],
            "responseHashes": [
                "e2a12b4a0e8f071b054aad659f3fb3adce0e5054f73d9da1c2f90766942f753d",
                "091e7e351dbcb928b7e9a35976a71ab8c4001e684d47c41078a2f92d4e7169ce",
                "5307faecfc1dbe231b2a06a4d74a0c71d8fcf019132ca1137779f9b76bc2d1f0",
                "de28cb603c48b250b8f12bc3ef8e542f875cd4af8572ef56f230367ed848497f",
                "9159421eeeb8ff7de5b4d3ffe822d51ffe7d24a47442cd9a995bc45ac749e787",
                "d43a97c1ee54fa4275e6c87089edc007564af98bf88848fbacfaaeaab6b0fb1a",
                "1019a5ddea27388acd521886a2b37b1432ed770e0f62d50b3fa18fb40a9e7836",
                "8261c659f0dbed533a42345a2e3d7f3954f4345b72d0f78504569d0807306f0f",
                "988c658b02b25989d9c96aad3b613faa8f5b612be54541f0a358d8c3e88f4342"
            ],
            "type": "XHR",
            "firstPartyCookies": {},
            "firstPartyCookiesSent": {},
            "exampleSites": [
                "elec44.fr",
                "les-coupons-de-saint-pierre.fr",
                "ocarat.com",
                "www.apiculture.net",
                "www.auvieuxcampeur.fr",
                "www.laminedefer.fr",
                "www.nutripure.fr",
                "www.pharmacodel.com",
                "www.rascol.com",
                "www.tech2roo.com"
            ]
        }
    ],
    "categories": [],
    "performance": {},
    "cookies": 0.000102,
    "topInitiators": [
        {
            "domain": "first party",
            "prevalence": 1
        }
    ],
    "types": {
        "Script": 11,
        "Stylesheet": 10,
        "XHR": 10
    },
    "nameservers": [
        "dns105.ovh.net",
        "ns105.ovh.net"
    ]
}