{
    "domain": "baidu.com",
    "owner": {
        "name": "Baidu, Inc.",
        "displayName": "Baidu"
    },
    "source": [
        "DuckDuckGo-FR"
    ],
    "prevalence": 0.000921,
    "sites": 9,
    "subdomains": [
        "hm"
    ],
    "cnames": [],
    "fingerprinting": 2,
    "resources": [
        {
            "rule": "baidu\\.com\\/hm\\.js",
            "cookies": 0.000819,
            "fingerprinting": 2,
            "subdomains": [
                "hm"
            ],
            "apis": {
                "Navigator.prototype.userAgent": 7,
                "Navigator.prototype.cookieEnabled": 7,
                "Navigator.prototype.javaEnabled": 6,
                "Navigator.prototype.language": 7,
                "Screen.prototype.width": 7,
                "Screen.prototype.height": 7,
                "Screen.prototype.colorDepth": 7,
                "Screen.prototype.orientation": 7,
                "window.innerWidth": 7,
                "window.localStorage": 7,
                "Document.cookie getter": 7,
                "window.sessionStorage": 7,
                "Date.prototype.getTime": 7,
                "Document.cookie setter": 7,
                "window.innerHeight": 7
            },
            "sites": 9,
            "prevalence": 0.000921,
            "cnames": [],
            "responseHashes": [
                "69dceee64c1a03c1f98c0e478b44aa8595c09e603ebd6e9fefb04f032a27788b",
                "20782871881da97141c8a670434361436f23a89db143410c89eb9b9e4baf99b5",
                "25315fed08ff96d75845c3d011634bf67b95f04dbb748f41d9d71087a1023ec3",
                "9a3efcfd9dc2cf9c128dd75cf7cf7214043367c7b5b27af0d999d25567c7d69e",
                "3bd0ad7c7476befc672e5b584af1cf1d6eb428170cdfcc1a3dbc67569f796d73",
                "3bdf1a694af33f79ac27bb834183d19f1ae6dd168c4380b870f23d1b5d9e7785",
                "c87dd3606e0f667281ff204f3d7e82be4ae1bc8a40002f562e710e45eececf88"
            ],
            "type": "Script",
            "firstPartyCookies": {
                "Hm_lvt_6bcd52f51e9b3dce32bec4a3997715ac": {
                    "ttl": 31536020,
                    "length": 10,
                    "prevalence": 0.00010235414534288638,
                    "uniqueness": 1
                },
                "Hm_lpvt_6bcd52f51e9b3dce32bec4a3997715ac": {
                    "ttl": null,
                    "length": 10,
                    "prevalence": 0.00010235414534288638,
                    "uniqueness": 1
                },
                "HMACCOUNT": {
                    "ttl": null,
                    "length": 16,
                    "prevalence": 0.0007164790174002047,
                    "uniqueness": 1
                },
                "Hm_lvt_da0619047856c9fcb34c38649c466107": {
                    "ttl": 31536012,
                    "length": 10,
                    "prevalence": 0.00010235414534288638,
                    "uniqueness": 1
                },
                "Hm_lpvt_da0619047856c9fcb34c38649c466107": {
                    "ttl": null,
                    "length": 10,
                    "prevalence": 0.00010235414534288638,
                    "uniqueness": 1
                },
                "Hm_lvt_960ef17df44dacb2a038ecfdc57c6bf5": {
                    "ttl": 31536005,
                    "length": 10,
                    "prevalence": 0.00010235414534288638,
                    "uniqueness": 1
                },
                "Hm_lpvt_960ef17df44dacb2a038ecfdc57c6bf5": {
                    "ttl": null,
                    "length": 10,
                    "prevalence": 0.00010235414534288638,
                    "uniqueness": 1
                },
                "Hm_lvt_a7025e25c8500c732b8f48cc46e21467": {
                    "ttl": 31536005,
                    "length": 10,
                    "prevalence": 0.00010235414534288638,
                    "uniqueness": 1
                },
                "Hm_lpvt_a7025e25c8500c732b8f48cc46e21467": {
                    "ttl": null,
                    "length": 10,
                    "prevalence": 0.00010235414534288638,
                    "uniqueness": 1
                },
                "Hm_lvt_8e85b123ed5ca486a7fdf32c49c80b09": {
                    "ttl": 31536009,
                    "length": 10,
                    "prevalence": 0.00010235414534288638,
                    "uniqueness": 1
                },
                "Hm_lpvt_8e85b123ed5ca486a7fdf32c49c80b09": {
                    "ttl": null,
                    "length": 10,
                    "prevalence": 0.00010235414534288638,
                    "uniqueness": 1
                },
                "Hm_lvt_59317e5849f38e9ec82d03f6fb1a84d7": {
                    "ttl": 31536005,
                    "length": 10,
                    "prevalence": 0.00010235414534288638,
                    "uniqueness": 1
                },
                "Hm_lpvt_59317e5849f38e9ec82d03f6fb1a84d7": {
                    "ttl": null,
                    "length": 10,
                    "prevalence": 0.00010235414534288638,
                    "uniqueness": 1
                },
                "Hm_lvt_98beee57fd2ef70ccdd5ca52b9740c49": {
                    "ttl": 31536004,
                    "length": 10,
                    "prevalence": 0.00010235414534288638,
                    "uniqueness": 1
                },
                "Hm_lpvt_98beee57fd2ef70ccdd5ca52b9740c49": {
                    "ttl": null,
                    "length": 10,
                    "prevalence": 0.00010235414534288638,
                    "uniqueness": 1
                }
            },
            "firstPartyCookiesSent": {},
            "exampleSites": [
                "csdn.net",
                "docs.espressif.com",
                "fanfox.net",
                "gitmind.com",
                "mangapark.net",
                "www.hitv.vip",
                "www.mangatown.com",
                "www.ventoy.net",
                "www.zhihu.com"
            ]
        },
        {
            "rule": "baidu\\.com\\/hm\\.gif",
            "cookies": 0,
            "fingerprinting": 0,
            "subdomains": [
                "hm"
            ],
            "apis": {},
            "sites": 8,
            "prevalence": 0.000819,
            "cnames": [],
            "responseHashes": [
                "77b1d2c0857d4e95d4c2ae7aa0abc5aaafa6bd4581b31203d1592759c26f5c44"
            ],
            "type": "Image",
            "firstPartyCookies": {},
            "firstPartyCookiesSent": {
                "HMACCOUNT": 0.0007164790174002047
            },
            "exampleSites": [
                "csdn.net",
                "docs.espressif.com",
                "fanfox.net",
                "gitmind.com",
                "mangapark.net",
                "www.hitv.vip",
                "www.mangatown.com",
                "www.zhihu.com"
            ]
        }
    ],
    "categories": [],
    "performance": {},
    "cookies": 0.000819,
    "topInitiators": [
        {
            "domain": "first party",
            "prevalence": 0.8181818181818182
        },
        {
            "domain": "csdnimg.cn",
            "prevalence": 0.09090909090909091
        },
        {
            "domain": "googletagmanager.com",
            "prevalence": 0.09090909090909091
        }
    ],
    "types": {
        "Script": 9,
        "Image": 8
    },
    "nameservers": [
        "ns4.baidu.com",
        "ns7.baidu.com",
        "ns3.baidu.com",
        "ns2.baidu.com",
        "dns.baidu.com"
    ]
}