{
    "domain": "d20591a5fd.com",
    "owner": {},
    "source": [
        "DuckDuckGo-FR"
    ],
    "prevalence": 0.00194,
    "sites": 19,
    "subdomains": [
        "a6a595afa0"
    ],
    "cnames": [],
    "fingerprinting": 0,
    "resources": [
        {
            "rule": "d20591a5fd\\.com\\/in\\/multy",
            "cookies": 0,
            "fingerprinting": 0,
            "subdomains": [
                "a6a595afa0"
            ],
            "apis": {},
            "sites": 19,
            "prevalence": 0.00194,
            "cnames": [],
            "responseHashes": [],
            "type": "Preflight",
            "firstPartyCookies": {},
            "firstPartyCookiesSent": {},
            "exampleSites": [
                "bokepi.com",
                "desisex.xxx",
                "epawg.com",
                "forcedcinema.net",
                "heavyfetish.com",
                "highporn.net",
                "javhub.net",
                "rapelust.com",
                "watchporn.to",
                "www.xasiat.com",
                "www.xxxvideoindian2.com",
                "xxxi.porn"
            ]
        },
        {
            "rule": "d20591a5fd\\.com\\/in\\/multy",
            "cookies": 0,
            "fingerprinting": 0,
            "subdomains": [
                "a6a595afa0"
            ],
            "apis": {},
            "sites": 19,
            "prevalence": 0.00194,
            "cnames": [],
            "responseHashes": [
                "dbb56959da4416f3d81be03af70f4d8da276a0fb0cf0681da3269e3d2d432d9d",
                "82cfed017844afccc5f2dc5c42e57474f9e985b4498342b0925032be5b3d7b50",
                "49842feafc0afedeb680dc270286bb8ff96d756e3785f778427f78c77e3fb9ed",
                "869cccbe152d0330a7caad5f707a4e1584f46d5feb626ff0de32b655763f8c8f",
                "a0a54d2ab2685dba8073ed1a0f5341c347c3994313557868d22978cc3f461b7e",
                "91f2b3b9f2c9a14c7cb1929f8176c462148c0e2bdfc4bf16418a992fd220ae52",
                "78cd0b0988a20c19b95c0bb272068bdd3484c134f0040ffb2c0b0502b0f45da3",
                "ae5f4a696b0183a9068315e411b8b88a9d6860fc4cdc2fe167cd2aad673ecd9c",
                "6866b4362bd4282a6fcaa18a4da428aea41ed8088c4ab724d312d65d8dcf63a8",
                "e1f13ae7354ca3e2411cf3a66d8aa1b86b9262fe12c9244a11747b7d97b78d60",
                "2fcb5490628358986bf0b66a4a971a462b7dcf0e789566c4a79e5fa09df199d1",
                "89ffa4272aef71e4dc22d03db5666b9f28fdbe3d44c8a51198174eb9bf82fb4a",
                "8a9b2daae72e2e65ba42bc03a5d4e67b8106cf35997bc6d71a9d17364e2f85a7",
                "cf0dce5d4a846f7519d27ca36b2f218d1fa3c7f5373e8fe44382d897f8baadb8",
                "5a5ab6a85aca8abefee4aa4fb9f24d84b7cba823ab858ecad0f5fcb8fcc7c438",
                "7536ee92f9a2bb418a1a61fc1f9a19f73a9fc0513e0a9859c6f56d34baebe769",
                "fd61cc58966c699e6ed837cb14ef4c5d8272b09858bf0e14b37ed6b07598e36e"
            ],
            "type": "XHR",
            "firstPartyCookies": {},
            "firstPartyCookiesSent": {},
            "exampleSites": [
                "bokepi.com",
                "desisex.xxx",
                "epawg.com",
                "forcedcinema.net",
                "heavyfetish.com",
                "highporn.net",
                "javhub.net",
                "rapelust.com",
                "watchporn.to",
                "www.xasiat.com",
                "www.xxxvideoindian2.com",
                "xxxi.porn"
            ]
        },
        {
            "rule": "d20591a5fd\\.com\\/in\\/show\\/",
            "cookies": 0,
            "fingerprinting": 0,
            "subdomains": [
                "a6a595afa0"
            ],
            "apis": {},
            "sites": 18,
            "prevalence": 0.00184,
            "cnames": [],
            "responseHashes": [
                "e3b0c44298fc1c149afbf4c8996fb92427ae41e4649b934ca495991b7852b855"
            ],
            "type": "Image",
            "firstPartyCookies": {},
            "firstPartyCookiesSent": {},
            "exampleSites": [
                "bokepi.com",
                "desisex.xxx",
                "forcedcinema.net",
                "heavyfetish.com",
                "highporn.net",
                "javhub.net",
                "rapelust.com",
                "watchporn.to",
                "www.xasiat.com",
                "www.xxxvideoindian2.com",
                "xxxi.porn"
            ]
        }
    ],
    "categories": [],
    "performance": {},
    "cookies": 0,
    "topInitiators": [
        {
            "domain": "cdd53ec0c3.com",
            "prevalence": 0.6461538461538462
        },
        {
            "domain": "wpushsdk.com",
            "prevalence": 0.24615384615384617
        },
        {
            "domain": "first party",
            "prevalence": 0.1076923076923077
        }
    ],
    "types": {
        "Preflight": 19,
        "XHR": 19,
        "Image": 18
    },
    "nameservers": [
        "dns1.infrapu.sh",
        "dns2.infrapu.sh"
    ]
}