{
    "domain": "dotmetrics.net",
    "owner": {
        "name": "Dotmetrics",
        "displayName": "Dotmetrics"
    },
    "source": [
        "DuckDuckGo-FR"
    ],
    "prevalence": 0.00266,
    "sites": 26,
    "subdomains": [
        "uk-script",
        "au-script",
        "rm-script"
    ],
    "cnames": [],
    "fingerprinting": 2,
    "resources": [
        {
            "rule": "dotmetrics\\.net\\/door\\.js",
            "cookies": 0,
            "fingerprinting": 1,
            "subdomains": [
                "uk-script",
                "au-script"
            ],
            "apis": {
                "Date.prototype.getTime": 21,
                "Date.prototype.getTimezoneOffset": 21
            },
            "sites": 26,
            "prevalence": 0.00266,
            "cnames": [],
            "responseHashes": [
                "9d5c748e1ab6677c1b4ec0977a9d2de126b39282f2a2e528526610e08bf34187",
                "732a0228fae72aee8d481d7bd39e09e43fc60b75318a41203760a0d53aca5b55",
                "d4f49118178574e83d62802f6887bfbde2cd27c28eb908088849ab253cfe132c",
                "563f4eec15c992fc082175a9974e46754c99d80b146e172b66eda223117a47cb",
                "8fa2a36af4f5161ea49a8b909aecf0e78e5033da8f7d3c1c48a15a28983219e2",
                "78787d32b36c47d2fa209398e83ef8a0c5f55e8572987670a68bf77a4b471a6d",
                "71fdded393c63c82ad80d528818ba313d2a9bbebfebee386bd0b8d0bb9875ddf",
                "5fa21644a4e7222c1ad89675cfbff22b92186d942106b602ab27778c5bf59081",
                "3999f978b255fd7914c18321d82461f82322e547d3b07db290b5d61ce9f07e56",
                "a0e7dc8a0cbe9869cb146aa9926fa50e8ea38385f22c9a91371719d9ac117fb2",
                "f18ee9adf37a663ed4f099828fca7d88661992ea7bc7c5caa3e19353164de025",
                "026075ba29aaf31c13ae2e9040bbf5013ced275ce16310c9bda8c9483f1d1e39",
                "c59a391b7b0135fa2908968c6805a6576151657f593685876bb2dbace2218612",
                "56698c022135c9caa3c8787ae922bc0dd51281090abef06ec41ad615e05753a3",
                "bc66029e294c581190dc8500bcc082c78e18fb236912609ed25090ecb8bc03de",
                "e4c173700fdc4b8eb4e4787e9b0c0948d74139769ffe4473240c8c5caa5cfd9f",
                "9b5c1ee76e3a9e81707297fabc577f93ed26d34106cc50c97b85952115c0ead8",
                "ccd42ec2bf46733587fc095bd4e6ddf9f280df4ed0f94af9ef6e8a07ceded3f2",
                "ed2e847d9c7a328305cbc92a65cf27cc5ba5e5c6bbe308c6c584fc39485b0ad5",
                "9fa60e848da8d5faf5e2a7be30c8546e34ecbc28dfd3e8aa1a8e8d526d1c60dd",
                "c8b498ed576170769d951e118f5fd4d43654cc14eeecd9d6e7de4bf739b27ac7",
                "18a1c9dbc033c655011d0f8c0b875c4b54d1e673cd519e821bd2a5c0c2e8c5b6",
                "2f08310055b77fc51e386b9bf6e859736b357db07902d8d6d52b50ec4d81f9ae",
                "79e9b7e0461806f969131fb21affbc6627f0ae479539d0df43a378b94c122d17"
            ],
            "type": "Script",
            "firstPartyCookies": {},
            "firstPartyCookiesSent": {},
            "exampleSites": [
                "techradar.com",
                "www.bbc.com",
                "www.bbc.co.uk",
                "www.dailymail.co.uk",
                "www.independent.co.uk",
                "www.techradar.com",
                "www.thesun.co.uk",
                "www.tomsguide.com",
                "www.tomshardware.com",
                "www.musicradar.com",
                "www.cyclingnews.com",
                "www.guitarworld.com",
                "www.standard.co.uk",
                "www.hellomagazine.com",
                "www.windowscentral.com",
                "www.pcgamer.com",
                "news.sky.com",
                "www.bbcgoodfood.com",
                "www.whathifi.com",
                "www.digitalcameraworld.com"
            ]
        },
        {
            "rule": "dotmetrics\\.net\\/hit\\.gif",
            "cookies": 0.000307,
            "fingerprinting": 0,
            "subdomains": [
                "uk-script",
                "rm-script",
                "au-script"
            ],
            "apis": {},
            "sites": 27,
            "prevalence": 0.00276,
            "cnames": [],
            "responseHashes": [
                "57640b6d8ccf4070239d260940ca7576d90563d6f87b744f1a9928266930de46",
                "07383c96980710a04144e5a39ae59e7f9f74bcfd6462a6932ded48efe6d73bce"
            ],
            "type": "Image",
            "firstPartyCookies": {},
            "firstPartyCookiesSent": {},
            "exampleSites": [
                "techradar.com",
                "www.bbc.com",
                "www.bbc.co.uk",
                "www.dailymail.co.uk",
                "www.independent.co.uk",
                "www.techradar.com",
                "www.thesun.co.uk",
                "www.tomsguide.com",
                "www.tomshardware.com",
                "www.gamesradar.com",
                "www.guitarworld.com",
                "www.livescience.com",
                "www.cyclingweekly.com",
                "www.bbcgoodfood.com",
                "www.skysports.com",
                "www.digitalcameraworld.com",
                "www.whathifi.com",
                "www.hellomagazine.com",
                "www.abc.net.au",
                "www.windowscentral.com"
            ]
        },
        {
            "rule": "dotmetrics\\.net\\/Scripts\\/script\\.js",
            "cookies": 0.000205,
            "fingerprinting": 1,
            "subdomains": [
                "uk-script",
                "au-script"
            ],
            "apis": {
                "window.localStorage": 2,
                "Document.cookie getter": 2,
                "Date.prototype.getTimezoneOffset": 2,
                "Date.prototype.getTime": 2,
                "Document.cookie setter": 2
            },
            "sites": 3,
            "prevalence": 0.000307,
            "cnames": [],
            "responseHashes": [
                "9dae98cde0a3bf7161cee2e3efa3a1049119c3dcb11d0059c49f1906d2aef6c1"
            ],
            "type": "Script",
            "firstPartyCookies": {
                "DM_SitId946": {
                    "ttl": null,
                    "length": 1,
                    "prevalence": 0.00020470829068577277,
                    "uniqueness": 0.5
                },
                "DM_SitId946SecId5236": {
                    "ttl": null,
                    "length": 1,
                    "prevalence": 0.00020470829068577277,
                    "uniqueness": 0.5
                },
                "DotMetricsTimeOnPage": {
                    "ttl": 6,
                    "length": 4,
                    "prevalence": 0.00020470829068577277,
                    "uniqueness": 0.5
                }
            },
            "firstPartyCookiesSent": {},
            "exampleSites": [
                "techradar.com",
                "www.abc.net.au",
                "www.techradar.com"
            ]
        },
        {
            "rule": "dotmetrics\\.net\\/SiteEvent\\.dotmetrics",
            "cookies": 0.000307,
            "fingerprinting": 0,
            "subdomains": [
                "uk-script",
                "au-script"
            ],
            "apis": {},
            "sites": 3,
            "prevalence": 0.000307,
            "cnames": [],
            "responseHashes": [
                "854e3d024ba6693b73530d6f6cd5340c9f39d7ad822002a5d8806080cf74df28",
                "dd6550c532ed72b7789ba25271978a32a83d163cc3515eff7d72bac3a84ded57"
            ],
            "type": "Script",
            "firstPartyCookies": {},
            "firstPartyCookiesSent": {},
            "exampleSites": [
                "techradar.com",
                "www.abc.net.au",
                "www.techradar.com"
            ]
        },
        {
            "rule": "dotmetrics\\.net\\/Scripts\\/ncs-script\\.js",
            "cookies": 0,
            "fingerprinting": 1,
            "subdomains": [
                "uk-script"
            ],