{
    "domain": "featureassets.org",
    "owner": {},
    "source": [
        "DuckDuckGo-FR"
    ],
    "prevalence": 0.00205,
    "sites": 20,
    "subdomains": [],
    "cnames": [],
    "fingerprinting": 0,
    "resources": [
        {
            "rule": "featureassets\\.org\\/v1\\/initialize",
            "cookies": 0.00205,
            "fingerprinting": 0,
            "subdomains": [],
            "apis": {},
            "sites": 20,
            "prevalence": 0.00205,
            "cnames": [],
            "responseHashes": [
                "7fa72ef9cc7fb0e96ce852d15e06d82f94b425bc2aa1d213803c92a14c44d21a",
                "ca32983f54901f9e09ec88915d480d8d2a9d4e1f63f7e67bdf67878479a018b8",
                "6e3f67f837471899c646285a406953906d74b774fc3b34672fdd9791f47d3b6b",
                "cfaba6fec1f1b9efe096a290e0566c018baa3ff95a781da3849e78395ae69e4f",
                "0821bd468daa75816563666cbe7ad87be47dac78503420618758b9c129cb2f98",
                "73a2d8910d1e7e4a4c824005ed631d0eb2aaca10dbaf6738d2eb575ac4931a6f",
                "c3b017699c90d5087545391374b01a5789ecf55a1f849a17c8c29d78d4542944",
                "711277bfcfe88b3b209750b0792ec134d395e1204ca4789f3e7e0911495fffa2",
                "802da322c012f31d989d23cac998e0304853607966ebd2b66bd0d6861b7649c3",
                "0f336ea89d04f5d9d6728d71508138d89dd3466686a04407d6cb0d80cb6f0465",
                "b0be2650a3d639359575b23979fdfc050f61110a33bd3189e027af992cd21efc",
                "47de25b5e8b97a05e022ce7738b2894b61421e8ae61d37a496f9c62b4c14ef9d",
                "88b7c66ec7362ade0cc581350f5f60c4a24d855b9f87c5f720c2011ac0016dc7",
                "ebecf644d98364f18cb35b3473ef49b0abc70c3070fc61be895a60f6cda22e5f",
                "3f0f77c0221487ff6db5c1db55fca1c335736d3b7761300632e62f4519c16da0",
                "a516d6a512695ce026a2038e0d6153622fb48ba7f916524169a6e1a885c7cced",
                "d39aa052753c4c9a22cbac11b78c2a6bbed3b00399f0a897f59392f6b7a1329a"
            ],
            "type": "Fetch",
            "firstPartyCookies": {},
            "firstPartyCookiesSent": {},
            "exampleSites": [
                "calendly.com",
                "code.org",
                "fr.scribd.com",
                "fr.talent.com",
                "fr.slideshare.net",
                "grok.com",
                "linktr.ee",
                "n26.com",
                "notino.fr",
                "openai.com",
                "platform.openai.com",
                "soundcloud.com",
                "webflow.com",
                "www.abc.net.au",
                "www.bloomberg.com",
                "www.decathlon-outdoor.com",
                "www.figma.com",
                "www.notino.fr",
                "www.scribd.com",
                "www.zoominfo.com"
            ]
        }
    ],
    "categories": [],
    "performance": {},
    "cookies": 0.00205,
    "topInitiators": [
        {
            "domain": "first party",
            "prevalence": 0.64
        },
        {
            "domain": "jsdelivr.net",
            "prevalence": 0.2
        },
        {
            "domain": "scribdassets.com",
            "prevalence": 0.08
        },
        {
            "domain": "slidesharecdn.com",
            "prevalence": 0.08
        }
    ],
    "types": {
        "Fetch": 20
    },
    "nameservers": [
        "ns-1178.awsdns-19.org",
        "ns-1952.awsdns-52.co.uk",
        "ns-387.awsdns-48.com",
        "ns-940.awsdns-53.net"
    ]
}