{
    "domain": "futurehybrid.tech",
    "owner": {},
    "source": [
        "DuckDuckGo-FR"
    ],
    "prevalence": 0.00154,
    "sites": 15,
    "subdomains": [
        "sommelier"
    ],
    "cnames": [],
    "fingerprinting": 0,
    "resources": [
        {
            "rule": "futurehybrid\\.tech\\/config\\/",
            "cookies": 0,
            "fingerprinting": 0,
            "subdomains": [
                "sommelier"
            ],
            "apis": {},
            "sites": 15,
            "prevalence": 0.00154,
            "cnames": [],
            "responseHashes": [
                "bbae5d18f38df21b734db4b2524a92b7e79bc201d37733a67dc1ef74652abfdb",
                "f961d8a07a73a5c60fcee332dcc74d4321cc4197a789139433ad14196780550e",
                "368113b9b33ae01764d60873ace9b86d935f677617692c94f3a42554848e7c1d",
                "61a15e6e4e009b035a75b23b22d27b1ac014bc8c6d6ad3ebc967249bd23f72a6",
                "f2cb1568b97d47c899266e918a14cbcb2adde1ae921050fb16ad3a5bd6ef4e8c",
                "fff882ba7fa3ae38494881f03a66185f833cb9630cce751187015b8731e1269d",
                "1dfe21ad103e9ad626cd7b72fb3fedfec43c08cd21a496ed1ede21494d28ef83",
                "c09966446217cc9b382202e3a07a8d36e610c0284c0359e6a8fe422b0a98afbe",
                "87bb12723c9471cb977ed34efc10520a51dbc25bcb6657486631725b6f3b6934",
                "c2a6c309671e14be2ea6c4a5cb5ba81cb51758c193626ce0bb245056612cacbd",
                "56390020e35c64e403dcf7eca2a5a622f6c92046ea0d6719ff396b4cc86b15a9",
                "c0863b82155acc6993397eb2a9d4f79f7a10259ec71fa6642c14f1475dd11946",
                "d6c974958c4451c6a5b3b1408273e98fbe8f8dc614b39157c962db1fc32a3c29",
                "881facdb2bd7cc6fea9700bf3c40b8d6190cbfca4744d926b008550a69094358"
            ],
            "type": "Fetch",
            "firstPartyCookies": {},
            "firstPartyCookiesSent": {},
            "exampleSites": [
                "tomshardware.com",
                "www.cyclingweekly.com",
                "www.cyclingnews.com",
                "www.digitalcameraworld.com",
                "www.gamesradar.com",
                "www.guitarworld.com",
                "www.livescience.com",
                "www.musicradar.com",
                "www.pcgamer.com",
                "www.space.com",
                "www.techspot.com",
                "www.tomsguide.com",
                "www.tomshardware.com",
                "www.whathifi.com",
                "www.windowscentral.com"
            ]
        }
    ],
    "categories": [],
    "performance": {},
    "cookies": 0,
    "topInitiators": [
        {
            "domain": "futurecdn.net",
            "prevalence": 1
        }
    ],
    "types": {
        "Fetch": 15
    },
    "nameservers": [
        "ns-1419.awsdns-49.org",
        "ns-786.awsdns-34.net",
        "ns-1705.awsdns-21.co.uk",
        "ns-55.awsdns-06.com"
    ]
}