{
    "domain": "gcprivacy.com",
    "owner": {},
    "source": [
        "DuckDuckGo-FR"
    ],
    "prevalence": 0.000716,
    "sites": 7,
    "subdomains": [
        "p",
        "p2"
    ],
    "cnames": [],
    "fingerprinting": 1,
    "resources": [
        {
            "rule": "gcprivacy\\.com\\/t\\/gcid_s\\.min\\.js",
            "cookies": 0.000614,
            "fingerprinting": 1,
            "subdomains": [
                "p"
            ],
            "apis": {
                "window.localStorage": 6,
                "Document.cookie getter": 6,
                "Date.prototype.getTime": 6,
                "Document.cookie setter": 6
            },
            "sites": 6,
            "prevalence": 0.000614,
            "cnames": [],
            "responseHashes": [
                "838758441f84717091712d78704b651cf43ad5912e60d3545389eb653d21d6bf"
            ],
            "type": "Script",
            "firstPartyCookies": {
                "gc_session_id": {
                    "ttl": 3471,
                    "length": 22,
                    "prevalence": 0.0006141248720573184,
                    "uniqueness": 1
                },
                "gcid_first": {
                    "ttl": 7776016,
                    "length": 36,
                    "prevalence": 0.00040941658137154553,
                    "uniqueness": 1
                }
            },
            "firstPartyCookiesSent": {},
            "exampleSites": [
                "w3docs.com",
                "www.jpost.com",
                "www.sofascore.com",
                "www.w3docs.com",
                "www.webvilles.net",
                "www.whatfontis.com"
            ]
        },
        {
            "rule": "gcprivacy\\.com\\/v4\\/sync",
            "cookies": 0.000716,
            "fingerprinting": 0,
            "subdomains": [
                "p2"
            ],
            "apis": {},
            "sites": 7,
            "prevalence": 0.000716,
            "cnames": [],
            "responseHashes": [
                "00cad2c4b1229a33c166b7f62856afff6dba0d9c49429c7947552a06db82a9cb",
                "04e90663627d726f48ef24d3a7b4a1f8301f138a53405340e828d63850de1217",
                "52fb4f51bf6a2dc4501a44c0832e966ded54dad45d31c27d7f5cd9a65b9a0f3b",
                "0645973d22bc44203edb006022a92a5f1fade4dfc4092e840882558e50dc6f5d",
                "976fc26c43d4ffb3582692fb021eb7a9407649e9e45ab2daccb2393122ccac11",
                "9b2de454c1c305c8f54e42bf210cd8e15c40f516b5253a4cad46417e86fc7312"
            ],
            "type": "XHR",
            "firstPartyCookies": {},
            "firstPartyCookiesSent": {},
            "exampleSites": [
                "w3docs.com",
                "www.jpost.com",
                "www.sofascore.com",
                "www.sportskeeda.com",
                "www.w3docs.com",
                "www.webvilles.net",
                "www.whatfontis.com"
            ]
        }
    ],
    "categories": [],
    "performance": {},
    "cookies": 0.000716,
    "topInitiators": [
        {
            "domain": "adapex.io",
            "prevalence": 0.75
        },
        {
            "domain": "first party",
            "prevalence": 0.25
        }
    ],
    "types": {
        "Script": 6,
        "XHR": 7
    },
    "nameservers": [
        "ns-1134.awsdns-13.org",
        "ns-1818.awsdns-35.co.uk",
        "ns-409.awsdns-51.com",
        "ns-828.awsdns-39.net"
    ]
}