{
    "domain": "logbor.com",
    "owner": {},
    "source": [
        "DuckDuckGo-FR"
    ],
    "prevalence": 0.00102,
    "sites": 10,
    "subdomains": [
        "u"
    ],
    "cnames": [],
    "fingerprinting": 0,
    "resources": [
        {
            "rule": "logbor\\.com\\/p\\/",
            "cookies": 0,
            "fingerprinting": 0,
            "subdomains": [
                "u"
            ],
            "apis": {},
            "sites": 10,
            "prevalence": 0.00102,
            "cnames": [],
            "responseHashes": [
                "54e35b597e1064f3905ce3305916e8c4ceb12e61b31f3939f4ec267e332e86ed",
                "90a54806ad268567e59dae5fe67d7386c8dfce745399198973a1a0b4242b4d02",
                "cbdee1343aa7c51693f691d9c9d1658d00a7703cd8a05b2b4a3b88953f5b91b9",
                "4fd842e9e2c89c0b07863e8ba4a2b8c9d520b35cb04f89d561297a650dead729",
                "e3b0c44298fc1c149afbf4c8996fb92427ae41e4649b934ca495991b7852b855",
                "b32fb013f9f905b87395d9f9511f7929b4ce242cda8d95235ff944b4779d95f1",
                "1ac3a247a0aa791b5f741713a82ab73a0d0a0d10f9ec02a0224d561de00f04f5",
                "e7e23f3c9eba16f70921bf6a28e4c6ebc2c77c8207254b5762b701a2deaeb173"
            ],
            "type": "Script",
            "firstPartyCookies": {},
            "firstPartyCookiesSent": {},
            "exampleSites": [
                "ign.fr",
                "datascientest.com",
                "fr.eni.com",
                "ignrando.fr",
                "www.cashexpress.fr",
                "www.comptoir-irlandais.com",
                "www.ducati.com",
                "www.easybourse.com",
                "www.efl.fr",
                "www.filmotv.fr"
            ]
        },
        {
            "rule": "logbor\\.com\\/tcs",
            "cookies": 0,
            "fingerprinting": 0,
            "subdomains": [
                "u"
            ],
            "apis": {},
            "sites": 8,
            "prevalence": 0.000819,
            "cnames": [],
            "responseHashes": [
                "e3b0c44298fc1c149afbf4c8996fb92427ae41e4649b934ca495991b7852b855",
                "092505f28949e72992834e8eeee26f1fc49bdfa9be1deee428d638687e002ed2",
                "bf9d5abc57f47c8ad48c0dc8da31242bc97437feb0bb83a9bc75bce4f3a40eed",
                "0cf35451f744f5e97b8d40c1d0f954d2bf140928eb490ba3e33c35c18aa50951"
            ],
            "type": "Script",
            "firstPartyCookies": {},
            "firstPartyCookiesSent": {},
            "exampleSites": [
                "ign.fr",
                "datascientest.com",
                "fr.eni.com",
                "ignrando.fr",
                "www.cashexpress.fr",
                "www.ducati.com",
                "www.easybourse.com",
                "www.filmotv.fr"
            ]
        }
    ],
    "categories": [],
    "performance": {},
    "cookies": 0,
    "topInitiators": [
        {
            "domain": "googletagmanager.com",
            "prevalence": 0.6
        },
        {
            "domain": "first party",
            "prevalence": 0.3
        },
        {
            "domain": "tiqcdn.com",
            "prevalence": 0.1
        }
    ],
    "types": {
        "Script": 18
    },
    "nameservers": [
        "ns-245-a.gandi.net",
        "ns-202-b.gandi.net",
        "ns-253-c.gandi.net"
    ]
}