{
    "domain": "mobiledition.com",
    "owner": {},
    "source": [
        "DuckDuckGo-FR"
    ],
    "prevalence": 0.00102,
    "sites": 10,
    "subdomains": [
        "www"
    ],
    "cnames": [],
    "fingerprinting": 0,
    "resources": [
        {
            "rule": "mobiledition\\.com\\/verifToken\\.php",
            "cookies": 0,
            "fingerprinting": 0,
            "subdomains": [
                "www"
            ],
            "apis": {},
            "sites": 10,
            "prevalence": 0.00102,
            "cnames": [],
            "responseHashes": [
                "adf20f8fdf5008175927623a946f73b5e5034cc6e25dba584b911502cdb0bdb5",
                "02057900bb7115d9c158233994608b37c1454bf145c0f78883d41821fa2c54f8",
                "6017911f25d55294d177690d299a53095daac2121bd54d20372f15dfb8c8ff3a",
                "3bc807fba36a7279c6eebd4eaa4da1877fb986905d7c1e597708d2aa3d9607e2",
                "4589bc41bbcd44684f1a315cc16eb98485ae7275628bb1ba922deb19ffa79e77",
                "3d4f7448e4d25e8ccf0a93600ec85a94123632e062dbb9dcf1fc5dc0c0763a45",
                "4f96c0e34dae6153273fa87e6a443b0f2fbd140d70499fda81cff6cd78048014",
                "024a1e5b6cad487244087932045059e366cb000066a1357befb923d0ae24a2c6"
            ],
            "type": "Fetch",
            "firstPartyCookies": {},
            "firstPartyCookiesSent": {},
            "exampleSites": [
                "hellfest.fr",
                "mdphenligne.cnsa.fr",
                "www.aixenprovence.fr",
                "www.epsens.com",
                "www.groupe3f.fr",
                "www.harmonie-mutuelle.fr",
                "www.humanite.fr",
                "www.ligue-cancer.net",
                "www.nantes.aeroport.fr",
                "www.tourisme-aveyron.com"
            ]
        }
    ],
    "categories": [],
    "performance": {},
    "cookies": 0,
    "topInitiators": [
        {
            "domain": "numanis.net",
            "prevalence": 0.8
        },
        {
            "domain": "first party",
            "prevalence": 0.1
        },
        {
            "domain": "h-resa.com",
            "prevalence": 0.1
        }
    ],
    "types": {
        "Fetch": 10
    },
    "nameservers": [
        "dns200.anycast.me",
        "ns200.anycast.me"
    ]
}