{
    "domain": "mrf.io",
    "owner": {
        "name": "Marfeel Solutions, S.L.",
        "displayName": "Marfeel"
    },
    "source": [
        "DuckDuckGo-FR"
    ],
    "prevalence": 0.00839,
    "sites": 82,
    "subdomains": [
        "sdk",
        "marfeelexperimentsexperienceengine",
        "flowcards",
        "experiences"
    ],
    "cnames": [],
    "fingerprinting": 1,
    "resources": [
        {
            "rule": "mrf\\.io\\/statics\\/marfeel-sdk\\.js",
            "cookies": 0.00819,
            "fingerprinting": 1,
            "subdomains": [
                "sdk"
            ],
            "apis": {
                "window.localStorage": 80,
                "Navigator.prototype.userAgent": 79,
                "window.sessionStorage": 80,
                "Date.prototype.getTime": 80,
                "Document.cookie setter": 80,
                "Document.cookie getter": 80,
                "window.innerHeight": 2,
                "window.innerWidth": 2
            },
            "sites": 82,
            "prevalence": 0.00839,
            "cnames": [],
            "responseHashes": [
                "30c63fc1f6721fff0ab4b3c5f1f37304570fbcba8894717e218fc81b7561ea3c",
                "3f5c23fa1c8fb79d19de4bf75f1db8bac0cdd1cbe3963af17873d86603664b31",
                "add93f8be4401b0969772ecd7c4002a519ad3de003a458168c0434e5f0f0820a",
                "157ff5b2aee99142f7db923d9772daef0ef80585c4cd33af6bb61fb502a8c118",
                "fd2577e37bbb20660f5508ccda9217f1c2ae8feb6ebe1f7fcc69effd85ccbada",
                "8fdf10a3741e255742ad0d2e9936a53ebf91034092a2b814bca082140898da3b",
                "6f3bc62080461d2e973f1bfbb9d1d01b066d1b092be654ac34ec3a1961b89eb1",
                "4d77c8ba641b610cccfbe6f781aed6256a2c3c3fea9880691be72b196deaf897",
                "a5d59156d5322e415ac6fc6afaf327be260d54cff68d45a31b501581e607b208",
                "b32f9594e67b4f69544867974e572d0371f73090fea438a9aae3553ef9fef1a2",
                "bc61f8734b8a47a7da9ea2fdc98e35934615fd0a46bad1a5921c8cf659031030",
                "874810efce6b44fa2c490b646249d2176ec1f51382f903ccd3d19334df5aef1b",
                "0b32779225e247c3f4f984ea225e890c20e5f0fb9a301b5b044ec8c7c1edf73c",
                "7a6d77ecc59b456a79cd8be7b1aa5e7d09f57eb529f0c1b15114b9eff4d4c545",
                "1a112148b892ea5aeca2bb703b6b8bc9dfd65f152e56687596bcfe157add12b1",
                "ac918112db3dc84073778bcadac5f57f38cd89bfd73b3783082cc62f47b2f895",
                "68ce5a330e39ece19d875440acb78305ae8deb472d90d0ec854c113f01a33476",
                "b9cf20cb38a33878347787208c15ae6fb9c7da07aeef9fa95bb54a9df869d9ac",
                "307083cc3e0551616b03c380065d0cad15efa93b57dfb38efaec82706beeff89",
                "08c822c5581156afdde67b0f2676b0d676223b3ea83d1d703df68c5336915f0a",
                "0dc8497a9e92a44407e51044283a4f5c00d4210cc1c6ec19c58d87f5e5515b91",
                "5197f3daf698e958dedf1bc87a377bdb850d04650afb8e459ac3a64584d708eb",
                "84d93aac334747e9e1c0a319eb0c00687f2eb762a19afe202f47082a68955dfe",
                "c16c142d0cda1f42463b1c548caa8fffe3cc4cf5087500cda083ba46b8a0a0a7",
                "54bf6ed7b6948efde65c9c1c560e45a7a1287ba6e6d85155827cd260712d6716",
                "677c9e3f93aece4c4b89de345acb5b935be1c67c1863eeea2acefdffe15e63b5",
                "5c93dbb6e720cbdad5d75f8d056faf666579b189f6ec7f930e13a1c60931fc05",
                "b90c0ea009c013a616d561326f9b2885e73a10edaa6e4c228ba13ade966313a0",
                "b48fb162a3617a704b7a25878444f6510df1ca4546573e8ab0f794565b8d02e5",
                "916a1627d7d3cf4bba000b495ec645ba49ea87bfaf934faec0b6ca3f396ba1d0",
                "9d932bee0b434911ebfe1c705e58b6b27338b0d22e683400047dece75887148f"
            ],
            "type": "Script",
            "firstPartyCookies": {
                "___nrbic": {
                    "ttl": 15552004,
                    "length": 395,
                    "prevalence": 0.0007164790174002047,
                    "uniqueness": 1
                },
                "___nrbi": {
                    "ttl": 15552004,
                    "length": 202,
                    "prevalence": 0.0007164790174002047,
                    "uniqueness": 1
                },
                "compass_uid": {
                    "ttl": 15552004,
                    "length": 36,
                    "prevalence": 0.0007164790174002047,
                    "uniqueness": 1
                }
            },
            "firstPartyCookiesSent": {},
            "exampleSites": [
                "elpais.com",
                "gizmodo.com",
                "www.businessinsider.com",
                "www.notretemps.com",
                "evene.lefigaro.fr",
                "www.sports.fr",
                "carnetdujour.lefigaro.fr",
                "www.parismatch.com",
                "www.watson.ch",
                "www.timesofisrael.com",
                "www.latribune.fr",
                "www.science-et-vie.com",
                "www.maison-travaux.fr",
                "www.santeplusmag.com",
                "www.lebonbon.fr",
                "as.com",
                "www.infobae.com",
                "tvmag.lefigaro.fr",
                "forums.cnetfrance.fr",
                "video.lefigaro.fr"
            ]
        },
        {
            "rule": "mrf\\.io\\/statics\\/compass-multimedia-sdk\\.js",
            "cookies": 0,
            "fingerprinting": 0,
            "subdomains": [
                "sdk"
            ],
            "apis": {},
            "sites": 28,
            "prevalence": 0.00287,
            "cnames": [],
            "responseHashes": [
                "3bbbdec489d03a436953c9ac0d16cc02ee2b53397683db74173225ec288aefd7"
            ],
            "type": "Script",
            "firstPartyCookies": {},
            "firstPartyCookiesSent": {},
            "exampleSites": [
                "www.businessinsider.com",
                "www.watson.ch",
                "reporterre.net",
                "www.iphon.fr",
                "www.latribune.fr",
                "www.lavanguardia.com",
                "tvmag.lefigaro.fr",
                "www.parismatch.com",
                "www.konbini.com",
                "www.lefigaro.fr",
                "www.presse-citron.net",
                "www.journaldugeek.com",
                "video.lefigaro.fr",
                "sante.lefigaro.fr",
                "lefigaro.fr",
                "evene.lefigaro.fr",
                "horaires.lefigaro.fr",
                "www.infobae.com",
                "leconjugueur.lefigaro.fr",
                "leparticulier.lefigaro.fr"
            ]
        },
        {
            "rule": "mrf\\.io\\/experimentsexperience\\/render",
            "cookies": 0,
            "fingerprinting": 1,
            "subdomains": [
                "marfeelexperimentsexperienceengine"
            ],
            "apis": {
                "window.localStorage": 4
            },
            "sites": 19,
            "prevalence": 0.00194,
            "cnames": [],
            "responseHashes": [
                "0f8d6ca57f8a3a474d985e259006a7fa5c73e7b1f91d42d87c6634154948d226",
                "2fbc8794449233d15221f393e2f6cdc9c58bb6d5e6440eecb0d72326264eb001",
                "3dd023fbd651e7e6a22edc15386ca6de350462a9640b276671d9b81004515812",
                "65ffffcd8bb6692e98fa960091e63aefd881f588fda526afe57a3b7c7ce548fa",
                "c5b4214e789b963f94844ed82aaeb99ca62b22d2f89bcfbedb0c313668bcbc5c"
            ],
            "type": "Script",
            "firstPartyCookies": {},
            "firstPartyCookiesSent": {},