{
    "domain": "pbxai.com",
    "owner": {},
    "source": [
        "DuckDuckGo-FR"
    ],
    "prevalence": 0.00256,
    "sites": 25,
    "subdomains": [
        "floor",
        "cdn",
        "api"
    ],
    "cnames": [],
    "fingerprinting": 1,
    "resources": [
        {
            "rule": "pbxai\\.com\\/",
            "cookies": 0,
            "fingerprinting": 0,
            "subdomains": [
                "floor"
            ],
            "apis": {},
            "sites": 18,
            "prevalence": 0.00184,
            "cnames": [],
            "responseHashes": [
                "b2b457f02c5f69b8b231206fe188634f255247bd8754e1df89d605a7670770f7",
                "1f2f36a522196e7d39bb2214fcdc3087fa7ef62a646df99087f12b72d5fdfa94",
                "406a9ba4dd0c25924ca3a450c7b35f19e8854a5b88ccf4a2e872a686faf0d773",
                "ed2a8e80c15af3087fdacf9e2f3464066af02f00dadac1bd5edd25e21a082c94",
                "7d9114d16514219c13d050ca930b0f4b39179f46963e9edaa8bce80616e84244",
                "c8f52a2de017d6860c1d1786d1b6ad1912db762b73febd456fd68d7bd28a1ead",
                "ae786e331434164b107a06c526e5553c2842d9134a9bf5b9fdec5a75fc347ff7",
                "c04d21a9617b10e0a4ee8fa10ef7776cdf4e66b1e97b4c8c7502e933e3a2a987",
                "b21ea0f717956ed65eff304a988909a968c4805f918566c97de54c3f5f847e17",
                "20507937a7d334f711562c7e77e834979f3e2fbee5ab0d18dc6302a5beb1bebe",
                "94e6767efceda46fdbedb661190168d13e4b2499acb7daed10cb76bb4c0f3bf4",
                "39c09325e5ea834c5bc4256b6bbd5db42f81e0f4d9217866ab656ad734447f5e",
                "36f5b149d803853e72a944a83b5ffea086bb948afcaaa86beb79cf92137ec8dc",
                "e3b0c44298fc1c149afbf4c8996fb92427ae41e4649b934ca495991b7852b855",
                "e0a1e4fca69958918b262d7479eed86e64a81f398ab8ced445ea7f4e3a819b57",
                "10ba161cc13e8149bc994ba1ba2b73c1da90a5a46a9d3bc2f3e4b9211612a9cf",
                "26c21e7dafa44c1215847a4dcfd6b9252cf3c48e051644c786a4048bc20a8d79"
            ],
            "type": "Fetch",
            "firstPartyCookies": {},
            "firstPartyCookiesSent": {},
            "exampleSites": [
                "windfinder.com",
                "futbol-11.com",
                "www.bbcgoodfood.com",
                "www.connexionfrance.com",
                "www.geoguessr.com",
                "www.imagetotext.io",
                "www.linguee.de",
                "www.linguee.fr",
                "www.linguee.com",
                "www.logicieleducatif.fr",
                "www.livesoccertv.com",
                "www.notebookcheck.net",
                "www.radio-en-ligne.fr",
                "www.radiotimes.com",
                "www.timeout.fr",
                "www.timeout.com",
                "www.ultimatespecs.com",
                "www.wordhippo.com"
            ]
        },
        {
            "rule": "pbxai\\.com\\/5f4a4498-4f1f-48c2-94fc-26ecfea898d8\\.js",
            "cookies": 0,
            "fingerprinting": 1,
            "subdomains": [
                "cdn"
            ],
            "apis": {
                "window.localStorage": 3,
                "window.sessionStorage": 3,
                "Date.prototype.getTime": 3
            },
            "sites": 3,
            "prevalence": 0.000307,
            "cnames": [],
            "responseHashes": [
                "bfc561521ab0bbc531bbe3aa940de4167b9e0385864e4ac61afdc909e680adc3",
                "d093cad10ca1bc0f6fbe1cfdb5ab466d6031889f8175cfb92d7ab61ce829d0bc"
            ],
            "type": "Script",
            "firstPartyCookies": {},
            "firstPartyCookiesSent": {},
            "exampleSites": [
                "on4t.com",
                "www.linuxfordevices.com",
                "www.logicieleducatif.fr"
            ]
        },
        {
            "rule": "pbxai\\.com\\/analytics\\/auction",
            "cookies": 0,
            "fingerprinting": 0,
            "subdomains": [
                "api"
            ],
            "apis": {},
            "sites": 3,
            "prevalence": 0.000307,
            "cnames": [],
            "responseHashes": [],
            "type": "Fetch",
            "firstPartyCookies": {},
            "firstPartyCookiesSent": {},
            "exampleSites": [
                "on4t.com",
                "www.digitalcameraworld.com",
                "www.linuxfordevices.com"
            ]
        },
        {
            "rule": "pbxai\\.com\\/",
            "cookies": 0,
            "fingerprinting": 0,
            "subdomains": [
                "floor"
            ],
            "apis": {},
            "sites": 3,
            "prevalence": 0.000307,
            "cnames": [],
            "responseHashes": [
                "077063e53f0f69133cf956ed522b7e47519e5cefa7231e72099fa2adbcb749e7",
                "cb0800306143344cad5233fab2e86bb4637053cf58bc89a8dbc46ce76a4848fc"
            ],
            "type": "Other",
            "firstPartyCookies": {},
            "firstPartyCookiesSent": {},
            "exampleSites": [
                "recherche-ebook.fr",
                "www.avionslegendaires.net",
                "www.opex360.com"
            ]
        },
        {
            "rule": "pbxai\\.com\\/f8d756ed-7cb8-46cc-83ca-968168e81ce6\\.js",
            "cookies": 0,
            "fingerprinting": 1,
            "subdomains": [
                "cdn"
            ],
            "apis": {
                "window.localStorage": 3,
                "window.sessionStorage": 3,
                "Date.prototype.getTime": 3
            },
            "sites": 3,
            "prevalence": 0.000307,
            "cnames": [],
            "responseHashes": [
                "167d8747cdff2887b78aae6eada9c79a3161203ec6001a5a0b471a8c90e3250e",
                "d0eb7f6f2e380ee959d31098a931e374f3b874106799bdc33d68050c339b0a6c"
            ],
            "type": "Script",
            "firstPartyCookies": {},
            "firstPartyCookiesSent": {},
            "exampleSites": [
                "recherche-ebook.fr",
                "www.avionslegendaires.net",
                "www.opex360.com"
            ]
        },
        {
            "rule": "pbxai\\.com\\/663ac230-2e1d-489d-a6bb-d0fcbfbc8759\\.js",
            "cookies": 0,
            "fingerprinting": 1,
            "subdomains": [
                "cdn"
            ],
            "apis": {
                "window.localStorage": 2,
                "window.sessionStorage": 2,
                "Date.prototype.getTime": 2
            },
            "sites": 2,
            "prevalence": 0.000205,
            "cnames": [],
            "responseHashes": [
                "d33d7f78245ed5e8bc9de9146c5d4330f8d50f8c0fbaaeb22c7ba3f54e66ac64"
            ],
            "type": "Script",
            "firstPartyCookies": {},
            "firstPartyCookiesSent": {},
            "exampleSites": [
                "bbcgoodfood.com",
                "www.radiotimes.com"
            ]
        },
        {
            "rule": "pbxai\\.com\\/d6e878c7-bc55-491a-8e0b-2e2dec1d395a\\.js",
            "cookies": 0,
            "fingerprinting": 1,
            "subdomains": [
                "cdn"
            ],
            "apis": {
                "window.localStorage": 1,
                "window.sessionStorage": 1,
                "Date.prototype.getTime": 1
            },
            "sites": 2,
            "prevalence": 0.000205,
            "cnames": [],
            "responseHashes": [
                "40f345bdd5ca074c426ac51716ea01bf0d666dd15253592b9d0ece8c09bc37de"
            ],
            "type": "Script",
            "firstPartyCookies": {},
            "firstPartyCookiesSent": {},
            "exampleSites": [
                "timeout.fr",
                "www.timeout.com"
            ]
        }
    ],
    "categories": [],
    "performance": {},
    "cookies": 0,
    "topInitiators": [
        {
            "domain": "snigelweb.com",