{
    "domain": "sensic.net",
    "owner": {},
    "source": [
        "DuckDuckGo-FR"
    ],
    "prevalence": 0.000819,
    "sites": 8,
    "subdomains": [
        "es-config-preproduction",
        "es-config",
        "174736981536920228541c6a2050dc99d60060d9c2148319f75e7fce.trk",
        "1747371286276334c5932dd2d8ccdc3da75edc8d527ecab21f46ce1b.trk",
        "1747370327380aeea54137dac65cf43d1eacb2e52eca682336008d33.trk",
        "17473726794726abcc7a64ec47f7045086bcf26b3618ba8f1a543245.trk",
        "17473726585207f57fe8393561a43fa79828dc637f98763b051667d9.trk",
        "174737088809422d3bffbc045e273491f4ce78d338816ff8708f4c8c.trk",
        "17473729317503896d20bc1042b06bc1f10be5ac95e0597ed418c307.trk",
        "1747369627378236aeb50658ebd4fa0409a19c0c2a8f95454ae0a2bd.trk",
        "es1preprod-s2s",
        "es1-s2s"
    ],
    "cnames": [],
    "fingerprinting": 2,
    "resources": [
        {
            "rule": "sensic\\.net\\/s2s-web\\.js",
            "cookies": 0,
            "fingerprinting": 2,
            "subdomains": [
                "es-config-preproduction",
                "es-config"
            ],
            "apis": {
                "window.localStorage": 8,
                "Date.prototype.getTime": 8,
                "Navigator.prototype.userAgent": 8,
                "Navigator.prototype.platform": 8,
                "Navigator.prototype.language": 8,
                "Notification.permission": 6,
                "Navigator.prototype.plugins": 6
            },
            "sites": 8,
            "prevalence": 0.000819,
            "cnames": [],
            "responseHashes": [
                "673417662bb37bc9e2d10dafb369582779ef1163a7dc115e2af97402f21ed417"
            ],
            "type": "Script",
            "firstPartyCookies": {},
            "firstPartyCookiesSent": {},
            "exampleSites": [
                "amelioretasante.com",
                "as.com",
                "elpais.com",
                "www.infobae.com",
                "www.lavanguardia.com",
                "www.marca.com",
                "www.mundodeportivo.com",
                "www.tameteo.com"
            ]
        },
        {
            "rule": "sensic\\.net\\/tp\\.gif",
            "cookies": 0,
            "fingerprinting": 0,
            "subdomains": [
                "174736981536920228541c6a2050dc99d60060d9c2148319f75e7fce.trk",
                "1747371286276334c5932dd2d8ccdc3da75edc8d527ecab21f46ce1b.trk",
                "1747370327380aeea54137dac65cf43d1eacb2e52eca682336008d33.trk",
                "17473726794726abcc7a64ec47f7045086bcf26b3618ba8f1a543245.trk",
                "17473726585207f57fe8393561a43fa79828dc637f98763b051667d9.trk",
                "174737088809422d3bffbc045e273491f4ce78d338816ff8708f4c8c.trk",
                "17473729317503896d20bc1042b06bc1f10be5ac95e0597ed418c307.trk",
                "1747369627378236aeb50658ebd4fa0409a19c0c2a8f95454ae0a2bd.trk"
            ],
            "apis": {},
            "sites": 8,
            "prevalence": 0.000819,
            "cnames": [],
            "responseHashes": [
                "e3b0c44298fc1c149afbf4c8996fb92427ae41e4649b934ca495991b7852b855"
            ],
            "type": "XHR",
            "firstPartyCookies": {},
            "firstPartyCookiesSent": {},
            "exampleSites": [
                "amelioretasante.com",
                "as.com",
                "elpais.com",
                "www.infobae.com",
                "www.lavanguardia.com",
                "www.marca.com",
                "www.mundodeportivo.com",
                "www.tameteo.com"
            ]
        },
        {
            "rule": "sensic\\.net\\/3pc\\.html",
            "cookies": 0,
            "fingerprinting": 1,
            "subdomains": [
                "es-config-preproduction",
                "es-config"
            ],
            "apis": {
                "Document.cookie getter": 1
            },
            "sites": 8,
            "prevalence": 0.000819,
            "cnames": [],
            "responseHashes": [
                "568ac6a9a523149d3865ab62f1020e2ec42de1005db3d69afaae6a82eff12f27"
            ],
            "type": "Document",
            "firstPartyCookies": {},
            "firstPartyCookiesSent": {},
            "exampleSites": [
                "amelioretasante.com",
                "as.com",
                "elpais.com",
                "www.infobae.com",
                "www.lavanguardia.com",
                "www.marca.com",
                "www.mundodeportivo.com",
                "www.tameteo.com"
            ]
        },
        {
            "rule": "sensic\\.net\\/",
            "cookies": 0,
            "fingerprinting": 0,
            "subdomains": [
                "es1preprod-s2s",
                "es1-s2s"
            ],
            "apis": {},
            "sites": 8,
            "prevalence": 0.000819,
            "cnames": [],
            "responseHashes": [
                "e3b0c44298fc1c149afbf4c8996fb92427ae41e4649b934ca495991b7852b855"
            ],
            "type": "XHR",
            "firstPartyCookies": {},
            "firstPartyCookiesSent": {},
            "exampleSites": [
                "amelioretasante.com",
                "as.com",
                "elpais.com",
                "www.infobae.com",
                "www.lavanguardia.com",
                "www.marca.com",
                "www.mundodeportivo.com",
                "www.tameteo.com"
            ]
        },
        {
            "rule": "sensic\\.net\\/id",
            "cookies": 0,
            "fingerprinting": 0,
            "subdomains": [
                "es1-s2s"
            ],
            "apis": {},
            "sites": 4,
            "prevalence": 0.000409,
            "cnames": [],
            "responseHashes": [
                "e3b0c44298fc1c149afbf4c8996fb92427ae41e4649b934ca495991b7852b855"
            ],
            "type": "XHR",
            "firstPartyCookies": {},
            "firstPartyCookiesSent": {},
            "exampleSites": [
                "as.com",
                "www.marca.com",
                "www.mundodeportivo.com",
                "www.tameteo.com"
            ]
        }
    ],
    "categories": [],
    "performance": {},
    "cookies": 0,
    "topInitiators": [
        {
            "domain": "first party",
            "prevalence": 0.625
        },
        {
            "domain": "adobedtm.com",
            "prevalence": 0.375
        }
    ],
    "types": {
        "Script": 8,
        "XHR": 20,
        "Document": 8
    },
    "nameservers": [
        "ns-1003.awsdns-61.net",
        "ns-1081.awsdns-07.org",
        "ns-1850.awsdns-39.co.uk",
        "ns-192.awsdns-24.com"
    ]
}