{
    "domain": "sibautomation.com",
    "owner": {
        "name": "Dual Technologies Services",
        "displayName": "Dual Technologies Services"
    },
    "source": [
        "DuckDuckGo-FR"
    ],
    "prevalence": 0.00645,
    "sites": 63,
    "subdomains": [],
    "cnames": [],
    "fingerprinting": 1,
    "resources": [
        {
            "rule": "sibautomation\\.com\\/sa\\.js",
            "cookies": 0.00553,
            "fingerprinting": 1,
            "subdomains": [],
            "apis": {
                "Document.cookie getter": 58,
                "Date.prototype.getTime": 46,
                "Document.cookie setter": 54
            },
            "sites": 63,
            "prevalence": 0.00645,
            "cnames": [],
            "responseHashes": [
                "b1ce4af148ed3270c7fb59d13b41e8ad21bea1a9b8a0e882a57d527c0bb67191",
                "42629302ed397ee7527e1172c0001049bf8be334820f2a4d3bc60828dd923a36",
                "5fee8d1ef563d86bb2b756a72ccc44949d0a137ac772e11243978e04f9028e06",
                "8a25b894e34537b1f0375bdce5783047d2237b050c36a1258a121fd75902304d",
                "9713a4e50ce7d1d9596e7595ff8d4080655c225c1b2fd696679aafc7e396193b",
                "24d8cc7de9c2facd72fb8f7ff38d6272e5549a64c715635cc933d0ae8ce40c1d",
                "09a738ccc61c3d0e7dd44372257a96cbbc60d46011c5b25ab0c2e3362eb60d18",
                "542d1d607e8f82a412ad0cefcaa82f45339828181143d2fc70e82f2acfebebe6",
                "da4d66ae7a1e64a35e284686690a42117d90fb20fc10d10f7685a7282cb16894",
                "60cbd5c382b46c36ec66f209b88cdc58e9a3199eb12c4ee1b658bdf6d671bd84",
                "c87a7690e1603a578e552e95857d071f84fec785fd118226c769ec2aac6716d2",
                "90121e40c61bd34c54aa5d278e024c51ca3a37dc96aca2e01804f9d15e1da782",
                "ac3ecedc0a5da00c60944b0544eb17add4151327dcf524f034c00c0cede84055"
            ],
            "type": "Script",
            "firstPartyCookies": {
                "sib_cuid": {
                    "ttl": 15710401,
                    "length": 36,
                    "prevalence": 0.0054247697031729785,
                    "uniqueness": 1
                }
            },
            "firstPartyCookiesSent": {},
            "exampleSites": [
                "lesveloselectriques.fr",
                "www.webmotoculture.com",
                "www.myshop-solaire.com",
                "www.restosducoeur.org",
                "www.pretajardiner.com",
                "www.wonderbox.fr",
                "www.willemsefrance.fr",
                "thotismedia.com",
                "jaime-jardiner.ouest-france.fr",
                "www.jardiniers-professionnels.fr",
                "www.maison-et-domotique.com",
                "cvdesignr.com",
                "www.merci-facteur.com",
                "swap-europe.com",
                "www.actuabd.com",
                "www.camara.net",
                "www.cycletyres.fr",
                "quoifaireabordeaux.com",
                "www.chullanka.com",
                "www.sudeducation.org"
            ]
        }
    ],
    "categories": [],
    "performance": {},
    "cookies": 0.00553,
    "topInitiators": [
        {
            "domain": "brevo.com",
            "prevalence": 0.4393939393939394
        },
        {
            "domain": "first party",
            "prevalence": 0.4090909090909091
        },
        {
            "domain": "googletagmanager.com",
            "prevalence": 0.15151515151515152
        }
    ],
    "types": {
        "Script": 63
    },
    "nameservers": [
        "josh.ns.cloudflare.com",
        "mary.ns.cloudflare.com"
    ]
}