{
    "domain": "trackcmp.net",
    "owner": {
        "name": "ActiveCampaign, Inc.",
        "displayName": "ActiveCampaign"
    },
    "source": [
        "DuckDuckGo-FR"
    ],
    "prevalence": 0.00143,
    "sites": 14,
    "subdomains": [],
    "cnames": [],
    "fingerprinting": 0,
    "resources": [
        {
            "rule": "trackcmp\\.net\\/t_prism_sitemessages\\.php",
            "cookies": 0,
            "fingerprinting": 0,
            "subdomains": [],
            "apis": {},
            "sites": 11,
            "prevalence": 0.00113,
            "cnames": [],
            "responseHashes": [
                "e3b0c44298fc1c149afbf4c8996fb92427ae41e4649b934ca495991b7852b855"
            ],
            "type": "Script",
            "firstPartyCookies": {},
            "firstPartyCookiesSent": {
                "prism_66224862": 0.00010235414534288638,
                "prism_223555403": 0.00010235414534288638,
                "prism_252583879": 0.00010235414534288638,
                "prism_649848035": 0.00010235414534288638,
                "prism_65988392": 0.00010235414534288638,
                "prism_1003408168": 0.00010235414534288638,
                "prism_225600763": 0.00010235414534288638,
                "prism_611487216": 0.00010235414534288638,
                "prism_92073434": 0.00010235414534288638,
                "prism_69078272": 0.00010235414534288638
            },
            "exampleSites": [
                "chinoistips.com",
                "ixtem-moto.com",
                "plantes-sauvages-comestibles.com",
                "protrainer.fr",
                "sagessesante.fr",
                "tradersunion.com",
                "www.addictivetips.com",
                "www.flightconnections.com",
                "www.jpost.com",
                "www.orpi.com",
                "www.thesimsresource.com"
            ]
        },
        {
            "rule": "trackcmp\\.net\\/visit",
            "cookies": 0.000307,
            "fingerprinting": 0,
            "subdomains": [],
            "apis": {},
            "sites": 3,
            "prevalence": 0.000307,
            "cnames": [],
            "responseHashes": [
                "e3b0c44298fc1c149afbf4c8996fb92427ae41e4649b934ca495991b7852b855"
            ],
            "type": "Script",
            "firstPartyCookies": {},
            "firstPartyCookiesSent": {},
            "exampleSites": [
                "gearspace.com",
                "pieces-detachees.sogedis.fr",
                "www.wickedweasel.com"
            ]
        }
    ],
    "categories": [
        "Ad Motivated Tracking",
        "Advertising",
        "Action Pixels"
    ],
    "performance": {},
    "cookies": 0.000307,
    "topInitiators": [
        {
            "domain": "app-us1.com",
            "prevalence": 0.7333333333333333
        },
        {
            "domain": "first party",
            "prevalence": 0.2
        },
        {
            "domain": "googletagmanager.com",
            "prevalence": 0.06666666666666667
        }
    ],
    "types": {
        "Script": 14
    },
    "nameservers": [
        "love.ns.cloudflare.com",
        "kellen.ns.cloudflare.com"
    ]
}