{
    "domain": "uidsync.net",
    "owner": {},
    "source": [
        "DuckDuckGo-FR"
    ],
    "prevalence": 0.00133,
    "sites": 13,
    "subdomains": [],
    "cnames": [],
    "fingerprinting": 0,
    "resources": [
        {
            "rule": "uidsync\\.net\\/sync",
            "cookies": 0.00133,
            "fingerprinting": 0,
            "subdomains": [],
            "apis": {},
            "sites": 13,
            "prevalence": 0.00133,
            "cnames": [],
            "responseHashes": [
                "099d8f552c256d0bbf4dfadb194b3f56baf024db53be8cad47b02ae5515b5c62",
                "9e4e78328f1aea123d1c7085b360542fe637e2324e862fabad7066f6ed009d24",
                "3297a7e9d90d6db89a58b6ceb5875adce08b658a02660b313fd77c5db0fe1120",
                "16f9652acf3e081e76bde2702aa900904588bee9e3acb09aad50fd9884bf872c",
                "c09432fc10924218e17bfb51c62059309d4102d1cf2944c94d6103cafc978824",
                "718832159376b505d69085bf6983da8851d5b1aa59f671fdc748f5af4932fc7e",
                "760d4b3285fb3ec40c66258bad58955ea06ac9b408df93f38f9ccb2a5aacc28b",
                "4a4a34f9afd9902f6ee273deaf2c2ea76e16557e368491bccc9e7d7fa9886c18",
                "e47cf204c3f25645ba3443c052b141bb1f5f3112963454e43fb3b78f29e4dda0",
                "72687a1584f7e20b7bb5668b73ba4bf03b79919b412654518f8948ca7e9c1bc1",
                "ece31cca3e047a5b1183fd7ed1e0d4cabdf97e8a430487eeea29a70399316863",
                "d0112802c27f151200777d3a735930a812090a0c82d3017b67fb89d868eff097"
            ],
            "type": "Fetch",
            "firstPartyCookies": {},
            "firstPartyCookiesSent": {},
            "exampleSites": [
                "amkstation.com",
                "clickthis.blog",
                "coolrom.com",
                "commentcalculer.fr",
                "download.cnet.com",
                "filehippo.com",
                "thefilibusterblog.com",
                "v2.youconvert.net",
                "www.cakesparadise.fr",
                "www.faire.fr",
                "www.jolie-bobine.fr",
                "www.opensubtitles.org",
                "www.psychologie-sociale.com"
            ]
        },
        {
            "rule": "uidsync\\.net\\/sync",
            "cookies": 0,
            "fingerprinting": 0,
            "subdomains": [],
            "apis": {},
            "sites": 13,
            "prevalence": 0.00133,
            "cnames": [],
            "responseHashes": [],
            "type": "Preflight",
            "firstPartyCookies": {},
            "firstPartyCookiesSent": {},
            "exampleSites": [
                "amkstation.com",
                "clickthis.blog",
                "coolrom.com",
                "commentcalculer.fr",
                "download.cnet.com",
                "filehippo.com",
                "thefilibusterblog.com",
                "v2.youconvert.net",
                "www.cakesparadise.fr",
                "www.faire.fr",
                "www.jolie-bobine.fr",
                "www.opensubtitles.org",
                "www.psychologie-sociale.com"
            ]
        }
    ],
    "categories": [],
    "performance": {},
    "cookies": 0.00133,
    "topInitiators": [
        {
            "domain": "push-sdk.com",
            "prevalence": 0.8461538461538461
        },
        {
            "domain": "system-notify.app",
            "prevalence": 0.07692307692307693
        },
        {
            "domain": "push-sdk.net",
            "prevalence": 0.07692307692307693
        }
    ],
    "types": {
        "Fetch": 13,
        "Preflight": 13
    },
    "nameservers": [
        "aspen.ns.cloudflare.com",
        "braden.ns.cloudflare.com"
    ]
}