{
    "domain": "wisepops.net",
    "owner": {},
    "source": [
        "DuckDuckGo-FR"
    ],
    "prevalence": 0.00194,
    "sites": 19,
    "subdomains": [],
    "cnames": [],
    "fingerprinting": 2,
    "resources": [
        {
            "rule": "wisepops\\.net\\/loader\\.js",
            "cookies": 0.00102,
            "fingerprinting": 2,
            "subdomains": [],
            "apis": {
                "window.sessionStorage": 10,
                "window.localStorage": 10,
                "Document.cookie getter": 10,
                "Document.cookie setter": 10,
                "Date.prototype.getTime": 10,
                "window.innerHeight": 10,
                "window.innerWidth": 10,
                "Navigator.prototype.cookieEnabled": 10,
                "Intl.DateTimeFormat.prototype.resolvedOptions": 10
            },
            "sites": 19,
            "prevalence": 0.00194,
            "cnames": [],
            "responseHashes": [
                "b297245f352c48d72592fbb19d5d30e763942b7452c48dfe64f9386854d56cb5",
                "7505003cdddb8686681c1231cf3bc24d08fbf81fcc7703d8b58aae4431ecdeb7",
                "bbece0553c3fb76c0ce9826f6b2ff7f5a36619d13ded518bce7b737e4f2ec001",
                "18e6fd8ca3ce4147edf5a34ecb41c66bdf052dcceaceeeb93c893de1319963d2",
                "c3b8d8fb5d8aa42ab58ed8d7cfc9d0259a90edb664dfa5416040940ea85943b8",
                "e3b0c44298fc1c149afbf4c8996fb92427ae41e4649b934ca495991b7852b855",
                "573baac9d6608616fa5ca2a348fdc4093663feffc1366e98f91c241efc8d774b",
                "baf1be9b5c9ffeeaa1d90f9bf201985fc6f2fd7603a99dcbca407ca435692e29",
                "1d57bd84c4fb55e3220322fafa1dc29eb1023d8e3ae099143a04d50c22297c38",
                "d6c2ee876ebd75651a195129041ff4b0b0ac3a337b8559683e431026a558fb9e",
                "bd137897b33a84251cb6edf39f18484da27b319d157debd15c7dd1a605cb25df",
                "9ccfb07dc81a108e178bfe757ad1f5363143afe9743eb054de3a6981c128fdfd",
                "6730dfe0b33ccac787abea88503e883acc35a3d01a8772e07bb23b03d31d2833",
                "b6c2136c6b69b6ccb3991fc74c6014731168a5ed342e3e704d5a89213212fd1d"
            ],
            "type": "Script",
            "firstPartyCookies": {
                "__tld__": {
                    "ttl": 3,
                    "length": 1,
                    "prevalence": 0.0009211873080859775,
                    "uniqueness": 0.1111111111111111
                },
                "wisepops": {
                    "ttl": 63072000,
                    "length": 151,
                    "prevalence": 0.0009211873080859775,
                    "uniqueness": 1
                },
                "wisepops_session": {
                    "ttl": null,
                    "length": 302,
                    "prevalence": 0.0009211873080859775,
                    "uniqueness": 1
                },
                "wisepops_visitor": {
                    "ttl": 63072000,
                    "length": 67,
                    "prevalence": 0.0009211873080859775,
                    "uniqueness": 1
                },
                "wisepops_visits": {
                    "ttl": 63072000,
                    "length": 40,
                    "prevalence": 0.0009211873080859775,
                    "uniqueness": 1
                },
                "wisepops_props": {
                    "ttl": 34214400,
                    "length": 157,
                    "prevalence": 0.00010235414534288638,
                    "uniqueness": 1
                }
            },
            "firstPartyCookiesSent": {},
            "exampleSites": [
                "buycycle.com",
                "fr.foncia.com",
                "global-exam.com",
                "my-foncia.fonciamillenium.net",
                "myfoncia.fr",
                "particulier.malakoffhumanis.com",
                "www.assoconnect.com",
                "www.ca-prestations-sante.fr",
                "www.dunod.com",
                "www.famillechretienne.fr",
                "www.finishers.com",
                "www.goodmecano.com",
                "www.indy.fr",
                "www.lanutrition.fr",
                "www.mavic.com",
                "www.santevet.com",
                "www.tikamoon.com",
                "www.wedressfair.fr",
                "www.zamnesia.fr"
            ]
        },
        {
            "rule": "wisepops\\.net\\/id",
            "cookies": 0,
            "fingerprinting": 0,
            "subdomains": [],
            "apis": {},
            "sites": 15,
            "prevalence": 0.00154,
            "cnames": [],
            "responseHashes": [
                "02efb94d38e4a4d0f9a66132736da89fc61c7f35a4beda526272fde1b85a2a49",
                "740a9b64b6e8b593158fe5fff9a92dc8c845c942246862a7ab2cfc403bb98caa",
                "275b1104cbd4809466fa6b57135ec5a856fa66772a66c707d9cc516b1a10a197",
                "bc2d801e06d033ccc4b8671c9c3c9c037dfdc3f87be6066f611500118cce1bc3",
                "02d9082a51e38475a31d0b2e59daecc98771051f02d21ecd951761d356e457d8",
                "848e7b056aa6dfef18b20c8e685939c6f31a2a765a3403669106db12cc4cc2de",
                "d7e3d3adc042d6fe5e6bb7f376382fb014d6063269ea2dbc9badf7abdc72a2a2",
                "0a6bc81ea28138307526ed220f45df4dbcbd72f8eaab404e02e08ef16949934a",
                "6514915bc6c7fc428e7e6f0da60eba3d5cc4e0379fb6f3796bf3422d3992966f",
                "a448fa039d2bd9d1c3cc56717803c73573bbf8e6cde4bd48f65aa72e7b47ecc8",
                "e959f6827241ca27c962f18d8392c68f2328cb636326cbf26d15a8626e47658e",
                "f402a11299b1ffc5d2e89cdfdc557decb68926ec0b47a82bc44236947cb3cec7",
                "f5c43c4eee58dfa31aeab051daa7562ca9f19f131b63b38a6485c9591e9bea4a"
            ],
            "type": "Fetch",
            "firstPartyCookies": {},
            "firstPartyCookiesSent": {},
            "exampleSites": [
                "buycycle.com",
                "fr.foncia.com",
                "global-exam.com",
                "my-foncia.fonciamillenium.net",
                "myfoncia.fr",
                "particulier.malakoffhumanis.com",
                "www.assoconnect.com",
                "www.goodmecano.com",
                "www.indy.fr",
                "www.lanutrition.fr",
                "www.mavic.com",
                "www.santevet.com",
                "www.tikamoon.com",
                "www.wedressfair.fr",
                "www.zamnesia.fr"
            ]
        },
        {
            "rule": "wisepops\\.net\\/my-wisepop",
            "cookies": 0,
            "fingerprinting": 0,
            "subdomains": [],
            "apis": {},
            "sites": 14,
            "prevalence": 0.00143,
            "cnames": [],
            "responseHashes": [
                "8f8aeead33e8a41930a1d98b026d14453d0af2735c7b6ef7df40cbb95dffaa16",
                "6f270b66b858864313975242ce29c781d6ed6a3f277a09f89887b3fa117265e7",
                "a4eb897c9aaa54d6a25bff25ab348f15b4b89f62e4e4c5c414567f6a13da6bf4",
                "d6250d3abc589c21f74bff212a1635a8fce97f7c6dc7a5ba1f5c932215acf34a",
                "12d77fce9239a9839a3a1093cae6a5038445f8bad70de0c4a125541e95d2ccce",
                "40be1a5db09f6820495618cdc1a1d0902c3bba5d9407727797e820191640bd8e",
                "930f9e368262702102159b2b98402ef1425cd230587c1ca1ed6a8b57abd162ea",
                "4c2920586d097c0e1917f07414e6fbd2a4fb93884ced049c434553a42ff2f0e7",
                "fd8ef8284ed29000455c2a5aa5e3dac10c4476731ecd9829900e5665b6c32797",
                "e128c08c037ce5bcad7c9092cae4f1691af98218cd2664a84b48d3ca8091f2a1",
                "af84ce8b0e0d192cf1fbd5dac159eb70ea8d07baa6e4d5f44f5b8f4ca0cdbb2f",
                "ecc8f7411cc786a61f3b7da210d55bab05c144f8f33616734d2ee4006f9d0d61"
            ],
            "type": "XHR",
            "firstPartyCookies": {},
            "firstPartyCookiesSent": {},