{
    "domain": "youradexchange.com",
    "owner": {},
    "source": [
        "DuckDuckGo-FR"
    ],
    "prevalence": 0.00113,
    "sites": 11,
    "subdomains": [],
    "cnames": [],
    "fingerprinting": 0,
    "resources": [
        {
            "rule": "youradexchange\\.com\\/ad\\/czcf\\.php",
            "cookies": 0,
            "fingerprinting": 0,
            "subdomains": [],
            "apis": {},
            "sites": 6,
            "prevalence": 0.000614,
            "cnames": [],
            "responseHashes": [
                "c34a74abfa6fbcb327cbc3f003b284d0f5f5c10e05cf6210baa301f0c666f914",
                "9a1493a64a5f7cbedb6295b26f6fe9e03b1ea1ac5574e5f5ac3458c61a967861",
                "658615592847249718dc386097fac0e45408734d3d12bbaff702e148b76cb919",
                "7bb2a60853cf02a4daf1b961ddeca2af0518a50e4cd249719b41927466da3113"
            ],
            "type": "Fetch",
            "firstPartyCookies": {},
            "firstPartyCookiesSent": {},
            "exampleSites": [
                "0123movie.art",
                "bravedown.com",
                "filmoflix-site.fr",
                "filmoflix.pl",
                "french-stream-2025.fr",
                "wiflix-site.com"
            ]
        },
        {
            "rule": "youradexchange\\.com\\/script\\/suurl5\\.php",
            "cookies": 0,
            "fingerprinting": 0,
            "subdomains": [],
            "apis": {},
            "sites": 10,
            "prevalence": 0.00102,
            "cnames": [],
            "responseHashes": [
                "1353a0ec0782df5ece8828d1edb0e2920f374b2336d6e27261a4eefadda101d5",
                "e24f8b1329fde206f80ebd8e883eb1eb545c2cb45e2c95de764edfcd0e790479",
                "154cad0e15acc2c24ba539c3b19e86873ccfa0765d48471398190397dd6311f6",
                "0ceef3dce4f974b06abe47f25ad3f726b67e6f4426925108568c2d83e028656b",
                "495569c4a83939d2b310b0cd981184633c166dbb7fb55c4458b5c002ea9352e9",
                "745c872ef3ca04608b1aaab26ef5bf90334ebdf325a2dbe62d2c2dbff9a01b88",
                "146603e79cb08ea5e5d9e068d4255b0570d566e2008d2c58c0a858257843e09f",
                "fc60bb1791064c7f43a37fcca5f6fc5c47e8bb8cf56c1dc826cd5c010221ab0a",
                "184332b6808cb8d1445214cab6f450be4d9b2383e00208125d8a97ff87a5c65e"
            ],
            "type": "Fetch",
            "firstPartyCookies": {},
            "firstPartyCookiesSent": {
                "_ym_d": 0.00010235414534288638
            },
            "exampleSites": [
                "0123movie.art",
                "audioz.download",
                "bravedown.com",
                "filmoflix-site.fr",
                "filmoflix.pl",
                "french-stream-2025.fr",
                "koyso.com",
                "rapelust.com",
                "wiflix-site.com",
                "www.futlibre.com"
            ]
        },
        {
            "rule": "youradexchange\\.com\\/script\\/push\\.php",
            "cookies": 0,
            "fingerprinting": 0,
            "subdomains": [],
            "apis": {},
            "sites": 4,
            "prevalence": 0.000409,
            "cnames": [],
            "responseHashes": [],
            "type": "Fetch",
            "firstPartyCookies": {},
            "firstPartyCookiesSent": {},
            "exampleSites": [
                "0123movie.art",
                "filmoflix-site.fr",
                "filmoflix.pl",
                "french-stream-2025.fr"
            ]
        },
        {
            "rule": "youradexchange\\.com\\/script\\/interstitial\\.php",
            "cookies": 0,
            "fingerprinting": 0,
            "subdomains": [],
            "apis": {},
            "sites": 2,
            "prevalence": 0.000205,
            "cnames": [],
            "responseHashes": [],
            "type": "Fetch",
            "firstPartyCookies": {},
            "firstPartyCookiesSent": {},
            "exampleSites": [
                "bravedown.com",
                "wiflix-site.com"
            ]
        },
        {
            "rule": "youradexchange\\.com\\/script\\/banner\\.php",
            "cookies": 0,
            "fingerprinting": 0,
            "subdomains": [],
            "apis": {},
            "sites": 2,
            "prevalence": 0.000205,
            "cnames": [],
            "responseHashes": [],
            "type": "Fetch",
            "firstPartyCookies": {},
            "firstPartyCookiesSent": {},
            "exampleSites": [
                "horreur.net",
                "www.horreur.net"
            ]
        }
    ],
    "categories": [],
    "performance": {},
    "cookies": 0,
    "topInitiators": [
        {
            "domain": "acscdn.com",
            "prevalence": 0.7037037037037037
        },
        {
            "domain": "first party",
            "prevalence": 0.2962962962962963
        }
    ],
    "types": {
        "Fetch": 24
    },
    "nameservers": [
        "hank.ns.cloudflare.com",
        "lady.ns.cloudflare.com"
    ]
}